transaction_id,delivery_confirmed,tracking_matches_address,signed_delivery_proof
TXN100000,False,False,False
TXN100001,False,False,False
TXN100002,True,True,False
TXN100003,True,True,False
TXN100004,True,True,True
TXN100005,False,False,False
TXN100006,False,True,True
TXN100007,False,False,False
TXN100008,False,False,False
TXN100009,True,True,False
TXN100010,True,True,False
TXN100011,True,True,False
TXN100012,True,True,True
TXN100013,True,True,False
TXN100014,False,False,False
TXN100015,True,True,True
TXN100016,True,False,False
TXN100017,True,True,False
TXN100018,False,False,False
TXN100019,True,True,True
TXN100020,False,False,False
TXN100021,True,False,False
TXN100022,True,True,True
TXN100023,True,False,False
TXN100024,True,True,False
TXN100025,True,True,False
TXN100026,False,False,False
TXN100027,True,False,True
TXN100028,True,True,True
TXN100029,True,False,True
TXN100030,True,False,True
TXN100031,False,False,False
TXN100032,True,False,False
TXN100033,True,True,True
TXN100034,False,False,False
TXN100035,False,True,True
TXN100036,True,True,True
TXN100037,False,True,True
TXN100038,True,True,True
TXN100039,True,True,True
TXN100040,False,False,False
TXN100041,True,False,True
TXN100042,False,False,False
TXN100043,False,False,False
TXN100044,True,True,False
TXN100045,True,False,True
TXN100046,True,False,True
TXN100047,False,False,False
TXN100048,False,False,False
TXN100049,False,False,False
TXN100050,True,True,False
TXN100051,True,True,True
TXN100052,False,False,False
TXN100053,True,True,False
TXN100054,False,False,False
TXN100055,True,True,False
TXN100056,True,False,False
TXN100057,True,True,False
TXN100058,False,False,False
TXN100059,True,True,False
TXN100060,True,True,True
TXN100061,False,True,True
TXN100062,True,True,False
TXN100063,False,True,True
TXN100064,True,True,True
TXN100065,True,True,False
TXN100066,True,True,True
TXN100067,True,False,False
TXN100068,False,False,False
TXN100069,True,False,True
TXN100070,False,False,False
TXN100071,True,True,False
TXN100072,True,True,True
TXN100073,True,False,False
TXN100074,True,True,True
TXN100075,False,False,False
TXN100076,True,True,True
TXN100077,True,True,True
TXN100078,False,False,False
TXN100079,True,True,False
TXN100080,False,False,False
TXN100081,False,False,False
TXN100082,True,True,False
TXN100083,True,True,True
TXN100084,True,True,False
TXN100085,False,False,False
TXN100086,False,False,False
TXN100087,True,True,True
TXN100088,False,False,True
TXN100089,True,True,False
TXN100090,True,True,True
TXN100091,True,True,True
TXN100092,True,True,True
TXN100093,True,True,False
TXN100094,True,False,True
TXN100095,False,False,False
TXN100096,False,False,False
TXN100097,True,True,True
TXN100098,True,True,True
TXN100099,True,True,False
TXN100100,True,True,True
TXN100101,True,False,True
TXN100102,True,True,False
TXN100103,True,True,True
TXN100104,False,False,False
TXN100105,True,True,True
TXN100106,True,True,False
TXN100107,False,False,False
TXN100108,False,False,False
TXN100109,False,False,False
TXN100110,True,False,True
TXN100111,False,False,False
TXN100112,True,False,False
TXN100113,True,True,True
TXN100114,True,True,False
TXN100115,True,True,True
TXN100116,True,True,True
TXN100117,True,True,False
TXN100118,True,True,True
TXN100119,True,False,False
TXN100120,False,False,False
TXN100121,False,False,True
TXN100122,False,False,False
TXN100123,True,False,False
TXN100124,True,True,False
TXN100125,False,False,False
TXN100126,True,True,True
TXN100127,False,False,False
TXN100128,True,True,True
TXN100129,False,False,False
TXN100130,False,False,False
TXN100131,True,True,False
TXN100132,True,True,False
TXN100133,False,False,False
TXN100134,True,True,True
TXN100135,False,False,False
TXN100136,True,True,True
TXN100137,False,False,False
TXN100138,False,False,False
TXN100139,True,True,True
TXN100140,True,False,True
TXN100141,True,False,True
TXN100142,True,True,True
TXN100143,True,True,True
TXN100144,True,False,True
TXN100145,False,False,False
TXN100146,False,False,False
TXN100147,False,False,False
TXN100148,False,False,False
TXN100149,False,False,False
TXN100150,True,True,True
TXN100151,False,False,False
TXN100152,True,True,False
TXN100153,True,True,False
TXN100154,True,True,False
TXN100155,False,False,False
TXN100156,True,True,True
TXN100157,True,True,True
TXN100158,True,True,False
TXN100159,True,False,True
TXN100160,False,False,False
TXN100161,False,False,False
TXN100162,False,False,True
TXN100163,False,False,False
TXN100164,False,False,False
TXN100165,True,True,False
TXN100166,True,True,True
TXN100167,True,True,False
TXN100168,False,False,False
TXN100169,False,False,False
TXN100170,True,True,True
TXN100171,False,False,False
TXN100172,True,True,True
TXN100173,True,True,True
TXN100174,True,True,False
TXN100175,False,False,False
TXN100176,True,True,False
TXN100177,True,True,True
TXN100178,False,True,True
TXN100179,True,True,True
TXN100180,False,False,False
TXN100181,False,False,False
TXN100182,False,False,False
TXN100183,False,False,False
TXN100184,False,False,False
TXN100185,True,True,True
TXN100186,False,False,False
TXN100187,True,False,True
TXN100188,True,True,True
TXN100189,True,True,True
TXN100190,False,False,False
TXN100191,False,False,False
TXN100192,True,True,True
TXN100193,False,False,False
TXN100194,False,False,True
TXN100195,True,False,True
TXN100196,False,False,False
TXN100197,True,True,True
TXN100198,True,False,True
TXN100199,False,False,False
TXN100200,True,True,False
TXN100201,False,False,False
TXN100202,False,False,False
TXN100203,True,True,True
TXN100204,False,False,False
TXN100205,False,False,False
TXN100206,True,False,True
TXN100207,False,False,False
TXN100208,True,True,False
TXN100209,True,False,False
TXN100210,False,False,False
TXN100211,False,False,False
TXN100212,False,True,True
TXN100213,True,True,True
TXN100214,False,False,False
TXN100215,True,True,False
TXN100216,True,True,False
TXN100217,True,True,False
TXN100218,True,True,True
TXN100219,True,True,True
TXN100220,True,True,False
TXN100221,False,False,False
TXN100222,True,True,True
TXN100223,True,True,True
TXN100224,True,True,True
TXN100225,True,True,True
TXN100226,True,True,False
TXN100227,False,False,False
TXN100228,True,True,True
TXN100229,False,False,False
TXN100230,True,True,False
TXN100231,True,True,False
TXN100232,False,False,False
TXN100233,True,True,False
TXN100234,True,False,True
TXN100235,True,True,True
TXN100236,True,True,True
TXN100237,True,True,True
TXN100238,True,True,True
TXN100239,True,True,False
TXN100240,True,False,True
TXN100241,True,True,False
TXN100242,True,True,True
TXN100243,True,True,True
TXN100244,False,False,True
TXN100245,True,True,False
TXN100246,False,False,False
TXN100247,False,False,False
TXN100248,True,True,True
TXN100249,False,False,False
TXN100250,False,False,False
TXN100251,False,False,False
TXN100252,False,False,False
TXN100253,False,False,False
TXN100254,False,False,False
TXN100255,True,True,True
TXN100256,True,True,True
TXN100257,True,True,True
TXN100258,True,False,False
TXN100259,False,False,False
TXN100260,False,False,False
TXN100261,True,True,True
TXN100262,False,False,False
TXN100263,True,True,False
TXN100264,False,False,True
TXN100265,True,True,False
TXN100266,True,True,False
TXN100267,False,False,False
TXN100268,True,True,False
TXN100269,True,True,True
TXN100270,False,False,False
TXN100271,True,False,True
TXN100272,False,False,False
TXN100273,True,True,True
TXN100274,False,False,False
TXN100275,True,True,True
TXN100276,True,False,True
TXN100277,True,True,False
TXN100278,False,False,False
TXN100279,True,True,True
TXN100280,False,False,False
TXN100281,True,True,True
TXN100282,False,False,False
TXN100283,True,False,False
TXN100284,False,False,False
TXN100285,False,False,False
TXN100286,True,True,False
TXN100287,False,False,False
TXN100288,False,False,False
TXN100289,False,False,False
TXN100290,True,True,True
TXN100291,True,True,True
TXN100292,True,True,True
TXN100293,True,True,True
TXN100294,True,True,True
TXN100295,False,False,False
TXN100296,False,False,False
TXN100297,True,True,True
TXN100298,True,True,False
TXN100299,False,False,False
TXN100300,True,True,True
TXN100301,True,False,True
TXN100302,True,False,True
TXN100303,True,True,False
TXN100304,False,False,False
TXN100305,False,False,False
TXN100306,False,False,False
TXN100307,True,True,True
TXN100308,True,True,False
TXN100309,True,True,True
TXN100310,False,False,False
TXN100311,True,True,True
TXN100312,True,True,False
TXN100313,True,True,False
TXN100314,True,True,False
TXN100315,False,False,False
TXN100316,True,True,False
TXN100317,False,False,False
TXN100318,True,False,True
TXN100319,False,False,False
TXN100320,True,True,False
TXN100321,True,True,True
TXN100322,True,True,True
TXN100323,True,True,False
TXN100324,True,False,False
TXN100325,False,False,False
TXN100326,True,True,False
TXN100327,True,True,False
TXN100328,True,True,False
TXN100329,False,False,False
TXN100330,True,False,False
TXN100331,False,False,False
TXN100332,False,False,False
TXN100333,False,False,False
TXN100334,False,False,False
TXN100335,False,False,False
TXN100336,True,True,True
TXN100337,True,True,True
TXN100338,False,False,False
TXN100339,False,False,False
TXN100340,True,True,True
TXN100341,True,False,False
TXN100342,True,False,False
TXN100343,False,False,False
TXN100344,False,False,False
TXN100345,False,False,False
TXN100346,False,False,False
TXN100347,True,True,True
TXN100348,True,False,True
TXN100349,False,False,False
TXN100350,True,False,True
TXN100351,True,True,True
TXN100352,True,True,True
TXN100353,False,False,False
TXN100354,False,False,False
TXN100355,True,True,True
TXN100356,True,True,False
TXN100357,True,True,False
TXN100358,True,True,False
TXN100359,False,True,True
TXN100360,True,True,False
TXN100361,False,False,False
TXN100362,True,True,True
TXN100363,True,True,False
TXN100364,True,True,False
TXN100365,True,True,True
TXN100366,True,True,False
TXN100367,False,False,True
TXN100368,False,False,False
TXN100369,True,False,False
TXN100370,False,False,False
TXN100371,True,True,False
TXN100372,True,True,True
TXN100373,True,True,True
TXN100374,True,False,True
TXN100375,True,True,False
TXN100376,True,True,True
TXN100377,False,False,False
TXN100378,True,True,True
TXN100379,False,False,False
TXN100380,False,False,False
TXN100381,True,True,True
TXN100382,False,False,False
TXN100383,True,True,True
TXN100384,False,False,False
TXN100385,False,False,False
TXN100386,True,True,True
TXN100387,True,True,True
TXN100388,False,False,True
TXN100389,True,True,False
TXN100390,False,False,False
TXN100391,True,True,True
TXN100392,True,True,False
TXN100393,True,True,True
TXN100394,True,True,True
TXN100395,True,True,False
TXN100396,True,True,False
TXN100397,True,True,False
TXN100398,True,True,False
TXN100399,True,True,False
TXN100400,True,False,True
TXN100401,False,False,False
TXN100402,False,False,True
TXN100403,True,False,False
TXN100404,False,False,False
TXN100405,False,False,False
TXN100406,False,False,False
TXN100407,False,False,False
TXN100408,True,True,True
TXN100409,False,False,False
TXN100410,True,True,True
TXN100411,False,False,False
TXN100412,True,True,False
TXN100413,True,True,True
TXN100414,True,True,True
TXN100415,False,False,False
TXN100416,True,True,True
TXN100417,False,False,False
TXN100418,False,False,False
TXN100419,False,False,False
TXN100420,True,True,False
TXN100421,False,True,True
TXN100422,True,True,True
TXN100423,False,False,False
TXN100424,True,True,True
TXN100425,False,False,False
TXN100426,False,False,False
TXN100427,False,False,True
TXN100428,False,False,False
TXN100429,True,True,True
TXN100430,False,False,False
TXN100431,True,True,True
TXN100432,False,False,False
TXN100433,True,True,True
TXN100434,True,True,True
TXN100435,True,True,True
TXN100436,True,False,True
TXN100437,True,True,False
TXN100438,True,True,False
TXN100439,True,False,True
TXN100440,True,True,False
TXN100441,True,True,True
TXN100442,True,False,True
TXN100443,True,True,False
TXN100444,True,True,True
TXN100445,True,True,False
TXN100446,False,False,False
TXN100447,True,True,False
TXN100448,True,True,False
TXN100449,True,False,False
TXN100450,False,False,False
TXN100451,True,True,False
TXN100452,False,False,True
TXN100453,True,False,False
TXN100454,False,False,False
TXN100455,False,False,False
TXN100456,True,False,False
TXN100457,True,True,False
TXN100458,False,False,True
TXN100459,False,False,False
TXN100460,True,False,False
TXN100461,True,True,False
TXN100462,False,False,False
TXN100463,False,False,False
TXN100464,False,False,False
TXN100465,False,False,False
TXN100466,False,False,False
TXN100467,True,True,True
TXN100468,True,False,True
TXN100469,True,False,False
TXN100470,True,True,False
TXN100471,True,True,False
TXN100472,True,True,True
TXN100473,False,False,False
TXN100474,True,True,True
TXN100475,False,False,False
TXN100476,False,False,False
TXN100477,True,True,True
TXN100478,True,True,False
TXN100479,False,False,False
TXN100480,False,True,True
TXN100481,False,False,False
TXN100482,True,True,True
TXN100483,True,True,False
TXN100484,True,True,False
TXN100485,False,False,False
TXN100486,True,True,True
TXN100487,False,False,False
TXN100488,False,False,False
TXN100489,True,False,True
TXN100490,False,False,False
TXN100491,False,False,False
TXN100492,True,True,False
TXN100493,True,True,True
TXN100494,False,True,True
TXN100495,True,True,True
TXN100496,True,True,False
TXN100497,False,False,False
TXN100498,False,False,False
TXN100499,False,False,False
TXN100500,False,False,False
TXN100501,True,True,False
TXN100502,True,True,False
TXN100503,True,True,True
TXN100504,True,True,False
TXN100505,False,False,False
TXN100506,True,True,True
TXN100507,True,True,False
TXN100508,True,False,False
TXN100509,True,True,False
TXN100510,True,True,False
TXN100511,False,True,True
TXN100512,True,True,True
TXN100513,True,True,False
TXN100514,True,True,False
TXN100515,False,False,False
TXN100516,True,True,True
TXN100517,True,True,True
TXN100518,True,True,False
TXN100519,True,False,False
TXN100520,True,True,False
TXN100521,True,True,False
TXN100522,True,True,True
TXN100523,False,False,False
TXN100524,True,True,True
TXN100525,True,False,False
TXN100526,False,False,False
TXN100527,False,True,True
TXN100528,True,True,True
TXN100529,True,False,False
TXN100530,True,True,False
TXN100531,True,True,True
TXN100532,True,True,False
TXN100533,True,False,True
TXN100534,True,True,True
TXN100535,False,False,False
TXN100536,True,True,False
TXN100537,True,True,True
TXN100538,False,False,False
TXN100539,True,True,True
TXN100540,True,True,False
TXN100541,True,True,False
TXN100542,False,False,True
TXN100543,True,True,False
TXN100544,True,False,False
TXN100545,False,False,False
TXN100546,True,False,True
TXN100547,False,False,False
TXN100548,True,True,True
TXN100549,True,True,True
TXN100550,True,True,True
TXN100551,False,False,False
TXN100552,True,True,False
TXN100553,False,False,False
TXN100554,True,True,False
TXN100555,True,True,False
TXN100556,False,False,False
TXN100557,True,True,False
TXN100558,True,True,True
TXN100559,True,True,False
TXN100560,True,True,False
TXN100561,False,False,False
TXN100562,False,False,False
TXN100563,True,False,True
TXN100564,True,True,False
TXN100565,False,False,False
TXN100566,True,True,False
TXN100567,True,True,True
TXN100568,True,True,True
TXN100569,True,False,False
TXN100570,True,True,False
TXN100571,False,False,False
TXN100572,True,True,False
TXN100573,True,True,False
TXN100574,False,False,False
TXN100575,False,False,False
TXN100576,True,False,True
TXN100577,True,True,True
TXN100578,False,False,False
TXN100579,False,False,False
TXN100580,False,False,True
TXN100581,True,True,True
TXN100582,True,False,False
TXN100583,True,True,True
TXN100584,True,True,True
TXN100585,True,False,True
TXN100586,True,True,False
TXN100587,True,True,False
TXN100588,False,True,True
TXN100589,True,False,True
TXN100590,True,True,False
TXN100591,True,True,False
TXN100592,False,False,False
TXN100593,True,False,False
TXN100594,True,True,False
TXN100595,True,True,False
TXN100596,True,True,True
TXN100597,True,True,False
TXN100598,False,False,False
TXN100599,True,True,True
TXN100600,True,True,True
TXN100601,True,True,True
TXN100602,True,True,True
TXN100603,True,False,False
TXN100604,False,False,False
TXN100605,True,True,True
TXN100606,False,False,False
TXN100607,False,False,False
TXN100608,True,True,False
TXN100609,False,False,False
TXN100610,False,False,False
TXN100611,False,False,False
TXN100612,True,True,False
TXN100613,True,True,False
TXN100614,True,False,False
TXN100615,True,True,False
TXN100616,True,True,True
TXN100617,True,True,True
TXN100618,False,False,True
TXN100619,False,False,False
TXN100620,True,False,True
TXN100621,False,False,False
TXN100622,False,False,False
TXN100623,True,False,False
TXN100624,True,True,False
TXN100625,False,False,False
TXN100626,False,False,False
TXN100627,True,True,True
TXN100628,True,True,True
TXN100629,False,False,False
TXN100630,False,False,False
TXN100631,False,False,False
TXN100632,True,True,True
TXN100633,False,False,False
TXN100634,True,True,True
TXN100635,True,False,False
TXN100636,True,True,True
TXN100637,True,True,False
TXN100638,True,True,False
TXN100639,False,False,False
TXN100640,True,True,False
TXN100641,True,True,False
TXN100642,True,False,True
TXN100643,False,False,False
TXN100644,True,True,True
TXN100645,False,False,False
TXN100646,False,False,False
TXN100647,False,False,False
TXN100648,True,True,True
TXN100649,False,False,False
TXN100650,True,True,True
TXN100651,False,False,False
TXN100652,True,True,True
TXN100653,True,False,False
TXN100654,True,True,True
TXN100655,True,True,False
TXN100656,True,False,False
TXN100657,True,True,False
TXN100658,True,True,True
TXN100659,True,True,True
TXN100660,True,True,True
TXN100661,False,True,True
TXN100662,False,False,False
TXN100663,True,False,True
TXN100664,True,True,False
TXN100665,False,False,False
TXN100666,False,False,False
TXN100667,False,False,False
TXN100668,True,True,False
TXN100669,True,True,True
TXN100670,True,True,False
TXN100671,False,False,False
TXN100672,False,False,False
TXN100673,False,False,False
TXN100674,True,False,False
TXN100675,True,True,True
TXN100676,False,False,False
TXN100677,True,True,False
TXN100678,True,True,True
TXN100679,False,True,True
TXN100680,False,False,False
TXN100681,True,True,False
TXN100682,True,True,False
TXN100683,True,False,True
TXN100684,True,True,True
TXN100685,False,False,False
TXN100686,True,True,True
TXN100687,True,True,False
TXN100688,True,True,True
TXN100689,False,False,False
TXN100690,False,False,False
TXN100691,True,True,False
TXN100692,False,False,False
TXN100693,False,False,False
TXN100694,True,True,False
TXN100695,False,False,False
TXN100696,True,True,False
TXN100697,False,False,False
TXN100698,False,False,True
TXN100699,False,False,False
TXN100700,True,True,False
TXN100701,True,False,True
TXN100702,False,False,False
TXN100703,False,False,True
TXN100704,True,True,False
TXN100705,True,False,True
TXN100706,True,True,True
TXN100707,False,False,False
TXN100708,True,True,True
TXN100709,False,False,False
TXN100710,True,False,True
TXN100711,True,False,True
TXN100712,False,False,False
TXN100713,True,True,False
TXN100714,False,False,False
TXN100715,True,True,True
TXN100716,True,True,True
TXN100717,False,False,False
TXN100718,False,False,False
TXN100719,True,True,True
TXN100720,True,True,False
TXN100721,False,False,False
TXN100722,True,True,True
TXN100723,True,True,True
TXN100724,False,False,False
TXN100725,True,True,True
TXN100726,False,False,False
TXN100727,True,True,False
TXN100728,True,False,True
TXN100729,True,True,False
TXN100730,False,False,False
TXN100731,False,False,False
TXN100732,False,False,False
TXN100733,True,True,True
TXN100734,False,False,False
TXN100735,True,True,False
TXN100736,True,False,True
TXN100737,True,False,False
TXN100738,False,False,False
TXN100739,True,True,False
TXN100740,True,True,False
TXN100741,False,False,False
TXN100742,False,False,False
TXN100743,False,False,True
TXN100744,False,False,False
TXN100745,False,False,False
TXN100746,True,True,False
TXN100747,True,True,False
TXN100748,True,True,False
TXN100749,True,True,False
TXN100750,False,False,False
TXN100751,True,False,False
TXN100752,False,False,False
TXN100753,False,False,False
TXN100754,False,False,False
TXN100755,False,False,False
TXN100756,True,True,False
TXN100757,False,False,False
TXN100758,False,False,False
TXN100759,True,True,True
TXN100760,True,True,True
TXN100761,False,False,False
TXN100762,False,False,True
TXN100763,False,False,False
TXN100764,False,False,False
TXN100765,False,False,False
TXN100766,False,False,False
TXN100767,False,False,False
TXN100768,False,True,True
TXN100769,True,True,False
TXN100770,True,True,True
TXN100771,False,False,False
TXN100772,True,True,False
TXN100773,False,False,False
TXN100774,True,False,False
TXN100775,True,False,False
TXN100776,False,False,False
TXN100777,True,False,True
TXN100778,True,True,True
TXN100779,True,False,True
TXN100780,True,True,True
TXN100781,False,False,False
TXN100782,True,True,True
TXN100783,True,True,True
TXN100784,False,False,False
TXN100785,False,False,False
TXN100786,False,False,False
TXN100787,False,False,False
TXN100788,False,False,False
TXN100789,True,True,False
TXN100790,False,False,False
TXN100791,True,True,False
TXN100792,True,True,True
TXN100793,False,False,False
TXN100794,True,True,False
TXN100795,True,True,True
TXN100796,True,True,True
TXN100797,False,False,False
TXN100798,True,False,True
TXN100799,False,False,False
TXN100800,False,False,False
TXN100801,False,False,False
TXN100802,False,False,False
TXN100803,True,True,False
TXN100804,True,True,True
TXN100805,False,False,False
TXN100806,True,True,False
TXN100807,True,True,False
TXN100808,False,False,False
TXN100809,False,False,False
TXN100810,False,False,False
TXN100811,False,False,False
TXN100812,True,True,False
TXN100813,True,True,False
TXN100814,True,True,False
TXN100815,True,True,False
TXN100816,False,False,False
TXN100817,False,False,False
TXN100818,True,True,False
TXN100819,True,False,True
TXN100820,False,False,False
TXN100821,False,False,False
TXN100822,False,False,False
TXN100823,True,False,False
TXN100824,False,False,False
TXN100825,False,False,False
TXN100826,True,False,False
TXN100827,True,True,True
TXN100828,True,True,True
TXN100829,True,True,True
TXN100830,True,True,False
TXN100831,False,False,False
TXN100832,False,False,False
TXN100833,False,True,True
TXN100834,True,False,False
TXN100835,False,False,False
TXN100836,False,False,False
TXN100837,True,True,True
TXN100838,True,True,False
TXN100839,False,False,False
TXN100840,False,False,True
TXN100841,False,False,False
TXN100842,False,False,True
TXN100843,True,True,True
TXN100844,False,False,False
TXN100845,False,False,False
TXN100846,True,True,False
TXN100847,False,False,False
TXN100848,True,True,False
TXN100849,False,False,False
TXN100850,False,False,False
TXN100851,True,True,True
TXN100852,True,False,False
TXN100853,False,False,False
TXN100854,True,False,False
TXN100855,True,True,False
TXN100856,True,True,False
TXN100857,True,True,False
TXN100858,True,True,False
TXN100859,False,False,False
TXN100860,False,False,False
TXN100861,True,True,False
TXN100862,False,False,False
TXN100863,True,True,False
TXN100864,True,True,False
TXN100865,False,False,False
TXN100866,True,True,False
TXN100867,True,True,True
TXN100868,True,True,True
TXN100869,False,False,False
TXN100870,False,True,True
TXN100871,False,True,True
TXN100872,True,True,False
TXN100873,True,True,True
TXN100874,False,False,False
TXN100875,True,True,False
TXN100876,True,True,True
TXN100877,True,True,True
TXN100878,False,False,False
TXN100879,True,True,True
TXN100880,False,False,False
TXN100881,True,False,True
TXN100882,True,False,True
TXN100883,False,True,True
TXN100884,True,True,False
TXN100885,True,True,False
TXN100886,True,True,False
TXN100887,True,True,False
TXN100888,False,False,False
TXN100889,False,False,False
TXN100890,True,True,False
TXN100891,False,False,False
TXN100892,True,True,False
TXN100893,False,False,False
TXN100894,True,True,True
TXN100895,True,True,False
TXN100896,True,True,False
TXN100897,False,False,False
TXN100898,True,False,True
TXN100899,True,True,False
TXN100900,True,False,True
TXN100901,False,False,False
TXN100902,True,False,False
TXN100903,False,True,True
TXN100904,False,False,False
TXN100905,True,True,True
TXN100906,False,False,False
TXN100907,True,True,False
TXN100908,False,False,False
TXN100909,True,True,True
TXN100910,False,False,False
TXN100911,False,False,False
TXN100912,False,False,True
TXN100913,False,True,True
TXN100914,False,True,True
TXN100915,True,True,False
TXN100916,True,True,False
TXN100917,False,False,False
TXN100918,False,False,False
TXN100919,False,False,False
TXN100920,False,False,False
TXN100921,False,False,True
TXN100922,True,True,True
TXN100923,True,False,True
TXN100924,False,False,False
TXN100925,False,True,True
TXN100926,False,False,False
TXN100927,True,True,True
TXN100928,False,False,False
TXN100929,True,False,True
TXN100930,True,True,False
TXN100931,False,False,False
TXN100932,False,False,False
TXN100933,False,False,False
TXN100934,True,True,True
TXN100935,True,True,False
TXN100936,False,False,False
TXN100937,False,True,True
TXN100938,False,False,False
TXN100939,True,True,False
TXN100940,False,False,False
TXN100941,True,True,True
TXN100942,False,False,False
TXN100943,True,True,False
TXN100944,True,True,False
TXN100945,True,False,False
TXN100946,False,False,False
TXN100947,False,False,False
TXN100948,True,True,False
TXN100949,True,True,True
TXN100950,True,True,True
TXN100951,False,False,False
TXN100952,False,False,False
TXN100953,True,True,True
TXN100954,True,True,False
TXN100955,False,False,False
TXN100956,False,False,False
TXN100957,False,False,False
TXN100958,True,True,False
TXN100959,False,False,False
TXN100960,True,True,False
TXN100961,True,False,True
TXN100962,True,True,True
TXN100963,True,False,False
TXN100964,True,True,False
TXN100965,True,False,False
TXN100966,False,False,False
TXN100967,True,True,True
TXN100968,True,True,True
TXN100969,False,False,False
TXN100970,True,True,True
TXN100971,False,False,False
TXN100972,False,False,False
TXN100973,False,False,False
TXN100974,False,True,True
TXN100975,True,True,False
TXN100976,True,True,False
TXN100977,True,True,True
TXN100978,True,True,True
TXN100979,True,False,False
TXN100980,True,False,True
TXN100981,True,True,True
TXN100982,False,False,False
TXN100983,False,False,False
TXN100984,True,True,False
TXN100985,False,False,False
TXN100986,True,True,True
TXN100987,True,True,False
TXN100988,False,False,False
TXN100989,True,False,True
TXN100990,False,False,False
TXN100991,True,True,False
TXN100992,True,True,True
TXN100993,True,True,True
TXN100994,False,False,False
TXN100995,True,True,False
TXN100996,True,True,False
TXN100997,True,True,False
TXN100998,False,False,False
TXN100999,True,True,True
TXN101000,True,False,False
TXN101001,True,True,True
TXN101002,False,False,False
TXN101003,False,False,False
TXN101004,True,False,True
TXN101005,True,True,True
TXN101006,False,False,False
TXN101007,True,True,False
TXN101008,True,True,True
TXN101009,True,True,True
TXN101010,True,True,True
TXN101011,True,True,True
TXN101012,True,True,False
TXN101013,True,True,True
TXN101014,True,True,False
TXN101015,True,False,False
TXN101016,True,True,True
TXN101017,False,False,False
TXN101018,True,True,False
TXN101019,True,True,False
TXN101020,False,False,False
TXN101021,True,True,False
TXN101022,True,True,False
TXN101023,False,False,False
TXN101024,False,False,True
TXN101025,False,False,False
TXN101026,True,True,True
TXN101027,True,True,False
TXN101028,False,False,False
TXN101029,True,True,False
TXN101030,True,True,False
TXN101031,False,False,False
TXN101032,True,False,False
TXN101033,False,False,False
TXN101034,True,True,False
TXN101035,False,False,False
TXN101036,False,False,False
TXN101037,False,False,False
TXN101038,False,False,False
TXN101039,True,True,False
TXN101040,True,True,False
TXN101041,False,False,False
TXN101042,True,False,False
TXN101043,True,True,True
TXN101044,False,False,False
TXN101045,True,True,False
TXN101046,True,True,True
TXN101047,False,False,False
TXN101048,True,True,False
TXN101049,True,True,True
TXN101050,True,True,True
TXN101051,True,True,True
TXN101052,False,False,False
TXN101053,True,True,True
TXN101054,True,True,True
TXN101055,False,False,False
TXN101056,False,False,False
TXN101057,True,True,True
TXN101058,True,True,False
TXN101059,False,False,False
TXN101060,True,True,True
TXN101061,False,False,False
TXN101062,False,False,False
TXN101063,True,False,False
TXN101064,False,False,True
TXN101065,False,False,False
TXN101066,False,False,False
TXN101067,True,True,False
TXN101068,True,True,False
TXN101069,False,False,False
TXN101070,True,True,True
TXN101071,True,True,False
TXN101072,True,True,True
TXN101073,True,True,False
TXN101074,True,True,True
TXN101075,False,False,False
TXN101076,True,True,False
TXN101077,True,True,False
TXN101078,False,False,False
TXN101079,True,False,True
TXN101080,True,True,True
TXN101081,False,False,False
TXN101082,True,False,True
TXN101083,False,False,False
TXN101084,True,True,False
TXN101085,True,True,True
TXN101086,True,False,True
TXN101087,True,True,True
TXN101088,True,True,True
TXN101089,False,False,False
TXN101090,True,True,True
TXN101091,True,True,True
TXN101092,False,False,False
TXN101093,True,True,False
TXN101094,False,True,True
TXN101095,True,True,False
TXN101096,True,True,False
TXN101097,False,False,False
TXN101098,True,True,False
TXN101099,True,True,True
TXN101100,True,True,False
TXN101101,False,False,False
TXN101102,False,False,False
TXN101103,False,False,False
TXN101104,True,False,True
TXN101105,True,True,True
TXN101106,False,False,False
TXN101107,False,False,False
TXN101108,False,False,False
TXN101109,True,True,True
TXN101110,False,True,True
TXN101111,False,False,False
TXN101112,True,True,True
TXN101113,True,True,False
TXN101114,False,False,False
TXN101115,True,True,True
TXN101116,False,False,False
TXN101117,True,True,False
TXN101118,True,True,True
TXN101119,True,True,True
TXN101120,True,True,True
TXN101121,False,False,False
TXN101122,False,False,False
TXN101123,True,True,False
TXN101124,True,True,False
TXN101125,True,False,True
TXN101126,False,False,False
TXN101127,False,False,False
TXN101128,False,False,False
TXN101129,False,True,True
TXN101130,True,False,False
TXN101131,False,False,True
TXN101132,True,False,False
TXN101133,True,True,True
TXN101134,False,False,False
TXN101135,False,False,True
TXN101136,True,True,True
TXN101137,True,True,False
TXN101138,False,False,False
TXN101139,True,False,True
TXN101140,False,False,False
TXN101141,True,True,False
TXN101142,True,False,True
TXN101143,False,False,False
TXN101144,True,True,True
TXN101145,False,False,False
TXN101146,False,False,False
TXN101147,True,True,False
TXN101148,True,True,False
TXN101149,True,True,False
TXN101150,True,True,True
TXN101151,True,True,False
TXN101152,False,False,False
TXN101153,True,True,False
TXN101154,True,False,False
TXN101155,True,True,False
TXN101156,False,True,True
TXN101157,True,False,True
TXN101158,False,False,False
TXN101159,True,True,True
TXN101160,False,False,False
TXN101161,True,True,False
TXN101162,True,True,True
TXN101163,True,True,False
TXN101164,False,False,False
TXN101165,False,False,False
TXN101166,True,False,True
TXN101167,True,True,False
TXN101168,True,True,True
TXN101169,True,True,True
TXN101170,True,True,False
TXN101171,False,False,False
TXN101172,True,True,False
TXN101173,False,False,False
TXN101174,True,True,False
TXN101175,False,False,False
TXN101176,False,False,False
TXN101177,False,False,False
TXN101178,True,False,True
TXN101179,True,False,True
TXN101180,True,True,True
TXN101181,True,True,False
TXN101182,True,False,True
TXN101183,False,False,False
TXN101184,True,True,False
TXN101185,False,False,True
TXN101186,False,False,False
TXN101187,True,True,False
TXN101188,False,False,False
TXN101189,True,True,False
TXN101190,True,False,True
TXN101191,True,True,False
TXN101192,True,True,False
TXN101193,True,True,True
TXN101194,True,True,False
TXN101195,True,True,False
TXN101196,True,True,True
TXN101197,False,False,False
TXN101198,True,True,True
TXN101199,False,True,True
TXN101200,False,False,False
TXN101201,False,True,True
TXN101202,False,False,False
TXN101203,False,False,False
TXN101204,False,False,False
TXN101205,False,False,False
TXN101206,True,True,False
TXN101207,True,False,True
TXN101208,True,False,True
TXN101209,True,True,True
TXN101210,True,True,True
TXN101211,False,True,True
TXN101212,False,False,False
TXN101213,True,True,False
TXN101214,False,False,False
TXN101215,False,False,False
TXN101216,False,False,False
TXN101217,False,False,False
TXN101218,True,False,True
TXN101219,False,False,False
TXN101220,True,True,False
TXN101221,False,False,False
TXN101222,True,False,True
TXN101223,False,False,False
TXN101224,False,False,False
TXN101225,True,True,False
TXN101226,True,True,False
TXN101227,False,False,False
TXN101228,True,True,False
TXN101229,True,True,True
TXN101230,True,True,True
TXN101231,False,False,False
TXN101232,True,True,False
TXN101233,True,True,True
TXN101234,True,True,True
TXN101235,False,False,False
TXN101236,True,False,True
TXN101237,False,False,False
TXN101238,True,False,True
TXN101239,False,False,False
TXN101240,True,True,True
TXN101241,True,False,False
TXN101242,True,False,True
TXN101243,False,False,False
TXN101244,False,False,False
TXN101245,True,True,True
TXN101246,True,True,False
TXN101247,True,True,False
TXN101248,True,True,True
TXN101249,False,False,False
TXN101250,False,False,False
TXN101251,False,False,False
TXN101252,True,True,False
TXN101253,True,False,True
TXN101254,True,False,False
TXN101255,False,False,False
TXN101256,False,False,False
TXN101257,True,True,False
TXN101258,True,True,False
TXN101259,True,True,True
TXN101260,True,True,True
TXN101261,True,True,False
TXN101262,False,False,False
TXN101263,False,False,False
TXN101264,False,False,False
TXN101265,True,True,False
TXN101266,False,True,True
TXN101267,True,True,False
TXN101268,True,True,False
TXN101269,True,True,False
TXN101270,False,True,True
TXN101271,False,False,False
TXN101272,True,True,False
TXN101273,True,True,False
TXN101274,False,False,False
TXN101275,False,False,True
TXN101276,True,True,False
TXN101277,False,False,False
TXN101278,True,True,False
TXN101279,True,True,True
TXN101280,True,True,False
TXN101281,False,False,False
TXN101282,True,False,True
TXN101283,True,True,False
TXN101284,False,False,False
TXN101285,True,True,False
TXN101286,True,True,True
TXN101287,True,True,True
TXN101288,True,True,False
TXN101289,False,False,False
TXN101290,True,False,False
TXN101291,True,True,True
TXN101292,False,False,False
TXN101293,False,False,False
TXN101294,False,False,True
TXN101295,False,False,False
TXN101296,False,False,False
TXN101297,True,True,False
TXN101298,True,False,True
TXN101299,True,True,True
TXN101300,True,True,False
TXN101301,False,False,False
TXN101302,False,False,True
TXN101303,False,False,False
TXN101304,False,False,True
TXN101305,False,False,False
TXN101306,True,True,True
TXN101307,True,True,True
TXN101308,True,False,False
TXN101309,True,True,True
TXN101310,True,True,False
TXN101311,True,True,False
TXN101312,False,False,False
TXN101313,True,True,False
TXN101314,True,True,False
TXN101315,True,True,False
TXN101316,False,False,False
TXN101317,False,False,False
TXN101318,True,True,True
TXN101319,False,False,False
TXN101320,True,True,False
TXN101321,True,True,True
TXN101322,True,True,True
TXN101323,False,False,False
TXN101324,True,True,True
TXN101325,True,True,False
TXN101326,False,False,False
TXN101327,False,False,False
TXN101328,True,True,False
TXN101329,True,True,True
TXN101330,False,False,False
TXN101331,True,True,False
TXN101332,True,True,False
TXN101333,False,False,False
TXN101334,True,False,True
TXN101335,False,False,False
TXN101336,False,False,False
TXN101337,False,False,False
TXN101338,True,False,True
TXN101339,True,True,True
TXN101340,True,True,False
TXN101341,False,False,False
TXN101342,False,False,False
TXN101343,False,False,False
TXN101344,True,True,False
TXN101345,False,False,False
TXN101346,True,True,True
TXN101347,True,True,True
TXN101348,True,False,True
TXN101349,False,False,False
TXN101350,True,False,True
TXN101351,False,False,False
TXN101352,False,False,False
TXN101353,False,False,False
TXN101354,True,True,False
TXN101355,True,True,True
TXN101356,True,True,True
TXN101357,True,False,True
TXN101358,True,True,True
TXN101359,False,False,False
TXN101360,True,False,True
TXN101361,True,True,True
TXN101362,False,False,False
TXN101363,True,True,True
TXN101364,True,True,False
TXN101365,True,True,True
TXN101366,False,False,False
TXN101367,False,False,False
TXN101368,True,True,False
TXN101369,False,False,False
TXN101370,False,False,False
TXN101371,True,True,True
TXN101372,True,True,True
TXN101373,True,True,True
TXN101374,True,True,False
TXN101375,True,True,False
TXN101376,True,True,True
TXN101377,True,True,True
TXN101378,True,False,False
TXN101379,False,False,False
TXN101380,False,False,False
TXN101381,True,True,False
TXN101382,False,False,False
TXN101383,True,False,False
TXN101384,False,False,False
TXN101385,True,True,True
TXN101386,True,True,False
TXN101387,True,True,False
TXN101388,False,False,False
TXN101389,True,True,True
TXN101390,True,False,True
TXN101391,True,False,True
TXN101392,True,True,True
TXN101393,False,False,False
TXN101394,False,False,False
TXN101395,True,True,False
TXN101396,False,False,False
TXN101397,True,True,True
TXN101398,False,False,False
TXN101399,False,False,False
TXN101400,False,True,True
TXN101401,True,True,False
TXN101402,False,False,False
TXN101403,True,False,False
TXN101404,True,True,False
TXN101405,True,True,True
TXN101406,True,True,False
TXN101407,False,False,False
TXN101408,False,False,False
TXN101409,True,True,True
TXN101410,True,True,True
TXN101411,True,False,False
TXN101412,True,True,False
TXN101413,True,False,True
TXN101414,False,False,False
TXN101415,True,True,False
TXN101416,False,False,False
TXN101417,False,False,False
TXN101418,False,False,False
TXN101419,False,False,False
TXN101420,True,True,True
TXN101421,True,False,True
TXN101422,True,True,True
TXN101423,False,False,False
TXN101424,True,True,True
TXN101425,False,False,False
TXN101426,False,False,False
TXN101427,True,True,True
TXN101428,True,True,True
TXN101429,True,True,True
TXN101430,False,False,False
TXN101431,True,True,True
TXN101432,True,True,False
TXN101433,False,False,False
TXN101434,True,False,False
TXN101435,True,True,True
TXN101436,False,True,True
TXN101437,True,True,False
TXN101438,False,False,False
TXN101439,False,False,False
TXN101440,True,True,True
TXN101441,False,False,False
TXN101442,False,False,False
TXN101443,False,False,False
TXN101444,True,True,False
TXN101445,True,False,False
TXN101446,True,False,True
TXN101447,True,False,False
TXN101448,True,True,True
TXN101449,True,True,True
TXN101450,True,False,True
TXN101451,False,False,False
TXN101452,True,False,False
TXN101453,False,False,True
TXN101454,True,True,True
TXN101455,False,False,False
TXN101456,True,True,False
TXN101457,True,True,True
TXN101458,True,False,False
TXN101459,False,False,True
TXN101460,True,False,False
TXN101461,True,True,False
TXN101462,False,False,False
TXN101463,True,True,False
TXN101464,False,True,True
TXN101465,False,False,False
TXN101466,True,False,False
TXN101467,True,True,True
TXN101468,False,False,False
TXN101469,True,True,True
TXN101470,False,True,True
TXN101471,False,False,False
TXN101472,False,False,False
TXN101473,False,False,False
TXN101474,True,True,False
TXN101475,False,False,False
TXN101476,True,True,True
TXN101477,True,True,False
TXN101478,True,True,True
TXN101479,True,True,False
TXN101480,True,True,True
TXN101481,False,False,False
TXN101482,True,True,False
TXN101483,True,True,True
TXN101484,True,True,False
TXN101485,False,False,False
TXN101486,False,False,False
TXN101487,True,True,False
TXN101488,False,False,False
TXN101489,True,True,True
TXN101490,True,False,True
TXN101491,False,False,False
TXN101492,False,False,False
TXN101493,True,True,False
TXN101494,False,False,False
TXN101495,True,True,True
TXN101496,True,True,False
TXN101497,False,False,False
TXN101498,True,True,False
TXN101499,True,True,True
TXN101500,True,True,False
TXN101501,False,False,True
TXN101502,False,False,False
TXN101503,False,False,False
TXN101504,True,True,True
TXN101505,False,False,False
TXN101506,True,True,False
TXN101507,True,True,True
TXN101508,False,False,False
TXN101509,False,False,False
TXN101510,False,False,False
TXN101511,False,False,False
TXN101512,False,False,False
TXN101513,True,True,False
TXN101514,False,False,False
TXN101515,True,True,False
TXN101516,True,True,False
TXN101517,False,False,False
TXN101518,True,True,False
TXN101519,False,False,False
TXN101520,True,True,True
TXN101521,True,True,False
TXN101522,True,True,True
TXN101523,False,False,False
TXN101524,False,False,False
TXN101525,True,True,True
TXN101526,False,False,False
TXN101527,True,True,True
TXN101528,True,True,False
TXN101529,False,False,True
TXN101530,True,False,False
TXN101531,False,False,False
TXN101532,True,True,False
TXN101533,True,True,True
TXN101534,False,False,False
TXN101535,False,False,False
TXN101536,False,False,False
TXN101537,True,True,True
TXN101538,False,False,False
TXN101539,False,False,False
TXN101540,True,True,False
TXN101541,False,False,False
TXN101542,True,True,True
TXN101543,False,False,False
TXN101544,False,False,False
TXN101545,False,False,False
TXN101546,True,False,True
TXN101547,False,False,False
TXN101548,True,True,True
TXN101549,True,False,True
TXN101550,True,True,True
TXN101551,True,True,False
TXN101552,False,False,False
TXN101553,True,True,True
TXN101554,True,True,False
TXN101555,False,False,False
TXN101556,False,False,False
TXN101557,False,False,False
TXN101558,True,True,True
TXN101559,True,True,False
TXN101560,False,False,False
TXN101561,True,True,False
TXN101562,True,True,False
TXN101563,False,False,False
TXN101564,False,False,False
TXN101565,True,True,True
TXN101566,True,True,True
TXN101567,True,False,True
TXN101568,True,True,False
TXN101569,True,True,True
TXN101570,False,False,False
TXN101571,True,True,True
TXN101572,True,True,True
TXN101573,True,True,True
TXN101574,False,False,False
TXN101575,True,True,True
TXN101576,True,True,True
TXN101577,True,True,True
TXN101578,False,False,False
TXN101579,True,True,False
TXN101580,True,True,True
TXN101581,True,True,False
TXN101582,False,False,False
TXN101583,False,False,False
TXN101584,False,False,False
TXN101585,False,False,False
TXN101586,True,False,True
TXN101587,True,False,False
TXN101588,False,False,False
TXN101589,False,False,False
TXN101590,True,True,True
TXN101591,True,True,True
TXN101592,False,True,True
TXN101593,False,True,True
TXN101594,True,True,False
TXN101595,True,True,False
TXN101596,False,False,False
TXN101597,False,False,False
TXN101598,False,False,False
TXN101599,True,True,False
TXN101600,False,False,False
TXN101601,True,True,True
TXN101602,True,True,True
TXN101603,False,False,False
TXN101604,False,False,False
TXN101605,False,False,False
TXN101606,False,False,False
TXN101607,True,True,True
TXN101608,True,True,True
TXN101609,True,True,False
TXN101610,True,True,True
TXN101611,True,False,True
TXN101612,False,False,False
TXN101613,True,True,False
TXN101614,True,True,True
TXN101615,True,True,True
TXN101616,True,True,False
TXN101617,True,True,True
TXN101618,True,True,False
TXN101619,True,True,False
TXN101620,True,True,False
TXN101621,True,True,True
TXN101622,False,False,True
TXN101623,True,True,True
TXN101624,True,True,False
TXN101625,True,False,True
TXN101626,False,False,False
TXN101627,True,False,False
TXN101628,True,True,False
TXN101629,False,False,False
TXN101630,True,False,False
TXN101631,False,False,False
TXN101632,False,False,False
TXN101633,True,True,False
TXN101634,True,True,False
TXN101635,True,False,False
TXN101636,False,True,True
TXN101637,False,False,False
TXN101638,True,True,False
TXN101639,False,False,False
TXN101640,False,False,False
TXN101641,True,True,True
TXN101642,False,False,False
TXN101643,True,True,True
TXN101644,False,True,True
TXN101645,False,False,False
TXN101646,True,True,True
TXN101647,True,False,False
TXN101648,True,False,False
TXN101649,True,True,True
TXN101650,False,False,False
TXN101651,True,True,False
TXN101652,False,False,False
TXN101653,True,True,False
TXN101654,True,False,False
TXN101655,False,False,True
TXN101656,True,True,False
TXN101657,True,True,True
TXN101658,True,True,False
TXN101659,True,True,False
TXN101660,False,False,False
TXN101661,False,False,False
TXN101662,True,True,True
TXN101663,True,True,True
TXN101664,False,False,False
TXN101665,False,False,False
TXN101666,True,True,False
TXN101667,False,False,False
TXN101668,True,True,True
TXN101669,True,True,False
TXN101670,True,False,False
TXN101671,True,True,False
TXN101672,True,True,True
TXN101673,False,False,False
TXN101674,True,False,True
TXN101675,True,True,True
TXN101676,False,False,False
TXN101677,True,False,True
TXN101678,True,True,True
TXN101679,True,False,False
TXN101680,False,False,False
TXN101681,True,True,True
TXN101682,True,False,False
TXN101683,True,True,True
TXN101684,True,True,False
TXN101685,True,True,True
TXN101686,False,False,False
TXN101687,True,True,True
TXN101688,True,True,False
TXN101689,False,False,False
TXN101690,True,True,True
TXN101691,False,False,False
TXN101692,True,True,True
TXN101693,False,False,False
TXN101694,True,True,True
TXN101695,False,False,False
TXN101696,True,True,True
TXN101697,True,True,False
TXN101698,True,True,True
TXN101699,False,False,False
TXN101700,True,True,False
TXN101701,False,False,False
TXN101702,False,False,False
TXN101703,True,True,False
TXN101704,True,True,False
TXN101705,True,True,False
TXN101706,False,False,False
TXN101707,True,True,True
TXN101708,True,True,False
TXN101709,False,False,False
TXN101710,True,True,False
TXN101711,True,True,False
TXN101712,False,False,False
TXN101713,False,False,False
TXN101714,False,False,False
TXN101715,True,False,True
TXN101716,True,True,False
TXN101717,False,False,False
TXN101718,False,False,False
TXN101719,True,True,True
TXN101720,True,True,True
TXN101721,True,False,False
TXN101722,False,False,False
TXN101723,False,False,False
TXN101724,False,False,False
TXN101725,False,False,False
TXN101726,True,True,False
TXN101727,False,False,False
TXN101728,True,True,True
TXN101729,True,True,False
TXN101730,True,True,True
TXN101731,False,False,False
TXN101732,True,True,False
TXN101733,False,False,False
TXN101734,True,True,False
TXN101735,False,False,False
TXN101736,True,True,True
TXN101737,True,True,True
TXN101738,False,False,True
TXN101739,False,False,False
TXN101740,True,False,True
TXN101741,True,False,True
TXN101742,True,False,False
TXN101743,True,True,False
TXN101744,False,False,False
TXN101745,True,True,False
TXN101746,True,True,False
TXN101747,True,False,True
TXN101748,False,False,True
TXN101749,True,True,False
TXN101750,True,True,True
TXN101751,False,False,False
TXN101752,True,True,False
TXN101753,True,True,True
TXN101754,True,True,False
TXN101755,True,False,True
TXN101756,True,True,False
TXN101757,True,False,True
TXN101758,True,True,False
TXN101759,True,True,False
TXN101760,True,True,True
TXN101761,True,True,False
TXN101762,False,False,False
TXN101763,True,True,True
TXN101764,False,False,False
TXN101765,True,True,False
TXN101766,True,True,False
TXN101767,True,True,True
TXN101768,True,True,True
TXN101769,True,True,False
TXN101770,False,False,False
TXN101771,True,True,True
TXN101772,True,True,False
TXN101773,False,False,True
TXN101774,False,False,False
TXN101775,False,False,False
TXN101776,False,False,False
TXN101777,True,True,False
TXN101778,False,False,False
TXN101779,False,False,False
TXN101780,True,True,False
TXN101781,True,False,False
TXN101782,True,True,True
TXN101783,True,False,True
TXN101784,True,True,True
TXN101785,True,True,False
TXN101786,False,False,True
TXN101787,False,False,False
TXN101788,False,False,False
TXN101789,False,False,False
TXN101790,False,False,False
TXN101791,False,False,False
TXN101792,False,False,False
TXN101793,True,True,False
TXN101794,False,False,False
TXN101795,True,True,False
TXN101796,False,False,False
TXN101797,False,False,False
TXN101798,True,False,False
TXN101799,False,False,False
TXN101800,True,False,False
TXN101801,True,True,False
TXN101802,False,False,False
TXN101803,False,False,False
TXN101804,False,False,False
TXN101805,True,True,True
TXN101806,True,True,False
TXN101807,False,False,False
TXN101808,False,False,False
TXN101809,True,True,False
TXN101810,False,False,False
TXN101811,True,False,True
TXN101812,False,False,False
TXN101813,False,False,False
TXN101814,False,False,False
TXN101815,True,True,True
TXN101816,True,True,True
TXN101817,True,True,True
TXN101818,True,True,True
TXN101819,True,True,True
TXN101820,True,True,False
TXN101821,True,True,True
TXN101822,True,True,False
TXN101823,False,False,False
TXN101824,True,False,True
TXN101825,True,True,False
TXN101826,True,False,False
TXN101827,True,False,False
TXN101828,True,True,True
TXN101829,False,False,False
TXN101830,True,True,False
TXN101831,True,True,False
TXN101832,False,False,False
TXN101833,True,True,False
TXN101834,False,False,False
TXN101835,False,False,False
TXN101836,True,True,True
TXN101837,True,False,False
TXN101838,True,True,True
TXN101839,False,False,False
TXN101840,True,True,False
TXN101841,False,False,False
TXN101842,True,False,True
TXN101843,False,False,False
TXN101844,False,False,False
TXN101845,True,True,False
TXN101846,False,False,False
TXN101847,True,True,True
TXN101848,True,False,False
TXN101849,False,False,False
TXN101850,True,True,True
TXN101851,False,False,False
TXN101852,True,True,False
TXN101853,False,True,True
TXN101854,False,False,False
TXN101855,True,True,False
TXN101856,True,True,True
TXN101857,False,False,False
TXN101858,False,False,False
TXN101859,False,False,False
TXN101860,False,False,False
TXN101861,True,True,False
TXN101862,False,False,False
TXN101863,False,False,False
TXN101864,True,True,False
TXN101865,False,False,False
TXN101866,True,True,True
TXN101867,False,False,False
TXN101868,False,False,False
TXN101869,False,False,False
TXN101870,True,False,True
TXN101871,True,False,True
TXN101872,True,True,False
TXN101873,True,True,True
TXN101874,True,True,False
TXN101875,True,True,True
TXN101876,False,False,False
TXN101877,False,False,False
TXN101878,True,True,True
TXN101879,True,True,False
TXN101880,True,False,True
TXN101881,False,False,False
TXN101882,False,False,False
TXN101883,True,True,True
TXN101884,True,True,False
TXN101885,True,True,True
TXN101886,True,True,True
TXN101887,False,False,False
TXN101888,True,False,False
TXN101889,True,True,False
TXN101890,True,False,True
TXN101891,True,True,True
TXN101892,True,True,False
TXN101893,False,False,False
TXN101894,False,False,False
TXN101895,False,False,False
TXN101896,True,True,False
TXN101897,False,False,False
TXN101898,False,False,False
TXN101899,True,True,True
TXN101900,True,True,False
TXN101901,True,True,True
TXN101902,True,True,True
TXN101903,True,True,True
TXN101904,False,False,False
TXN101905,True,True,True
TXN101906,True,True,True
TXN101907,True,True,True
TXN101908,True,False,True
TXN101909,False,False,False
TXN101910,False,False,False
TXN101911,True,True,True
TXN101912,True,True,False
TXN101913,True,True,False
TXN101914,True,True,True
TXN101915,True,False,True
TXN101916,True,True,True
TXN101917,True,True,True
TXN101918,True,True,True
TXN101919,True,True,True
TXN101920,False,False,False
TXN101921,True,True,False
TXN101922,True,True,True
TXN101923,False,False,True
TXN101924,True,True,True
TXN101925,True,False,False
TXN101926,True,True,True
TXN101927,True,True,False
TXN101928,True,False,True
TXN101929,True,False,True
TXN101930,True,True,False
TXN101931,True,True,True
TXN101932,True,True,False
TXN101933,False,False,True
TXN101934,True,False,True
TXN101935,True,True,True
TXN101936,False,False,False
TXN101937,True,True,True
TXN101938,True,True,False
TXN101939,False,False,False
TXN101940,True,False,True
TXN101941,False,False,False
TXN101942,False,False,False
TXN101943,True,False,True
TXN101944,True,True,False
TXN101945,False,False,False
TXN101946,True,True,True
TXN101947,True,False,True
TXN101948,True,False,True
TXN101949,True,True,True
TXN101950,True,True,False
TXN101951,False,False,False
TXN101952,True,True,True
TXN101953,True,False,True
TXN101954,True,True,True
TXN101955,True,True,False
TXN101956,True,True,True
TXN101957,True,True,True
TXN101958,True,True,True
TXN101959,True,True,True
TXN101960,True,False,True
TXN101961,True,False,False
TXN101962,True,True,True
TXN101963,True,False,True
TXN101964,False,False,False
TXN101965,True,True,False
TXN101966,True,True,True
TXN101967,False,False,False
TXN101968,True,True,True
TXN101969,True,False,False
TXN101970,True,True,False
TXN101971,False,False,False
TXN101972,True,True,False
TXN101973,True,False,True
TXN101974,False,False,False
TXN101975,False,False,False
TXN101976,True,True,False
TXN101977,True,True,False
TXN101978,True,True,False
TXN101979,False,False,False
TXN101980,False,False,False
TXN101981,False,False,False
TXN101982,False,False,False
TXN101983,False,False,False
TXN101984,True,True,True
TXN101985,False,False,False
TXN101986,False,False,False
TXN101987,False,False,False
TXN101988,False,False,False
TXN101989,True,True,False
TXN101990,True,True,False
TXN101991,False,False,False
TXN101992,False,False,False
TXN101993,False,False,False
TXN101994,False,False,False
TXN101995,True,False,True
TXN101996,True,True,True
TXN101997,True,True,True
TXN101998,False,False,False
TXN101999,True,True,False
TXN102000,True,True,False
TXN102001,False,False,False
TXN102002,True,True,False
TXN102003,True,True,False
TXN102004,True,False,False
TXN102005,True,False,False
TXN102006,True,True,True
TXN102007,True,True,True
TXN102008,True,True,True
TXN102009,False,False,False
TXN102010,True,True,True
TXN102011,True,False,False
TXN102012,False,True,True
TXN102013,True,True,True
TXN102014,False,True,True
TXN102015,True,False,False
TXN102016,False,False,False
TXN102017,True,False,True
TXN102018,True,True,False
TXN102019,False,False,False
TXN102020,True,False,True
TXN102021,False,False,False
TXN102022,False,False,False
TXN102023,True,True,False
TXN102024,False,False,False
TXN102025,True,True,True
TXN102026,True,True,False
TXN102027,True,False,True
TXN102028,False,False,False
TXN102029,True,True,True
TXN102030,True,True,True
TXN102031,True,False,True
TXN102032,True,True,False
TXN102033,False,False,False
TXN102034,False,False,False
TXN102035,True,False,True
TXN102036,False,False,False
TXN102037,True,True,False
TXN102038,False,False,False
TXN102039,False,False,False
TXN102040,False,False,False
TXN102041,False,True,True
TXN102042,False,False,False
TXN102043,True,False,True
TXN102044,True,True,True
TXN102045,True,True,False
TXN102046,True,True,False
TXN102047,False,False,False
TXN102048,True,True,False
TXN102049,False,False,False
TXN102050,False,False,False
TXN102051,True,True,True
TXN102052,True,True,False
TXN102053,False,False,False
TXN102054,True,False,True
TXN102055,True,False,False
TXN102056,True,True,True
TXN102057,True,True,False
TXN102058,False,False,False
TXN102059,False,False,False
TXN102060,False,False,False
TXN102061,False,False,False
TXN102062,False,False,False
TXN102063,False,False,False
TXN102064,True,False,False
TXN102065,True,True,False
TXN102066,True,True,True
TXN102067,True,False,True
TXN102068,True,True,True
TXN102069,True,True,False
TXN102070,True,True,True
TXN102071,True,True,False
TXN102072,False,False,False
TXN102073,True,True,False
TXN102074,True,True,True
TXN102075,False,False,False
TXN102076,True,True,True
TXN102077,True,True,True
TXN102078,True,False,False
TXN102079,False,False,False
TXN102080,False,False,False
TXN102081,False,False,False
TXN102082,True,False,True
TXN102083,True,True,True
TXN102084,True,False,True
TXN102085,False,False,False
TXN102086,True,True,False
TXN102087,True,True,False
TXN102088,True,True,False
TXN102089,True,True,False
TXN102090,True,True,False
TXN102091,True,True,True
TXN102092,False,False,False
TXN102093,False,False,False
TXN102094,False,False,False
TXN102095,True,True,True
TXN102096,True,True,True
TXN102097,False,False,False
TXN102098,False,False,False
TXN102099,False,False,False
TXN102100,False,False,False
TXN102101,False,False,False
TXN102102,False,False,False
TXN102103,True,True,False
TXN102104,False,False,False
TXN102105,True,True,True
TXN102106,True,True,True
TXN102107,True,False,False
TXN102108,True,True,False
TXN102109,True,False,False
TXN102110,True,True,False
TXN102111,True,False,False
TXN102112,True,True,True
TXN102113,False,False,False
TXN102114,True,True,True
TXN102115,False,False,False
TXN102116,False,False,True
TXN102117,True,True,True
TXN102118,True,True,True
TXN102119,False,False,False
TXN102120,True,True,False
TXN102121,False,False,False
TXN102122,True,True,True
TXN102123,True,True,False
TXN102124,True,False,False
TXN102125,True,True,True
TXN102126,True,False,False
TXN102127,False,False,False
TXN102128,False,False,False
TXN102129,True,True,False
TXN102130,True,True,False
TXN102131,True,True,True
TXN102132,True,True,False
TXN102133,False,False,False
TXN102134,True,False,False
TXN102135,True,True,False
TXN102136,True,False,True
TXN102137,False,False,False
TXN102138,True,False,True
TXN102139,True,True,True
TXN102140,False,False,False
TXN102141,True,True,True
TXN102142,True,True,True
TXN102143,True,False,False
TXN102144,True,True,False
TXN102145,True,True,False
TXN102146,False,False,False
TXN102147,True,True,False
TXN102148,True,False,True
TXN102149,True,False,True
TXN102150,False,False,False
TXN102151,False,False,False
TXN102152,True,False,True
TXN102153,True,False,False
TXN102154,True,True,True
TXN102155,True,True,False
TXN102156,True,True,True
TXN102157,True,False,False
TXN102158,True,True,False
TXN102159,False,False,False
TXN102160,False,False,False
TXN102161,False,False,False
TXN102162,True,True,True
TXN102163,True,False,False
TXN102164,True,True,True
TXN102165,False,False,False
TXN102166,True,True,True
TXN102167,False,False,False
TXN102168,True,True,True
TXN102169,False,False,False
TXN102170,True,True,False
TXN102171,True,True,False
TXN102172,False,False,False
TXN102173,False,False,False
TXN102174,True,True,False
TXN102175,True,True,True
TXN102176,False,False,False
TXN102177,False,False,False
TXN102178,True,True,False
TXN102179,False,False,False
TXN102180,False,False,False
TXN102181,True,True,False
TXN102182,True,True,False
TXN102183,True,False,False
TXN102184,False,False,False
TXN102185,True,True,False
TXN102186,True,True,True
TXN102187,False,False,False
TXN102188,True,True,False
TXN102189,True,True,True
TXN102190,True,True,False
TXN102191,False,False,False
TXN102192,False,False,False
TXN102193,False,False,False
TXN102194,False,False,False
TXN102195,True,True,True
TXN102196,True,True,False
TXN102197,True,True,True
TXN102198,True,True,True
TXN102199,False,False,False
TXN102200,False,False,False
TXN102201,True,True,True
TXN102202,False,False,False
TXN102203,False,False,False
TXN102204,True,False,False
TXN102205,True,False,True
TXN102206,True,True,True
TXN102207,True,True,True
TXN102208,True,True,False
TXN102209,False,False,False
TXN102210,False,False,False
TXN102211,False,True,True
TXN102212,False,False,False
TXN102213,False,False,False
TXN102214,True,False,False
TXN102215,False,False,False
TXN102216,True,True,False
TXN102217,False,False,False
TXN102218,False,False,False
TXN102219,False,False,False
TXN102220,False,False,False
TXN102221,False,False,False
TXN102222,False,False,False
TXN102223,True,True,True
TXN102224,False,False,False
TXN102225,True,True,True
TXN102226,True,True,True
TXN102227,False,False,False
TXN102228,False,False,False
TXN102229,True,True,False
TXN102230,True,True,True
TXN102231,True,True,False
TXN102232,True,False,True
TXN102233,False,False,False
TXN102234,False,False,False
TXN102235,False,False,False
TXN102236,False,False,False
TXN102237,True,True,True
TXN102238,False,True,True
TXN102239,True,False,False
TXN102240,True,True,True
TXN102241,False,False,False
TXN102242,False,False,False
TXN102243,True,False,True
TXN102244,False,False,False
TXN102245,True,True,False
TXN102246,True,False,False
TXN102247,True,True,False
TXN102248,True,False,False
TXN102249,False,False,False
TXN102250,True,True,True
TXN102251,True,True,True
TXN102252,False,False,False
TXN102253,True,True,True
TXN102254,False,False,False
TXN102255,False,False,False
TXN102256,True,True,True
TXN102257,True,False,False
TXN102258,True,True,False
TXN102259,False,False,False
TXN102260,True,True,False
TXN102261,True,True,False
TXN102262,True,False,True
TXN102263,True,True,False
TXN102264,False,False,False
TXN102265,True,False,True
TXN102266,False,False,False
TXN102267,True,False,False
TXN102268,False,False,True
TXN102269,False,False,False
TXN102270,False,False,False
TXN102271,True,False,False
TXN102272,False,False,False
TXN102273,True,True,True
TXN102274,True,True,False
TXN102275,False,False,False
TXN102276,True,True,True
TXN102277,False,False,False
TXN102278,True,False,False
TXN102279,True,False,True
TXN102280,False,False,False
TXN102281,True,True,True
TXN102282,False,False,False
TXN102283,True,True,True
TXN102284,False,False,False
TXN102285,True,True,True
TXN102286,True,False,False
TXN102287,False,False,False
TXN102288,False,False,False
TXN102289,True,True,False
TXN102290,True,True,False
TXN102291,False,False,False
TXN102292,True,False,True
TXN102293,True,True,False
TXN102294,True,True,False
TXN102295,True,True,False
TXN102296,True,True,False
TXN102297,False,False,False
TXN102298,True,True,True
TXN102299,True,True,False
TXN102300,True,True,True
TXN102301,True,True,True
TXN102302,True,True,False
TXN102303,True,False,True
TXN102304,True,True,True
TXN102305,True,True,True
TXN102306,False,False,False
TXN102307,False,False,False
TXN102308,False,False,False
TXN102309,False,False,False
TXN102310,True,True,True
TXN102311,True,False,False
TXN102312,False,False,False
TXN102313,True,True,True
TXN102314,True,True,False
TXN102315,False,False,False
TXN102316,True,True,True
TXN102317,False,False,False
TXN102318,False,False,False
TXN102319,False,False,False
TXN102320,True,True,False
TXN102321,True,True,False
TXN102322,True,True,False
TXN102323,False,False,False
TXN102324,True,False,False
TXN102325,True,True,False
TXN102326,True,True,False
TXN102327,False,False,False
TXN102328,False,True,True
TXN102329,True,True,True
TXN102330,True,True,True
TXN102331,True,True,False
TXN102332,False,False,False
TXN102333,False,False,False
TXN102334,True,False,False
TXN102335,True,False,True
TXN102336,False,False,False
TXN102337,True,True,False
TXN102338,False,False,False
TXN102339,False,False,False
TXN102340,True,False,True
TXN102341,False,False,False
TXN102342,True,True,False
TXN102343,False,False,False
TXN102344,True,True,False
TXN102345,True,True,True
TXN102346,False,False,False
TXN102347,False,False,False
TXN102348,True,True,True
TXN102349,False,False,False
TXN102350,True,True,False
TXN102351,False,False,False
TXN102352,False,False,False
TXN102353,False,False,False
TXN102354,False,False,False
TXN102355,True,False,True
TXN102356,False,False,False
TXN102357,True,True,False
TXN102358,False,False,False
TXN102359,False,False,False
TXN102360,True,True,True
TXN102361,True,True,False
TXN102362,True,True,False
TXN102363,True,True,True
TXN102364,False,False,False
TXN102365,True,False,False
TXN102366,True,False,False
TXN102367,False,False,False
TXN102368,True,False,False
TXN102369,False,False,False
TXN102370,False,False,False
TXN102371,False,False,False
TXN102372,True,False,True
TXN102373,True,True,False
TXN102374,True,True,True
TXN102375,False,False,False
TXN102376,True,True,True
TXN102377,True,True,False
TXN102378,False,False,False
TXN102379,True,True,True
TXN102380,True,True,True
TXN102381,True,False,True
TXN102382,False,False,False
TXN102383,True,True,False
TXN102384,True,True,True
TXN102385,True,True,True
TXN102386,True,True,False
TXN102387,False,False,False
TXN102388,False,False,False
TXN102389,True,True,False
TXN102390,False,True,True
TXN102391,True,True,True
TXN102392,True,True,True
TXN102393,True,True,False
TXN102394,True,False,False
TXN102395,False,False,False
TXN102396,False,False,False
TXN102397,False,False,False
TXN102398,True,True,True
TXN102399,True,True,True
TXN102400,False,False,False
TXN102401,True,True,True
TXN102402,True,True,False
TXN102403,True,True,False
TXN102404,True,True,False
TXN102405,True,False,False
TXN102406,False,False,False
TXN102407,True,True,False
TXN102408,True,True,True
TXN102409,False,False,False
TXN102410,False,False,True
TXN102411,False,False,False
TXN102412,True,True,True
TXN102413,False,False,False
TXN102414,True,True,False
TXN102415,False,False,False
TXN102416,True,True,True
TXN102417,False,False,False
TXN102418,True,True,False
TXN102419,True,True,False
TXN102420,True,True,False
TXN102421,True,True,False
TXN102422,True,True,True
TXN102423,True,True,False
TXN102424,True,True,True
TXN102425,True,True,False
TXN102426,False,False,False
TXN102427,False,False,True
TXN102428,True,True,True
TXN102429,True,False,True
TXN102430,False,False,False
TXN102431,True,True,True
TXN102432,True,True,False
TXN102433,False,False,False
TXN102434,False,False,False
TXN102435,False,False,True
TXN102436,True,False,False
TXN102437,True,True,False
TXN102438,True,False,True
TXN102439,True,True,True
TXN102440,False,False,False
TXN102441,True,True,False
TXN102442,False,False,False
TXN102443,True,False,True
TXN102444,True,False,True
TXN102445,True,True,False
TXN102446,False,False,True
TXN102447,False,False,False
TXN102448,True,True,False
TXN102449,False,False,False
TXN102450,True,True,True
TXN102451,True,True,False
TXN102452,True,False,True
TXN102453,False,False,True
TXN102454,True,True,True
TXN102455,False,False,False
TXN102456,True,True,True
TXN102457,False,False,False
TXN102458,True,True,True
TXN102459,True,True,False
TXN102460,True,False,True
TXN102461,True,True,False
TXN102462,True,True,False
TXN102463,True,True,True
TXN102464,False,False,False
TXN102465,True,True,True
TXN102466,False,False,False
TXN102467,False,False,False
TXN102468,True,False,True
TXN102469,True,True,True
TXN102470,False,False,True
TXN102471,True,False,True
TXN102472,False,False,False
TXN102473,True,True,True
TXN102474,False,False,False
TXN102475,False,False,False
TXN102476,True,False,False
TXN102477,False,False,True
TXN102478,False,False,False
TXN102479,False,False,True
TXN102480,True,True,True
TXN102481,False,False,False
TXN102482,False,False,False
TXN102483,True,True,False
TXN102484,False,False,False
TXN102485,True,False,False
TXN102486,True,True,True
TXN102487,False,False,False
TXN102488,False,False,False
TXN102489,True,True,True
TXN102490,True,False,False
TXN102491,True,True,False
TXN102492,True,True,False
TXN102493,False,False,False
TXN102494,True,False,False
TXN102495,False,False,False
TXN102496,False,False,False
TXN102497,False,False,False
TXN102498,True,True,True
TXN102499,False,False,False
TXN102500,True,True,True
TXN102501,True,True,True
TXN102502,True,True,False
TXN102503,True,True,False
TXN102504,True,True,True
TXN102505,True,True,True
TXN102506,False,False,False
TXN102507,False,False,False
TXN102508,True,True,False
TXN102509,False,False,False
TXN102510,True,False,True
TXN102511,True,False,True
TXN102512,True,True,True
TXN102513,True,True,False
TXN102514,False,False,False
TXN102515,False,False,False
TXN102516,True,True,True
TXN102517,False,False,False
TXN102518,True,True,False
TXN102519,False,False,False
TXN102520,True,True,False
TXN102521,True,True,True
TXN102522,True,True,False
TXN102523,True,True,True
TXN102524,False,False,False
TXN102525,True,True,True
TXN102526,True,False,False
TXN102527,True,True,False
TXN102528,False,True,True
TXN102529,False,False,False
TXN102530,True,True,True
TXN102531,False,False,False
TXN102532,False,False,False
TXN102533,True,True,True
TXN102534,False,False,False
TXN102535,True,True,False
TXN102536,True,False,False
TXN102537,True,True,False
TXN102538,False,False,False
TXN102539,False,False,False
TXN102540,True,True,True
TXN102541,True,False,False
TXN102542,False,False,False
TXN102543,True,True,False
TXN102544,False,False,False
TXN102545,False,False,False
TXN102546,True,True,False
TXN102547,True,True,True
TXN102548,False,False,False
TXN102549,True,True,False
TXN102550,False,False,False
TXN102551,True,True,True
TXN102552,True,False,False
TXN102553,True,True,True
TXN102554,True,False,False
TXN102555,False,False,False
TXN102556,False,False,False
TXN102557,False,False,False
TXN102558,False,False,False
TXN102559,True,True,True
TXN102560,False,False,False
TXN102561,True,True,True
TXN102562,True,True,False
TXN102563,True,False,False
TXN102564,True,False,True
TXN102565,False,False,False
TXN102566,True,False,True
TXN102567,False,False,False
TXN102568,False,False,False
TXN102569,True,True,True
TXN102570,True,True,True
TXN102571,True,True,True
TXN102572,True,True,True
TXN102573,True,True,True
TXN102574,False,False,False
TXN102575,True,True,True
TXN102576,False,True,True
TXN102577,True,True,True
TXN102578,False,False,False
TXN102579,True,True,True
TXN102580,True,True,True
TXN102581,False,False,False
TXN102582,True,False,True
TXN102583,True,True,True
TXN102584,True,False,False
TXN102585,True,True,True
TXN102586,False,False,False
TXN102587,False,False,False
TXN102588,True,True,False
TXN102589,True,True,True
TXN102590,True,True,True
TXN102591,True,False,False
TXN102592,True,False,False
TXN102593,True,False,False
TXN102594,True,False,True
TXN102595,False,False,False
TXN102596,True,True,False
TXN102597,True,True,True
TXN102598,True,False,True
TXN102599,True,True,False
TXN102600,True,True,True
TXN102601,True,True,False
TXN102602,True,True,True
TXN102603,False,False,False
TXN102604,True,False,True
TXN102605,True,True,False
TXN102606,True,True,False
TXN102607,True,True,False
TXN102608,False,False,False
TXN102609,True,False,False
TXN102610,False,False,False
TXN102611,True,False,True
TXN102612,True,True,True
TXN102613,True,False,True
TXN102614,True,True,False
TXN102615,False,False,False
TXN102616,False,False,False
TXN102617,True,True,True
TXN102618,False,False,False
TXN102619,True,True,True
TXN102620,False,False,False
TXN102621,False,False,False
TXN102622,True,True,True
TXN102623,True,True,False
TXN102624,False,False,False
TXN102625,True,True,True
TXN102626,False,False,False
TXN102627,True,True,True
TXN102628,False,False,False
TXN102629,False,False,False
TXN102630,True,False,False
TXN102631,False,False,False
TXN102632,True,True,True
TXN102633,True,True,False
TXN102634,False,False,False
TXN102635,False,False,False
TXN102636,False,False,False
TXN102637,True,True,False
TXN102638,True,True,False
TXN102639,False,False,False
TXN102640,False,False,False
TXN102641,False,False,False
TXN102642,True,True,True
TXN102643,True,True,True
TXN102644,False,False,False
TXN102645,True,True,True
TXN102646,True,True,False
TXN102647,True,True,False
TXN102648,True,True,False
TXN102649,True,False,False
TXN102650,False,False,False
TXN102651,True,True,False
TXN102652,True,True,False
TXN102653,True,True,False
TXN102654,True,False,False
TXN102655,False,False,False
TXN102656,False,False,False
TXN102657,True,True,True
TXN102658,True,True,True
TXN102659,False,False,False
TXN102660,False,False,False
TXN102661,True,False,True
TXN102662,False,False,False
TXN102663,True,True,True
TXN102664,False,False,True
TXN102665,False,False,False
TXN102666,True,True,False
TXN102667,True,True,False
TXN102668,False,False,False
TXN102669,False,False,False
TXN102670,True,True,False
TXN102671,True,False,True
TXN102672,True,True,True
TXN102673,True,True,True
TXN102674,True,True,True
TXN102675,False,False,False
TXN102676,False,False,False
TXN102677,True,False,True
TXN102678,False,False,False
TXN102679,False,False,False
TXN102680,False,False,False
TXN102681,True,True,True
TXN102682,True,True,False
TXN102683,True,True,True
TXN102684,True,True,False
TXN102685,True,False,True
TXN102686,True,False,True
TXN102687,True,True,True
TXN102688,True,True,True
TXN102689,True,True,True
TXN102690,True,False,True
TXN102691,False,False,False
TXN102692,False,False,False
TXN102693,True,True,True
TXN102694,True,False,True
TXN102695,True,True,True
TXN102696,False,False,False
TXN102697,False,False,False
TXN102698,False,False,False
TXN102699,False,False,False
TXN102700,False,False,False
TXN102701,True,True,False
TXN102702,True,True,True
TXN102703,False,False,False
TXN102704,False,False,False
TXN102705,True,True,False
TXN102706,True,True,False
TXN102707,False,False,False
TXN102708,True,True,True
TXN102709,True,False,False
TXN102710,True,True,True
TXN102711,True,True,True
TXN102712,True,True,True
TXN102713,False,False,False
TXN102714,True,True,False
TXN102715,True,True,True
TXN102716,False,False,True
TXN102717,True,True,True
TXN102718,False,False,True
TXN102719,False,False,False
TXN102720,True,True,False
TXN102721,True,True,False
TXN102722,True,True,True
TXN102723,True,True,False
TXN102724,False,True,True
TXN102725,True,False,False
TXN102726,True,True,True
TXN102727,True,False,False
TXN102728,True,True,False
TXN102729,False,False,False
TXN102730,False,False,False
TXN102731,False,False,False
TXN102732,False,False,False
TXN102733,False,False,True
TXN102734,False,False,False
TXN102735,True,True,False
TXN102736,True,True,False
TXN102737,False,False,False
TXN102738,False,False,False
TXN102739,False,False,False
TXN102740,True,False,False
TXN102741,True,True,False
TXN102742,True,True,False
TXN102743,True,True,True
TXN102744,False,False,False
TXN102745,True,False,True
TXN102746,True,True,False
TXN102747,True,False,False
TXN102748,True,True,False
TXN102749,True,False,True
TXN102750,False,False,False
TXN102751,False,False,False
TXN102752,True,True,True
TXN102753,True,True,True
TXN102754,True,True,True
TXN102755,True,True,False
TXN102756,True,True,False
TXN102757,True,True,True
TXN102758,True,False,True
TXN102759,False,False,False
TXN102760,False,False,False
TXN102761,True,False,True
TXN102762,True,True,False
TXN102763,False,False,False
TXN102764,False,False,False
TXN102765,False,False,False
TXN102766,True,True,False
TXN102767,False,False,False
TXN102768,False,False,False
TXN102769,True,True,True
TXN102770,True,True,True
TXN102771,True,True,True
TXN102772,True,True,False
TXN102773,True,True,True
TXN102774,False,False,False
TXN102775,True,True,False
TXN102776,False,False,False
TXN102777,False,False,False
TXN102778,False,False,False
TXN102779,True,True,False
TXN102780,False,False,False
TXN102781,True,False,False
TXN102782,True,True,False
TXN102783,True,True,False
TXN102784,False,False,False
TXN102785,True,True,True
TXN102786,True,True,True
TXN102787,True,True,True
TXN102788,True,True,True
TXN102789,False,False,False
TXN102790,False,False,False
TXN102791,True,True,False
TXN102792,True,True,True
TXN102793,False,False,False
TXN102794,True,True,True
TXN102795,True,True,True
TXN102796,True,True,False
TXN102797,True,True,True
TXN102798,True,False,False
TXN102799,True,False,False
TXN102800,True,True,True
TXN102801,False,False,False
TXN102802,True,True,False
TXN102803,False,False,False
TXN102804,True,False,True
TXN102805,False,False,False
TXN102806,False,False,False
TXN102807,False,False,False
TXN102808,False,False,False
TXN102809,True,True,False
TXN102810,True,True,False
TXN102811,True,True,False
TXN102812,True,True,True
TXN102813,True,True,True
TXN102814,True,True,True
TXN102815,True,True,True
TXN102816,True,False,True
TXN102817,False,False,False
TXN102818,True,True,False
TXN102819,True,True,False
TXN102820,True,True,False
TXN102821,True,False,False
TXN102822,True,False,True
TXN102823,False,False,False
TXN102824,False,False,False
TXN102825,True,True,True
TXN102826,False,False,False
TXN102827,False,False,False
TXN102828,False,False,False
TXN102829,True,True,False
TXN102830,True,True,True
TXN102831,True,True,False
TXN102832,False,True,True
TXN102833,False,False,False
TXN102834,True,True,False
TXN102835,True,True,True
TXN102836,False,False,False
TXN102837,True,True,True
TXN102838,False,False,False
TXN102839,True,True,True
TXN102840,True,True,True
TXN102841,True,False,False
TXN102842,True,False,True
TXN102843,True,True,False
TXN102844,False,False,False
TXN102845,True,True,True
TXN102846,False,False,False
TXN102847,False,False,False
TXN102848,True,True,False
TXN102849,True,True,False
TXN102850,False,False,False
TXN102851,False,False,False
TXN102852,True,True,True
TXN102853,True,True,False
TXN102854,False,False,False
TXN102855,True,True,False
TXN102856,True,True,False
TXN102857,True,True,True
TXN102858,False,False,False
TXN102859,False,False,False
TXN102860,False,False,False
TXN102861,True,True,True
TXN102862,True,True,False
TXN102863,True,True,True
TXN102864,True,True,False
TXN102865,True,True,True
TXN102866,False,False,False
TXN102867,True,False,False
TXN102868,False,False,False
TXN102869,False,False,False
TXN102870,True,True,False
TXN102871,False,False,False
TXN102872,True,True,False
TXN102873,True,False,True
TXN102874,True,True,False
TXN102875,False,False,False
TXN102876,True,True,True
TXN102877,False,False,False
TXN102878,False,False,False
TXN102879,True,True,True
TXN102880,False,False,False
TXN102881,True,False,True
TXN102882,True,True,True
TXN102883,False,False,False
TXN102884,True,True,False
TXN102885,False,False,False
TXN102886,True,True,False
TXN102887,False,False,False
TXN102888,True,True,True
TXN102889,False,False,False
TXN102890,False,False,False
TXN102891,False,False,False
TXN102892,False,False,False
TXN102893,True,False,False
TXN102894,False,False,False
TXN102895,True,True,False
TXN102896,True,True,False
TXN102897,True,True,True
TXN102898,True,True,False
TXN102899,True,True,False
TXN102900,True,True,True
TXN102901,False,False,False
TXN102902,True,False,True
TXN102903,True,False,True
TXN102904,True,True,False
TXN102905,True,False,True
TXN102906,False,False,False
TXN102907,False,False,False
TXN102908,True,True,True
TXN102909,False,False,False
TXN102910,False,False,False
TXN102911,False,False,False
TXN102912,False,False,False
TXN102913,True,True,False
TXN102914,False,False,False
TXN102915,True,True,False
TXN102916,False,False,False
TXN102917,True,True,False
TXN102918,False,False,False
TXN102919,False,False,False
TXN102920,True,True,True
TXN102921,False,False,False
TXN102922,True,True,False
TXN102923,False,False,False
TXN102924,True,True,False
TXN102925,False,False,False
TXN102926,True,False,True
TXN102927,False,False,False
TXN102928,True,False,True
TXN102929,False,False,False
TXN102930,True,True,True
TXN102931,True,True,True
TXN102932,False,False,False
TXN102933,True,True,True
TXN102934,False,False,False
TXN102935,True,True,False
TXN102936,True,False,True
TXN102937,False,False,False
TXN102938,True,True,True
TXN102939,False,False,False
TXN102940,False,False,False
TXN102941,True,True,False
TXN102942,False,False,False
TXN102943,True,True,True
TXN102944,True,False,True
TXN102945,True,True,False
TXN102946,True,True,True
TXN102947,False,False,True
TXN102948,True,True,True
TXN102949,False,False,False
TXN102950,True,True,False
TXN102951,True,True,False
TXN102952,False,False,False
TXN102953,False,False,False
TXN102954,True,True,True
TXN102955,True,True,True
TXN102956,True,True,True
TXN102957,True,True,True
TXN102958,False,False,False
TXN102959,False,False,False
TXN102960,False,False,False
TXN102961,True,True,False
TXN102962,False,False,False
TXN102963,True,False,False
TXN102964,False,False,False
TXN102965,False,False,True
TXN102966,True,False,True
TXN102967,False,False,False
TXN102968,True,True,True
TXN102969,True,True,True
TXN102970,True,True,True
TXN102971,False,False,False
TXN102972,True,True,True
TXN102973,True,True,False
TXN102974,False,False,False
TXN102975,True,True,False
TXN102976,True,True,False
TXN102977,True,True,False
TXN102978,True,True,False
TXN102979,True,True,False
TXN102980,False,False,False
TXN102981,True,True,False
TXN102982,True,True,False
TXN102983,False,False,False
TXN102984,True,False,True
TXN102985,True,False,False
TXN102986,True,True,True
TXN102987,False,False,False
TXN102988,True,True,False
TXN102989,True,True,True
TXN102990,True,True,True
TXN102991,True,True,True
TXN102992,True,True,True
TXN102993,False,False,False
TXN102994,True,True,True
TXN102995,True,True,False
TXN102996,True,True,False
TXN102997,True,True,True
TXN102998,False,False,False
TXN102999,True,True,False
TXN103000,True,False,False
TXN103001,True,True,False
TXN103002,True,False,True
TXN103003,True,False,True
TXN103004,True,True,True
TXN103005,True,True,False
TXN103006,False,False,False
TXN103007,True,True,True
TXN103008,True,True,True
TXN103009,True,True,False
TXN103010,False,False,False
TXN103011,False,False,False
TXN103012,False,False,False
TXN103013,True,True,False
TXN103014,True,True,False
TXN103015,True,True,True
TXN103016,False,False,False
TXN103017,True,False,False
TXN103018,False,False,False
TXN103019,True,True,True
TXN103020,False,False,False
TXN103021,True,True,True
TXN103022,False,False,False
TXN103023,False,False,False
TXN103024,True,True,True
TXN103025,False,False,False
TXN103026,False,False,False
TXN103027,True,True,False
TXN103028,True,True,True
TXN103029,True,True,False
TXN103030,False,False,False
TXN103031,True,False,False
TXN103032,False,False,False
TXN103033,False,False,False
TXN103034,True,False,True
TXN103035,True,True,False
TXN103036,True,True,False
TXN103037,False,True,True
TXN103038,True,False,False
TXN103039,True,False,False
TXN103040,False,False,False
TXN103041,False,False,False
TXN103042,True,True,True
TXN103043,False,False,False
TXN103044,False,False,False
TXN103045,False,False,False
TXN103046,True,True,True
TXN103047,True,True,True
TXN103048,True,False,True
TXN103049,True,True,True
TXN103050,False,False,False
TXN103051,True,False,False
TXN103052,True,False,True
TXN103053,True,False,False
TXN103054,True,True,True
TXN103055,True,True,True
TXN103056,True,True,False
TXN103057,False,False,False
TXN103058,True,False,True
TXN103059,True,True,False
TXN103060,False,False,False
TXN103061,True,True,True
TXN103062,False,False,False
TXN103063,False,False,False
TXN103064,False,False,False
TXN103065,True,True,True
TXN103066,False,False,False
TXN103067,False,False,False
TXN103068,True,True,False
TXN103069,True,True,False
TXN103070,False,False,False
TXN103071,False,False,False
TXN103072,False,False,False
TXN103073,False,False,False
TXN103074,True,True,True
TXN103075,False,False,False
TXN103076,False,False,False
TXN103077,True,True,True
TXN103078,True,True,False
TXN103079,False,False,False
TXN103080,False,False,False
TXN103081,True,True,False
TXN103082,False,False,False
TXN103083,False,False,False
TXN103084,True,True,False
TXN103085,True,True,False
TXN103086,True,True,True
TXN103087,True,True,True
TXN103088,False,False,False
TXN103089,False,False,False
TXN103090,True,True,True
TXN103091,True,True,True
TXN103092,True,True,False
TXN103093,False,False,False
TXN103094,True,True,False
TXN103095,False,False,False
TXN103096,False,False,False
TXN103097,False,False,False
TXN103098,False,False,False
TXN103099,True,True,False
TXN103100,True,True,False
TXN103101,True,True,False
TXN103102,True,True,True
TXN103103,True,True,True
TXN103104,True,False,True
TXN103105,True,True,True
TXN103106,True,False,True
TXN103107,False,False,False
TXN103108,True,True,True
TXN103109,True,True,False
TXN103110,True,True,True
TXN103111,True,False,False
TXN103112,True,True,True
TXN103113,False,False,False
TXN103114,True,True,False
TXN103115,False,False,False
TXN103116,False,False,False
TXN103117,True,True,False
TXN103118,True,True,True
TXN103119,True,True,True
TXN103120,True,True,False
TXN103121,True,True,False
TXN103122,False,False,False
TXN103123,False,False,False
TXN103124,True,True,False
TXN103125,False,False,False
TXN103126,True,True,False
TXN103127,True,True,True
TXN103128,True,True,False
TXN103129,True,True,False
TXN103130,False,False,False
TXN103131,True,True,True
TXN103132,False,False,False
TXN103133,True,False,True
TXN103134,True,True,True
TXN103135,True,False,True
TXN103136,True,True,True
TXN103137,True,True,False
TXN103138,True,True,True
TXN103139,True,False,False
TXN103140,False,False,False
TXN103141,False,False,False
TXN103142,True,False,False
TXN103143,True,True,True
TXN103144,False,False,False
TXN103145,True,True,True
TXN103146,True,True,True
TXN103147,False,False,False
TXN103148,False,False,False
TXN103149,True,True,True
TXN103150,True,True,True
TXN103151,False,False,False
TXN103152,False,False,False
TXN103153,True,True,False
TXN103154,True,True,False
TXN103155,True,True,False
TXN103156,True,True,True
TXN103157,True,True,False
TXN103158,True,False,True
TXN103159,False,False,False
TXN103160,True,True,True
TXN103161,False,False,False
TXN103162,True,True,True
TXN103163,False,False,False
TXN103164,True,True,True
TXN103165,False,False,False
TXN103166,False,False,False
TXN103167,True,True,True
TXN103168,True,True,False
TXN103169,True,True,True
TXN103170,False,True,True
TXN103171,True,True,True
TXN103172,False,False,False
TXN103173,True,True,False
TXN103174,True,False,False
TXN103175,True,True,False
TXN103176,False,False,False
TXN103177,False,False,True
TXN103178,False,False,False
TXN103179,False,False,False
TXN103180,True,True,False
TXN103181,True,True,True
TXN103182,False,False,False
TXN103183,True,True,False
TXN103184,False,False,False
TXN103185,False,False,False
TXN103186,False,False,False
TXN103187,False,False,False
TXN103188,True,False,False
TXN103189,True,True,False
TXN103190,True,True,True
TXN103191,False,False,False
TXN103192,True,True,True
TXN103193,True,True,True
TXN103194,True,True,True
TXN103195,False,False,False
TXN103196,True,False,False
TXN103197,True,True,True
TXN103198,True,True,False
TXN103199,True,True,True
TXN103200,False,False,True
TXN103201,True,True,True
TXN103202,True,True,False
TXN103203,False,False,False
TXN103204,False,False,True
TXN103205,True,True,True
TXN103206,False,False,False
TXN103207,True,True,True
TXN103208,True,True,False
TXN103209,False,False,False
TXN103210,True,True,True
TXN103211,True,True,True
TXN103212,False,False,False
TXN103213,False,False,False
TXN103214,True,True,False
TXN103215,True,True,True
TXN103216,False,False,False
TXN103217,True,True,True
TXN103218,False,False,False
TXN103219,True,True,False
TXN103220,True,True,True
TXN103221,False,False,False
TXN103222,True,True,True
TXN103223,False,False,False
TXN103224,True,True,True
TXN103225,False,False,False
TXN103226,True,False,True
TXN103227,True,True,False
TXN103228,True,True,True
TXN103229,True,True,True
TXN103230,True,True,False
TXN103231,False,False,False
TXN103232,False,False,False
TXN103233,False,False,False
TXN103234,True,True,False
TXN103235,False,False,False
TXN103236,True,True,True
TXN103237,True,True,False
TXN103238,True,False,False
TXN103239,True,True,True
TXN103240,False,False,False
TXN103241,True,True,False
TXN103242,True,False,False
TXN103243,False,False,False
TXN103244,True,True,False
TXN103245,True,False,False
TXN103246,False,False,False
TXN103247,False,False,False
TXN103248,False,False,False
TXN103249,False,False,False
TXN103250,True,False,True
TXN103251,True,True,False
TXN103252,False,False,True
TXN103253,False,True,True
TXN103254,False,False,False
TXN103255,False,False,False
TXN103256,True,True,True
TXN103257,True,True,True
TXN103258,True,False,True
TXN103259,False,False,False
TXN103260,False,False,False
TXN103261,True,False,False
TXN103262,True,True,False
TXN103263,False,True,True
TXN103264,True,True,True
TXN103265,True,True,True
TXN103266,True,True,False
TXN103267,False,False,False
TXN103268,False,False,False
TXN103269,True,True,True
TXN103270,False,False,False
TXN103271,True,True,False
TXN103272,False,False,False
TXN103273,True,True,False
TXN103274,True,True,False
TXN103275,True,True,True
TXN103276,False,False,False
TXN103277,False,False,False
TXN103278,True,True,True
TXN103279,True,False,False
TXN103280,False,False,False
TXN103281,False,False,False
TXN103282,True,True,True
TXN103283,False,False,False
TXN103284,True,True,False
TXN103285,False,False,False
TXN103286,True,True,False
TXN103287,False,False,False
TXN103288,False,False,False
TXN103289,True,True,True
TXN103290,True,False,False
TXN103291,False,False,False
TXN103292,True,True,True
TXN103293,False,False,False
TXN103294,True,True,False
TXN103295,True,True,False
TXN103296,True,False,True
TXN103297,True,True,False
TXN103298,True,True,True
TXN103299,True,True,True
TXN103300,False,False,False
TXN103301,True,True,False
TXN103302,True,True,False
TXN103303,False,False,False
TXN103304,False,False,False
TXN103305,False,False,False
TXN103306,False,False,False
TXN103307,True,True,False
TXN103308,True,True,True
TXN103309,True,True,False
TXN103310,False,False,False
TXN103311,True,True,True
TXN103312,True,False,False
TXN103313,False,False,False
TXN103314,True,True,False
TXN103315,True,True,True
TXN103316,True,True,True
TXN103317,True,False,True
TXN103318,True,True,False
TXN103319,True,True,False
TXN103320,True,True,False
TXN103321,False,False,False
TXN103322,True,False,True
TXN103323,True,True,True
TXN103324,False,False,True
TXN103325,True,True,False
TXN103326,False,False,False
TXN103327,True,False,False
TXN103328,False,False,False
TXN103329,False,False,False
TXN103330,False,False,False
TXN103331,True,True,True
TXN103332,False,False,False
TXN103333,True,True,True
TXN103334,True,True,False
TXN103335,True,True,False
TXN103336,False,False,False
TXN103337,True,False,True
TXN103338,True,True,False
TXN103339,False,False,False
TXN103340,False,False,False
TXN103341,False,False,False
TXN103342,True,True,False
TXN103343,True,True,True
TXN103344,True,True,False
TXN103345,True,False,False
TXN103346,False,False,False
TXN103347,False,False,False
TXN103348,True,True,True
TXN103349,True,False,False
TXN103350,True,True,True
TXN103351,True,False,True
TXN103352,True,True,True
TXN103353,True,True,True
TXN103354,False,False,True
TXN103355,False,False,False
TXN103356,True,True,True
TXN103357,True,True,False
TXN103358,True,True,False
TXN103359,True,False,False
TXN103360,True,True,True
TXN103361,False,False,False
TXN103362,True,True,False
TXN103363,False,False,False
TXN103364,True,True,False
TXN103365,True,True,True
TXN103366,True,True,False
TXN103367,False,False,False
TXN103368,True,False,True
TXN103369,True,True,True
TXN103370,True,True,False
TXN103371,False,False,False
TXN103372,False,False,False
TXN103373,True,True,True
TXN103374,False,False,False
TXN103375,True,True,True
TXN103376,False,False,False
TXN103377,True,True,False
TXN103378,False,False,False
TXN103379,True,True,True
TXN103380,False,False,False
TXN103381,False,False,False
TXN103382,True,True,True
TXN103383,False,False,False
TXN103384,False,False,False
TXN103385,True,True,False
TXN103386,False,False,False
TXN103387,True,True,True
TXN103388,False,False,False
TXN103389,False,False,False
TXN103390,True,False,True
TXN103391,False,False,False
TXN103392,True,False,False
TXN103393,True,True,False
TXN103394,True,True,True
TXN103395,True,False,False
TXN103396,True,True,True
TXN103397,True,True,True
TXN103398,False,True,True
TXN103399,False,False,False
TXN103400,True,True,True
TXN103401,True,True,False
TXN103402,True,True,False
TXN103403,False,False,False
TXN103404,False,False,False
TXN103405,False,False,False
TXN103406,False,False,False
TXN103407,True,True,True
TXN103408,True,True,False
TXN103409,True,False,False
TXN103410,False,False,False
TXN103411,True,False,False
TXN103412,True,True,False
TXN103413,True,True,False
TXN103414,True,True,True
TXN103415,True,True,True
TXN103416,True,True,False
TXN103417,True,True,False
TXN103418,True,True,True
TXN103419,False,False,False
TXN103420,True,True,False
TXN103421,False,False,False
TXN103422,False,False,False
TXN103423,True,True,False
TXN103424,True,False,False
TXN103425,True,True,True
TXN103426,True,True,True
TXN103427,False,False,False
TXN103428,True,True,True
TXN103429,True,True,True
TXN103430,True,True,True
TXN103431,True,True,True
TXN103432,True,False,True
TXN103433,False,False,False
TXN103434,True,True,False
TXN103435,True,True,False
TXN103436,False,False,False
TXN103437,False,True,True
TXN103438,True,True,True
TXN103439,False,False,False
TXN103440,True,True,False
TXN103441,True,True,True
TXN103442,False,False,False
TXN103443,True,False,False
TXN103444,False,False,False
TXN103445,True,True,True
TXN103446,True,True,True
TXN103447,True,True,True
TXN103448,False,False,True
TXN103449,False,False,False
TXN103450,True,False,True
TXN103451,False,False,False
TXN103452,True,True,True
TXN103453,False,False,False
TXN103454,True,False,True
TXN103455,False,False,False
TXN103456,True,True,True
TXN103457,True,False,False
TXN103458,False,False,False
TXN103459,True,False,True
TXN103460,True,True,True
TXN103461,True,True,True
TXN103462,True,True,True
TXN103463,False,False,False
TXN103464,True,False,True
TXN103465,True,False,False
TXN103466,True,True,True
TXN103467,True,True,False
TXN103468,False,False,False
TXN103469,True,False,False
TXN103470,True,True,False
TXN103471,True,True,True
TXN103472,True,True,True
TXN103473,True,True,True
TXN103474,True,True,True
TXN103475,True,False,True
TXN103476,False,False,False
TXN103477,False,True,True
TXN103478,False,True,True
TXN103479,False,False,False
TXN103480,False,False,False
TXN103481,True,True,True
TXN103482,True,True,False
TXN103483,True,True,False
TXN103484,True,True,True
TXN103485,True,False,False
TXN103486,False,False,False
TXN103487,True,False,True
TXN103488,False,False,False
TXN103489,True,True,False
TXN103490,False,False,False
TXN103491,False,False,False
TXN103492,True,True,False
TXN103493,True,True,False
TXN103494,True,True,False
TXN103495,False,False,False
TXN103496,False,False,False
TXN103497,False,False,True
TXN103498,True,True,False
TXN103499,False,False,True
TXN103500,True,True,False
TXN103501,False,False,False
TXN103502,True,True,False
TXN103503,True,True,False
TXN103504,True,False,True
TXN103505,True,True,False
TXN103506,True,False,False
TXN103507,True,False,True
TXN103508,False,False,False
TXN103509,False,True,True
TXN103510,True,True,True
TXN103511,True,True,True
TXN103512,True,True,True
TXN103513,True,True,True
TXN103514,True,True,True
TXN103515,True,True,True
TXN103516,True,True,True
TXN103517,True,True,True
TXN103518,False,False,False
TXN103519,True,True,True
TXN103520,True,True,False
TXN103521,False,False,True
TXN103522,True,True,True
TXN103523,False,False,False
TXN103524,False,False,False
TXN103525,False,False,False
TXN103526,False,False,False
TXN103527,False,False,False
TXN103528,True,True,False
TXN103529,True,True,True
TXN103530,False,False,False
TXN103531,True,True,False
TXN103532,False,False,False
TXN103533,True,False,False
TXN103534,False,False,False
TXN103535,False,False,False
TXN103536,True,True,False
TXN103537,True,True,True
TXN103538,True,False,False
TXN103539,False,False,False
TXN103540,False,True,True
TXN103541,False,False,False
TXN103542,True,False,False
TXN103543,True,False,True
TXN103544,False,False,False
TXN103545,False,False,False
TXN103546,True,True,True
TXN103547,True,True,False
TXN103548,True,True,True
TXN103549,True,True,False
TXN103550,False,False,False
TXN103551,True,True,False
TXN103552,False,False,False
TXN103553,True,True,True
TXN103554,False,True,True
TXN103555,True,True,False
TXN103556,True,False,True
TXN103557,True,True,True
TXN103558,True,True,True
TXN103559,False,False,False
TXN103560,False,False,False
TXN103561,False,False,False
TXN103562,True,True,True
TXN103563,True,True,True
TXN103564,True,True,True
TXN103565,True,True,True
TXN103566,True,False,False
TXN103567,False,False,False
TXN103568,True,True,True
TXN103569,True,True,True
TXN103570,True,True,True
TXN103571,True,True,True
TXN103572,False,False,False
TXN103573,True,True,False
TXN103574,False,False,False
TXN103575,True,True,True
TXN103576,True,True,True
TXN103577,False,False,False
TXN103578,False,False,False
TXN103579,True,True,False
TXN103580,True,True,True
TXN103581,True,True,False
TXN103582,False,False,False
TXN103583,False,False,False
TXN103584,False,False,False
TXN103585,True,True,False
TXN103586,True,True,False
TXN103587,False,False,False
TXN103588,False,False,False
TXN103589,True,True,False
TXN103590,True,True,True
TXN103591,True,True,True
TXN103592,True,True,False
TXN103593,True,True,False
TXN103594,False,True,True
TXN103595,False,False,False
TXN103596,False,False,False
TXN103597,False,False,False
TXN103598,True,True,True
TXN103599,True,True,True
TXN103600,False,False,False
TXN103601,False,False,False
TXN103602,True,True,True
TXN103603,True,False,False
TXN103604,False,False,False
TXN103605,False,False,False
TXN103606,False,True,True
TXN103607,True,False,False
TXN103608,False,False,False
TXN103609,True,True,False
TXN103610,True,True,False
TXN103611,True,True,True
TXN103612,True,True,True
TXN103613,True,False,False
TXN103614,True,True,True
TXN103615,False,False,False
TXN103616,True,False,False
TXN103617,False,False,False
TXN103618,True,True,True
TXN103619,True,True,False
TXN103620,True,False,False
TXN103621,False,False,False
TXN103622,False,False,False
TXN103623,True,True,True
TXN103624,True,False,False
TXN103625,False,False,False
TXN103626,True,True,False
TXN103627,False,False,False
TXN103628,False,False,False
TXN103629,False,False,False
TXN103630,False,False,False
TXN103631,False,False,False
TXN103632,False,False,False
TXN103633,True,True,False
TXN103634,False,False,False
TXN103635,False,False,False
TXN103636,False,False,False
TXN103637,True,True,False
TXN103638,False,False,False
TXN103639,True,True,False
TXN103640,False,False,False
TXN103641,True,False,False
TXN103642,False,False,False
TXN103643,True,True,False
TXN103644,True,False,True
TXN103645,True,True,True
TXN103646,True,True,False
TXN103647,True,True,False
TXN103648,True,True,True
TXN103649,False,False,False
TXN103650,True,True,True
TXN103651,True,True,True
TXN103652,True,False,False
TXN103653,True,True,False
TXN103654,True,True,False
TXN103655,True,True,False
TXN103656,False,False,False
TXN103657,True,False,True
TXN103658,False,False,False
TXN103659,False,False,False
TXN103660,True,False,True
TXN103661,False,False,False
TXN103662,True,True,False
TXN103663,True,True,True
TXN103664,True,True,True
TXN103665,True,True,False
TXN103666,True,True,True
TXN103667,True,True,True
TXN103668,True,True,False
TXN103669,True,True,False
TXN103670,False,False,False
TXN103671,False,True,True
TXN103672,False,False,False
TXN103673,True,True,True
TXN103674,True,True,True
TXN103675,True,False,True
TXN103676,True,False,False
TXN103677,True,True,False
TXN103678,True,True,True
TXN103679,False,False,False
TXN103680,False,False,False
TXN103681,False,False,False
TXN103682,False,False,False
TXN103683,False,True,True
TXN103684,True,True,False
TXN103685,True,True,True
TXN103686,False,False,False
TXN103687,True,False,True
TXN103688,False,False,False
TXN103689,False,False,False
TXN103690,False,False,False
TXN103691,True,True,False
TXN103692,False,False,False
TXN103693,False,False,False
TXN103694,True,True,True
TXN103695,True,False,True
TXN103696,True,False,True
TXN103697,False,False,False
TXN103698,False,False,False
TXN103699,True,True,False
TXN103700,True,True,True
TXN103701,True,True,True
TXN103702,True,True,False
TXN103703,False,False,False
TXN103704,True,True,True
TXN103705,True,True,False
TXN103706,True,True,False
TXN103707,True,True,False
TXN103708,False,False,False
TXN103709,False,False,False
TXN103710,False,False,False
TXN103711,True,True,False
TXN103712,True,True,False
TXN103713,False,False,False
TXN103714,True,True,True
TXN103715,False,False,False
TXN103716,False,False,False
TXN103717,False,False,False
TXN103718,True,True,True
TXN103719,True,True,True
TXN103720,False,False,False
TXN103721,True,True,True
TXN103722,True,False,True
TXN103723,True,False,False
TXN103724,False,False,False
TXN103725,True,True,True
TXN103726,True,False,True
TXN103727,False,False,False
TXN103728,True,False,True
TXN103729,True,True,False
TXN103730,True,False,True
TXN103731,True,True,True
TXN103732,False,False,False
TXN103733,False,False,False
TXN103734,True,False,False
TXN103735,True,True,False
TXN103736,True,False,True
TXN103737,False,False,False
TXN103738,False,False,False
TXN103739,True,True,False
TXN103740,True,True,False
TXN103741,False,False,True
TXN103742,True,True,True
TXN103743,False,False,False
TXN103744,True,True,False
TXN103745,False,False,False
TXN103746,True,True,False
TXN103747,True,True,True
TXN103748,True,False,False
TXN103749,False,False,False
TXN103750,True,True,False
TXN103751,True,True,False
TXN103752,True,True,True
TXN103753,False,False,False
TXN103754,True,True,False
TXN103755,True,True,True
TXN103756,False,False,False
TXN103757,True,True,False
TXN103758,True,True,True
TXN103759,True,False,False
TXN103760,False,False,False
TXN103761,True,True,True
TXN103762,False,False,False
TXN103763,True,False,False
TXN103764,True,False,True
TXN103765,True,False,True
TXN103766,True,True,True
TXN103767,False,False,False
TXN103768,True,False,False
TXN103769,True,False,False
TXN103770,True,True,False
TXN103771,True,False,False
TXN103772,True,True,True
TXN103773,True,True,True
TXN103774,False,False,False
TXN103775,True,True,False
TXN103776,False,False,False
TXN103777,False,False,False
TXN103778,True,True,False
TXN103779,True,True,False
TXN103780,False,False,False
TXN103781,False,False,False
TXN103782,True,True,False
TXN103783,False,False,False
TXN103784,True,False,True
TXN103785,False,False,False
TXN103786,True,True,True
TXN103787,False,False,False
TXN103788,False,False,False
TXN103789,True,True,True
TXN103790,False,False,True
TXN103791,True,True,True
TXN103792,True,True,True
TXN103793,True,True,False
TXN103794,True,True,True
TXN103795,True,False,True
TXN103796,False,False,False
TXN103797,True,True,True
TXN103798,True,True,False
TXN103799,True,True,False
TXN103800,False,False,False
TXN103801,False,False,False
TXN103802,False,False,False
TXN103803,True,True,True
TXN103804,False,False,False
TXN103805,True,True,True
TXN103806,True,False,False
TXN103807,True,True,True
TXN103808,False,False,True
TXN103809,True,True,True
TXN103810,True,True,True
TXN103811,False,False,False
TXN103812,True,False,True
TXN103813,False,True,True
TXN103814,True,True,False
TXN103815,True,True,False
TXN103816,False,False,False
TXN103817,False,False,False
TXN103818,True,True,False
TXN103819,False,False,False
TXN103820,False,False,False
TXN103821,True,True,False
TXN103822,False,False,False
TXN103823,True,True,False
TXN103824,True,True,False
TXN103825,True,True,False
TXN103826,True,True,False
TXN103827,True,True,True
TXN103828,True,True,False
TXN103829,False,False,False
TXN103830,True,True,False
TXN103831,True,True,False
TXN103832,True,True,False
TXN103833,False,False,False
TXN103834,True,True,True
TXN103835,False,True,True
TXN103836,False,False,False
TXN103837,True,True,False
TXN103838,False,False,False
TXN103839,True,False,False
TXN103840,True,True,True
TXN103841,False,False,False
TXN103842,True,True,False
TXN103843,True,True,True
TXN103844,True,False,False
TXN103845,True,True,True
TXN103846,True,True,True
TXN103847,True,False,False
TXN103848,True,False,True
TXN103849,True,False,True
TXN103850,True,True,True
TXN103851,True,True,True
TXN103852,False,False,True
TXN103853,True,False,False
TXN103854,True,True,False
TXN103855,True,False,False
TXN103856,False,False,False
TXN103857,False,False,False
TXN103858,True,True,True
TXN103859,True,True,True
TXN103860,True,False,False
TXN103861,True,True,True
TXN103862,True,True,False
TXN103863,False,False,False
TXN103864,True,False,False
TXN103865,True,True,False
TXN103866,False,False,False
TXN103867,True,True,False
TXN103868,False,False,False
TXN103869,True,True,False
TXN103870,False,False,False
TXN103871,True,True,True
TXN103872,True,True,True
TXN103873,True,True,False
TXN103874,False,False,False
TXN103875,False,False,False
TXN103876,True,True,True
TXN103877,False,False,False
TXN103878,True,True,True
TXN103879,False,False,False
TXN103880,True,True,False
TXN103881,True,False,False
TXN103882,True,True,False
TXN103883,False,False,False
TXN103884,True,True,True
TXN103885,True,True,False
TXN103886,True,False,False
TXN103887,True,False,True
TXN103888,True,True,True
TXN103889,True,True,True
TXN103890,False,False,False
TXN103891,True,False,True
TXN103892,True,False,False
TXN103893,False,False,False
TXN103894,False,False,False
TXN103895,True,True,False
TXN103896,False,False,False
TXN103897,True,True,False
TXN103898,True,True,True
TXN103899,True,True,False
TXN103900,False,False,False
TXN103901,False,False,False
TXN103902,False,False,False
TXN103903,False,False,False
TXN103904,True,True,False
TXN103905,True,True,True
TXN103906,True,False,False
TXN103907,False,False,False
TXN103908,False,False,False
TXN103909,False,False,False
TXN103910,False,False,False
TXN103911,True,True,False
TXN103912,True,True,False
TXN103913,True,True,False
TXN103914,False,False,False
TXN103915,True,False,True
TXN103916,True,False,False
TXN103917,True,True,False
TXN103918,True,True,False
TXN103919,True,True,True
TXN103920,False,False,False
TXN103921,True,True,False
TXN103922,True,True,False
TXN103923,False,False,False
TXN103924,True,True,False
TXN103925,True,True,True
TXN103926,True,False,False
TXN103927,True,True,False
TXN103928,True,True,True
TXN103929,True,False,True
TXN103930,True,True,False
TXN103931,True,True,True
TXN103932,False,False,False
TXN103933,True,True,False
TXN103934,False,False,False
TXN103935,False,False,False
TXN103936,False,False,False
TXN103937,True,True,True
TXN103938,False,False,False
TXN103939,True,True,False
TXN103940,True,False,False
TXN103941,True,False,False
TXN103942,False,False,False
TXN103943,True,True,False
TXN103944,True,False,False
TXN103945,True,True,False
TXN103946,True,True,False
TXN103947,False,False,False
TXN103948,False,False,False
TXN103949,False,True,True
TXN103950,True,True,False
TXN103951,True,False,False
TXN103952,False,False,False
TXN103953,False,False,False
TXN103954,True,False,False
TXN103955,False,False,False
TXN103956,False,False,False
TXN103957,False,False,False
TXN103958,False,False,False
TXN103959,True,True,False
TXN103960,True,True,False
TXN103961,False,False,False
TXN103962,True,True,True
TXN103963,False,False,False
TXN103964,False,False,False
TXN103965,True,False,True
TXN103966,True,False,False
TXN103967,True,False,False
TXN103968,True,True,False
TXN103969,True,False,False
TXN103970,False,False,True
TXN103971,False,False,False
TXN103972,True,True,False
TXN103973,True,True,True
TXN103974,True,True,False
TXN103975,True,True,True
TXN103976,True,False,True
TXN103977,False,False,False
TXN103978,True,False,True
TXN103979,False,False,False
TXN103980,True,False,False
TXN103981,True,True,False
TXN103982,True,False,False
TXN103983,False,False,False
TXN103984,True,False,False
TXN103985,False,False,False
TXN103986,False,False,False
TXN103987,True,False,True
TXN103988,False,False,False
TXN103989,True,False,True
TXN103990,False,False,False
TXN103991,True,True,True
TXN103992,True,True,True
TXN103993,True,False,True
TXN103994,True,False,False
TXN103995,False,False,False
TXN103996,True,True,True
TXN103997,True,True,True
TXN103998,False,False,False
TXN103999,True,False,False
TXN104000,True,True,True
TXN104001,False,False,False
TXN104002,False,False,True
TXN104003,False,False,False
TXN104004,True,True,True
TXN104005,True,True,True
TXN104006,True,True,True
TXN104007,True,False,False
TXN104008,True,True,False
TXN104009,True,True,False
TXN104010,True,True,False
TXN104011,False,False,True
TXN104012,False,False,False
TXN104013,False,True,True
TXN104014,False,False,False
TXN104015,True,True,False
TXN104016,False,False,False
TXN104017,True,False,False
TXN104018,False,True,True
TXN104019,False,False,True
TXN104020,True,True,True
TXN104021,True,True,True
TXN104022,True,True,False
TXN104023,False,False,False
TXN104024,True,True,False
TXN104025,True,False,False
TXN104026,False,False,False
TXN104027,True,True,True
TXN104028,True,False,False
TXN104029,True,True,True
TXN104030,True,True,True
TXN104031,True,True,False
TXN104032,False,False,False
TXN104033,False,False,False
TXN104034,True,True,False
TXN104035,True,True,False
TXN104036,True,False,False
TXN104037,True,True,False
TXN104038,True,False,True
TXN104039,True,True,True
TXN104040,False,False,False
TXN104041,True,True,False
TXN104042,False,False,False
TXN104043,True,False,False
TXN104044,False,True,True
TXN104045,False,False,False
TXN104046,True,False,False
TXN104047,True,True,True
TXN104048,True,False,True
TXN104049,True,True,False
TXN104050,True,True,False
TXN104051,False,False,False
TXN104052,True,True,True
TXN104053,False,False,False
TXN104054,True,False,False
TXN104055,True,True,False
TXN104056,True,True,False
TXN104057,False,False,False
TXN104058,False,False,False
TXN104059,True,True,False
TXN104060,True,True,True
TXN104061,True,True,True
TXN104062,True,False,True
TXN104063,False,False,False
TXN104064,True,True,False
TXN104065,False,False,False
TXN104066,False,False,False
TXN104067,False,False,False
TXN104068,False,False,False
TXN104069,False,False,False
TXN104070,True,True,False
TXN104071,True,False,True
TXN104072,False,False,False
TXN104073,True,True,False
TXN104074,False,False,False
TXN104075,True,False,True
TXN104076,True,True,False
TXN104077,True,True,True
TXN104078,False,False,False
TXN104079,True,True,False
TXN104080,True,True,False
TXN104081,False,False,False
TXN104082,True,False,True
TXN104083,True,True,False
TXN104084,False,False,False
TXN104085,False,False,False
TXN104086,True,True,False
TXN104087,False,False,False
TXN104088,True,True,True
TXN104089,True,True,True
TXN104090,True,True,True
TXN104091,True,True,False
TXN104092,True,False,False
TXN104093,True,True,False
TXN104094,False,False,False
TXN104095,False,True,True
TXN104096,False,False,False
TXN104097,False,False,False
TXN104098,True,True,False
TXN104099,False,False,False
TXN104100,True,True,True
TXN104101,True,True,False
TXN104102,True,False,False
TXN104103,True,True,True
TXN104104,True,True,True
TXN104105,False,False,False
TXN104106,True,True,False
TXN104107,True,True,True
TXN104108,True,True,True
TXN104109,False,False,False
TXN104110,False,False,True
TXN104111,False,False,False
TXN104112,False,False,False
TXN104113,True,True,True
TXN104114,False,False,False
TXN104115,True,True,True
TXN104116,False,False,False
TXN104117,True,True,False
TXN104118,False,False,False
TXN104119,True,True,True
TXN104120,True,True,True
TXN104121,True,True,False
TXN104122,False,False,False
TXN104123,False,False,False
TXN104124,False,False,False
TXN104125,True,True,True
TXN104126,True,True,True
TXN104127,True,True,True
TXN104128,True,False,False
TXN104129,True,True,True
TXN104130,True,False,False
TXN104131,True,True,True
TXN104132,True,True,True
TXN104133,True,True,True
TXN104134,True,True,False
TXN104135,False,False,False
TXN104136,True,False,False
TXN104137,False,False,False
TXN104138,True,False,False
TXN104139,True,False,True
TXN104140,True,True,True
TXN104141,True,True,True
TXN104142,True,True,False
TXN104143,False,False,False
TXN104144,True,True,True
TXN104145,True,True,True
TXN104146,False,False,False
TXN104147,False,False,False
TXN104148,True,True,False
TXN104149,True,False,True
TXN104150,True,True,False
TXN104151,True,True,False
TXN104152,True,False,True
TXN104153,True,True,False
TXN104154,True,False,False
TXN104155,True,False,True
TXN104156,False,False,False
TXN104157,True,True,True
TXN104158,True,False,False
TXN104159,True,True,False
TXN104160,True,True,False
TXN104161,True,True,False
TXN104162,True,True,False
TXN104163,True,True,True
TXN104164,True,True,True
TXN104165,False,True,True
TXN104166,False,False,False
TXN104167,True,True,False
TXN104168,True,True,False
TXN104169,True,True,True
TXN104170,True,True,False
TXN104171,True,True,False
TXN104172,True,True,False
TXN104173,False,False,False
TXN104174,True,True,False
TXN104175,True,True,False
TXN104176,False,False,False
TXN104177,True,False,False
TXN104178,True,True,False
TXN104179,False,False,False
TXN104180,True,True,True
TXN104181,True,True,True
TXN104182,True,True,True
TXN104183,True,True,False
TXN104184,True,False,True
TXN104185,True,True,True
TXN104186,True,False,True
TXN104187,False,True,True
TXN104188,True,True,False
TXN104189,False,False,False
TXN104190,True,True,False
TXN104191,False,False,False
TXN104192,False,False,False
TXN104193,True,True,False
TXN104194,True,True,True
TXN104195,False,False,False
TXN104196,True,True,True
TXN104197,False,False,False
TXN104198,False,False,False
TXN104199,True,False,True
TXN104200,True,True,False
TXN104201,True,True,False
TXN104202,False,False,False
TXN104203,False,False,False
TXN104204,False,False,False
TXN104205,True,True,True
TXN104206,True,True,True
TXN104207,False,False,False
TXN104208,False,False,False
TXN104209,True,True,False
TXN104210,False,False,False
TXN104211,False,False,False
TXN104212,False,False,False
TXN104213,True,True,True
TXN104214,True,True,True
TXN104215,False,False,False
TXN104216,True,True,False
TXN104217,False,False,False
TXN104218,False,False,False
TXN104219,True,True,False
TXN104220,True,True,False
TXN104221,True,True,False
TXN104222,False,False,False
TXN104223,True,False,False
TXN104224,True,True,False
TXN104225,False,False,False
TXN104226,True,True,False
TXN104227,True,True,False
TXN104228,True,True,True
TXN104229,False,True,True
TXN104230,False,False,False
TXN104231,True,True,True
TXN104232,True,False,False
TXN104233,True,True,True
TXN104234,False,False,False
TXN104235,False,False,False
TXN104236,False,False,False
TXN104237,True,True,True
TXN104238,False,False,False
TXN104239,False,False,False
TXN104240,False,False,False
TXN104241,True,True,False
TXN104242,False,False,False
TXN104243,True,True,False
TXN104244,False,False,False
TXN104245,False,True,True
TXN104246,True,True,False
TXN104247,True,True,True
TXN104248,False,False,False
TXN104249,True,False,True
TXN104250,False,False,False
TXN104251,True,True,True
TXN104252,True,True,True
TXN104253,False,False,False
TXN104254,True,True,True
TXN104255,False,False,False
TXN104256,True,True,False
TXN104257,True,True,True
TXN104258,True,True,False
TXN104259,True,True,True
TXN104260,False,False,False
TXN104261,True,True,False
TXN104262,False,False,False
TXN104263,True,True,False
TXN104264,False,False,False
TXN104265,True,False,True
TXN104266,True,True,True
TXN104267,False,False,False
TXN104268,True,True,True
TXN104269,True,True,True
TXN104270,False,False,False
TXN104271,True,True,True
TXN104272,True,True,True
TXN104273,False,False,False
TXN104274,True,True,False
TXN104275,True,True,True
TXN104276,True,False,False
TXN104277,False,False,False
TXN104278,True,True,True
TXN104279,True,True,False
TXN104280,True,True,True
TXN104281,False,False,False
TXN104282,False,False,False
TXN104283,True,True,False
TXN104284,False,False,False
TXN104285,True,True,False
TXN104286,False,False,False
TXN104287,False,False,False
TXN104288,True,True,False
TXN104289,True,True,False
TXN104290,False,False,False
TXN104291,True,True,True
TXN104292,False,False,False
TXN104293,True,True,True
TXN104294,True,True,False
TXN104295,True,False,False
TXN104296,True,False,False
TXN104297,True,True,True
TXN104298,False,False,False
TXN104299,False,False,False
TXN104300,True,True,True
TXN104301,True,True,False
TXN104302,False,False,False
TXN104303,True,False,True
TXN104304,False,True,True
TXN104305,True,True,True
TXN104306,True,False,False
TXN104307,True,True,False
TXN104308,True,True,False
TXN104309,True,False,False
TXN104310,False,False,False
TXN104311,False,False,False
TXN104312,True,True,True
TXN104313,False,False,False
TXN104314,False,False,False
TXN104315,False,False,False
TXN104316,True,True,True
TXN104317,True,True,True
TXN104318,True,True,True
TXN104319,False,False,False
TXN104320,True,True,False
TXN104321,True,True,False
TXN104322,False,False,False
TXN104323,False,False,False
TXN104324,False,False,False
TXN104325,False,False,False
TXN104326,True,True,False
TXN104327,True,True,False
TXN104328,False,False,False
TXN104329,False,False,False
TXN104330,False,False,False
TXN104331,True,True,True
TXN104332,False,False,False
TXN104333,True,False,False
TXN104334,False,False,False
TXN104335,False,False,False
TXN104336,True,True,True
TXN104337,True,True,True
TXN104338,True,True,True
TXN104339,True,True,True
TXN104340,False,False,False
TXN104341,True,True,False
TXN104342,True,True,True
TXN104343,False,False,True
TXN104344,True,False,False
TXN104345,True,True,True
TXN104346,True,True,False
TXN104347,False,True,True
TXN104348,False,False,True
TXN104349,False,False,False
TXN104350,True,True,False
TXN104351,True,True,True
TXN104352,False,False,False
TXN104353,True,True,True
TXN104354,False,False,False
TXN104355,True,True,False
TXN104356,True,False,True
TXN104357,False,False,False
TXN104358,True,False,False
TXN104359,False,False,False
TXN104360,True,True,True
TXN104361,True,True,False
TXN104362,False,False,False
TXN104363,False,False,False
TXN104364,True,True,True
TXN104365,True,True,True
TXN104366,True,True,False
TXN104367,False,False,False
TXN104368,True,True,True
TXN104369,True,True,False
TXN104370,True,True,False
TXN104371,True,True,False
TXN104372,False,False,False
TXN104373,True,True,True
TXN104374,True,False,False
TXN104375,True,True,True
TXN104376,False,False,False
TXN104377,False,False,False
TXN104378,False,True,True
TXN104379,True,False,True
TXN104380,True,True,True
TXN104381,True,True,True
TXN104382,True,True,False
TXN104383,False,False,False
TXN104384,True,True,False
TXN104385,True,True,True
TXN104386,False,False,False
TXN104387,True,True,False
TXN104388,False,True,True
TXN104389,True,True,False
TXN104390,False,False,False
TXN104391,True,True,False
TXN104392,False,False,False
TXN104393,False,False,False
TXN104394,True,True,False
TXN104395,True,True,False
TXN104396,True,True,True
TXN104397,True,True,True
TXN104398,False,False,False
TXN104399,True,True,True
TXN104400,True,True,False
TXN104401,True,True,True
TXN104402,True,True,False
TXN104403,True,True,False
TXN104404,True,True,True
TXN104405,True,True,False
TXN104406,False,False,False
TXN104407,True,False,False
TXN104408,True,False,False
TXN104409,False,False,True
TXN104410,False,False,False
TXN104411,True,True,False
TXN104412,True,True,False
TXN104413,False,False,False
TXN104414,True,False,False
TXN104415,True,True,True
TXN104416,False,False,False
TXN104417,False,False,False
TXN104418,False,False,False
TXN104419,False,False,True
TXN104420,True,False,False
TXN104421,True,True,True
TXN104422,False,False,False
TXN104423,True,False,False
TXN104424,True,True,True
TXN104425,True,True,False
TXN104426,True,False,False
TXN104427,True,False,True
TXN104428,True,False,True
TXN104429,True,False,False
TXN104430,True,False,False
TXN104431,False,True,True
TXN104432,False,False,False
TXN104433,True,True,False
TXN104434,True,True,True
TXN104435,True,True,True
TXN104436,True,True,True
TXN104437,False,True,True
TXN104438,False,False,False
TXN104439,True,False,False
TXN104440,True,False,False
TXN104441,False,False,False
TXN104442,False,False,False
TXN104443,False,False,True
TXN104444,False,False,False
TXN104445,False,False,False
TXN104446,True,True,True
TXN104447,False,False,False
TXN104448,True,True,False
TXN104449,True,False,False
TXN104450,True,False,False
TXN104451,True,True,False
TXN104452,False,False,False
TXN104453,True,True,False
TXN104454,True,True,False
TXN104455,True,True,True
TXN104456,False,False,False
TXN104457,True,True,True
TXN104458,True,True,True
TXN104459,False,False,False
TXN104460,True,True,False
TXN104461,False,False,False
TXN104462,False,False,False
TXN104463,False,False,False
TXN104464,False,False,False
TXN104465,True,True,False
TXN104466,False,False,False
TXN104467,False,False,False
TXN104468,False,False,False
TXN104469,False,False,False
TXN104470,True,False,True
TXN104471,True,True,False
TXN104472,True,True,True
TXN104473,False,False,False
TXN104474,False,False,False
TXN104475,True,False,False
TXN104476,True,True,False
TXN104477,False,False,False
TXN104478,False,False,False
TXN104479,False,True,True
TXN104480,False,False,False
TXN104481,True,True,False
TXN104482,True,True,True
TXN104483,True,True,True
TXN104484,True,True,True
TXN104485,False,False,False
TXN104486,False,False,False
TXN104487,True,True,False
TXN104488,True,True,True
TXN104489,True,True,True
TXN104490,False,False,False
TXN104491,True,False,False
TXN104492,True,False,False
TXN104493,True,False,False
TXN104494,True,False,True
TXN104495,False,False,False
TXN104496,True,True,False
TXN104497,True,True,False
TXN104498,True,True,True
TXN104499,True,True,False
TXN104500,True,False,False
TXN104501,True,True,False
TXN104502,True,True,False
TXN104503,False,False,False
TXN104504,False,False,False
TXN104505,False,False,False
TXN104506,True,True,True
TXN104507,True,True,True
TXN104508,True,True,False
TXN104509,True,True,False
TXN104510,True,True,True
TXN104511,True,False,False
TXN104512,False,False,False
TXN104513,True,True,False
TXN104514,False,False,False
TXN104515,True,True,True
TXN104516,True,True,True
TXN104517,False,False,False
TXN104518,False,False,False
TXN104519,True,True,True
TXN104520,False,False,True
TXN104521,True,True,False
TXN104522,True,True,True
TXN104523,True,True,True
TXN104524,False,True,True
TXN104525,False,False,True
TXN104526,False,False,False
TXN104527,False,False,False
TXN104528,True,True,True
TXN104529,True,True,False
TXN104530,False,False,False
TXN104531,False,False,False
TXN104532,False,False,False
TXN104533,True,True,True
TXN104534,True,True,True
TXN104535,True,False,True
TXN104536,False,False,False
TXN104537,True,True,True
TXN104538,False,True,True
TXN104539,False,False,False
TXN104540,True,False,True
TXN104541,True,True,True
TXN104542,True,True,False
TXN104543,False,False,False
TXN104544,False,False,False
TXN104545,False,False,False
TXN104546,True,True,True
TXN104547,True,False,False
TXN104548,True,True,True
TXN104549,True,True,True
TXN104550,True,True,True
TXN104551,False,False,False
TXN104552,False,False,False
TXN104553,True,True,True
TXN104554,False,False,False
TXN104555,True,True,False
TXN104556,False,False,False
TXN104557,True,False,False
TXN104558,True,True,True
TXN104559,True,True,False
TXN104560,True,True,False
TXN104561,True,True,False
TXN104562,True,True,True
TXN104563,True,True,False
TXN104564,False,False,False
TXN104565,True,False,False
TXN104566,False,True,True
TXN104567,False,False,False
TXN104568,False,False,False
TXN104569,True,True,True
TXN104570,True,True,False
TXN104571,True,True,True
TXN104572,True,True,True
TXN104573,False,False,False
TXN104574,False,False,False
TXN104575,True,True,True
TXN104576,True,True,False
TXN104577,False,False,False
TXN104578,False,False,False
TXN104579,True,False,True
TXN104580,False,False,False
TXN104581,True,False,True
TXN104582,False,False,False
TXN104583,False,False,False
TXN104584,True,True,True
TXN104585,False,False,False
TXN104586,True,True,True
TXN104587,False,True,True
TXN104588,True,True,True
TXN104589,True,False,False
TXN104590,True,True,False
TXN104591,True,True,True
TXN104592,True,True,False
TXN104593,True,True,True
TXN104594,True,True,True
TXN104595,False,False,False
TXN104596,False,False,False
TXN104597,True,False,False
TXN104598,False,True,True
TXN104599,True,False,False
TXN104600,True,False,False
TXN104601,True,True,False
TXN104602,True,True,True
TXN104603,False,False,False
TXN104604,True,True,True
TXN104605,False,False,True
TXN104606,False,False,False
TXN104607,True,True,False
TXN104608,True,True,True
TXN104609,True,True,False
TXN104610,True,True,True
TXN104611,False,False,False
TXN104612,False,False,False
TXN104613,False,False,False
TXN104614,True,True,True
TXN104615,False,False,False
TXN104616,True,True,False
TXN104617,False,False,False
TXN104618,True,True,True
TXN104619,True,False,True
TXN104620,True,True,False
TXN104621,False,False,False
TXN104622,True,True,True
TXN104623,False,False,False
TXN104624,False,True,True
TXN104625,True,False,True
TXN104626,True,True,False
TXN104627,True,True,False
TXN104628,True,True,True
TXN104629,False,False,False
TXN104630,True,False,True
TXN104631,True,True,True
TXN104632,True,True,True
TXN104633,True,True,False
TXN104634,True,True,True
TXN104635,True,True,False
TXN104636,False,False,False
TXN104637,False,False,False
TXN104638,True,False,False
TXN104639,False,False,False
TXN104640,False,False,True
TXN104641,False,False,False
TXN104642,False,False,False
TXN104643,True,True,True
TXN104644,False,False,False
TXN104645,False,False,False
TXN104646,True,False,True
TXN104647,True,True,True
TXN104648,False,False,False
TXN104649,True,True,False
TXN104650,False,False,False
TXN104651,False,False,False
TXN104652,False,False,False
TXN104653,False,False,False
TXN104654,True,True,True
TXN104655,True,True,True
TXN104656,True,True,True
TXN104657,True,False,True
TXN104658,True,False,False
TXN104659,True,True,False
TXN104660,False,False,False
TXN104661,False,False,False
TXN104662,False,False,False
TXN104663,False,False,False
TXN104664,True,True,True
TXN104665,True,True,False
TXN104666,True,False,False
TXN104667,True,True,False
TXN104668,False,False,False
TXN104669,True,False,False
TXN104670,False,False,False
TXN104671,False,False,False
TXN104672,True,False,True
TXN104673,True,True,False
TXN104674,True,True,True
TXN104675,False,False,False
TXN104676,True,False,True
TXN104677,False,False,False
TXN104678,True,True,False
TXN104679,True,True,True
TXN104680,True,True,False
TXN104681,True,True,False
TXN104682,True,False,True
TXN104683,False,False,False
TXN104684,True,True,False
TXN104685,True,True,True
TXN104686,True,True,False
TXN104687,True,True,True
TXN104688,True,False,True
TXN104689,True,True,False
TXN104690,True,True,True
TXN104691,False,False,False
TXN104692,False,False,False
TXN104693,True,True,False
TXN104694,False,False,False
TXN104695,False,False,False
TXN104696,False,False,False
TXN104697,False,False,False
TXN104698,True,True,False
TXN104699,False,False,False
TXN104700,False,False,False
TXN104701,True,True,True
TXN104702,True,True,False
TXN104703,False,False,False
TXN104704,False,False,False
TXN104705,True,True,False
TXN104706,True,False,False
TXN104707,True,False,False
TXN104708,True,True,False
TXN104709,False,False,False
TXN104710,False,False,False
TXN104711,True,False,True
TXN104712,False,False,False
TXN104713,False,False,False
TXN104714,True,True,True
TXN104715,True,True,True
TXN104716,True,True,False
TXN104717,True,True,True
TXN104718,False,False,False
TXN104719,False,False,False
TXN104720,False,False,False
TXN104721,True,True,True
TXN104722,True,True,False
TXN104723,True,True,False
TXN104724,True,True,False
TXN104725,True,True,True
TXN104726,False,False,False
TXN104727,False,False,False
TXN104728,True,True,True
TXN104729,False,False,False
TXN104730,False,False,False
TXN104731,False,False,False
TXN104732,True,True,False
TXN104733,True,False,False
TXN104734,True,True,True
TXN104735,True,True,True
TXN104736,False,False,False
TXN104737,True,True,False
TXN104738,True,True,False
TXN104739,False,False,False
TXN104740,True,True,False
TXN104741,False,False,False
TXN104742,False,False,False
TXN104743,True,True,False
TXN104744,True,False,True
TXN104745,False,False,False
TXN104746,True,True,False
TXN104747,True,True,True
TXN104748,False,False,False
TXN104749,True,True,True
TXN104750,False,False,False
TXN104751,True,True,True
TXN104752,True,False,False
TXN104753,False,False,False
TXN104754,True,True,True
TXN104755,False,False,True
TXN104756,True,True,False
TXN104757,False,False,False
TXN104758,True,True,False
TXN104759,False,False,False
TXN104760,False,False,False
TXN104761,True,True,False
TXN104762,False,False,False
TXN104763,False,False,False
TXN104764,True,True,True
TXN104765,True,True,True
TXN104766,False,False,False
TXN104767,False,False,False
TXN104768,True,True,True
TXN104769,True,True,True
TXN104770,False,False,False
TXN104771,False,False,False
TXN104772,True,True,False
TXN104773,True,True,False
TXN104774,False,False,False
TXN104775,False,False,False
TXN104776,True,True,True
TXN104777,False,False,False
TXN104778,True,False,False
TXN104779,False,False,False
TXN104780,True,False,False
TXN104781,False,False,False
TXN104782,False,False,False
TXN104783,True,True,False
TXN104784,False,False,True
TXN104785,False,False,False
TXN104786,True,True,True
TXN104787,False,False,False
TXN104788,False,False,False
TXN104789,True,True,True
TXN104790,False,False,False
TXN104791,True,True,True
TXN104792,True,True,True
TXN104793,True,True,False
TXN104794,False,False,False
TXN104795,False,False,False
TXN104796,False,False,False
TXN104797,True,True,True
TXN104798,True,True,True
TXN104799,True,True,False
TXN104800,True,True,True
TXN104801,True,True,True
TXN104802,True,True,True
TXN104803,False,False,False
TXN104804,True,True,True
TXN104805,True,True,True
TXN104806,True,True,True
TXN104807,True,True,False
TXN104808,True,True,False
TXN104809,True,True,True
TXN104810,False,False,False
TXN104811,True,True,True
TXN104812,False,False,False
TXN104813,True,False,False
TXN104814,True,True,True
TXN104815,True,True,False
TXN104816,True,False,True
TXN104817,True,False,True
TXN104818,False,False,False
TXN104819,False,False,False
TXN104820,True,True,False
TXN104821,True,True,False
TXN104822,True,False,False
TXN104823,False,False,False
TXN104824,True,True,True
TXN104825,True,True,True
TXN104826,True,True,True
TXN104827,True,True,False
TXN104828,False,False,False
TXN104829,True,True,True
TXN104830,True,True,False
TXN104831,True,True,False
TXN104832,False,False,False
TXN104833,True,True,False
TXN104834,True,True,True
TXN104835,True,False,True
TXN104836,True,True,False
TXN104837,True,True,True
TXN104838,True,True,False
TXN104839,True,True,True
TXN104840,True,True,False
TXN104841,True,True,False
TXN104842,False,False,False
TXN104843,False,False,False
TXN104844,False,False,False
TXN104845,True,True,True
TXN104846,False,False,False
TXN104847,True,True,False
TXN104848,True,True,False
TXN104849,True,True,False
TXN104850,True,False,True
TXN104851,False,False,False
TXN104852,False,False,False
TXN104853,False,False,False
TXN104854,True,True,True
TXN104855,True,True,True
TXN104856,False,False,False
TXN104857,True,True,True
TXN104858,True,True,False
TXN104859,False,False,False
TXN104860,False,False,False
TXN104861,True,True,False
TXN104862,False,False,False
TXN104863,True,True,True
TXN104864,True,False,True
TXN104865,False,False,True
TXN104866,False,False,False
TXN104867,True,True,False
TXN104868,True,True,True
TXN104869,True,True,True
TXN104870,True,True,False
TXN104871,False,False,True
TXN104872,False,False,False
TXN104873,False,False,False
TXN104874,False,False,False
TXN104875,True,True,False
TXN104876,True,True,False
TXN104877,True,True,True
TXN104878,True,True,False
TXN104879,False,False,False
TXN104880,True,False,True
TXN104881,True,True,True
TXN104882,False,False,False
TXN104883,True,True,True
TXN104884,False,False,False
TXN104885,True,False,True
TXN104886,True,True,True
TXN104887,False,False,False
TXN104888,True,False,True
TXN104889,True,True,False
TXN104890,False,False,False
TXN104891,True,False,True
TXN104892,True,False,True
TXN104893,False,False,False
TXN104894,True,True,True
TXN104895,True,True,False
TXN104896,False,False,False
TXN104897,True,False,True
TXN104898,True,True,True
TXN104899,False,False,False
TXN104900,False,False,False
TXN104901,False,False,False
TXN104902,False,False,False
TXN104903,True,False,False
TXN104904,False,False,False
TXN104905,True,True,True
TXN104906,True,True,False
TXN104907,False,False,False
TXN104908,True,True,True
TXN104909,True,True,True
TXN104910,False,False,False
TXN104911,False,False,False
TXN104912,True,True,False
TXN104913,True,True,False
TXN104914,True,True,True
TXN104915,True,False,True
TXN104916,True,True,False
TXN104917,True,False,False
TXN104918,False,False,False
TXN104919,True,True,True
TXN104920,False,False,False
TXN104921,False,False,False
TXN104922,True,False,True
TXN104923,True,True,False
TXN104924,False,False,True
TXN104925,True,True,True
TXN104926,True,False,False
TXN104927,False,False,False
TXN104928,False,False,False
TXN104929,True,True,False
TXN104930,True,True,True
TXN104931,True,True,False
TXN104932,True,True,False
TXN104933,True,True,False
TXN104934,True,True,False
TXN104935,True,True,True
TXN104936,False,False,False
TXN104937,True,True,True
TXN104938,True,True,False
TXN104939,False,False,False
TXN104940,True,True,True
TXN104941,True,True,False
TXN104942,True,True,False
TXN104943,False,False,False
TXN104944,False,False,False
TXN104945,True,True,True
TXN104946,True,True,True
TXN104947,True,True,False
TXN104948,True,True,False
TXN104949,True,True,True
TXN104950,False,False,False
TXN104951,False,False,False
TXN104952,True,False,True
TXN104953,True,False,False
TXN104954,True,True,False
TXN104955,True,True,False
TXN104956,False,False,False
TXN104957,True,True,False
TXN104958,True,True,False
TXN104959,True,True,True
TXN104960,True,True,False
TXN104961,False,False,False
TXN104962,False,False,False
TXN104963,True,True,False
TXN104964,False,False,False
TXN104965,True,True,False
TXN104966,True,True,False
TXN104967,False,False,False
TXN104968,True,True,True
TXN104969,True,True,True
TXN104970,True,False,False
TXN104971,True,True,False
TXN104972,True,True,False
TXN104973,False,False,False
TXN104974,True,True,False
TXN104975,False,False,False
TXN104976,True,False,False
TXN104977,True,False,True
TXN104978,False,False,False
TXN104979,False,False,False
TXN104980,True,True,True
TXN104981,True,False,False
TXN104982,False,False,False
TXN104983,True,True,True
TXN104984,True,True,False
TXN104985,False,False,False
TXN104986,True,False,True
TXN104987,True,True,False
TXN104988,True,True,True
TXN104989,False,False,False
TXN104990,True,True,True
TXN104991,True,False,True
TXN104992,False,False,False
TXN104993,True,True,True
TXN104994,True,True,True
TXN104995,True,True,True
TXN104996,True,False,True
TXN104997,True,False,False
TXN104998,True,True,False
TXN104999,True,False,True
