transaction_id,merchant_id,created_at,reason_code,amount_inr,delivery_confirmed,tracking_matches_address,signed_delivery_proof,device_matches_prior_orders,ip_geo_matches_billing,customer_prior_clean_orders,support_ticket_exists,duplicate_txn_id_found,subscription_cancel_logged,days_since_transaction,is_contradictory,outcome
TXN100000,MERCH_SAAS_02,2025-03-19T20:00:00+00:00,unrecognized_transaction,2350.01,False,False,False,True,False,4,False,False,False,103,False,lost
TXN100001,MERCH_RETAIL_01,2025-01-13T23:00:00+00:00,unrecognized_transaction,3023.18,False,False,False,False,True,1,True,False,False,168,False,lost
TXN100002,MERCH_RETAIL_01,2025-04-12T16:00:00+00:00,item_not_as_described,2352.63,True,True,False,True,False,4,True,False,False,79,False,won
TXN100003,MERCH_ECOM_03,2025-04-28T11:00:00+00:00,item_not_received,3961.66,True,True,False,True,True,1,True,False,False,63,False,won
TXN100004,MERCH_ECOM_03,2025-06-29T15:00:00+00:00,duplicate_charge,3054.75,True,True,True,True,True,3,True,True,False,1,False,lost
TXN100005,MERCH_ECOM_03,2025-03-24T06:00:00+00:00,subscription_cancelled,3919.44,False,False,False,False,True,2,False,False,True,98,False,won
TXN100006,MERCH_SAAS_02,2025-01-18T15:00:00+00:00,duplicate_charge,1346.31,False,True,True,True,True,1,False,True,False,163,True,lost
TXN100007,MERCH_SAAS_02,2025-05-01T11:00:00+00:00,item_not_received,4481.62,False,False,False,True,True,3,True,False,False,60,False,lost
TXN100008,MERCH_ECOM_03,2025-02-27T02:00:00+00:00,unrecognized_transaction,2173.83,False,False,False,True,False,6,False,False,False,123,False,lost
TXN100009,MERCH_ECOM_03,2025-01-21T12:00:00+00:00,unrecognized_transaction,1958.38,True,True,False,True,True,4,False,False,False,160,False,lost
TXN100010,MERCH_RETAIL_01,2025-06-18T00:00:00+00:00,duplicate_charge,3140.18,True,True,False,True,True,6,True,True,False,12,False,won
TXN100011,MERCH_SAAS_02,2025-06-01T02:00:00+00:00,duplicate_charge,1244.68,True,True,False,True,False,3,True,True,False,29,False,won
TXN100012,MERCH_ECOM_03,2025-06-23T20:00:00+00:00,item_not_as_described,2847.94,True,True,True,False,False,1,False,False,False,7,False,won
TXN100013,MERCH_RETAIL_01,2025-05-08T01:00:00+00:00,item_not_received,10746.28,True,True,False,False,True,4,True,False,False,53,False,won
TXN100014,MERCH_RETAIL_01,2025-05-31T20:00:00+00:00,subscription_cancelled,5622.29,False,False,False,False,False,4,False,False,True,30,False,won
TXN100015,MERCH_RETAIL_01,2025-05-13T07:00:00+00:00,item_not_as_described,1280.09,True,True,True,False,False,6,False,False,False,48,False,won
TXN100016,MERCH_RETAIL_01,2025-04-05T22:00:00+00:00,unrecognized_transaction,1331.7,True,False,False,True,False,4,False,False,False,86,False,lost
TXN100017,MERCH_DIGITAL_04,2025-06-02T02:00:00+00:00,duplicate_charge,1999.13,True,True,False,True,False,5,True,False,False,28,False,lost
TXN100018,MERCH_RETAIL_01,2025-04-28T23:00:00+00:00,item_not_as_described,5146.05,False,False,False,False,True,4,True,False,False,63,False,won
TXN100019,MERCH_DIGITAL_04,2025-01-08T21:00:00+00:00,item_not_received,1958.24,True,True,True,False,True,3,True,False,False,173,False,won
TXN100020,MERCH_ECOM_03,2025-06-23T05:00:00+00:00,duplicate_charge,5272.77,False,False,False,True,False,4,True,False,False,7,False,lost
TXN100021,MERCH_RETAIL_01,2025-01-13T14:00:00+00:00,duplicate_charge,5177.83,True,False,False,True,True,5,True,True,False,168,False,won
TXN100022,MERCH_RETAIL_01,2025-06-25T03:00:00+00:00,item_not_as_described,1569.01,True,True,True,True,True,3,True,False,False,5,False,won
TXN100023,MERCH_RETAIL_01,2025-02-14T18:00:00+00:00,unrecognized_transaction,3518.03,True,False,False,True,True,8,True,False,False,136,False,won
TXN100024,MERCH_ECOM_03,2025-05-08T20:00:00+00:00,item_not_received,3802.77,True,True,False,True,True,7,True,False,False,53,False,won
TXN100025,MERCH_RETAIL_01,2025-04-01T10:00:00+00:00,subscription_cancelled,3066.46,True,True,False,True,True,1,False,False,True,90,False,lost
TXN100026,MERCH_SAAS_02,2025-03-15T16:00:00+00:00,duplicate_charge,1217.79,False,False,False,True,True,6,False,True,False,107,False,won
TXN100027,MERCH_RETAIL_01,2025-02-26T04:00:00+00:00,item_not_received,1065.03,True,False,True,True,True,0,True,False,False,124,False,lost
TXN100028,MERCH_ECOM_03,2025-03-24T20:00:00+00:00,subscription_cancelled,1614.8,True,True,True,True,True,6,True,False,False,98,False,lost
TXN100029,MERCH_DIGITAL_04,2025-03-22T19:00:00+00:00,unrecognized_transaction,5561.01,True,False,True,True,True,5,True,False,False,100,False,won
TXN100030,MERCH_RETAIL_01,2025-03-16T20:00:00+00:00,unrecognized_transaction,574.64,True,False,True,True,True,3,True,False,False,106,False,lost
TXN100031,MERCH_SAAS_02,2025-01-11T09:00:00+00:00,unrecognized_transaction,2805.53,False,False,False,True,True,1,True,False,False,170,False,lost
TXN100032,MERCH_ECOM_03,2025-03-11T05:00:00+00:00,item_not_received,8857.01,True,False,False,False,True,3,True,False,False,111,False,lost
TXN100033,MERCH_DIGITAL_04,2025-02-18T18:00:00+00:00,unrecognized_transaction,1139.6,True,True,True,True,False,2,False,False,False,132,False,lost
TXN100034,MERCH_RETAIL_01,2025-05-20T01:00:00+00:00,item_not_received,935.46,False,False,False,True,True,2,True,False,False,41,False,lost
TXN100035,MERCH_RETAIL_01,2025-04-18T05:00:00+00:00,item_not_received,2336.91,False,True,True,True,False,1,False,False,False,73,True,lost
TXN100036,MERCH_RETAIL_01,2025-01-16T13:00:00+00:00,duplicate_charge,953.91,True,True,True,False,True,3,False,False,False,165,False,lost
TXN100037,MERCH_RETAIL_01,2025-05-29T01:00:00+00:00,item_not_as_described,882.98,False,True,True,True,False,5,True,False,False,32,True,won
TXN100038,MERCH_ECOM_03,2025-01-17T21:00:00+00:00,item_not_received,4464.05,True,True,True,True,True,3,False,False,False,164,False,won
TXN100039,MERCH_ECOM_03,2025-05-10T23:00:00+00:00,duplicate_charge,2718.44,True,True,True,False,True,3,False,True,False,51,False,won
TXN100040,MERCH_RETAIL_01,2025-03-16T12:00:00+00:00,unrecognized_transaction,6804.6,False,False,False,False,False,5,True,False,False,106,False,lost
TXN100041,MERCH_SAAS_02,2025-03-11T09:00:00+00:00,duplicate_charge,984.91,True,False,True,True,True,2,False,False,False,111,False,lost
TXN100042,MERCH_RETAIL_01,2025-01-02T11:00:00+00:00,item_not_received,2074.68,False,False,False,True,True,1,True,False,False,179,False,won
TXN100043,MERCH_SAAS_02,2025-03-18T02:00:00+00:00,item_not_received,1304.41,False,False,False,True,True,2,False,False,False,104,False,lost
TXN100044,MERCH_RETAIL_01,2025-02-11T21:00:00+00:00,subscription_cancelled,5301.38,True,True,False,True,True,5,False,False,True,139,False,won
TXN100045,MERCH_SAAS_02,2025-03-07T03:00:00+00:00,duplicate_charge,3980.85,True,False,True,False,True,2,True,True,False,115,False,lost
TXN100046,MERCH_ECOM_03,2025-03-08T11:00:00+00:00,unrecognized_transaction,2182.12,True,False,True,True,True,6,False,False,False,114,False,won
TXN100047,MERCH_DIGITAL_04,2025-04-27T07:00:00+00:00,item_not_as_described,2911.58,False,False,False,True,True,4,False,False,False,64,False,lost
TXN100048,MERCH_DIGITAL_04,2025-05-09T08:00:00+00:00,item_not_received,2244.91,False,False,False,True,True,6,True,False,False,52,False,lost
TXN100049,MERCH_ECOM_03,2025-05-16T05:00:00+00:00,unrecognized_transaction,2981.34,False,False,False,True,True,2,False,False,False,45,False,won
TXN100050,MERCH_RETAIL_01,2025-03-21T16:00:00+00:00,subscription_cancelled,1469.07,True,True,False,True,True,6,True,False,False,101,False,lost
TXN100051,MERCH_SAAS_02,2025-04-25T06:00:00+00:00,item_not_received,3071.9,True,True,True,True,False,2,True,False,False,66,False,won
TXN100052,MERCH_SAAS_02,2025-03-14T14:00:00+00:00,item_not_received,1635.01,False,False,False,False,True,2,False,False,False,108,False,lost
TXN100053,MERCH_DIGITAL_04,2025-01-05T23:00:00+00:00,unrecognized_transaction,879.58,True,True,False,False,True,2,False,False,False,176,False,lost
TXN100054,MERCH_ECOM_03,2025-02-18T03:00:00+00:00,item_not_as_described,1221.85,False,False,False,True,True,2,True,False,False,132,False,lost
TXN100055,MERCH_SAAS_02,2025-03-23T19:00:00+00:00,unrecognized_transaction,2263.9,True,True,False,True,False,4,True,False,False,99,False,lost
TXN100056,MERCH_ECOM_03,2025-02-02T10:00:00+00:00,item_not_received,9167.3,True,False,False,False,False,4,False,False,False,148,False,lost
TXN100057,MERCH_ECOM_03,2025-03-04T13:00:00+00:00,unrecognized_transaction,1760.55,True,True,False,True,True,2,True,False,False,118,False,won
TXN100058,MERCH_SAAS_02,2025-03-25T04:00:00+00:00,item_not_received,1333.73,False,False,False,True,True,2,True,False,False,97,False,lost
TXN100059,MERCH_DIGITAL_04,2025-05-06T02:00:00+00:00,unrecognized_transaction,3659.73,True,True,False,True,False,4,True,False,False,55,False,lost
TXN100060,MERCH_RETAIL_01,2025-05-25T09:00:00+00:00,subscription_cancelled,391.21,True,True,True,True,True,5,False,False,True,36,False,won
TXN100061,MERCH_RETAIL_01,2025-04-06T02:00:00+00:00,item_not_received,1679.79,False,True,True,True,False,6,False,False,False,85,True,won
TXN100062,MERCH_ECOM_03,2025-02-13T11:00:00+00:00,unrecognized_transaction,248.55,True,True,False,True,False,3,False,False,False,137,False,lost
TXN100063,MERCH_RETAIL_01,2025-03-12T19:00:00+00:00,item_not_as_described,1305.44,False,True,True,True,True,2,False,False,False,110,True,lost
TXN100064,MERCH_ECOM_03,2025-01-21T09:00:00+00:00,item_not_received,899.57,True,True,True,True,True,1,True,False,False,160,False,won
TXN100065,MERCH_SAAS_02,2025-01-25T10:00:00+00:00,duplicate_charge,719.39,True,True,False,False,True,3,False,True,False,156,False,won
TXN100066,MERCH_RETAIL_01,2025-01-31T23:00:00+00:00,item_not_as_described,2752.21,True,True,True,False,True,8,False,False,False,150,False,lost
TXN100067,MERCH_RETAIL_01,2025-04-13T18:00:00+00:00,item_not_received,632.47,True,False,False,True,True,3,False,False,False,78,False,lost
TXN100068,MERCH_SAAS_02,2025-05-24T04:00:00+00:00,duplicate_charge,4300.61,False,False,False,True,False,2,True,True,False,37,False,won
TXN100069,MERCH_RETAIL_01,2025-05-19T17:00:00+00:00,item_not_as_described,2884.73,True,False,True,True,True,5,True,False,False,42,False,won
TXN100070,MERCH_RETAIL_01,2025-05-25T19:00:00+00:00,item_not_as_described,4283.07,False,False,False,False,True,7,True,False,False,36,False,won
TXN100071,MERCH_ECOM_03,2025-02-10T21:00:00+00:00,duplicate_charge,658.8,True,True,False,True,True,5,True,True,False,140,False,lost
TXN100072,MERCH_ECOM_03,2025-01-20T19:00:00+00:00,unrecognized_transaction,2353.2,True,True,True,True,True,4,True,False,False,161,False,won
TXN100073,MERCH_ECOM_03,2025-04-23T23:00:00+00:00,duplicate_charge,3412.11,True,False,False,False,True,1,False,True,False,68,False,lost
TXN100074,MERCH_ECOM_03,2025-01-22T21:00:00+00:00,subscription_cancelled,1249.94,True,True,True,True,False,3,True,False,True,159,False,won
TXN100075,MERCH_RETAIL_01,2025-02-23T16:00:00+00:00,subscription_cancelled,2847.85,False,False,False,True,False,4,False,False,False,127,False,won
TXN100076,MERCH_ECOM_03,2025-05-19T02:00:00+00:00,duplicate_charge,5950.28,True,True,True,True,True,7,False,False,False,42,False,lost
TXN100077,MERCH_DIGITAL_04,2025-04-07T19:00:00+00:00,unrecognized_transaction,2317.2,True,True,True,True,False,4,True,False,False,84,False,lost
TXN100078,MERCH_RETAIL_01,2025-01-18T14:00:00+00:00,unrecognized_transaction,576.16,False,False,False,True,False,8,True,False,False,163,False,lost
TXN100079,MERCH_ECOM_03,2025-02-15T12:00:00+00:00,unrecognized_transaction,2243.28,True,True,False,False,False,5,True,False,False,135,False,lost
TXN100080,MERCH_SAAS_02,2025-02-22T15:00:00+00:00,item_not_received,1468.26,False,False,False,True,True,3,True,False,False,128,False,lost
TXN100081,MERCH_RETAIL_01,2025-04-09T12:00:00+00:00,unrecognized_transaction,1524.53,False,False,False,True,True,0,False,False,False,82,False,won
TXN100082,MERCH_ECOM_03,2025-01-11T08:00:00+00:00,unrecognized_transaction,641.07,True,True,False,False,False,2,True,False,False,170,False,lost
TXN100083,MERCH_ECOM_03,2025-02-25T15:00:00+00:00,duplicate_charge,3177.43,True,True,True,True,True,3,True,True,False,125,False,won
TXN100084,MERCH_RETAIL_01,2025-06-27T13:00:00+00:00,subscription_cancelled,2011.67,True,True,False,True,True,4,True,False,True,3,False,won
TXN100085,MERCH_SAAS_02,2025-01-15T14:00:00+00:00,item_not_as_described,983.58,False,False,False,True,True,3,False,False,False,166,False,lost
TXN100086,MERCH_SAAS_02,2025-03-07T18:00:00+00:00,item_not_received,3046.53,False,False,False,True,True,2,False,False,False,115,False,lost
TXN100087,MERCH_DIGITAL_04,2025-05-26T05:00:00+00:00,unrecognized_transaction,3536.24,True,True,True,True,False,6,False,False,False,35,False,won
TXN100088,MERCH_SAAS_02,2025-02-01T12:00:00+00:00,duplicate_charge,572.68,False,False,True,True,False,2,True,True,False,149,True,won
TXN100089,MERCH_RETAIL_01,2025-01-02T01:00:00+00:00,item_not_received,2749.68,True,True,False,True,True,2,False,False,False,179,False,lost
TXN100090,MERCH_SAAS_02,2025-06-22T22:00:00+00:00,unrecognized_transaction,2410.47,True,True,True,True,True,1,False,False,False,8,False,won
TXN100091,MERCH_SAAS_02,2025-05-06T05:00:00+00:00,item_not_as_described,824.86,True,True,True,True,True,4,False,False,False,55,False,won
TXN100092,MERCH_SAAS_02,2025-06-18T14:00:00+00:00,unrecognized_transaction,438.34,True,True,True,False,True,7,True,False,False,12,False,won
TXN100093,MERCH_SAAS_02,2025-03-27T22:00:00+00:00,item_not_received,2333.77,True,True,False,True,True,2,False,False,False,95,False,lost
TXN100094,MERCH_RETAIL_01,2025-03-05T21:00:00+00:00,unrecognized_transaction,1875.17,True,False,True,False,True,2,True,False,False,117,False,lost
TXN100095,MERCH_SAAS_02,2025-02-28T09:00:00+00:00,item_not_received,1202.9,False,False,False,True,True,1,False,False,False,122,False,lost
TXN100096,MERCH_ECOM_03,2025-04-01T15:00:00+00:00,item_not_received,2089.09,False,False,False,False,True,3,False,False,False,90,False,won
TXN100097,MERCH_DIGITAL_04,2025-06-27T06:00:00+00:00,item_not_received,2593.93,True,True,True,False,True,5,False,False,False,3,False,won
TXN100098,MERCH_RETAIL_01,2025-04-02T16:00:00+00:00,unrecognized_transaction,772.29,True,True,True,False,True,5,True,False,False,89,False,lost
TXN100099,MERCH_ECOM_03,2025-05-04T23:00:00+00:00,unrecognized_transaction,1933.77,True,True,False,True,True,1,False,False,False,57,False,won
TXN100100,MERCH_RETAIL_01,2025-03-03T07:00:00+00:00,item_not_as_described,3788.52,True,True,True,False,False,8,False,False,False,119,False,lost
TXN100101,MERCH_ECOM_03,2025-05-14T19:00:00+00:00,item_not_received,3141.96,True,False,True,True,True,1,True,False,False,47,False,won
TXN100102,MERCH_RETAIL_01,2025-03-09T12:00:00+00:00,item_not_as_described,3933.74,True,True,False,True,False,5,False,False,False,113,False,won
TXN100103,MERCH_SAAS_02,2025-02-02T19:00:00+00:00,item_not_received,1228.37,True,True,True,True,True,4,False,False,False,148,False,won
TXN100104,MERCH_RETAIL_01,2025-04-16T22:00:00+00:00,item_not_received,3179.8,False,False,False,True,True,4,False,False,False,75,False,lost
TXN100105,MERCH_RETAIL_01,2025-06-03T07:00:00+00:00,unrecognized_transaction,2263.15,True,True,True,True,True,2,True,False,False,27,False,lost
TXN100106,MERCH_DIGITAL_04,2025-06-14T19:00:00+00:00,duplicate_charge,2083.02,True,True,False,False,True,2,False,False,False,16,False,lost
TXN100107,MERCH_RETAIL_01,2025-01-29T20:00:00+00:00,duplicate_charge,2095.36,False,False,False,True,True,3,False,True,False,152,False,won
TXN100108,MERCH_RETAIL_01,2025-06-11T00:00:00+00:00,unrecognized_transaction,4530.23,False,False,False,False,False,4,True,False,False,19,False,won
TXN100109,MERCH_ECOM_03,2025-05-29T11:00:00+00:00,item_not_received,730.05,False,False,False,True,True,2,False,False,False,32,False,lost
TXN100110,MERCH_ECOM_03,2025-02-07T20:00:00+00:00,item_not_as_described,1221.64,True,False,True,True,True,3,False,False,False,143,False,lost
TXN100111,MERCH_SAAS_02,2025-01-06T12:00:00+00:00,unrecognized_transaction,3155.82,False,False,False,True,False,1,False,False,False,175,False,lost
TXN100112,MERCH_RETAIL_01,2025-06-05T08:00:00+00:00,item_not_received,2381.69,True,False,False,True,True,3,True,False,False,25,False,won
TXN100113,MERCH_SAAS_02,2025-02-05T23:00:00+00:00,item_not_received,5930.07,True,True,True,True,True,6,True,False,False,145,False,won
TXN100114,MERCH_RETAIL_01,2025-06-03T22:00:00+00:00,duplicate_charge,1820.56,True,True,False,True,False,3,False,True,False,27,False,won
TXN100115,MERCH_DIGITAL_04,2025-03-31T03:00:00+00:00,unrecognized_transaction,1099.1,True,True,True,True,True,7,False,False,False,91,False,won
TXN100116,MERCH_ECOM_03,2025-06-11T19:00:00+00:00,item_not_received,4660.46,True,True,True,True,False,3,True,False,False,19,False,won
TXN100117,MERCH_ECOM_03,2025-05-25T19:00:00+00:00,item_not_as_described,1569.78,True,True,False,True,True,6,True,False,False,36,False,won
TXN100118,MERCH_SAAS_02,2025-05-03T10:00:00+00:00,duplicate_charge,5183.11,True,True,True,False,True,2,True,True,False,58,False,won
TXN100119,MERCH_SAAS_02,2025-04-03T16:00:00+00:00,duplicate_charge,2420.23,True,False,False,False,True,0,False,True,False,88,False,won
TXN100120,MERCH_SAAS_02,2025-02-13T11:00:00+00:00,item_not_received,4334.07,False,False,False,False,True,1,True,False,False,137,False,lost
TXN100121,MERCH_RETAIL_01,2025-03-24T15:00:00+00:00,item_not_received,1907.44,False,False,True,True,True,6,False,False,False,98,True,won
TXN100122,MERCH_SAAS_02,2025-06-03T18:00:00+00:00,item_not_as_described,3442.49,False,False,False,True,True,2,True,False,False,27,False,won
TXN100123,MERCH_RETAIL_01,2025-05-22T15:00:00+00:00,duplicate_charge,5678.9,True,False,False,True,False,2,False,False,False,39,False,lost
TXN100124,MERCH_RETAIL_01,2025-05-01T05:00:00+00:00,item_not_received,2100.43,True,True,False,True,True,4,False,False,False,60,False,won
TXN100125,MERCH_DIGITAL_04,2025-02-01T10:00:00+00:00,unrecognized_transaction,5442.04,False,False,False,False,True,3,True,False,False,149,False,lost
TXN100126,MERCH_SAAS_02,2025-02-24T14:00:00+00:00,duplicate_charge,1995.16,True,True,True,True,True,6,False,True,False,126,False,lost
TXN100127,MERCH_ECOM_03,2025-02-02T03:00:00+00:00,subscription_cancelled,1499.01,False,False,False,True,True,7,True,False,False,148,False,lost
TXN100128,MERCH_RETAIL_01,2025-03-18T13:00:00+00:00,subscription_cancelled,1327.73,True,True,True,True,True,4,True,False,True,104,False,won
TXN100129,MERCH_ECOM_03,2025-04-07T04:00:00+00:00,item_not_received,5081.5,False,False,False,True,False,2,True,False,False,84,False,lost
TXN100130,MERCH_SAAS_02,2025-03-20T15:00:00+00:00,unrecognized_transaction,61.61,False,False,False,True,True,3,False,False,False,102,False,won
TXN100131,MERCH_RETAIL_01,2025-04-05T03:00:00+00:00,duplicate_charge,711.69,True,True,False,True,True,6,False,True,False,86,False,won
TXN100132,MERCH_SAAS_02,2025-04-20T02:00:00+00:00,item_not_received,1654.62,True,True,False,True,True,2,True,False,False,71,False,won
TXN100133,MERCH_DIGITAL_04,2025-06-25T23:00:00+00:00,item_not_received,3324.8,False,False,False,True,True,4,False,False,False,5,False,lost
TXN100134,MERCH_RETAIL_01,2025-05-17T05:00:00+00:00,item_not_as_described,3540.27,True,True,True,False,True,6,True,False,False,44,False,won
TXN100135,MERCH_DIGITAL_04,2025-02-10T00:00:00+00:00,duplicate_charge,1694.06,False,False,False,True,True,1,True,True,False,140,False,won
TXN100136,MERCH_RETAIL_01,2025-03-30T22:00:00+00:00,item_not_received,3149.95,True,True,True,False,True,4,False,False,False,92,False,won
TXN100137,MERCH_DIGITAL_04,2025-03-12T13:00:00+00:00,item_not_received,2663.22,False,False,False,True,False,3,False,False,False,110,False,won
TXN100138,MERCH_SAAS_02,2025-03-27T08:00:00+00:00,unrecognized_transaction,2437.32,False,False,False,True,True,5,True,False,False,95,False,won
TXN100139,MERCH_DIGITAL_04,2025-04-27T21:00:00+00:00,unrecognized_transaction,1348.1,True,True,True,False,True,2,True,False,False,64,False,lost
TXN100140,MERCH_SAAS_02,2025-06-28T04:00:00+00:00,item_not_received,6782.5,True,False,True,False,True,7,False,False,False,2,False,won
TXN100141,MERCH_SAAS_02,2025-06-06T13:00:00+00:00,item_not_received,1220.85,True,False,True,False,True,4,False,False,False,24,False,won
TXN100142,MERCH_ECOM_03,2025-05-19T22:00:00+00:00,item_not_received,7202.62,True,True,True,True,False,3,True,False,False,42,False,won
TXN100143,MERCH_SAAS_02,2025-06-14T00:00:00+00:00,unrecognized_transaction,5848.55,True,True,True,False,False,6,False,False,False,16,False,won
TXN100144,MERCH_SAAS_02,2025-05-25T10:00:00+00:00,item_not_received,3567.23,True,False,True,True,True,3,False,False,False,36,False,won
TXN100145,MERCH_RETAIL_01,2025-02-14T15:00:00+00:00,item_not_received,1208.34,False,False,False,False,True,8,True,False,False,136,False,lost
TXN100146,MERCH_ECOM_03,2025-04-15T07:00:00+00:00,duplicate_charge,1074.94,False,False,False,True,False,4,False,True,False,76,False,won
TXN100147,MERCH_SAAS_02,2025-02-15T03:00:00+00:00,item_not_received,2582.79,False,False,False,False,True,2,False,False,False,135,False,lost
TXN100148,MERCH_ECOM_03,2025-03-15T15:00:00+00:00,item_not_received,745.12,False,False,False,False,False,1,False,False,False,107,False,lost
TXN100149,MERCH_DIGITAL_04,2025-06-19T03:00:00+00:00,subscription_cancelled,847.93,False,False,False,True,True,1,True,False,False,11,False,lost
TXN100150,MERCH_SAAS_02,2025-04-23T22:00:00+00:00,item_not_received,1998.05,True,True,True,True,True,3,True,False,False,68,False,won
TXN100151,MERCH_ECOM_03,2025-02-25T22:00:00+00:00,subscription_cancelled,1482.92,False,False,False,True,False,1,True,False,True,125,False,won
TXN100152,MERCH_RETAIL_01,2025-01-14T07:00:00+00:00,item_not_received,1835.2,True,True,False,False,True,5,True,False,False,167,False,won
TXN100153,MERCH_SAAS_02,2025-05-09T22:00:00+00:00,unrecognized_transaction,980.14,True,True,False,True,False,5,True,False,False,52,False,won
TXN100154,MERCH_RETAIL_01,2025-01-12T05:00:00+00:00,item_not_as_described,1723.61,True,True,False,True,False,7,True,False,False,169,False,won
TXN100155,MERCH_SAAS_02,2025-03-25T08:00:00+00:00,item_not_received,1050.24,False,False,False,True,True,5,False,False,False,97,False,won
TXN100156,MERCH_DIGITAL_04,2025-05-26T22:00:00+00:00,item_not_received,2690.63,True,True,True,True,False,1,True,False,False,35,False,won
TXN100157,MERCH_RETAIL_01,2025-01-13T22:00:00+00:00,duplicate_charge,2952.3,True,True,True,True,True,4,False,True,False,168,False,won
TXN100158,MERCH_RETAIL_01,2025-01-05T07:00:00+00:00,item_not_received,1637.94,True,True,False,True,True,4,True,False,False,176,False,lost
TXN100159,MERCH_SAAS_02,2025-05-11T10:00:00+00:00,item_not_received,2474.35,True,False,True,False,False,7,True,False,False,50,False,lost
TXN100160,MERCH_SAAS_02,2025-06-03T01:00:00+00:00,unrecognized_transaction,2333.42,False,False,False,True,False,5,False,False,False,27,False,won
TXN100161,MERCH_ECOM_03,2025-03-31T08:00:00+00:00,unrecognized_transaction,88.3,False,False,False,True,True,5,False,False,False,91,False,lost
TXN100162,MERCH_RETAIL_01,2025-01-09T00:00:00+00:00,item_not_received,3429.35,False,False,True,True,False,4,True,False,False,172,True,lost
TXN100163,MERCH_RETAIL_01,2025-05-12T18:00:00+00:00,item_not_received,1839.87,False,False,False,True,True,5,False,False,False,49,False,lost
TXN100164,MERCH_ECOM_03,2025-02-05T17:00:00+00:00,duplicate_charge,291.19,False,False,False,False,True,2,False,False,False,145,False,lost
TXN100165,MERCH_SAAS_02,2025-06-24T17:00:00+00:00,item_not_received,1805.76,True,True,False,False,True,8,False,False,False,6,False,won
TXN100166,MERCH_SAAS_02,2025-03-29T01:00:00+00:00,unrecognized_transaction,1886.94,True,True,True,False,False,2,True,False,False,93,False,lost
TXN100167,MERCH_ECOM_03,2025-03-24T20:00:00+00:00,item_not_received,5147.44,True,True,False,True,False,7,False,False,False,98,False,won
TXN100168,MERCH_RETAIL_01,2025-04-18T09:00:00+00:00,item_not_as_described,3452.55,False,False,False,True,False,3,False,False,False,73,False,lost
TXN100169,MERCH_RETAIL_01,2025-02-17T01:00:00+00:00,unrecognized_transaction,3498.64,False,False,False,False,False,3,False,False,False,133,False,lost
TXN100170,MERCH_SAAS_02,2025-01-03T21:00:00+00:00,item_not_received,2970.87,True,True,True,True,True,6,False,False,False,178,False,won
TXN100171,MERCH_ECOM_03,2025-01-14T05:00:00+00:00,item_not_received,3634.8,False,False,False,True,True,1,True,False,False,167,False,lost
TXN100172,MERCH_RETAIL_01,2025-05-18T07:00:00+00:00,item_not_received,7579.03,True,True,True,False,True,4,True,False,False,43,False,won
TXN100173,MERCH_ECOM_03,2025-03-09T07:00:00+00:00,unrecognized_transaction,646.9,True,True,True,False,False,3,True,False,False,113,False,lost
TXN100174,MERCH_RETAIL_01,2025-04-17T01:00:00+00:00,item_not_as_described,2822.47,True,True,False,True,True,2,True,False,False,74,False,won
TXN100175,MERCH_ECOM_03,2025-03-15T19:00:00+00:00,unrecognized_transaction,2095.16,False,False,False,True,True,6,False,False,False,107,False,won
TXN100176,MERCH_ECOM_03,2025-05-23T10:00:00+00:00,unrecognized_transaction,1974.43,True,True,False,True,True,4,True,False,False,38,False,won
TXN100177,MERCH_DIGITAL_04,2025-03-27T07:00:00+00:00,item_not_received,3636.21,True,True,True,False,True,8,False,False,False,95,False,won
TXN100178,MERCH_DIGITAL_04,2025-04-05T03:00:00+00:00,subscription_cancelled,2007.42,False,True,True,True,True,4,True,False,True,86,True,won
TXN100179,MERCH_ECOM_03,2025-06-18T13:00:00+00:00,subscription_cancelled,5846.11,True,True,True,True,True,6,True,False,True,12,False,won
TXN100180,MERCH_RETAIL_01,2025-01-15T10:00:00+00:00,item_not_as_described,2956.03,False,False,False,True,False,6,False,False,False,166,False,lost
TXN100181,MERCH_ECOM_03,2025-01-27T10:00:00+00:00,item_not_received,4545.68,False,False,False,True,True,0,False,False,False,154,False,lost
TXN100182,MERCH_RETAIL_01,2025-05-28T02:00:00+00:00,item_not_received,5859.41,False,False,False,True,True,1,True,False,False,33,False,lost
TXN100183,MERCH_RETAIL_01,2025-04-03T03:00:00+00:00,subscription_cancelled,2707.89,False,False,False,True,True,4,True,False,False,88,False,lost
TXN100184,MERCH_SAAS_02,2025-01-06T11:00:00+00:00,unrecognized_transaction,998.74,False,False,False,True,True,4,True,False,False,175,False,won
TXN100185,MERCH_SAAS_02,2025-05-23T14:00:00+00:00,subscription_cancelled,3355.61,True,True,True,True,True,2,True,False,False,38,False,lost
TXN100186,MERCH_DIGITAL_04,2025-04-24T22:00:00+00:00,item_not_as_described,943.43,False,False,False,True,True,4,True,False,False,67,False,won
TXN100187,MERCH_RETAIL_01,2025-06-28T12:00:00+00:00,subscription_cancelled,779.73,True,False,True,True,True,2,True,False,True,2,False,lost
TXN100188,MERCH_RETAIL_01,2025-06-01T07:00:00+00:00,item_not_as_described,697.67,True,True,True,True,True,4,False,False,False,29,False,lost
TXN100189,MERCH_SAAS_02,2025-02-15T13:00:00+00:00,item_not_received,4838.89,True,True,True,False,True,5,False,False,False,135,False,won
TXN100190,MERCH_ECOM_03,2025-04-06T09:00:00+00:00,item_not_received,2282.84,False,False,False,True,False,3,True,False,False,85,False,lost
TXN100191,MERCH_DIGITAL_04,2025-01-22T09:00:00+00:00,item_not_received,2647.06,False,False,False,False,True,2,False,False,False,159,False,lost
TXN100192,MERCH_SAAS_02,2025-03-20T15:00:00+00:00,item_not_received,4341.69,True,True,True,True,True,6,True,False,False,102,False,won
TXN100193,MERCH_DIGITAL_04,2025-03-21T07:00:00+00:00,unrecognized_transaction,4230.24,False,False,False,True,True,5,True,False,False,101,False,won
TXN100194,MERCH_DIGITAL_04,2025-04-09T19:00:00+00:00,item_not_as_described,2211.27,False,False,True,True,False,4,False,False,False,82,True,lost
TXN100195,MERCH_RETAIL_01,2025-01-01T12:00:00+00:00,unrecognized_transaction,3625.15,True,False,True,True,True,4,True,False,False,180,False,won
TXN100196,MERCH_ECOM_03,2025-02-26T09:00:00+00:00,item_not_received,1503.6,False,False,False,True,True,6,False,False,False,124,False,lost
TXN100197,MERCH_DIGITAL_04,2025-06-24T19:00:00+00:00,item_not_as_described,1191.12,True,True,True,True,True,5,False,False,False,6,False,won
TXN100198,MERCH_RETAIL_01,2025-04-07T10:00:00+00:00,item_not_received,2877.21,True,False,True,True,True,3,False,False,False,84,False,won
TXN100199,MERCH_SAAS_02,2025-03-15T06:00:00+00:00,item_not_received,1672.12,False,False,False,True,False,2,True,False,False,107,False,lost
TXN100200,MERCH_ECOM_03,2025-02-19T08:00:00+00:00,item_not_received,3232.95,True,True,False,False,True,1,False,False,False,131,False,lost
TXN100201,MERCH_ECOM_03,2025-01-05T18:00:00+00:00,unrecognized_transaction,259.8,False,False,False,True,False,2,True,False,False,176,False,lost
TXN100202,MERCH_DIGITAL_04,2025-06-29T05:00:00+00:00,item_not_received,1122.53,False,False,False,True,True,1,False,False,False,1,False,lost
TXN100203,MERCH_RETAIL_01,2025-05-11T00:00:00+00:00,subscription_cancelled,4865.76,True,True,True,False,True,4,False,False,False,50,False,lost
TXN100204,MERCH_RETAIL_01,2025-01-04T17:00:00+00:00,duplicate_charge,3373.84,False,False,False,False,True,2,False,True,False,177,False,lost
TXN100205,MERCH_ECOM_03,2025-05-12T12:00:00+00:00,unrecognized_transaction,4264.2,False,False,False,True,True,3,False,False,False,49,False,won
TXN100206,MERCH_SAAS_02,2025-05-21T14:00:00+00:00,item_not_received,2949.51,True,False,True,True,True,2,False,False,False,40,False,lost
TXN100207,MERCH_RETAIL_01,2025-04-03T03:00:00+00:00,subscription_cancelled,3063.94,False,False,False,True,False,5,False,False,False,88,False,lost
TXN100208,MERCH_ECOM_03,2025-05-17T03:00:00+00:00,item_not_as_described,2154.84,True,True,False,True,True,2,True,False,False,44,False,won
TXN100209,MERCH_RETAIL_01,2025-02-21T00:00:00+00:00,item_not_received,1553.23,True,False,False,True,True,4,True,False,False,129,False,lost
TXN100210,MERCH_ECOM_03,2025-04-13T23:00:00+00:00,item_not_received,1220.88,False,False,False,True,True,2,True,False,False,78,False,lost
TXN100211,MERCH_DIGITAL_04,2025-06-11T05:00:00+00:00,unrecognized_transaction,845.76,False,False,False,True,True,1,False,False,False,19,False,won
TXN100212,MERCH_RETAIL_01,2025-02-28T18:00:00+00:00,unrecognized_transaction,898.99,False,True,True,True,False,2,True,False,False,122,True,lost
TXN100213,MERCH_RETAIL_01,2025-05-23T09:00:00+00:00,item_not_received,3700.15,True,True,True,True,True,2,True,False,False,38,False,won
TXN100214,MERCH_SAAS_02,2025-01-09T17:00:00+00:00,unrecognized_transaction,2918.57,False,False,False,True,False,5,False,False,False,172,False,lost
TXN100215,MERCH_RETAIL_01,2025-01-23T17:00:00+00:00,subscription_cancelled,9216.77,True,True,False,True,True,4,False,False,True,158,False,lost
TXN100216,MERCH_RETAIL_01,2025-01-16T21:00:00+00:00,duplicate_charge,2689.61,True,True,False,True,False,2,False,False,False,165,False,lost
TXN100217,MERCH_SAAS_02,2025-06-24T17:00:00+00:00,item_not_received,707.32,True,True,False,True,True,7,False,False,False,6,False,won
TXN100218,MERCH_RETAIL_01,2025-03-27T13:00:00+00:00,item_not_received,2021.46,True,True,True,False,True,4,True,False,False,95,False,lost
TXN100219,MERCH_RETAIL_01,2025-06-26T05:00:00+00:00,unrecognized_transaction,3299.27,True,True,True,True,True,4,False,False,False,4,False,won
TXN100220,MERCH_ECOM_03,2025-05-28T21:00:00+00:00,item_not_received,2803.77,True,True,False,True,False,3,True,False,False,33,False,lost
TXN100221,MERCH_RETAIL_01,2025-03-03T18:00:00+00:00,subscription_cancelled,3733.53,False,False,False,False,True,5,False,False,False,119,False,lost
TXN100222,MERCH_RETAIL_01,2025-02-16T03:00:00+00:00,item_not_received,3691.42,True,True,True,True,True,5,True,False,False,134,False,won
TXN100223,MERCH_ECOM_03,2025-02-15T06:00:00+00:00,item_not_received,2352.42,True,True,True,False,True,4,True,False,False,135,False,lost
TXN100224,MERCH_ECOM_03,2025-06-15T02:00:00+00:00,duplicate_charge,2209.02,True,True,True,True,False,3,False,False,False,15,False,lost
TXN100225,MERCH_SAAS_02,2025-02-16T09:00:00+00:00,unrecognized_transaction,1283.21,True,True,True,True,True,1,False,False,False,134,False,won
TXN100226,MERCH_ECOM_03,2025-03-23T11:00:00+00:00,item_not_received,1335.4,True,True,False,True,True,4,True,False,False,99,False,won
TXN100227,MERCH_ECOM_03,2025-06-05T12:00:00+00:00,duplicate_charge,3652.03,False,False,False,True,True,4,True,True,False,25,False,won
TXN100228,MERCH_ECOM_03,2025-04-20T17:00:00+00:00,item_not_received,1753.11,True,True,True,True,True,3,True,False,False,71,False,won
TXN100229,MERCH_RETAIL_01,2025-06-05T02:00:00+00:00,unrecognized_transaction,2072.56,False,False,False,True,True,0,True,False,False,25,False,won
TXN100230,MERCH_SAAS_02,2025-03-04T10:00:00+00:00,item_not_as_described,6040.65,True,True,False,True,True,3,True,False,False,118,False,lost
TXN100231,MERCH_RETAIL_01,2025-06-28T06:00:00+00:00,subscription_cancelled,534.37,True,True,False,True,True,5,False,False,False,2,False,lost
TXN100232,MERCH_RETAIL_01,2025-01-12T19:00:00+00:00,subscription_cancelled,2216.58,False,False,False,True,False,2,True,False,True,169,False,lost
TXN100233,MERCH_RETAIL_01,2025-03-29T15:00:00+00:00,unrecognized_transaction,1410.28,True,True,False,True,True,2,False,False,False,93,False,won
TXN100234,MERCH_DIGITAL_04,2025-04-23T05:00:00+00:00,item_not_received,547.49,True,False,True,True,True,1,False,False,False,68,False,won
TXN100235,MERCH_RETAIL_01,2025-05-04T20:00:00+00:00,item_not_received,1094.58,True,True,True,True,False,4,True,False,False,57,False,won
TXN100236,MERCH_SAAS_02,2025-02-27T05:00:00+00:00,item_not_as_described,1715.46,True,True,True,True,True,3,True,False,False,123,False,lost
TXN100237,MERCH_RETAIL_01,2025-06-04T12:00:00+00:00,item_not_received,1499.81,True,True,True,False,False,5,False,False,False,26,False,won
TXN100238,MERCH_ECOM_03,2025-06-21T18:00:00+00:00,item_not_received,3558.15,True,True,True,True,True,4,True,False,False,9,False,won
TXN100239,MERCH_RETAIL_01,2025-05-11T03:00:00+00:00,item_not_received,1136.35,True,True,False,True,True,3,True,False,False,50,False,won
TXN100240,MERCH_SAAS_02,2025-03-20T10:00:00+00:00,item_not_received,1369.28,True,False,True,False,True,4,True,False,False,102,False,lost
TXN100241,MERCH_SAAS_02,2025-06-04T03:00:00+00:00,unrecognized_transaction,1072.0,True,True,False,True,True,6,False,False,False,26,False,won
TXN100242,MERCH_DIGITAL_04,2025-02-02T07:00:00+00:00,subscription_cancelled,1503.02,True,True,True,False,True,1,True,False,False,148,False,lost
TXN100243,MERCH_RETAIL_01,2025-01-10T15:00:00+00:00,unrecognized_transaction,856.22,True,True,True,True,True,3,False,False,False,171,False,won
TXN100244,MERCH_ECOM_03,2025-05-31T15:00:00+00:00,item_not_received,2210.86,False,False,True,True,True,1,True,False,False,30,True,lost
TXN100245,MERCH_SAAS_02,2025-03-23T21:00:00+00:00,item_not_received,1293.56,True,True,False,True,False,6,True,False,False,99,False,lost
TXN100246,MERCH_RETAIL_01,2025-01-26T23:00:00+00:00,item_not_as_described,4506.98,False,False,False,True,True,1,True,False,False,155,False,won
TXN100247,MERCH_RETAIL_01,2025-01-17T05:00:00+00:00,item_not_received,3832.03,False,False,False,False,True,4,True,False,False,164,False,lost
TXN100248,MERCH_RETAIL_01,2025-05-06T19:00:00+00:00,item_not_received,1415.7,True,True,True,False,False,4,False,False,False,55,False,won
TXN100249,MERCH_DIGITAL_04,2025-04-29T21:00:00+00:00,item_not_as_described,2153.84,False,False,False,False,True,6,False,False,False,62,False,lost
TXN100250,MERCH_ECOM_03,2025-03-12T16:00:00+00:00,item_not_as_described,426.49,False,False,False,True,False,2,False,False,False,110,False,won
TXN100251,MERCH_RETAIL_01,2025-06-25T08:00:00+00:00,item_not_as_described,4154.09,False,False,False,True,False,2,True,False,False,5,False,won
TXN100252,MERCH_RETAIL_01,2025-04-16T18:00:00+00:00,item_not_as_described,1186.17,False,False,False,True,True,5,True,False,False,75,False,lost
TXN100253,MERCH_DIGITAL_04,2025-03-16T18:00:00+00:00,item_not_received,1236.74,False,False,False,True,False,6,True,False,False,106,False,lost
TXN100254,MERCH_RETAIL_01,2025-04-17T14:00:00+00:00,subscription_cancelled,3137.4,False,False,False,False,True,3,False,False,True,74,False,won
TXN100255,MERCH_DIGITAL_04,2025-01-02T11:00:00+00:00,item_not_as_described,2448.31,True,True,True,True,True,1,True,False,False,179,False,lost
TXN100256,MERCH_ECOM_03,2025-05-04T07:00:00+00:00,item_not_received,1232.26,True,True,True,True,False,2,False,False,False,57,False,won
TXN100257,MERCH_SAAS_02,2025-05-26T15:00:00+00:00,item_not_as_described,3729.13,True,True,True,False,True,2,False,False,False,35,False,lost
TXN100258,MERCH_SAAS_02,2025-04-03T17:00:00+00:00,item_not_received,912.67,True,False,False,True,True,1,False,False,False,88,False,lost
TXN100259,MERCH_SAAS_02,2025-04-27T01:00:00+00:00,item_not_received,1928.52,False,False,False,True,True,1,False,False,False,64,False,lost
TXN100260,MERCH_ECOM_03,2025-04-01T07:00:00+00:00,item_not_as_described,1364.74,False,False,False,True,True,4,True,False,False,90,False,won
TXN100261,MERCH_SAAS_02,2025-03-23T02:00:00+00:00,unrecognized_transaction,623.49,True,True,True,True,False,2,False,False,False,99,False,lost
TXN100262,MERCH_ECOM_03,2025-05-12T08:00:00+00:00,subscription_cancelled,3175.18,False,False,False,True,True,5,False,False,False,49,False,lost
TXN100263,MERCH_RETAIL_01,2025-03-01T08:00:00+00:00,item_not_received,889.11,True,True,False,True,True,4,True,False,False,121,False,won
TXN100264,MERCH_ECOM_03,2025-06-02T07:00:00+00:00,duplicate_charge,366.97,False,False,True,False,False,6,True,True,False,28,True,won
TXN100265,MERCH_SAAS_02,2025-04-01T11:00:00+00:00,item_not_as_described,3451.6,True,True,False,False,True,2,True,False,False,90,False,won
TXN100266,MERCH_SAAS_02,2025-06-26T01:00:00+00:00,unrecognized_transaction,3647.35,True,True,False,True,True,3,True,False,False,4,False,won
TXN100267,MERCH_SAAS_02,2025-01-31T09:00:00+00:00,item_not_received,1641.72,False,False,False,False,True,3,True,False,False,150,False,lost
TXN100268,MERCH_RETAIL_01,2025-05-21T17:00:00+00:00,unrecognized_transaction,2464.46,True,True,False,True,True,7,False,False,False,40,False,won
TXN100269,MERCH_SAAS_02,2025-06-03T10:00:00+00:00,item_not_received,2985.37,True,True,True,False,False,3,False,False,False,27,False,won
TXN100270,MERCH_SAAS_02,2025-01-17T09:00:00+00:00,unrecognized_transaction,3143.99,False,False,False,False,True,5,True,False,False,164,False,won
TXN100271,MERCH_ECOM_03,2025-05-19T15:00:00+00:00,unrecognized_transaction,1903.95,True,False,True,True,False,7,False,False,False,42,False,lost
TXN100272,MERCH_RETAIL_01,2025-05-17T09:00:00+00:00,subscription_cancelled,4919.01,False,False,False,False,True,3,True,False,False,44,False,won
TXN100273,MERCH_ECOM_03,2025-01-29T21:00:00+00:00,unrecognized_transaction,1119.6,True,True,True,True,True,5,False,False,False,152,False,won
TXN100274,MERCH_RETAIL_01,2025-06-11T18:00:00+00:00,item_not_received,1338.15,False,False,False,True,False,5,False,False,False,19,False,won
TXN100275,MERCH_SAAS_02,2025-04-19T19:00:00+00:00,unrecognized_transaction,6715.17,True,True,True,True,True,4,False,False,False,72,False,won
TXN100276,MERCH_ECOM_03,2025-06-09T12:00:00+00:00,item_not_received,9649.09,True,False,True,True,True,5,False,False,False,21,False,won
TXN100277,MERCH_RETAIL_01,2025-03-26T14:00:00+00:00,duplicate_charge,1732.88,True,True,False,True,True,3,False,True,False,96,False,won
TXN100278,MERCH_RETAIL_01,2025-03-31T18:00:00+00:00,item_not_received,1092.54,False,False,False,True,False,3,False,False,False,91,False,lost
TXN100279,MERCH_ECOM_03,2025-04-08T00:00:00+00:00,item_not_received,9511.55,True,True,True,False,True,2,False,False,False,83,False,won
TXN100280,MERCH_SAAS_02,2025-05-07T00:00:00+00:00,item_not_received,974.22,False,False,False,True,True,4,False,False,False,54,False,lost
TXN100281,MERCH_ECOM_03,2025-04-23T14:00:00+00:00,unrecognized_transaction,1628.67,True,True,True,True,True,4,False,False,False,68,False,won
TXN100282,MERCH_SAAS_02,2025-01-29T07:00:00+00:00,item_not_received,1199.15,False,False,False,True,False,4,False,False,False,152,False,lost
TXN100283,MERCH_ECOM_03,2025-05-03T08:00:00+00:00,item_not_received,1557.88,True,False,False,True,True,9,True,False,False,58,False,won
TXN100284,MERCH_ECOM_03,2025-06-15T00:00:00+00:00,unrecognized_transaction,3783.47,False,False,False,True,True,6,False,False,False,15,False,won
TXN100285,MERCH_RETAIL_01,2025-06-14T23:00:00+00:00,item_not_received,1984.55,False,False,False,False,True,3,False,False,False,16,False,lost
TXN100286,MERCH_RETAIL_01,2025-03-07T00:00:00+00:00,item_not_received,10270.62,True,True,False,False,True,2,True,False,False,115,False,won
TXN100287,MERCH_ECOM_03,2025-01-23T12:00:00+00:00,item_not_received,375.06,False,False,False,True,True,2,False,False,False,158,False,lost
TXN100288,MERCH_SAAS_02,2025-01-24T14:00:00+00:00,item_not_received,605.66,False,False,False,True,True,3,True,False,False,157,False,lost
TXN100289,MERCH_RETAIL_01,2025-03-28T06:00:00+00:00,item_not_received,1436.1,False,False,False,True,False,3,True,False,False,94,False,lost
TXN100290,MERCH_SAAS_02,2025-02-26T17:00:00+00:00,item_not_received,6063.16,True,True,True,False,True,2,True,False,False,124,False,won
TXN100291,MERCH_ECOM_03,2025-02-05T08:00:00+00:00,unrecognized_transaction,987.41,True,True,True,True,True,0,False,False,False,145,False,lost
TXN100292,MERCH_ECOM_03,2025-04-30T23:00:00+00:00,item_not_received,1779.15,True,True,True,True,False,4,False,False,False,61,False,won
TXN100293,MERCH_RETAIL_01,2025-06-08T04:00:00+00:00,unrecognized_transaction,920.11,True,True,True,False,False,5,True,False,False,22,False,won
TXN100294,MERCH_RETAIL_01,2025-02-19T03:00:00+00:00,duplicate_charge,111.13,True,True,True,True,True,2,False,True,False,131,False,lost
TXN100295,MERCH_RETAIL_01,2025-04-23T10:00:00+00:00,item_not_as_described,3091.02,False,False,False,False,True,2,False,False,False,68,False,lost
TXN100296,MERCH_RETAIL_01,2025-02-23T21:00:00+00:00,item_not_as_described,1275.8,False,False,False,True,True,3,True,False,False,127,False,won
TXN100297,MERCH_SAAS_02,2025-05-28T00:00:00+00:00,item_not_received,4043.55,True,True,True,True,False,2,True,False,False,33,False,won
TXN100298,MERCH_DIGITAL_04,2025-06-20T23:00:00+00:00,subscription_cancelled,808.91,True,True,False,True,True,4,False,False,False,10,False,lost
TXN100299,MERCH_SAAS_02,2025-01-12T12:00:00+00:00,unrecognized_transaction,1764.43,False,False,False,True,True,3,False,False,False,169,False,won
TXN100300,MERCH_ECOM_03,2025-06-06T09:00:00+00:00,item_not_as_described,1897.02,True,True,True,False,False,7,False,False,False,24,False,lost
TXN100301,MERCH_SAAS_02,2025-06-15T12:00:00+00:00,item_not_received,4296.55,True,False,True,True,True,3,False,False,False,15,False,won
TXN100302,MERCH_ECOM_03,2025-03-19T18:00:00+00:00,unrecognized_transaction,3977.52,True,False,True,True,False,1,False,False,False,103,False,lost
TXN100303,MERCH_RETAIL_01,2025-01-20T00:00:00+00:00,item_not_received,3636.21,True,True,False,False,True,2,False,False,False,161,False,lost
TXN100304,MERCH_SAAS_02,2025-05-06T16:00:00+00:00,item_not_received,1923.91,False,False,False,True,True,2,True,False,False,55,False,lost
TXN100305,MERCH_SAAS_02,2025-05-15T11:00:00+00:00,unrecognized_transaction,1009.89,False,False,False,False,False,2,False,False,False,46,False,lost
TXN100306,MERCH_ECOM_03,2025-05-26T12:00:00+00:00,item_not_as_described,7738.9,False,False,False,True,False,4,False,False,False,35,False,won
TXN100307,MERCH_SAAS_02,2025-03-29T05:00:00+00:00,unrecognized_transaction,2046.49,True,True,True,False,False,4,False,False,False,93,False,lost
TXN100308,MERCH_SAAS_02,2025-05-02T21:00:00+00:00,item_not_as_described,2873.16,True,True,False,False,True,2,False,False,False,59,False,lost
TXN100309,MERCH_RETAIL_01,2025-01-12T23:00:00+00:00,item_not_received,1486.74,True,True,True,True,False,1,False,False,False,169,False,won
TXN100310,MERCH_SAAS_02,2025-06-16T17:00:00+00:00,duplicate_charge,816.32,False,False,False,True,False,3,False,False,False,14,False,lost
TXN100311,MERCH_ECOM_03,2025-04-30T05:00:00+00:00,item_not_received,1336.29,True,True,True,False,True,7,False,False,False,61,False,won
TXN100312,MERCH_RETAIL_01,2025-03-03T11:00:00+00:00,unrecognized_transaction,1836.87,True,True,False,False,False,5,True,False,False,119,False,lost
TXN100313,MERCH_ECOM_03,2025-01-20T05:00:00+00:00,item_not_received,5597.14,True,True,False,True,True,2,True,False,False,161,False,won
TXN100314,MERCH_SAAS_02,2025-04-04T13:00:00+00:00,subscription_cancelled,3619.93,True,True,False,True,False,3,False,False,True,87,False,won
TXN100315,MERCH_DIGITAL_04,2025-02-01T07:00:00+00:00,item_not_received,2170.01,False,False,False,False,True,6,True,False,False,149,False,lost
TXN100316,MERCH_RETAIL_01,2025-02-14T07:00:00+00:00,unrecognized_transaction,2021.72,True,True,False,True,True,2,False,False,False,136,False,lost
TXN100317,MERCH_SAAS_02,2025-05-20T01:00:00+00:00,item_not_as_described,1775.13,False,False,False,False,True,2,False,False,False,41,False,lost
TXN100318,MERCH_SAAS_02,2025-03-19T03:00:00+00:00,duplicate_charge,2347.37,True,False,True,True,True,6,True,True,False,103,False,won
TXN100319,MERCH_ECOM_03,2025-03-25T02:00:00+00:00,unrecognized_transaction,3343.81,False,False,False,True,True,4,True,False,False,97,False,lost
TXN100320,MERCH_DIGITAL_04,2025-03-28T10:00:00+00:00,unrecognized_transaction,1485.82,True,True,False,True,True,1,False,False,False,94,False,won
TXN100321,MERCH_SAAS_02,2025-06-14T23:00:00+00:00,duplicate_charge,2187.31,True,True,True,True,True,4,False,True,False,16,False,won
TXN100322,MERCH_SAAS_02,2025-04-02T18:00:00+00:00,duplicate_charge,1868.13,True,True,True,True,True,6,False,True,False,89,False,won
TXN100323,MERCH_ECOM_03,2025-06-26T22:00:00+00:00,subscription_cancelled,3851.87,True,True,False,True,True,7,True,False,False,4,False,lost
TXN100324,MERCH_RETAIL_01,2025-01-14T10:00:00+00:00,item_not_received,889.3,True,False,False,True,True,2,True,False,False,167,False,lost
TXN100325,MERCH_SAAS_02,2025-05-06T01:00:00+00:00,item_not_as_described,1528.6,False,False,False,True,True,3,False,False,False,55,False,lost
TXN100326,MERCH_DIGITAL_04,2025-06-09T10:00:00+00:00,subscription_cancelled,1907.75,True,True,False,True,True,1,True,False,False,21,False,lost
TXN100327,MERCH_ECOM_03,2025-05-26T23:00:00+00:00,unrecognized_transaction,1687.56,True,True,False,True,False,5,False,False,False,35,False,won
TXN100328,MERCH_RETAIL_01,2025-03-16T17:00:00+00:00,subscription_cancelled,640.56,True,True,False,False,False,2,False,False,False,106,False,lost
TXN100329,MERCH_DIGITAL_04,2025-03-10T02:00:00+00:00,duplicate_charge,3695.54,False,False,False,False,True,4,True,True,False,112,False,won
TXN100330,MERCH_RETAIL_01,2025-06-01T22:00:00+00:00,item_not_as_described,2670.88,True,False,False,True,False,6,False,False,False,29,False,lost
TXN100331,MERCH_ECOM_03,2025-04-05T09:00:00+00:00,unrecognized_transaction,2859.42,False,False,False,False,False,6,True,False,False,86,False,lost
TXN100332,MERCH_RETAIL_01,2025-01-07T13:00:00+00:00,item_not_received,2211.38,False,False,False,False,False,2,False,False,False,174,False,lost
TXN100333,MERCH_RETAIL_01,2025-05-26T17:00:00+00:00,duplicate_charge,609.71,False,False,False,False,True,1,True,True,False,35,False,won
TXN100334,MERCH_RETAIL_01,2025-01-14T09:00:00+00:00,item_not_as_described,939.64,False,False,False,True,True,2,True,False,False,167,False,lost
TXN100335,MERCH_RETAIL_01,2025-03-13T12:00:00+00:00,item_not_received,2327.77,False,False,False,True,True,6,False,False,False,109,False,lost
TXN100336,MERCH_ECOM_03,2025-01-07T06:00:00+00:00,unrecognized_transaction,1213.97,True,True,True,True,True,2,True,False,False,174,False,lost
TXN100337,MERCH_ECOM_03,2025-04-18T21:00:00+00:00,duplicate_charge,7218.86,True,True,True,True,True,0,False,False,False,73,False,lost
TXN100338,MERCH_SAAS_02,2025-01-05T07:00:00+00:00,item_not_received,758.64,False,False,False,True,True,4,True,False,False,176,False,lost
TXN100339,MERCH_SAAS_02,2025-06-13T19:00:00+00:00,subscription_cancelled,2968.85,False,False,False,False,False,2,True,False,False,17,False,won
TXN100340,MERCH_ECOM_03,2025-02-03T15:00:00+00:00,duplicate_charge,520.0,True,True,True,False,False,3,True,True,False,147,False,won
TXN100341,MERCH_ECOM_03,2025-02-25T22:00:00+00:00,item_not_as_described,5092.97,True,False,False,False,False,1,False,False,False,125,False,lost
TXN100342,MERCH_SAAS_02,2025-04-08T19:00:00+00:00,unrecognized_transaction,3313.59,True,False,False,True,True,2,True,False,False,83,False,won
TXN100343,MERCH_RETAIL_01,2025-05-19T14:00:00+00:00,item_not_received,2102.61,False,False,False,True,True,6,False,False,False,42,False,lost
TXN100344,MERCH_RETAIL_01,2025-02-26T10:00:00+00:00,duplicate_charge,1351.6,False,False,False,False,True,3,False,True,False,124,False,lost
TXN100345,MERCH_ECOM_03,2025-01-15T09:00:00+00:00,unrecognized_transaction,2998.48,False,False,False,True,False,2,True,False,False,166,False,lost
TXN100346,MERCH_RETAIL_01,2025-04-07T15:00:00+00:00,unrecognized_transaction,1468.44,False,False,False,False,True,7,True,False,False,84,False,lost
TXN100347,MERCH_ECOM_03,2025-01-05T23:00:00+00:00,item_not_received,4864.92,True,True,True,True,True,5,True,False,False,176,False,won
TXN100348,MERCH_DIGITAL_04,2025-01-24T13:00:00+00:00,item_not_received,1530.87,True,False,True,True,True,3,True,False,False,157,False,won
TXN100349,MERCH_SAAS_02,2025-05-11T18:00:00+00:00,unrecognized_transaction,1479.91,False,False,False,False,True,1,False,False,False,50,False,lost
TXN100350,MERCH_DIGITAL_04,2025-03-18T10:00:00+00:00,item_not_received,852.71,True,False,True,False,True,3,True,False,False,104,False,lost
TXN100351,MERCH_DIGITAL_04,2025-02-05T18:00:00+00:00,item_not_received,3245.92,True,True,True,True,True,0,False,False,False,145,False,lost
TXN100352,MERCH_RETAIL_01,2025-01-21T21:00:00+00:00,unrecognized_transaction,1514.51,True,True,True,True,True,4,False,False,False,160,False,won
TXN100353,MERCH_RETAIL_01,2025-03-17T21:00:00+00:00,item_not_as_described,1466.26,False,False,False,False,True,1,False,False,False,105,False,lost
TXN100354,MERCH_SAAS_02,2025-04-01T17:00:00+00:00,subscription_cancelled,4975.28,False,False,False,True,True,2,False,False,True,90,False,won
TXN100355,MERCH_RETAIL_01,2025-03-22T12:00:00+00:00,item_not_as_described,1594.79,True,True,True,False,True,5,True,False,False,100,False,lost
TXN100356,MERCH_SAAS_02,2025-04-08T15:00:00+00:00,item_not_received,4695.17,True,True,False,True,True,8,False,False,False,83,False,lost
TXN100357,MERCH_RETAIL_01,2025-02-22T04:00:00+00:00,item_not_as_described,3231.17,True,True,False,True,True,1,True,False,False,128,False,lost
TXN100358,MERCH_SAAS_02,2025-02-15T23:00:00+00:00,item_not_as_described,1592.45,True,True,False,True,True,0,False,False,False,135,False,lost
TXN100359,MERCH_DIGITAL_04,2025-01-14T07:00:00+00:00,unrecognized_transaction,2094.63,False,True,True,False,False,5,True,False,False,167,True,lost
TXN100360,MERCH_ECOM_03,2025-03-15T13:00:00+00:00,item_not_received,696.8,True,True,False,True,True,7,True,False,False,107,False,lost
TXN100361,MERCH_ECOM_03,2025-01-11T17:00:00+00:00,unrecognized_transaction,2427.62,False,False,False,True,True,6,True,False,False,170,False,won
TXN100362,MERCH_ECOM_03,2025-04-23T13:00:00+00:00,unrecognized_transaction,5616.48,True,True,True,False,True,1,False,False,False,68,False,lost
TXN100363,MERCH_RETAIL_01,2025-03-17T12:00:00+00:00,unrecognized_transaction,2549.8,True,True,False,False,False,4,False,False,False,105,False,lost
TXN100364,MERCH_SAAS_02,2025-03-04T11:00:00+00:00,subscription_cancelled,400.06,True,True,False,False,False,4,False,False,True,118,False,won
TXN100365,MERCH_RETAIL_01,2025-05-01T19:00:00+00:00,duplicate_charge,3023.91,True,True,True,True,True,3,False,True,False,60,False,won
TXN100366,MERCH_RETAIL_01,2025-04-13T20:00:00+00:00,item_not_as_described,1408.83,True,True,False,True,True,2,False,False,False,78,False,won
TXN100367,MERCH_SAAS_02,2025-05-21T10:00:00+00:00,item_not_as_described,598.99,False,False,True,False,False,6,False,False,False,40,True,lost
TXN100368,MERCH_RETAIL_01,2025-05-02T06:00:00+00:00,subscription_cancelled,4614.77,False,False,False,True,False,3,True,False,False,59,False,lost
TXN100369,MERCH_SAAS_02,2025-06-14T05:00:00+00:00,item_not_received,1976.89,True,False,False,False,True,3,True,False,False,16,False,lost
TXN100370,MERCH_SAAS_02,2025-01-20T05:00:00+00:00,item_not_as_described,2824.46,False,False,False,False,True,1,True,False,False,161,False,lost
TXN100371,MERCH_SAAS_02,2025-04-22T13:00:00+00:00,item_not_as_described,1142.75,True,True,False,True,False,2,False,False,False,69,False,lost
TXN100372,MERCH_ECOM_03,2025-03-14T06:00:00+00:00,item_not_received,1463.23,True,True,True,True,True,3,False,False,False,108,False,won
TXN100373,MERCH_RETAIL_01,2025-05-06T03:00:00+00:00,duplicate_charge,2049.75,True,True,True,True,True,2,True,True,False,55,False,won
TXN100374,MERCH_RETAIL_01,2025-05-13T17:00:00+00:00,item_not_received,1632.73,True,False,True,True,True,4,True,False,False,48,False,lost
TXN100375,MERCH_DIGITAL_04,2025-03-05T04:00:00+00:00,unrecognized_transaction,891.11,True,True,False,True,False,6,False,False,False,117,False,won
TXN100376,MERCH_RETAIL_01,2025-02-08T16:00:00+00:00,item_not_as_described,817.51,True,True,True,True,True,2,True,False,False,142,False,lost
TXN100377,MERCH_RETAIL_01,2025-03-22T21:00:00+00:00,item_not_as_described,3276.72,False,False,False,True,False,3,True,False,False,100,False,lost
TXN100378,MERCH_ECOM_03,2025-05-27T02:00:00+00:00,duplicate_charge,795.08,True,True,True,True,True,11,False,False,False,34,False,won
TXN100379,MERCH_SAAS_02,2025-02-05T05:00:00+00:00,item_not_received,1031.46,False,False,False,True,False,1,False,False,False,145,False,lost
TXN100380,MERCH_RETAIL_01,2025-04-16T05:00:00+00:00,item_not_as_described,7831.77,False,False,False,False,True,4,True,False,False,75,False,lost
TXN100381,MERCH_RETAIL_01,2025-05-07T20:00:00+00:00,item_not_received,1661.55,True,True,True,False,True,5,False,False,False,54,False,won
TXN100382,MERCH_RETAIL_01,2025-06-10T17:00:00+00:00,duplicate_charge,2228.47,False,False,False,True,True,4,True,True,False,20,False,won
TXN100383,MERCH_DIGITAL_04,2025-04-25T23:00:00+00:00,item_not_received,3815.02,True,True,True,True,False,4,True,False,False,66,False,won
TXN100384,MERCH_RETAIL_01,2025-05-13T04:00:00+00:00,subscription_cancelled,453.83,False,False,False,False,True,0,True,False,False,48,False,lost
TXN100385,MERCH_RETAIL_01,2025-02-12T09:00:00+00:00,duplicate_charge,4544.87,False,False,False,True,True,4,False,True,False,138,False,won
TXN100386,MERCH_ECOM_03,2025-02-26T07:00:00+00:00,item_not_received,2018.82,True,True,True,True,True,3,True,False,False,124,False,won
TXN100387,MERCH_RETAIL_01,2025-05-03T09:00:00+00:00,item_not_received,905.1,True,True,True,True,True,6,False,False,False,58,False,won
TXN100388,MERCH_RETAIL_01,2025-04-07T09:00:00+00:00,duplicate_charge,2832.67,False,False,True,True,True,5,False,True,False,84,True,won
TXN100389,MERCH_RETAIL_01,2025-05-10T09:00:00+00:00,item_not_received,593.98,True,True,False,True,False,3,False,False,False,51,False,won
TXN100390,MERCH_ECOM_03,2025-01-29T03:00:00+00:00,item_not_received,2455.18,False,False,False,True,True,4,False,False,False,152,False,lost
TXN100391,MERCH_RETAIL_01,2025-05-23T01:00:00+00:00,item_not_received,1011.93,True,True,True,True,False,4,False,False,False,38,False,won
TXN100392,MERCH_ECOM_03,2025-05-28T08:00:00+00:00,item_not_received,1932.64,True,True,False,False,True,5,False,False,False,33,False,won
TXN100393,MERCH_DIGITAL_04,2025-01-20T11:00:00+00:00,unrecognized_transaction,4970.02,True,True,True,True,True,0,True,False,False,161,False,lost
TXN100394,MERCH_DIGITAL_04,2025-05-29T21:00:00+00:00,item_not_as_described,1475.36,True,True,True,True,True,4,False,False,False,32,False,won
TXN100395,MERCH_SAAS_02,2025-06-22T01:00:00+00:00,item_not_received,4261.32,True,True,False,False,True,3,False,False,False,8,False,lost
TXN100396,MERCH_ECOM_03,2025-05-14T04:00:00+00:00,unrecognized_transaction,5971.79,True,True,False,True,False,1,False,False,False,47,False,lost
TXN100397,MERCH_SAAS_02,2025-02-19T04:00:00+00:00,item_not_as_described,3259.01,True,True,False,False,False,4,True,False,False,131,False,won
TXN100398,MERCH_ECOM_03,2025-03-17T01:00:00+00:00,item_not_as_described,2366.6,True,True,False,False,False,6,False,False,False,105,False,lost
TXN100399,MERCH_ECOM_03,2025-02-02T08:00:00+00:00,subscription_cancelled,3066.25,True,True,False,True,False,5,True,False,False,148,False,lost
TXN100400,MERCH_RETAIL_01,2025-01-02T07:00:00+00:00,unrecognized_transaction,1311.93,True,False,True,True,True,3,True,False,False,179,False,lost
TXN100401,MERCH_ECOM_03,2025-03-05T20:00:00+00:00,unrecognized_transaction,3080.78,False,False,False,True,True,5,True,False,False,117,False,lost
TXN100402,MERCH_SAAS_02,2025-03-09T18:00:00+00:00,unrecognized_transaction,2545.78,False,False,True,False,False,6,False,False,False,113,True,lost
TXN100403,MERCH_RETAIL_01,2025-02-21T13:00:00+00:00,unrecognized_transaction,3121.94,True,False,False,True,True,5,False,False,False,129,False,won
TXN100404,MERCH_ECOM_03,2025-05-12T06:00:00+00:00,unrecognized_transaction,5049.4,False,False,False,True,False,3,False,False,False,49,False,won
TXN100405,MERCH_SAAS_02,2025-06-15T17:00:00+00:00,unrecognized_transaction,6381.5,False,False,False,True,True,6,False,False,False,15,False,won
TXN100406,MERCH_ECOM_03,2025-03-05T15:00:00+00:00,unrecognized_transaction,5361.39,False,False,False,False,True,2,True,False,False,117,False,lost
TXN100407,MERCH_SAAS_02,2025-04-17T11:00:00+00:00,item_not_received,1889.93,False,False,False,True,True,3,False,False,False,74,False,lost
TXN100408,MERCH_RETAIL_01,2025-01-07T17:00:00+00:00,item_not_as_described,3799.76,True,True,True,False,True,1,False,False,False,174,False,lost
TXN100409,MERCH_RETAIL_01,2025-06-03T07:00:00+00:00,item_not_received,6420.12,False,False,False,True,False,2,False,False,False,27,False,lost
TXN100410,MERCH_RETAIL_01,2025-02-06T07:00:00+00:00,item_not_received,4480.77,True,True,True,True,True,4,True,False,False,144,False,won
TXN100411,MERCH_ECOM_03,2025-03-17T10:00:00+00:00,item_not_received,818.68,False,False,False,True,False,1,False,False,False,105,False,lost
TXN100412,MERCH_ECOM_03,2025-02-25T20:00:00+00:00,duplicate_charge,1312.24,True,True,False,True,True,3,True,True,False,125,False,won
TXN100413,MERCH_SAAS_02,2025-01-26T10:00:00+00:00,item_not_received,814.85,True,True,True,True,False,3,True,False,False,155,False,lost
TXN100414,MERCH_DIGITAL_04,2025-06-07T23:00:00+00:00,duplicate_charge,2748.93,True,True,True,True,True,4,True,True,False,23,False,won
TXN100415,MERCH_ECOM_03,2025-05-23T13:00:00+00:00,unrecognized_transaction,2668.34,False,False,False,True,False,2,True,False,False,38,False,lost
TXN100416,MERCH_ECOM_03,2025-06-15T23:00:00+00:00,item_not_as_described,363.58,True,True,True,False,True,5,True,False,False,15,False,won
TXN100417,MERCH_ECOM_03,2025-05-25T21:00:00+00:00,item_not_received,2015.97,False,False,False,True,False,4,True,False,False,36,False,won
TXN100418,MERCH_ECOM_03,2025-06-29T19:00:00+00:00,subscription_cancelled,2269.32,False,False,False,True,False,7,False,False,False,1,False,lost
TXN100419,MERCH_RETAIL_01,2025-04-13T15:00:00+00:00,item_not_as_described,3508.97,False,False,False,True,True,1,True,False,False,78,False,won
TXN100420,MERCH_RETAIL_01,2025-05-12T14:00:00+00:00,item_not_received,530.86,True,True,False,False,True,2,False,False,False,49,False,won
TXN100421,MERCH_RETAIL_01,2025-01-08T18:00:00+00:00,unrecognized_transaction,3477.89,False,True,True,False,True,4,False,False,False,173,True,lost
TXN100422,MERCH_RETAIL_01,2025-04-05T02:00:00+00:00,item_not_received,665.35,True,True,True,True,True,5,False,False,False,86,False,won
TXN100423,MERCH_RETAIL_01,2025-02-05T20:00:00+00:00,duplicate_charge,4939.34,False,False,False,True,False,0,True,True,False,145,False,won
TXN100424,MERCH_ECOM_03,2025-03-26T23:00:00+00:00,subscription_cancelled,1853.18,True,True,True,False,True,1,False,False,True,96,False,won
TXN100425,MERCH_SAAS_02,2025-05-11T08:00:00+00:00,subscription_cancelled,1541.72,False,False,False,True,True,4,True,False,True,50,False,won
TXN100426,MERCH_RETAIL_01,2025-01-15T00:00:00+00:00,item_not_received,2768.89,False,False,False,False,True,6,False,False,False,166,False,lost
TXN100427,MERCH_SAAS_02,2025-01-20T23:00:00+00:00,unrecognized_transaction,5351.63,False,False,True,False,True,1,True,False,False,161,True,lost
TXN100428,MERCH_DIGITAL_04,2025-01-28T20:00:00+00:00,item_not_received,578.27,False,False,False,True,True,8,True,False,False,153,False,lost
TXN100429,MERCH_RETAIL_01,2025-02-23T01:00:00+00:00,duplicate_charge,567.91,True,True,True,True,True,1,True,True,False,127,False,won
TXN100430,MERCH_RETAIL_01,2025-03-21T20:00:00+00:00,subscription_cancelled,807.43,False,False,False,False,True,4,False,False,True,101,False,won
TXN100431,MERCH_RETAIL_01,2025-05-23T11:00:00+00:00,item_not_received,953.44,True,True,True,True,True,5,True,False,False,38,False,won
TXN100432,MERCH_SAAS_02,2025-02-15T17:00:00+00:00,duplicate_charge,3300.15,False,False,False,False,True,5,False,True,False,135,False,lost
TXN100433,MERCH_ECOM_03,2025-03-27T23:00:00+00:00,item_not_received,3573.15,True,True,True,True,True,3,False,False,False,95,False,won
TXN100434,MERCH_ECOM_03,2025-03-25T05:00:00+00:00,item_not_received,1623.24,True,True,True,True,True,5,True,False,False,97,False,won
TXN100435,MERCH_RETAIL_01,2025-05-10T07:00:00+00:00,item_not_received,851.5,True,True,True,True,False,4,True,False,False,51,False,won
TXN100436,MERCH_SAAS_02,2025-01-22T07:00:00+00:00,unrecognized_transaction,3677.95,True,False,True,True,True,3,False,False,False,159,False,won
TXN100437,MERCH_RETAIL_01,2025-05-07T03:00:00+00:00,subscription_cancelled,1685.36,True,True,False,False,False,4,False,False,False,54,False,lost
TXN100438,MERCH_RETAIL_01,2025-02-14T07:00:00+00:00,subscription_cancelled,8958.75,True,True,False,False,True,1,True,False,True,136,False,won
TXN100439,MERCH_ECOM_03,2025-02-05T05:00:00+00:00,unrecognized_transaction,3097.32,True,False,True,True,False,3,False,False,False,145,False,lost
TXN100440,MERCH_RETAIL_01,2025-05-01T20:00:00+00:00,duplicate_charge,1421.68,True,True,False,False,False,3,False,True,False,60,False,won
TXN100441,MERCH_DIGITAL_04,2025-01-24T15:00:00+00:00,item_not_received,663.24,True,True,True,True,True,0,False,False,False,157,False,won
TXN100442,MERCH_RETAIL_01,2025-06-20T18:00:00+00:00,unrecognized_transaction,697.59,True,False,True,True,True,3,True,False,False,10,False,won
TXN100443,MERCH_SAAS_02,2025-04-27T07:00:00+00:00,duplicate_charge,2074.77,True,True,False,True,True,4,False,True,False,64,False,won
TXN100444,MERCH_SAAS_02,2025-01-05T15:00:00+00:00,item_not_received,1793.07,True,True,True,False,False,5,False,False,False,176,False,won
TXN100445,MERCH_ECOM_03,2025-03-02T19:00:00+00:00,duplicate_charge,1365.93,True,True,False,False,True,6,False,True,False,120,False,won
TXN100446,MERCH_RETAIL_01,2025-01-10T05:00:00+00:00,item_not_received,1022.82,False,False,False,False,True,4,True,False,False,171,False,lost
TXN100447,MERCH_RETAIL_01,2025-05-18T14:00:00+00:00,item_not_as_described,1619.35,True,True,False,True,False,5,False,False,False,43,False,lost
TXN100448,MERCH_SAAS_02,2025-01-12T03:00:00+00:00,unrecognized_transaction,1989.0,True,True,False,False,False,0,True,False,False,169,False,lost
TXN100449,MERCH_RETAIL_01,2025-05-23T01:00:00+00:00,item_not_received,1934.11,True,False,False,False,True,6,False,False,False,38,False,won
TXN100450,MERCH_RETAIL_01,2025-04-20T02:00:00+00:00,item_not_received,2583.85,False,False,False,True,True,4,False,False,False,71,False,lost
TXN100451,MERCH_ECOM_03,2025-03-15T08:00:00+00:00,subscription_cancelled,1164.85,True,True,False,True,True,2,False,False,True,107,False,won
TXN100452,MERCH_RETAIL_01,2025-02-13T16:00:00+00:00,unrecognized_transaction,329.12,False,False,True,True,True,5,False,False,False,137,True,won
TXN100453,MERCH_ECOM_03,2025-02-08T03:00:00+00:00,unrecognized_transaction,1755.14,True,False,False,True,True,3,False,False,False,142,False,won
TXN100454,MERCH_RETAIL_01,2025-06-22T05:00:00+00:00,unrecognized_transaction,2956.55,False,False,False,False,False,3,False,False,False,8,False,lost
TXN100455,MERCH_SAAS_02,2025-05-16T04:00:00+00:00,duplicate_charge,1250.46,False,False,False,True,True,8,True,True,False,45,False,won
TXN100456,MERCH_ECOM_03,2025-06-19T05:00:00+00:00,unrecognized_transaction,4468.44,True,False,False,False,False,3,False,False,False,11,False,lost
TXN100457,MERCH_SAAS_02,2025-01-06T12:00:00+00:00,item_not_as_described,1655.52,True,True,False,False,True,4,False,False,False,175,False,lost
TXN100458,MERCH_DIGITAL_04,2025-05-26T20:00:00+00:00,subscription_cancelled,3369.98,False,False,True,True,True,3,True,False,False,35,True,won
TXN100459,MERCH_SAAS_02,2025-01-10T04:00:00+00:00,item_not_received,1661.71,False,False,False,True,True,3,True,False,False,171,False,lost
TXN100460,MERCH_SAAS_02,2025-04-15T19:00:00+00:00,unrecognized_transaction,1856.47,True,False,False,True,True,1,False,False,False,76,False,won
TXN100461,MERCH_SAAS_02,2025-05-14T22:00:00+00:00,item_not_received,2409.73,True,True,False,True,True,1,True,False,False,47,False,won
TXN100462,MERCH_RETAIL_01,2025-02-13T22:00:00+00:00,unrecognized_transaction,2053.48,False,False,False,True,True,4,True,False,False,137,False,won
TXN100463,MERCH_RETAIL_01,2025-06-06T08:00:00+00:00,unrecognized_transaction,1625.2,False,False,False,False,True,2,False,False,False,24,False,lost
TXN100464,MERCH_RETAIL_01,2025-03-11T05:00:00+00:00,item_not_received,315.19,False,False,False,True,True,1,True,False,False,111,False,lost
TXN100465,MERCH_RETAIL_01,2025-02-05T20:00:00+00:00,unrecognized_transaction,1270.2,False,False,False,True,True,4,False,False,False,145,False,won
TXN100466,MERCH_RETAIL_01,2025-03-26T01:00:00+00:00,item_not_as_described,3513.9,False,False,False,True,True,6,True,False,False,96,False,won
TXN100467,MERCH_ECOM_03,2025-03-28T09:00:00+00:00,duplicate_charge,3667.12,True,True,True,False,True,1,True,True,False,94,False,won
TXN100468,MERCH_RETAIL_01,2025-02-25T18:00:00+00:00,item_not_as_described,657.26,True,False,True,False,True,2,False,False,False,125,False,lost
TXN100469,MERCH_ECOM_03,2025-04-12T18:00:00+00:00,unrecognized_transaction,2233.14,True,False,False,True,True,8,False,False,False,79,False,won
TXN100470,MERCH_ECOM_03,2025-02-11T06:00:00+00:00,duplicate_charge,1407.36,True,True,False,True,True,4,True,True,False,139,False,won
TXN100471,MERCH_RETAIL_01,2025-01-24T06:00:00+00:00,unrecognized_transaction,408.38,True,True,False,False,False,3,False,False,False,157,False,lost
TXN100472,MERCH_ECOM_03,2025-02-08T03:00:00+00:00,item_not_as_described,577.9,True,True,True,True,True,1,True,False,False,142,False,won
TXN100473,MERCH_RETAIL_01,2025-04-03T17:00:00+00:00,duplicate_charge,3647.3,False,False,False,True,True,1,False,False,False,88,False,lost
TXN100474,MERCH_RETAIL_01,2025-03-11T08:00:00+00:00,item_not_as_described,1902.58,True,True,True,True,True,3,True,False,False,111,False,won
TXN100475,MERCH_DIGITAL_04,2025-06-13T02:00:00+00:00,item_not_received,401.98,False,False,False,False,True,3,False,False,False,17,False,lost
TXN100476,MERCH_RETAIL_01,2025-04-29T23:00:00+00:00,unrecognized_transaction,570.03,False,False,False,False,True,2,False,False,False,62,False,won
TXN100477,MERCH_SAAS_02,2025-05-26T20:00:00+00:00,unrecognized_transaction,1580.69,True,True,True,False,False,3,False,False,False,35,False,lost
TXN100478,MERCH_RETAIL_01,2025-05-05T17:00:00+00:00,unrecognized_transaction,1761.5,True,True,False,False,True,1,False,False,False,56,False,lost
TXN100479,MERCH_SAAS_02,2025-01-21T20:00:00+00:00,item_not_received,1180.78,False,False,False,True,False,3,False,False,False,160,False,lost
TXN100480,MERCH_RETAIL_01,2025-03-21T20:00:00+00:00,item_not_received,1222.71,False,True,True,True,True,1,True,False,False,101,True,won
TXN100481,MERCH_RETAIL_01,2025-03-30T11:00:00+00:00,unrecognized_transaction,4931.04,False,False,False,True,True,3,True,False,False,92,False,lost
TXN100482,MERCH_SAAS_02,2025-05-22T21:00:00+00:00,unrecognized_transaction,2240.78,True,True,True,True,True,3,False,False,False,39,False,won
TXN100483,MERCH_RETAIL_01,2025-05-30T21:00:00+00:00,duplicate_charge,1979.5,True,True,False,True,False,4,True,True,False,31,False,won
TXN100484,MERCH_RETAIL_01,2025-03-05T22:00:00+00:00,item_not_as_described,1212.93,True,True,False,False,False,6,True,False,False,117,False,lost
TXN100485,MERCH_RETAIL_01,2025-01-09T16:00:00+00:00,item_not_received,6084.41,False,False,False,False,True,4,True,False,False,172,False,lost
TXN100486,MERCH_RETAIL_01,2025-05-08T09:00:00+00:00,item_not_received,3697.37,True,True,True,True,True,2,True,False,False,53,False,won
TXN100487,MERCH_RETAIL_01,2025-05-21T21:00:00+00:00,item_not_as_described,3270.22,False,False,False,False,True,3,True,False,False,40,False,won
TXN100488,MERCH_SAAS_02,2025-03-19T01:00:00+00:00,unrecognized_transaction,1941.29,False,False,False,True,False,3,False,False,False,103,False,lost
TXN100489,MERCH_ECOM_03,2025-06-04T10:00:00+00:00,unrecognized_transaction,2470.84,True,False,True,True,True,4,False,False,False,26,False,won
TXN100490,MERCH_DIGITAL_04,2025-02-02T10:00:00+00:00,duplicate_charge,1040.68,False,False,False,True,True,2,True,False,False,148,False,lost
TXN100491,MERCH_DIGITAL_04,2025-01-07T07:00:00+00:00,duplicate_charge,2515.65,False,False,False,False,False,0,False,True,False,174,False,lost
TXN100492,MERCH_SAAS_02,2025-04-08T16:00:00+00:00,unrecognized_transaction,1403.39,True,True,False,False,False,3,True,False,False,83,False,lost
TXN100493,MERCH_ECOM_03,2025-05-14T13:00:00+00:00,unrecognized_transaction,2421.36,True,True,True,False,True,0,False,False,False,47,False,lost
TXN100494,MERCH_SAAS_02,2025-05-02T15:00:00+00:00,duplicate_charge,1520.91,False,True,True,False,False,4,True,True,False,59,True,won
TXN100495,MERCH_SAAS_02,2025-05-01T02:00:00+00:00,subscription_cancelled,4029.36,True,True,True,True,True,3,False,False,True,60,False,won
TXN100496,MERCH_DIGITAL_04,2025-06-20T10:00:00+00:00,subscription_cancelled,1859.86,True,True,False,True,True,2,True,False,False,10,False,lost
TXN100497,MERCH_SAAS_02,2025-06-17T23:00:00+00:00,item_not_as_described,2284.38,False,False,False,True,True,3,False,False,False,13,False,won
TXN100498,MERCH_RETAIL_01,2025-06-10T21:00:00+00:00,item_not_as_described,174.82,False,False,False,True,False,3,True,False,False,20,False,lost
TXN100499,MERCH_ECOM_03,2025-05-25T15:00:00+00:00,item_not_received,3227.53,False,False,False,True,True,5,True,False,False,36,False,won
TXN100500,MERCH_SAAS_02,2025-03-23T22:00:00+00:00,unrecognized_transaction,5072.32,False,False,False,False,True,5,False,False,False,99,False,lost
TXN100501,MERCH_DIGITAL_04,2025-04-04T22:00:00+00:00,duplicate_charge,3129.7,True,True,False,True,False,5,False,False,False,87,False,lost
TXN100502,MERCH_RETAIL_01,2025-05-02T15:00:00+00:00,unrecognized_transaction,3913.16,True,True,False,True,False,5,False,False,False,59,False,lost
TXN100503,MERCH_SAAS_02,2025-01-24T23:00:00+00:00,unrecognized_transaction,1892.38,True,True,True,False,True,4,True,False,False,157,False,lost
TXN100504,MERCH_DIGITAL_04,2025-06-25T18:00:00+00:00,subscription_cancelled,2720.92,True,True,False,True,True,5,True,False,True,5,False,won
TXN100505,MERCH_DIGITAL_04,2025-02-13T15:00:00+00:00,item_not_received,908.39,False,False,False,True,False,8,False,False,False,137,False,lost
TXN100506,MERCH_ECOM_03,2025-01-25T18:00:00+00:00,item_not_received,4383.78,True,True,True,False,False,4,True,False,False,156,False,won
TXN100507,MERCH_RETAIL_01,2025-03-31T10:00:00+00:00,unrecognized_transaction,1920.51,True,True,False,False,True,7,True,False,False,91,False,lost
TXN100508,MERCH_ECOM_03,2025-05-11T04:00:00+00:00,item_not_received,2081.42,True,False,False,True,True,4,True,False,False,50,False,won
TXN100509,MERCH_DIGITAL_04,2025-01-04T17:00:00+00:00,subscription_cancelled,3008.56,True,True,False,True,False,4,True,False,False,177,False,lost
TXN100510,MERCH_SAAS_02,2025-03-11T03:00:00+00:00,unrecognized_transaction,526.39,True,True,False,True,True,5,False,False,False,111,False,won
TXN100511,MERCH_RETAIL_01,2025-02-03T10:00:00+00:00,item_not_received,4709.95,False,True,True,False,True,4,True,False,False,147,True,won
TXN100512,MERCH_DIGITAL_04,2025-01-26T03:00:00+00:00,duplicate_charge,3258.18,True,True,True,False,False,1,False,True,False,155,False,lost
TXN100513,MERCH_ECOM_03,2025-04-30T02:00:00+00:00,item_not_received,1681.72,True,True,False,True,True,2,True,False,False,61,False,won
TXN100514,MERCH_ECOM_03,2025-04-21T07:00:00+00:00,item_not_received,1304.37,True,True,False,True,False,4,False,False,False,70,False,won
TXN100515,MERCH_RETAIL_01,2025-02-13T15:00:00+00:00,unrecognized_transaction,1752.61,False,False,False,True,True,3,False,False,False,137,False,won
TXN100516,MERCH_DIGITAL_04,2025-02-12T13:00:00+00:00,item_not_received,960.02,True,True,True,False,True,7,True,False,False,138,False,won
TXN100517,MERCH_RETAIL_01,2025-06-17T03:00:00+00:00,item_not_received,5399.76,True,True,True,True,True,1,False,False,False,13,False,won
TXN100518,MERCH_ECOM_03,2025-01-19T00:00:00+00:00,duplicate_charge,3039.54,True,True,False,True,True,4,True,True,False,162,False,won
TXN100519,MERCH_DIGITAL_04,2025-06-25T11:00:00+00:00,unrecognized_transaction,3709.08,True,False,False,False,False,4,False,False,False,5,False,won
TXN100520,MERCH_ECOM_03,2025-05-24T12:00:00+00:00,subscription_cancelled,2993.81,True,True,False,True,True,6,True,False,True,37,False,won
TXN100521,MERCH_RETAIL_01,2025-03-13T21:00:00+00:00,subscription_cancelled,882.68,True,True,False,True,False,6,False,False,True,109,False,won
TXN100522,MERCH_RETAIL_01,2025-05-09T23:00:00+00:00,unrecognized_transaction,3568.83,True,True,True,True,True,6,False,False,False,52,False,won
TXN100523,MERCH_SAAS_02,2025-01-30T13:00:00+00:00,duplicate_charge,2346.94,False,False,False,False,True,6,True,False,False,151,False,lost
TXN100524,MERCH_SAAS_02,2025-02-17T13:00:00+00:00,item_not_received,1050.36,True,True,True,True,False,4,False,False,False,133,False,won
TXN100525,MERCH_RETAIL_01,2025-04-25T17:00:00+00:00,unrecognized_transaction,3800.92,True,False,False,True,False,4,True,False,False,66,False,lost
TXN100526,MERCH_ECOM_03,2025-02-08T04:00:00+00:00,duplicate_charge,2440.01,False,False,False,True,True,3,True,True,False,142,False,won
TXN100527,MERCH_DIGITAL_04,2025-03-30T07:00:00+00:00,item_not_received,1552.75,False,True,True,False,True,6,False,False,False,92,True,won
TXN100528,MERCH_RETAIL_01,2025-04-03T16:00:00+00:00,item_not_received,1922.33,True,True,True,False,True,2,True,False,False,88,False,won
TXN100529,MERCH_ECOM_03,2025-03-17T18:00:00+00:00,unrecognized_transaction,980.86,True,False,False,False,True,5,True,False,False,105,False,lost
TXN100530,MERCH_RETAIL_01,2025-05-21T15:00:00+00:00,item_not_as_described,8419.94,True,True,False,True,True,1,False,False,False,40,False,lost
TXN100531,MERCH_SAAS_02,2025-05-28T18:00:00+00:00,item_not_received,5976.46,True,True,True,True,False,5,False,False,False,33,False,lost
TXN100532,MERCH_ECOM_03,2025-04-08T17:00:00+00:00,item_not_received,966.33,True,True,False,False,True,3,False,False,False,83,False,won
TXN100533,MERCH_SAAS_02,2025-05-24T01:00:00+00:00,item_not_received,1083.63,True,False,True,True,True,3,True,False,False,37,False,won
TXN100534,MERCH_RETAIL_01,2025-05-21T03:00:00+00:00,item_not_received,5479.17,True,True,True,True,True,3,False,False,False,40,False,won
TXN100535,MERCH_ECOM_03,2025-05-06T21:00:00+00:00,unrecognized_transaction,2716.08,False,False,False,True,True,7,True,False,False,55,False,won
TXN100536,MERCH_RETAIL_01,2025-04-27T08:00:00+00:00,unrecognized_transaction,4483.78,True,True,False,True,True,2,False,False,False,64,False,won
TXN100537,MERCH_RETAIL_01,2025-03-27T14:00:00+00:00,duplicate_charge,1570.86,True,True,True,False,True,2,False,True,False,95,False,won
TXN100538,MERCH_ECOM_03,2025-06-25T11:00:00+00:00,item_not_received,2187.92,False,False,False,True,True,5,True,False,False,5,False,won
TXN100539,MERCH_RETAIL_01,2025-03-25T11:00:00+00:00,duplicate_charge,547.18,True,True,True,True,True,2,False,False,False,97,False,lost
TXN100540,MERCH_RETAIL_01,2025-02-23T04:00:00+00:00,duplicate_charge,4502.85,True,True,False,True,True,1,True,False,False,127,False,lost
TXN100541,MERCH_ECOM_03,2025-06-16T02:00:00+00:00,item_not_received,1432.94,True,True,False,True,True,2,False,False,False,14,False,won
TXN100542,MERCH_RETAIL_01,2025-05-13T01:00:00+00:00,item_not_received,1864.27,False,False,True,True,True,4,False,False,False,48,True,won
TXN100543,MERCH_ECOM_03,2025-01-09T17:00:00+00:00,item_not_received,4248.14,True,True,False,False,True,1,True,False,False,172,False,lost
TXN100544,MERCH_ECOM_03,2025-05-07T06:00:00+00:00,item_not_received,3093.73,True,False,False,True,False,1,True,False,False,54,False,lost
TXN100545,MERCH_SAAS_02,2025-05-24T14:00:00+00:00,duplicate_charge,3217.66,False,False,False,True,True,0,False,False,False,37,False,lost
TXN100546,MERCH_SAAS_02,2025-01-18T09:00:00+00:00,item_not_received,3050.69,True,False,True,False,False,3,False,False,False,163,False,lost
TXN100547,MERCH_RETAIL_01,2025-03-02T10:00:00+00:00,unrecognized_transaction,1965.15,False,False,False,True,True,4,False,False,False,120,False,won
TXN100548,MERCH_SAAS_02,2025-01-21T10:00:00+00:00,unrecognized_transaction,4180.43,True,True,True,True,False,7,True,False,False,160,False,lost
TXN100549,MERCH_ECOM_03,2025-04-15T05:00:00+00:00,subscription_cancelled,3649.63,True,True,True,True,False,3,False,False,False,76,False,lost
TXN100550,MERCH_RETAIL_01,2025-03-08T00:00:00+00:00,item_not_as_described,7034.38,True,True,True,False,False,2,True,False,False,114,False,won
TXN100551,MERCH_RETAIL_01,2025-03-08T16:00:00+00:00,subscription_cancelled,1324.11,False,False,False,True,True,3,False,False,False,114,False,lost
TXN100552,MERCH_RETAIL_01,2025-03-14T20:00:00+00:00,item_not_received,1383.41,True,True,False,True,True,3,False,False,False,108,False,lost
TXN100553,MERCH_ECOM_03,2025-03-27T10:00:00+00:00,item_not_as_described,911.53,False,False,False,True,False,0,True,False,False,95,False,lost
TXN100554,MERCH_ECOM_03,2025-06-23T04:00:00+00:00,unrecognized_transaction,3589.41,True,True,False,True,False,2,False,False,False,7,False,lost
TXN100555,MERCH_SAAS_02,2025-01-20T12:00:00+00:00,item_not_received,1248.37,True,True,False,True,True,2,False,False,False,161,False,lost
TXN100556,MERCH_RETAIL_01,2025-05-01T10:00:00+00:00,item_not_received,760.43,False,False,False,False,True,5,False,False,False,60,False,lost
TXN100557,MERCH_RETAIL_01,2025-01-29T03:00:00+00:00,subscription_cancelled,3169.28,True,True,False,True,True,5,False,False,True,152,False,won
TXN100558,MERCH_RETAIL_01,2025-02-06T12:00:00+00:00,item_not_received,5145.69,True,True,True,True,False,3,False,False,False,144,False,won
TXN100559,MERCH_SAAS_02,2025-06-22T15:00:00+00:00,unrecognized_transaction,5213.61,True,True,False,True,True,3,False,False,False,8,False,lost
TXN100560,MERCH_DIGITAL_04,2025-01-20T23:00:00+00:00,item_not_as_described,4697.78,True,True,False,True,True,6,False,False,False,161,False,lost
TXN100561,MERCH_SAAS_02,2025-06-10T22:00:00+00:00,unrecognized_transaction,1631.75,False,False,False,True,False,6,True,False,False,20,False,lost
TXN100562,MERCH_SAAS_02,2025-05-24T12:00:00+00:00,duplicate_charge,783.72,False,False,False,False,False,5,True,True,False,37,False,lost
TXN100563,MERCH_SAAS_02,2025-05-26T19:00:00+00:00,duplicate_charge,2760.18,True,False,True,True,False,2,False,False,False,35,False,lost
TXN100564,MERCH_SAAS_02,2025-03-02T10:00:00+00:00,item_not_received,7149.75,True,True,False,True,False,8,False,False,False,120,False,won
TXN100565,MERCH_ECOM_03,2025-04-08T17:00:00+00:00,item_not_as_described,1243.24,False,False,False,False,True,6,False,False,False,83,False,lost
TXN100566,MERCH_SAAS_02,2025-05-17T20:00:00+00:00,duplicate_charge,2596.1,True,True,False,False,True,3,False,True,False,44,False,won
TXN100567,MERCH_RETAIL_01,2025-04-27T22:00:00+00:00,unrecognized_transaction,877.36,True,True,True,True,True,3,False,False,False,64,False,won
TXN100568,MERCH_ECOM_03,2025-05-01T08:00:00+00:00,item_not_received,981.16,True,True,True,True,False,3,False,False,False,60,False,won
TXN100569,MERCH_RETAIL_01,2025-04-01T09:00:00+00:00,unrecognized_transaction,384.22,True,False,False,True,True,3,False,False,False,90,False,won
TXN100570,MERCH_RETAIL_01,2025-05-27T20:00:00+00:00,item_not_received,640.08,True,True,False,True,True,3,False,False,False,34,False,won
TXN100571,MERCH_SAAS_02,2025-02-06T08:00:00+00:00,subscription_cancelled,2821.34,False,False,False,True,True,4,True,False,True,144,False,won
TXN100572,MERCH_SAAS_02,2025-02-19T23:00:00+00:00,subscription_cancelled,2245.61,True,True,False,False,True,5,False,False,True,131,False,won
TXN100573,MERCH_RETAIL_01,2025-06-25T10:00:00+00:00,duplicate_charge,3110.53,True,True,False,True,True,2,False,True,False,5,False,lost
TXN100574,MERCH_ECOM_03,2025-02-22T04:00:00+00:00,item_not_as_described,2715.74,False,False,False,False,False,2,False,False,False,128,False,lost
TXN100575,MERCH_ECOM_03,2025-03-17T09:00:00+00:00,unrecognized_transaction,1924.95,False,False,False,False,False,1,True,False,False,105,False,lost
TXN100576,MERCH_ECOM_03,2025-01-08T17:00:00+00:00,item_not_received,4532.68,True,False,True,True,True,2,False,False,False,173,False,lost
TXN100577,MERCH_SAAS_02,2025-01-08T21:00:00+00:00,item_not_received,1731.47,True,True,True,False,False,3,True,False,False,173,False,won
TXN100578,MERCH_RETAIL_01,2025-04-12T12:00:00+00:00,item_not_received,1818.59,False,False,False,False,False,5,True,False,False,79,False,won
TXN100579,MERCH_DIGITAL_04,2025-05-27T16:00:00+00:00,item_not_received,2345.01,False,False,False,True,True,2,True,False,False,34,False,won
TXN100580,MERCH_ECOM_03,2025-05-07T05:00:00+00:00,subscription_cancelled,2837.84,False,False,True,False,True,5,False,False,True,54,True,won
TXN100581,MERCH_RETAIL_01,2025-05-05T18:00:00+00:00,item_not_received,2779.19,True,True,True,True,False,2,True,False,False,56,False,lost
TXN100582,MERCH_SAAS_02,2025-06-09T15:00:00+00:00,unrecognized_transaction,1355.63,True,False,False,True,True,4,False,False,False,21,False,won
TXN100583,MERCH_SAAS_02,2025-06-28T21:00:00+00:00,item_not_received,1481.37,True,True,True,True,False,4,False,False,False,2,False,won
TXN100584,MERCH_RETAIL_01,2025-06-03T09:00:00+00:00,item_not_received,731.54,True,True,True,True,True,4,False,False,False,27,False,won
TXN100585,MERCH_SAAS_02,2025-06-20T03:00:00+00:00,unrecognized_transaction,7914.18,True,False,True,False,True,3,False,False,False,10,False,lost
TXN100586,MERCH_DIGITAL_04,2025-05-21T05:00:00+00:00,unrecognized_transaction,1662.07,True,True,False,True,True,0,True,False,False,40,False,lost
TXN100587,MERCH_SAAS_02,2025-04-01T09:00:00+00:00,item_not_received,2256.39,True,True,False,False,True,2,True,False,False,90,False,lost
TXN100588,MERCH_DIGITAL_04,2025-06-08T17:00:00+00:00,item_not_as_described,1901.39,False,True,True,True,True,6,False,False,False,22,True,won
TXN100589,MERCH_DIGITAL_04,2025-04-18T10:00:00+00:00,unrecognized_transaction,1445.45,True,False,True,False,True,2,False,False,False,73,False,lost
TXN100590,MERCH_ECOM_03,2025-06-07T10:00:00+00:00,duplicate_charge,470.32,True,True,False,False,True,4,False,True,False,23,False,won
TXN100591,MERCH_RETAIL_01,2025-05-08T05:00:00+00:00,unrecognized_transaction,8291.15,True,True,False,True,True,4,False,False,False,53,False,lost
TXN100592,MERCH_ECOM_03,2025-05-20T15:00:00+00:00,item_not_as_described,2439.15,False,False,False,True,True,3,True,False,False,41,False,won
TXN100593,MERCH_RETAIL_01,2025-01-27T16:00:00+00:00,item_not_received,1525.56,True,False,False,True,True,4,False,False,False,154,False,lost
TXN100594,MERCH_RETAIL_01,2025-04-07T22:00:00+00:00,item_not_as_described,2124.9,True,True,False,True,True,2,True,False,False,84,False,won
TXN100595,MERCH_DIGITAL_04,2025-06-17T09:00:00+00:00,duplicate_charge,1041.92,True,True,False,True,True,4,True,True,False,13,False,won
TXN100596,MERCH_DIGITAL_04,2025-03-04T06:00:00+00:00,item_not_as_described,2340.96,True,True,True,True,False,2,False,False,False,118,False,lost
TXN100597,MERCH_SAAS_02,2025-04-12T15:00:00+00:00,subscription_cancelled,1696.23,True,True,False,False,True,4,False,False,True,79,False,won
TXN100598,MERCH_ECOM_03,2025-05-21T18:00:00+00:00,subscription_cancelled,1240.18,False,False,False,True,False,3,False,False,False,40,False,lost
TXN100599,MERCH_SAAS_02,2025-04-14T12:00:00+00:00,item_not_as_described,2649.65,True,True,True,False,True,2,True,False,False,77,False,lost
TXN100600,MERCH_DIGITAL_04,2025-04-17T07:00:00+00:00,item_not_received,1602.36,True,True,True,True,True,5,False,False,False,74,False,won
TXN100601,MERCH_RETAIL_01,2025-01-21T02:00:00+00:00,item_not_received,3827.67,True,True,True,True,True,4,False,False,False,160,False,won
TXN100602,MERCH_ECOM_03,2025-01-13T05:00:00+00:00,item_not_as_described,913.27,True,True,True,True,True,3,False,False,False,168,False,lost
TXN100603,MERCH_ECOM_03,2025-01-26T15:00:00+00:00,item_not_received,1092.16,True,False,False,True,True,8,True,False,False,155,False,lost
TXN100604,MERCH_SAAS_02,2025-04-11T03:00:00+00:00,item_not_received,1559.43,False,False,False,False,True,4,True,False,False,80,False,lost
TXN100605,MERCH_RETAIL_01,2025-02-18T11:00:00+00:00,unrecognized_transaction,1308.35,True,True,True,True,False,3,False,False,False,132,False,lost
TXN100606,MERCH_RETAIL_01,2025-02-18T15:00:00+00:00,item_not_received,6393.73,False,False,False,True,True,4,False,False,False,132,False,lost
TXN100607,MERCH_RETAIL_01,2025-04-08T08:00:00+00:00,item_not_received,2685.74,False,False,False,False,True,2,True,False,False,83,False,lost
TXN100608,MERCH_RETAIL_01,2025-02-21T03:00:00+00:00,duplicate_charge,1235.91,True,True,False,True,True,5,False,True,False,129,False,lost
TXN100609,MERCH_RETAIL_01,2025-02-11T01:00:00+00:00,duplicate_charge,2685.37,False,False,False,True,True,3,False,True,False,139,False,won
TXN100610,MERCH_ECOM_03,2025-02-06T04:00:00+00:00,item_not_as_described,3929.37,False,False,False,True,True,6,False,False,False,144,False,lost
TXN100611,MERCH_RETAIL_01,2025-01-03T17:00:00+00:00,item_not_as_described,1267.56,False,False,False,False,True,4,False,False,False,178,False,lost
TXN100612,MERCH_SAAS_02,2025-01-22T22:00:00+00:00,duplicate_charge,1243.63,True,True,False,True,True,1,False,True,False,159,False,lost
TXN100613,MERCH_ECOM_03,2025-01-11T10:00:00+00:00,item_not_received,1799.51,True,True,False,True,True,4,True,False,False,170,False,won
TXN100614,MERCH_ECOM_03,2025-02-01T18:00:00+00:00,duplicate_charge,1159.56,True,False,False,True,True,1,True,True,False,149,False,won
TXN100615,MERCH_ECOM_03,2025-06-10T14:00:00+00:00,item_not_received,1147.38,True,True,False,True,True,3,True,False,False,20,False,won
TXN100616,MERCH_SAAS_02,2025-06-22T10:00:00+00:00,unrecognized_transaction,751.22,True,True,True,False,True,4,True,False,False,8,False,won
TXN100617,MERCH_RETAIL_01,2025-04-03T08:00:00+00:00,item_not_received,1414.82,True,True,True,True,True,1,True,False,False,88,False,won
TXN100618,MERCH_DIGITAL_04,2025-02-03T18:00:00+00:00,unrecognized_transaction,2048.15,False,False,True,True,False,1,False,False,False,147,True,lost
TXN100619,MERCH_DIGITAL_04,2025-02-16T14:00:00+00:00,item_not_received,2828.51,False,False,False,True,False,3,False,False,False,134,False,lost
TXN100620,MERCH_SAAS_02,2025-03-15T10:00:00+00:00,subscription_cancelled,2116.66,True,False,True,False,True,4,False,False,False,107,False,won
TXN100621,MERCH_ECOM_03,2025-01-27T08:00:00+00:00,item_not_as_described,5193.68,False,False,False,False,True,3,True,False,False,154,False,won
TXN100622,MERCH_RETAIL_01,2025-05-30T22:00:00+00:00,duplicate_charge,376.52,False,False,False,True,True,3,False,True,False,31,False,won
TXN100623,MERCH_RETAIL_01,2025-05-04T18:00:00+00:00,item_not_received,4399.98,True,False,False,True,False,6,True,False,False,57,False,won
TXN100624,MERCH_RETAIL_01,2025-04-05T07:00:00+00:00,duplicate_charge,6994.78,True,True,False,True,False,2,False,False,False,86,False,lost
TXN100625,MERCH_RETAIL_01,2025-04-21T01:00:00+00:00,item_not_received,5458.09,False,False,False,True,False,2,False,False,False,70,False,lost
TXN100626,MERCH_SAAS_02,2025-06-20T09:00:00+00:00,item_not_as_described,1050.45,False,False,False,True,False,5,False,False,False,10,False,won
TXN100627,MERCH_SAAS_02,2025-06-06T13:00:00+00:00,item_not_as_described,715.13,True,True,True,True,True,3,False,False,False,24,False,lost
TXN100628,MERCH_RETAIL_01,2025-04-02T21:00:00+00:00,subscription_cancelled,3108.69,True,True,True,True,True,1,False,False,False,89,False,lost
TXN100629,MERCH_SAAS_02,2025-01-26T10:00:00+00:00,duplicate_charge,811.16,False,False,False,True,True,6,False,False,False,155,False,lost
TXN100630,MERCH_ECOM_03,2025-04-17T12:00:00+00:00,subscription_cancelled,1682.72,False,False,False,True,True,2,False,False,False,74,False,lost
TXN100631,MERCH_RETAIL_01,2025-05-16T13:00:00+00:00,item_not_received,2467.25,False,False,False,True,False,2,True,False,False,45,False,lost
TXN100632,MERCH_RETAIL_01,2025-06-27T01:00:00+00:00,subscription_cancelled,816.15,True,True,True,True,True,2,False,False,True,3,False,won
TXN100633,MERCH_SAAS_02,2025-06-15T17:00:00+00:00,unrecognized_transaction,5686.77,False,False,False,False,False,4,True,False,False,15,False,won
TXN100634,MERCH_ECOM_03,2025-04-14T15:00:00+00:00,item_not_received,4109.34,True,True,True,True,False,5,False,False,False,77,False,lost
TXN100635,MERCH_ECOM_03,2025-04-06T18:00:00+00:00,unrecognized_transaction,484.88,True,False,False,True,True,2,False,False,False,85,False,won
TXN100636,MERCH_RETAIL_01,2025-01-25T17:00:00+00:00,unrecognized_transaction,1095.89,True,True,True,False,True,5,False,False,False,156,False,lost
TXN100637,MERCH_RETAIL_01,2025-06-06T07:00:00+00:00,item_not_as_described,3407.71,True,True,False,True,True,4,False,False,False,24,False,lost
TXN100638,MERCH_SAAS_02,2025-01-08T11:00:00+00:00,unrecognized_transaction,1377.55,True,True,False,True,True,1,False,False,False,173,False,lost
TXN100639,MERCH_SAAS_02,2025-04-04T18:00:00+00:00,item_not_as_described,1839.2,False,False,False,True,True,2,False,False,False,87,False,lost
TXN100640,MERCH_SAAS_02,2025-02-23T06:00:00+00:00,duplicate_charge,2419.97,True,True,False,False,True,2,False,True,False,127,False,won
TXN100641,MERCH_RETAIL_01,2025-04-17T02:00:00+00:00,unrecognized_transaction,7399.11,True,True,False,False,True,2,False,False,False,74,False,lost
TXN100642,MERCH_ECOM_03,2025-01-13T21:00:00+00:00,item_not_as_described,375.82,True,False,True,False,True,1,False,False,False,168,False,won
TXN100643,MERCH_RETAIL_01,2025-03-14T12:00:00+00:00,subscription_cancelled,1243.48,False,False,False,False,True,0,True,False,False,108,False,lost
TXN100644,MERCH_DIGITAL_04,2025-02-03T16:00:00+00:00,item_not_received,2512.48,True,True,True,False,False,2,False,False,False,147,False,won
TXN100645,MERCH_SAAS_02,2025-06-11T02:00:00+00:00,unrecognized_transaction,617.15,False,False,False,True,False,4,True,False,False,19,False,lost
TXN100646,MERCH_SAAS_02,2025-02-22T16:00:00+00:00,item_not_as_described,320.51,False,False,False,True,True,1,False,False,False,128,False,lost
TXN100647,MERCH_SAAS_02,2025-06-26T03:00:00+00:00,unrecognized_transaction,357.23,False,False,False,False,True,2,True,False,False,4,False,lost
TXN100648,MERCH_ECOM_03,2025-06-07T02:00:00+00:00,duplicate_charge,797.62,True,True,True,True,True,3,False,True,False,23,False,won
TXN100649,MERCH_ECOM_03,2025-04-09T21:00:00+00:00,duplicate_charge,2558.47,False,False,False,True,True,5,True,True,False,82,False,won
TXN100650,MERCH_ECOM_03,2025-01-26T02:00:00+00:00,item_not_received,1324.31,True,True,True,True,True,1,False,False,False,155,False,lost
TXN100651,MERCH_RETAIL_01,2025-05-31T14:00:00+00:00,item_not_received,211.36,False,False,False,True,True,2,False,False,False,30,False,lost
TXN100652,MERCH_RETAIL_01,2025-01-16T21:00:00+00:00,unrecognized_transaction,9054.01,True,True,True,False,False,6,False,False,False,165,False,lost
TXN100653,MERCH_ECOM_03,2025-05-22T02:00:00+00:00,duplicate_charge,3322.28,True,False,False,True,True,3,True,True,False,39,False,won
TXN100654,MERCH_ECOM_03,2025-05-16T08:00:00+00:00,duplicate_charge,5620.83,True,True,True,True,True,2,False,True,False,45,False,won
TXN100655,MERCH_SAAS_02,2025-02-15T01:00:00+00:00,item_not_received,2807.52,True,True,False,True,False,3,True,False,False,135,False,won
TXN100656,MERCH_SAAS_02,2025-03-30T20:00:00+00:00,subscription_cancelled,2519.15,True,False,False,False,True,3,False,False,True,92,False,won
TXN100657,MERCH_SAAS_02,2025-01-24T12:00:00+00:00,item_not_as_described,6018.06,True,True,False,True,False,2,False,False,False,157,False,lost
TXN100658,MERCH_SAAS_02,2025-02-06T20:00:00+00:00,item_not_received,485.94,True,True,True,True,True,3,False,False,False,144,False,won
TXN100659,MERCH_RETAIL_01,2025-02-05T16:00:00+00:00,unrecognized_transaction,2491.29,True,True,True,True,True,8,False,False,False,145,False,won
TXN100660,MERCH_DIGITAL_04,2025-06-09T09:00:00+00:00,item_not_received,1190.49,True,True,True,True,True,4,False,False,False,21,False,won
TXN100661,MERCH_RETAIL_01,2025-02-04T16:00:00+00:00,item_not_as_described,1653.8,False,True,True,True,True,7,False,False,False,146,True,lost
TXN100662,MERCH_DIGITAL_04,2025-04-04T20:00:00+00:00,unrecognized_transaction,1044.39,False,False,False,True,True,4,False,False,False,87,False,won
TXN100663,MERCH_RETAIL_01,2025-02-16T10:00:00+00:00,item_not_received,1999.95,True,False,True,False,False,7,False,False,False,134,False,won
TXN100664,MERCH_RETAIL_01,2025-03-05T11:00:00+00:00,item_not_as_described,4836.14,True,True,False,True,True,11,True,False,False,117,False,won
TXN100665,MERCH_ECOM_03,2025-04-04T17:00:00+00:00,duplicate_charge,1238.95,False,False,False,True,True,5,False,False,False,87,False,lost
TXN100666,MERCH_RETAIL_01,2025-05-23T07:00:00+00:00,item_not_as_described,2203.63,False,False,False,False,False,1,False,False,False,38,False,lost
TXN100667,MERCH_DIGITAL_04,2025-03-25T18:00:00+00:00,duplicate_charge,1576.1,False,False,False,False,True,5,True,True,False,97,False,won
TXN100668,MERCH_SAAS_02,2025-02-22T04:00:00+00:00,item_not_received,3252.41,True,True,False,True,True,5,True,False,False,128,False,won
TXN100669,MERCH_SAAS_02,2025-04-01T11:00:00+00:00,subscription_cancelled,1220.38,True,True,True,False,True,3,True,False,False,90,False,lost
TXN100670,MERCH_SAAS_02,2025-02-06T17:00:00+00:00,unrecognized_transaction,3927.08,True,True,False,True,False,4,False,False,False,144,False,won
TXN100671,MERCH_ECOM_03,2025-04-18T17:00:00+00:00,item_not_as_described,1004.7,False,False,False,False,False,4,True,False,False,73,False,won
TXN100672,MERCH_SAAS_02,2025-06-02T13:00:00+00:00,item_not_received,3631.77,False,False,False,True,True,5,True,False,False,28,False,lost
TXN100673,MERCH_RETAIL_01,2025-02-12T07:00:00+00:00,unrecognized_transaction,2736.34,False,False,False,True,True,7,True,False,False,138,False,won
TXN100674,MERCH_RETAIL_01,2025-03-07T10:00:00+00:00,unrecognized_transaction,2872.57,True,False,False,True,False,0,True,False,False,115,False,lost
TXN100675,MERCH_SAAS_02,2025-03-07T15:00:00+00:00,subscription_cancelled,7040.91,True,True,True,False,False,4,True,False,False,115,False,lost
TXN100676,MERCH_RETAIL_01,2025-05-11T01:00:00+00:00,duplicate_charge,5869.52,False,False,False,True,False,10,False,True,False,50,False,won
TXN100677,MERCH_RETAIL_01,2025-03-17T21:00:00+00:00,item_not_received,1280.99,True,True,False,True,False,2,False,False,False,105,False,lost
TXN100678,MERCH_RETAIL_01,2025-05-02T00:00:00+00:00,item_not_as_described,2047.24,True,True,True,False,True,7,False,False,False,59,False,lost
TXN100679,MERCH_RETAIL_01,2025-03-20T02:00:00+00:00,item_not_received,2404.8,False,True,True,True,True,3,True,False,False,102,True,won
TXN100680,MERCH_ECOM_03,2025-04-05T03:00:00+00:00,subscription_cancelled,3898.62,False,False,False,True,True,1,False,False,False,86,False,lost
TXN100681,MERCH_RETAIL_01,2025-02-08T04:00:00+00:00,subscription_cancelled,1894.58,True,True,False,False,True,3,True,False,True,142,False,lost
TXN100682,MERCH_RETAIL_01,2025-04-16T15:00:00+00:00,unrecognized_transaction,2278.43,True,True,False,True,True,7,True,False,False,75,False,won
TXN100683,MERCH_DIGITAL_04,2025-05-12T13:00:00+00:00,item_not_received,4202.98,True,False,True,True,True,3,False,False,False,49,False,won
TXN100684,MERCH_SAAS_02,2025-01-22T03:00:00+00:00,item_not_received,424.64,True,True,True,False,True,4,False,False,False,159,False,won
TXN100685,MERCH_RETAIL_01,2025-01-09T18:00:00+00:00,unrecognized_transaction,3060.77,False,False,False,True,True,3,True,False,False,172,False,lost
TXN100686,MERCH_ECOM_03,2025-05-07T06:00:00+00:00,unrecognized_transaction,390.19,True,True,True,False,True,5,False,False,False,54,False,lost
TXN100687,MERCH_ECOM_03,2025-04-29T18:00:00+00:00,duplicate_charge,924.45,True,True,False,False,False,5,True,True,False,62,False,won
TXN100688,MERCH_RETAIL_01,2025-01-21T05:00:00+00:00,item_not_received,2336.88,True,True,True,False,False,8,False,False,False,160,False,won
TXN100689,MERCH_ECOM_03,2025-05-14T00:00:00+00:00,duplicate_charge,4006.44,False,False,False,True,True,7,True,True,False,47,False,won
TXN100690,MERCH_RETAIL_01,2025-02-27T11:00:00+00:00,unrecognized_transaction,936.57,False,False,False,False,True,8,False,False,False,123,False,lost
TXN100691,MERCH_ECOM_03,2025-05-23T05:00:00+00:00,unrecognized_transaction,598.59,True,True,False,True,True,3,True,False,False,38,False,lost
TXN100692,MERCH_ECOM_03,2025-05-31T13:00:00+00:00,item_not_received,7559.1,False,False,False,True,True,3,False,False,False,30,False,lost
TXN100693,MERCH_DIGITAL_04,2025-01-14T06:00:00+00:00,item_not_received,409.64,False,False,False,False,True,2,False,False,False,167,False,lost
TXN100694,MERCH_SAAS_02,2025-01-28T00:00:00+00:00,unrecognized_transaction,3992.97,True,True,False,True,True,3,False,False,False,153,False,won
TXN100695,MERCH_RETAIL_01,2025-06-05T14:00:00+00:00,subscription_cancelled,2978.55,False,False,False,False,False,2,False,False,False,25,False,won
TXN100696,MERCH_RETAIL_01,2025-05-25T07:00:00+00:00,item_not_received,630.58,True,True,False,True,True,3,False,False,False,36,False,won
TXN100697,MERCH_SAAS_02,2025-03-18T02:00:00+00:00,unrecognized_transaction,1232.62,False,False,False,True,False,1,False,False,False,104,False,lost
TXN100698,MERCH_SAAS_02,2025-04-22T22:00:00+00:00,unrecognized_transaction,781.26,False,False,True,True,True,4,False,False,False,69,True,won
TXN100699,MERCH_RETAIL_01,2025-05-02T04:00:00+00:00,duplicate_charge,1864.55,False,False,False,True,True,2,False,False,False,59,False,won
TXN100700,MERCH_SAAS_02,2025-05-13T19:00:00+00:00,duplicate_charge,269.5,True,True,False,False,True,8,False,True,False,48,False,won
TXN100701,MERCH_RETAIL_01,2025-05-27T22:00:00+00:00,duplicate_charge,2316.77,True,False,True,True,True,4,False,True,False,34,False,won
TXN100702,MERCH_ECOM_03,2025-01-17T05:00:00+00:00,duplicate_charge,3894.25,False,False,False,True,True,2,True,True,False,164,False,won
TXN100703,MERCH_ECOM_03,2025-06-09T16:00:00+00:00,duplicate_charge,4299.29,False,False,True,True,True,2,False,True,False,21,True,won
TXN100704,MERCH_ECOM_03,2025-06-25T13:00:00+00:00,subscription_cancelled,1569.61,True,True,False,True,True,1,False,False,False,5,False,lost
TXN100705,MERCH_RETAIL_01,2025-03-11T20:00:00+00:00,item_not_as_described,3808.42,True,False,True,True,True,3,True,False,False,111,False,won
TXN100706,MERCH_SAAS_02,2025-04-18T00:00:00+00:00,duplicate_charge,1071.52,True,True,True,False,True,4,False,True,False,73,False,won
TXN100707,MERCH_SAAS_02,2025-06-05T01:00:00+00:00,item_not_received,7216.76,False,False,False,True,True,5,False,False,False,25,False,lost
TXN100708,MERCH_RETAIL_01,2025-03-27T21:00:00+00:00,item_not_received,602.44,True,True,True,True,False,8,False,False,False,95,False,lost
TXN100709,MERCH_SAAS_02,2025-05-26T20:00:00+00:00,subscription_cancelled,2768.29,False,False,False,False,True,4,True,False,False,35,False,won
TXN100710,MERCH_SAAS_02,2025-06-06T04:00:00+00:00,unrecognized_transaction,1841.07,True,False,True,True,True,5,False,False,False,24,False,won
TXN100711,MERCH_SAAS_02,2025-02-10T15:00:00+00:00,item_not_received,2930.66,True,False,True,True,True,1,False,False,False,140,False,won
TXN100712,MERCH_RETAIL_01,2025-05-05T08:00:00+00:00,unrecognized_transaction,741.07,False,False,False,False,False,8,True,False,False,56,False,won
TXN100713,MERCH_RETAIL_01,2025-06-09T21:00:00+00:00,item_not_as_described,3285.24,True,True,False,True,True,3,False,False,False,21,False,lost
TXN100714,MERCH_SAAS_02,2025-05-26T05:00:00+00:00,item_not_received,2818.67,False,False,False,True,False,5,False,False,False,35,False,won
TXN100715,MERCH_DIGITAL_04,2025-04-21T21:00:00+00:00,item_not_as_described,585.45,True,True,True,False,True,3,False,False,False,70,False,won
TXN100716,MERCH_SAAS_02,2025-04-21T13:00:00+00:00,unrecognized_transaction,1378.69,True,True,True,False,True,2,True,False,False,70,False,lost
TXN100717,MERCH_RETAIL_01,2025-04-11T14:00:00+00:00,unrecognized_transaction,1360.86,False,False,False,True,True,2,True,False,False,80,False,won
TXN100718,MERCH_ECOM_03,2025-05-07T09:00:00+00:00,item_not_as_described,558.47,False,False,False,True,False,1,False,False,False,54,False,won
TXN100719,MERCH_RETAIL_01,2025-06-17T04:00:00+00:00,unrecognized_transaction,814.24,True,True,True,True,True,3,False,False,False,13,False,won
TXN100720,MERCH_ECOM_03,2025-03-09T18:00:00+00:00,item_not_received,3835.67,True,True,False,True,True,2,False,False,False,113,False,lost
TXN100721,MERCH_ECOM_03,2025-03-19T15:00:00+00:00,item_not_received,1388.93,False,False,False,True,True,2,False,False,False,103,False,lost
TXN100722,MERCH_RETAIL_01,2025-02-24T13:00:00+00:00,unrecognized_transaction,4427.5,True,True,True,False,True,1,False,False,False,126,False,lost
TXN100723,MERCH_RETAIL_01,2025-03-05T02:00:00+00:00,item_not_received,1177.06,True,True,True,False,True,8,False,False,False,117,False,won
TXN100724,MERCH_ECOM_03,2025-01-07T12:00:00+00:00,item_not_received,3165.24,False,False,False,True,True,1,False,False,False,174,False,lost
TXN100725,MERCH_SAAS_02,2025-05-22T20:00:00+00:00,item_not_received,1035.59,True,True,True,True,False,1,True,False,False,39,False,won
TXN100726,MERCH_RETAIL_01,2025-03-19T20:00:00+00:00,duplicate_charge,1112.44,False,False,False,True,True,1,False,True,False,103,False,lost
TXN100727,MERCH_SAAS_02,2025-02-18T11:00:00+00:00,item_not_as_described,1742.25,True,True,False,False,False,2,True,False,False,132,False,lost
TXN100728,MERCH_SAAS_02,2025-06-05T07:00:00+00:00,unrecognized_transaction,6856.35,True,False,True,False,True,3,True,False,False,25,False,lost
TXN100729,MERCH_SAAS_02,2025-01-31T02:00:00+00:00,item_not_received,1398.64,True,True,False,True,True,5,True,False,False,150,False,won
TXN100730,MERCH_ECOM_03,2025-01-12T19:00:00+00:00,subscription_cancelled,4556.02,False,False,False,True,True,3,False,False,True,169,False,lost
TXN100731,MERCH_ECOM_03,2025-06-27T22:00:00+00:00,unrecognized_transaction,1612.16,False,False,False,True,True,6,True,False,False,3,False,won
TXN100732,MERCH_RETAIL_01,2025-05-01T05:00:00+00:00,unrecognized_transaction,1206.12,False,False,False,False,True,5,False,False,False,60,False,lost
TXN100733,MERCH_SAAS_02,2025-03-12T12:00:00+00:00,unrecognized_transaction,3597.43,True,True,True,True,True,2,True,False,False,110,False,lost
TXN100734,MERCH_RETAIL_01,2025-06-20T16:00:00+00:00,item_not_as_described,1589.28,False,False,False,True,True,5,False,False,False,10,False,won
TXN100735,MERCH_RETAIL_01,2025-02-15T13:00:00+00:00,item_not_received,2889.11,True,True,False,True,True,3,True,False,False,135,False,lost
TXN100736,MERCH_SAAS_02,2025-05-13T00:00:00+00:00,item_not_received,1015.16,True,False,True,True,True,4,False,False,False,48,False,won
TXN100737,MERCH_RETAIL_01,2025-05-02T23:00:00+00:00,item_not_received,5911.98,True,False,False,False,True,4,True,False,False,59,False,lost
TXN100738,MERCH_RETAIL_01,2025-02-01T05:00:00+00:00,item_not_as_described,1904.13,False,False,False,True,False,2,True,False,False,149,False,won
TXN100739,MERCH_ECOM_03,2025-04-10T15:00:00+00:00,item_not_received,1803.9,True,True,False,True,False,3,False,False,False,81,False,won
TXN100740,MERCH_RETAIL_01,2025-03-01T21:00:00+00:00,item_not_received,2433.63,True,True,False,True,True,5,True,False,False,121,False,won
TXN100741,MERCH_RETAIL_01,2025-03-15T00:00:00+00:00,item_not_as_described,4725.22,False,False,False,True,True,6,True,False,False,107,False,lost
TXN100742,MERCH_RETAIL_01,2025-03-16T19:00:00+00:00,duplicate_charge,2600.93,False,False,False,False,False,2,False,True,False,106,False,won
TXN100743,MERCH_ECOM_03,2025-02-09T03:00:00+00:00,item_not_received,1823.65,False,False,True,True,False,1,True,False,False,141,True,lost
TXN100744,MERCH_RETAIL_01,2025-02-11T19:00:00+00:00,subscription_cancelled,2716.84,False,False,False,True,True,2,False,False,False,139,False,lost
TXN100745,MERCH_RETAIL_01,2025-01-24T20:00:00+00:00,unrecognized_transaction,1209.74,False,False,False,False,True,6,False,False,False,157,False,lost
TXN100746,MERCH_SAAS_02,2025-04-11T01:00:00+00:00,unrecognized_transaction,3703.83,True,True,False,True,True,2,False,False,False,80,False,lost
TXN100747,MERCH_SAAS_02,2025-04-10T09:00:00+00:00,item_not_as_described,4323.36,True,True,False,True,True,1,False,False,False,81,False,won
TXN100748,MERCH_SAAS_02,2025-04-19T05:00:00+00:00,duplicate_charge,976.23,True,True,False,True,True,6,True,False,False,72,False,lost
TXN100749,MERCH_RETAIL_01,2025-03-21T01:00:00+00:00,unrecognized_transaction,3635.82,True,True,False,True,False,3,True,False,False,101,False,lost
TXN100750,MERCH_ECOM_03,2025-05-26T02:00:00+00:00,unrecognized_transaction,2055.04,False,False,False,True,False,1,False,False,False,35,False,lost
TXN100751,MERCH_RETAIL_01,2025-05-01T07:00:00+00:00,subscription_cancelled,769.48,True,False,False,True,True,5,False,False,False,60,False,won
TXN100752,MERCH_DIGITAL_04,2025-03-06T05:00:00+00:00,item_not_as_described,1749.73,False,False,False,True,True,6,True,False,False,116,False,won
TXN100753,MERCH_SAAS_02,2025-06-25T08:00:00+00:00,item_not_received,2025.7,False,False,False,False,False,2,False,False,False,5,False,lost
TXN100754,MERCH_SAAS_02,2025-06-06T22:00:00+00:00,item_not_as_described,2843.4,False,False,False,True,True,3,True,False,False,24,False,lost
TXN100755,MERCH_RETAIL_01,2025-03-20T03:00:00+00:00,unrecognized_transaction,3467.83,False,False,False,True,True,2,False,False,False,102,False,won
TXN100756,MERCH_RETAIL_01,2025-05-27T06:00:00+00:00,item_not_received,2202.36,True,True,False,True,True,5,True,False,False,34,False,won
TXN100757,MERCH_SAAS_02,2025-04-01T07:00:00+00:00,item_not_received,2065.56,False,False,False,False,True,4,False,False,False,90,False,lost
TXN100758,MERCH_SAAS_02,2025-06-20T05:00:00+00:00,item_not_received,1297.8,False,False,False,True,True,6,True,False,False,10,False,lost
TXN100759,MERCH_SAAS_02,2025-04-19T17:00:00+00:00,item_not_as_described,1509.5,True,True,True,True,True,10,False,False,False,72,False,won
TXN100760,MERCH_RETAIL_01,2025-01-14T23:00:00+00:00,duplicate_charge,3789.92,True,True,True,False,True,7,True,True,False,167,False,won
TXN100761,MERCH_DIGITAL_04,2025-03-22T03:00:00+00:00,item_not_received,7158.36,False,False,False,True,True,1,False,False,False,100,False,won
TXN100762,MERCH_ECOM_03,2025-01-08T20:00:00+00:00,unrecognized_transaction,3039.11,False,False,True,True,True,0,False,False,False,173,True,lost
TXN100763,MERCH_SAAS_02,2025-02-28T23:00:00+00:00,item_not_received,5048.26,False,False,False,True,True,3,False,False,False,122,False,won
TXN100764,MERCH_DIGITAL_04,2025-06-02T22:00:00+00:00,item_not_received,1049.69,False,False,False,True,False,0,True,False,False,28,False,won
TXN100765,MERCH_RETAIL_01,2025-04-25T09:00:00+00:00,item_not_received,5789.96,False,False,False,False,True,4,False,False,False,66,False,won
TXN100766,MERCH_SAAS_02,2025-04-18T10:00:00+00:00,item_not_as_described,1215.2,False,False,False,True,False,4,True,False,False,73,False,won
TXN100767,MERCH_RETAIL_01,2025-02-08T21:00:00+00:00,item_not_as_described,2618.42,False,False,False,False,True,5,True,False,False,142,False,lost
TXN100768,MERCH_SAAS_02,2025-05-13T13:00:00+00:00,unrecognized_transaction,2242.43,False,True,True,True,True,6,False,False,False,48,True,won
TXN100769,MERCH_SAAS_02,2025-04-14T13:00:00+00:00,item_not_as_described,5523.68,True,True,False,False,True,5,False,False,False,77,False,lost
TXN100770,MERCH_ECOM_03,2025-04-11T20:00:00+00:00,duplicate_charge,3093.1,True,True,True,True,True,4,True,True,False,80,False,won
TXN100771,MERCH_DIGITAL_04,2025-06-29T06:00:00+00:00,item_not_received,2570.68,False,False,False,True,False,5,True,False,False,1,False,lost
TXN100772,MERCH_ECOM_03,2025-05-26T11:00:00+00:00,unrecognized_transaction,5648.07,True,True,False,True,True,4,False,False,False,35,False,won
TXN100773,MERCH_SAAS_02,2025-06-16T23:00:00+00:00,duplicate_charge,1061.35,False,False,False,False,False,5,True,True,False,14,False,won
TXN100774,MERCH_RETAIL_01,2025-01-14T06:00:00+00:00,item_not_received,4547.73,True,False,False,False,True,3,False,False,False,167,False,lost
TXN100775,MERCH_RETAIL_01,2025-06-16T11:00:00+00:00,item_not_as_described,885.37,True,False,False,True,False,4,False,False,False,14,False,won
TXN100776,MERCH_ECOM_03,2025-06-25T15:00:00+00:00,duplicate_charge,619.98,False,False,False,False,True,1,True,False,False,5,False,lost
TXN100777,MERCH_ECOM_03,2025-01-08T21:00:00+00:00,item_not_as_described,1609.84,True,False,True,True,True,6,False,False,False,173,False,lost
TXN100778,MERCH_SAAS_02,2025-04-25T15:00:00+00:00,subscription_cancelled,7455.18,True,True,True,True,False,4,True,False,False,66,False,lost
TXN100779,MERCH_SAAS_02,2025-04-15T09:00:00+00:00,subscription_cancelled,2719.24,True,False,True,False,True,3,True,False,True,76,False,won
TXN100780,MERCH_RETAIL_01,2025-03-27T21:00:00+00:00,item_not_received,679.39,True,True,True,False,True,4,True,False,False,95,False,won
TXN100781,MERCH_SAAS_02,2025-06-06T05:00:00+00:00,unrecognized_transaction,1610.72,False,False,False,False,True,4,False,False,False,24,False,lost
TXN100782,MERCH_RETAIL_01,2025-02-19T17:00:00+00:00,item_not_received,1934.61,True,True,True,True,True,2,True,False,False,131,False,lost
TXN100783,MERCH_ECOM_03,2025-06-22T01:00:00+00:00,item_not_received,4425.19,True,True,True,True,True,1,True,False,False,8,False,won
TXN100784,MERCH_SAAS_02,2025-06-02T08:00:00+00:00,subscription_cancelled,514.26,False,False,False,False,True,3,True,False,True,28,False,won
TXN100785,MERCH_SAAS_02,2025-03-02T23:00:00+00:00,item_not_received,2873.29,False,False,False,True,True,3,False,False,False,120,False,won
TXN100786,MERCH_RETAIL_01,2025-01-20T19:00:00+00:00,unrecognized_transaction,189.2,False,False,False,True,False,6,False,False,False,161,False,lost
TXN100787,MERCH_SAAS_02,2025-01-08T02:00:00+00:00,item_not_received,1037.26,False,False,False,True,True,3,False,False,False,173,False,lost
TXN100788,MERCH_ECOM_03,2025-03-04T00:00:00+00:00,unrecognized_transaction,1703.04,False,False,False,True,True,1,True,False,False,118,False,won
TXN100789,MERCH_SAAS_02,2025-06-17T08:00:00+00:00,item_not_as_described,1871.06,True,True,False,True,True,6,True,False,False,13,False,won
TXN100790,MERCH_ECOM_03,2025-02-07T02:00:00+00:00,duplicate_charge,1683.22,False,False,False,True,True,4,False,True,False,143,False,won
TXN100791,MERCH_ECOM_03,2025-06-03T22:00:00+00:00,item_not_as_described,1628.58,True,True,False,True,False,4,True,False,False,27,False,won
TXN100792,MERCH_SAAS_02,2025-03-28T15:00:00+00:00,item_not_received,1944.54,True,True,True,True,True,1,False,False,False,94,False,won
TXN100793,MERCH_DIGITAL_04,2025-06-28T04:00:00+00:00,item_not_as_described,1823.53,False,False,False,False,True,8,False,False,False,2,False,lost
TXN100794,MERCH_RETAIL_01,2025-04-12T12:00:00+00:00,duplicate_charge,8530.9,True,True,False,True,True,6,False,True,False,79,False,won
TXN100795,MERCH_ECOM_03,2025-02-13T16:00:00+00:00,item_not_as_described,2891.6,True,True,True,True,False,0,True,False,False,137,False,lost
TXN100796,MERCH_SAAS_02,2025-05-26T16:00:00+00:00,item_not_as_described,6274.37,True,True,True,True,True,4,False,False,False,35,False,lost
TXN100797,MERCH_ECOM_03,2025-03-30T03:00:00+00:00,duplicate_charge,2742.34,False,False,False,True,True,3,False,False,False,92,False,lost
TXN100798,MERCH_SAAS_02,2025-01-25T09:00:00+00:00,item_not_as_described,1200.78,True,False,True,True,True,3,True,False,False,156,False,won
TXN100799,MERCH_ECOM_03,2025-04-02T00:00:00+00:00,item_not_received,505.89,False,False,False,False,False,1,False,False,False,89,False,lost
TXN100800,MERCH_ECOM_03,2025-04-08T01:00:00+00:00,subscription_cancelled,2401.64,False,False,False,True,True,2,False,False,True,83,False,won
TXN100801,MERCH_RETAIL_01,2025-04-08T01:00:00+00:00,item_not_as_described,609.2,False,False,False,False,False,3,False,False,False,83,False,lost
TXN100802,MERCH_SAAS_02,2025-01-12T18:00:00+00:00,item_not_as_described,2702.71,False,False,False,True,True,1,True,False,False,169,False,won
TXN100803,MERCH_RETAIL_01,2025-05-22T21:00:00+00:00,item_not_received,993.8,True,True,False,True,True,4,False,False,False,39,False,won
TXN100804,MERCH_ECOM_03,2025-03-17T15:00:00+00:00,subscription_cancelled,1886.47,True,True,True,False,True,6,True,False,False,105,False,won
TXN100805,MERCH_DIGITAL_04,2025-05-03T22:00:00+00:00,unrecognized_transaction,3463.63,False,False,False,True,True,2,True,False,False,58,False,won
TXN100806,MERCH_DIGITAL_04,2025-06-03T18:00:00+00:00,item_not_received,1275.13,True,True,False,True,True,5,True,False,False,27,False,won
TXN100807,MERCH_RETAIL_01,2025-02-22T14:00:00+00:00,unrecognized_transaction,1453.52,True,True,False,True,True,5,False,False,False,128,False,won
TXN100808,MERCH_RETAIL_01,2025-04-17T00:00:00+00:00,unrecognized_transaction,2999.36,False,False,False,False,True,2,False,False,False,74,False,lost
TXN100809,MERCH_DIGITAL_04,2025-05-22T03:00:00+00:00,item_not_as_described,1027.53,False,False,False,True,False,2,True,False,False,39,False,won
TXN100810,MERCH_ECOM_03,2025-01-10T05:00:00+00:00,unrecognized_transaction,3994.92,False,False,False,True,True,5,False,False,False,171,False,won
TXN100811,MERCH_DIGITAL_04,2025-02-13T06:00:00+00:00,unrecognized_transaction,4669.54,False,False,False,False,False,3,True,False,False,137,False,lost
TXN100812,MERCH_DIGITAL_04,2025-04-19T18:00:00+00:00,item_not_received,1662.23,True,True,False,False,True,4,False,False,False,72,False,won
TXN100813,MERCH_ECOM_03,2025-06-16T01:00:00+00:00,item_not_received,5606.34,True,True,False,False,False,2,False,False,False,14,False,won
TXN100814,MERCH_ECOM_03,2025-01-02T15:00:00+00:00,duplicate_charge,6776.49,True,True,False,False,True,2,False,True,False,179,False,won
TXN100815,MERCH_RETAIL_01,2025-04-15T13:00:00+00:00,unrecognized_transaction,3479.12,True,True,False,True,True,3,True,False,False,76,False,lost
TXN100816,MERCH_RETAIL_01,2025-04-28T20:00:00+00:00,item_not_received,732.5,False,False,False,True,False,6,True,False,False,63,False,lost
TXN100817,MERCH_SAAS_02,2025-01-04T13:00:00+00:00,item_not_received,2047.44,False,False,False,False,True,4,False,False,False,177,False,lost
TXN100818,MERCH_RETAIL_01,2025-01-31T03:00:00+00:00,item_not_received,4025.44,True,True,False,False,False,4,True,False,False,150,False,won
TXN100819,MERCH_ECOM_03,2025-03-08T17:00:00+00:00,item_not_received,1137.88,True,False,True,True,True,4,True,False,False,114,False,won
TXN100820,MERCH_SAAS_02,2025-05-05T04:00:00+00:00,duplicate_charge,2672.09,False,False,False,True,True,4,True,True,False,56,False,won
TXN100821,MERCH_RETAIL_01,2025-05-13T04:00:00+00:00,unrecognized_transaction,437.03,False,False,False,True,False,4,False,False,False,48,False,won
TXN100822,MERCH_RETAIL_01,2025-04-09T05:00:00+00:00,item_not_as_described,2716.66,False,False,False,True,False,5,True,False,False,82,False,lost
TXN100823,MERCH_SAAS_02,2025-02-10T03:00:00+00:00,duplicate_charge,3073.63,True,False,False,True,True,3,True,False,False,140,False,lost
TXN100824,MERCH_SAAS_02,2025-04-22T17:00:00+00:00,item_not_as_described,632.0,False,False,False,False,False,5,True,False,False,69,False,won
TXN100825,MERCH_DIGITAL_04,2025-05-02T00:00:00+00:00,duplicate_charge,6836.22,False,False,False,False,True,4,False,False,False,59,False,lost
TXN100826,MERCH_RETAIL_01,2025-02-08T18:00:00+00:00,item_not_as_described,2911.95,True,False,False,True,True,0,False,False,False,142,False,lost
TXN100827,MERCH_RETAIL_01,2025-06-20T20:00:00+00:00,item_not_received,4593.55,True,True,True,False,False,5,True,False,False,10,False,won
TXN100828,MERCH_SAAS_02,2025-06-14T15:00:00+00:00,unrecognized_transaction,3232.14,True,True,True,False,True,3,False,False,False,16,False,lost
TXN100829,MERCH_SAAS_02,2025-04-06T14:00:00+00:00,duplicate_charge,2222.95,True,True,True,True,False,0,False,True,False,85,False,won
TXN100830,MERCH_ECOM_03,2025-02-16T02:00:00+00:00,subscription_cancelled,1300.9,True,True,False,True,True,4,True,False,False,134,False,won
TXN100831,MERCH_SAAS_02,2025-02-28T11:00:00+00:00,unrecognized_transaction,5834.9,False,False,False,True,False,6,True,False,False,122,False,lost
TXN100832,MERCH_RETAIL_01,2025-04-23T08:00:00+00:00,item_not_received,8739.41,False,False,False,True,True,3,True,False,False,68,False,won
TXN100833,MERCH_ECOM_03,2025-01-17T21:00:00+00:00,item_not_received,1611.06,False,True,True,True,True,3,False,False,False,164,True,won
TXN100834,MERCH_SAAS_02,2025-01-01T08:00:00+00:00,subscription_cancelled,1722.46,True,False,False,True,True,3,False,False,True,180,False,won
TXN100835,MERCH_RETAIL_01,2025-04-03T12:00:00+00:00,item_not_received,2138.56,False,False,False,True,True,1,False,False,False,88,False,lost
TXN100836,MERCH_RETAIL_01,2025-03-11T19:00:00+00:00,item_not_received,6331.97,False,False,False,False,True,6,False,False,False,111,False,lost
TXN100837,MERCH_RETAIL_01,2025-04-30T04:00:00+00:00,unrecognized_transaction,5232.25,True,True,True,False,True,3,False,False,False,61,False,lost
TXN100838,MERCH_RETAIL_01,2025-02-02T08:00:00+00:00,item_not_received,922.78,True,True,False,True,True,3,False,False,False,148,False,lost
TXN100839,MERCH_RETAIL_01,2025-04-12T05:00:00+00:00,item_not_as_described,4367.55,False,False,False,True,True,0,False,False,False,79,False,lost
TXN100840,MERCH_RETAIL_01,2025-04-28T00:00:00+00:00,subscription_cancelled,8480.93,False,False,True,True,True,7,False,False,True,63,True,won
TXN100841,MERCH_RETAIL_01,2025-02-14T23:00:00+00:00,unrecognized_transaction,126.31,False,False,False,True,True,2,False,False,False,136,False,won
TXN100842,MERCH_SAAS_02,2025-01-11T15:00:00+00:00,unrecognized_transaction,1651.42,False,False,True,False,True,4,True,False,False,170,True,lost
TXN100843,MERCH_RETAIL_01,2025-03-27T07:00:00+00:00,item_not_as_described,1304.71,True,True,True,True,False,4,False,False,False,95,False,lost
TXN100844,MERCH_RETAIL_01,2025-05-10T04:00:00+00:00,item_not_received,1380.71,False,False,False,True,False,1,True,False,False,51,False,lost
TXN100845,MERCH_ECOM_03,2025-03-10T04:00:00+00:00,item_not_as_described,3938.67,False,False,False,True,False,5,False,False,False,112,False,lost
TXN100846,MERCH_SAAS_02,2025-03-11T21:00:00+00:00,unrecognized_transaction,3667.14,True,True,False,True,True,2,False,False,False,111,False,lost
TXN100847,MERCH_ECOM_03,2025-05-05T08:00:00+00:00,duplicate_charge,2621.85,False,False,False,True,True,4,False,True,False,56,False,lost
TXN100848,MERCH_SAAS_02,2025-04-24T06:00:00+00:00,subscription_cancelled,2610.36,True,True,False,False,False,2,True,False,True,67,False,lost
TXN100849,MERCH_ECOM_03,2025-04-08T16:00:00+00:00,item_not_as_described,4073.17,False,False,False,True,True,3,False,False,False,83,False,won
TXN100850,MERCH_ECOM_03,2025-03-10T18:00:00+00:00,duplicate_charge,254.11,False,False,False,False,False,4,True,True,False,112,False,won
TXN100851,MERCH_SAAS_02,2025-05-19T18:00:00+00:00,subscription_cancelled,3162.83,True,True,True,False,True,3,False,False,True,42,False,won
TXN100852,MERCH_DIGITAL_04,2025-05-17T18:00:00+00:00,unrecognized_transaction,3179.34,True,False,False,True,True,8,False,False,False,44,False,won
TXN100853,MERCH_SAAS_02,2025-05-01T23:00:00+00:00,unrecognized_transaction,690.76,False,False,False,True,False,5,True,False,False,60,False,won
TXN100854,MERCH_SAAS_02,2025-02-21T20:00:00+00:00,duplicate_charge,2703.51,True,False,False,False,True,4,True,True,False,129,False,won
TXN100855,MERCH_ECOM_03,2025-04-18T19:00:00+00:00,duplicate_charge,3812.4,True,True,False,False,True,3,False,True,False,73,False,won
TXN100856,MERCH_ECOM_03,2025-03-25T02:00:00+00:00,item_not_received,3499.85,True,True,False,True,False,2,True,False,False,97,False,lost
TXN100857,MERCH_ECOM_03,2025-04-23T17:00:00+00:00,item_not_as_described,3866.41,True,True,False,True,True,5,False,False,False,68,False,lost
TXN100858,MERCH_ECOM_03,2025-03-25T10:00:00+00:00,item_not_received,1556.95,True,True,False,True,True,2,False,False,False,97,False,won
TXN100859,MERCH_SAAS_02,2025-05-02T14:00:00+00:00,item_not_received,2365.57,False,False,False,False,False,3,True,False,False,59,False,lost
TXN100860,MERCH_RETAIL_01,2025-02-09T06:00:00+00:00,duplicate_charge,4133.36,False,False,False,True,True,0,True,True,False,141,False,lost
TXN100861,MERCH_RETAIL_01,2025-04-08T18:00:00+00:00,subscription_cancelled,7383.72,True,True,False,False,False,2,True,False,False,83,False,lost
TXN100862,MERCH_RETAIL_01,2025-05-22T00:00:00+00:00,unrecognized_transaction,459.36,False,False,False,False,False,6,True,False,False,39,False,lost
TXN100863,MERCH_RETAIL_01,2025-01-18T13:00:00+00:00,item_not_received,4807.75,True,True,False,True,True,3,True,False,False,163,False,lost
TXN100864,MERCH_DIGITAL_04,2025-03-29T01:00:00+00:00,unrecognized_transaction,1321.54,True,True,False,True,True,5,False,False,False,93,False,won
TXN100865,MERCH_RETAIL_01,2025-01-29T08:00:00+00:00,unrecognized_transaction,1313.03,False,False,False,False,True,4,True,False,False,152,False,lost
TXN100866,MERCH_RETAIL_01,2025-05-09T04:00:00+00:00,item_not_received,4635.14,True,True,False,True,True,6,True,False,False,52,False,won
TXN100867,MERCH_RETAIL_01,2025-03-17T06:00:00+00:00,item_not_as_described,2665.49,True,True,True,True,True,5,False,False,False,105,False,lost
TXN100868,MERCH_RETAIL_01,2025-01-03T19:00:00+00:00,item_not_received,3176.23,True,True,True,True,False,5,True,False,False,178,False,won
TXN100869,MERCH_ECOM_03,2025-05-02T14:00:00+00:00,item_not_received,1614.66,False,False,False,True,True,4,True,False,False,59,False,lost
TXN100870,MERCH_RETAIL_01,2025-01-06T17:00:00+00:00,item_not_as_described,1371.24,False,True,True,True,True,2,True,False,False,175,True,won
TXN100871,MERCH_SAAS_02,2025-03-17T14:00:00+00:00,item_not_received,1353.98,False,True,True,True,False,1,True,False,False,105,True,won
TXN100872,MERCH_DIGITAL_04,2025-04-26T03:00:00+00:00,subscription_cancelled,3595.29,True,True,False,True,True,4,True,False,True,65,False,won
TXN100873,MERCH_RETAIL_01,2025-06-21T01:00:00+00:00,item_not_as_described,2240.1,True,True,True,True,True,4,True,False,False,9,False,lost
TXN100874,MERCH_ECOM_03,2025-02-09T02:00:00+00:00,item_not_as_described,5363.45,False,False,False,False,True,7,False,False,False,141,False,lost
TXN100875,MERCH_RETAIL_01,2025-03-17T10:00:00+00:00,item_not_as_described,3384.02,True,True,False,True,False,6,True,False,False,105,False,won
TXN100876,MERCH_ECOM_03,2025-02-21T20:00:00+00:00,item_not_as_described,5631.67,True,True,True,False,True,3,False,False,False,129,False,lost
TXN100877,MERCH_RETAIL_01,2025-01-16T21:00:00+00:00,unrecognized_transaction,2638.91,True,True,True,True,False,4,False,False,False,165,False,lost
TXN100878,MERCH_RETAIL_01,2025-05-28T18:00:00+00:00,item_not_received,2141.72,False,False,False,False,True,2,False,False,False,33,False,lost
TXN100879,MERCH_RETAIL_01,2025-04-09T20:00:00+00:00,subscription_cancelled,3590.22,True,True,True,False,True,6,True,False,False,82,False,lost
TXN100880,MERCH_RETAIL_01,2025-02-12T07:00:00+00:00,duplicate_charge,6182.35,False,False,False,True,False,1,False,True,False,138,False,won
TXN100881,MERCH_SAAS_02,2025-02-23T15:00:00+00:00,duplicate_charge,2939.28,True,False,True,True,False,3,True,True,False,127,False,won
TXN100882,MERCH_RETAIL_01,2025-05-14T03:00:00+00:00,item_not_received,3780.8,True,False,True,True,True,1,False,False,False,47,False,won
TXN100883,MERCH_RETAIL_01,2025-02-28T14:00:00+00:00,item_not_received,500.89,False,True,True,False,True,4,True,False,False,122,True,won
TXN100884,MERCH_SAAS_02,2025-05-16T23:00:00+00:00,unrecognized_transaction,3165.51,True,True,False,True,True,3,True,False,False,45,False,won
TXN100885,MERCH_SAAS_02,2025-01-25T13:00:00+00:00,item_not_as_described,5580.58,True,True,False,True,True,6,False,False,False,156,False,lost
TXN100886,MERCH_SAAS_02,2025-05-01T21:00:00+00:00,item_not_received,3121.14,True,True,False,True,True,3,False,False,False,60,False,lost
TXN100887,MERCH_RETAIL_01,2025-05-01T10:00:00+00:00,item_not_received,5194.62,True,True,False,False,True,1,False,False,False,60,False,won
TXN100888,MERCH_ECOM_03,2025-02-21T02:00:00+00:00,unrecognized_transaction,1009.46,False,False,False,False,True,4,False,False,False,129,False,won
TXN100889,MERCH_DIGITAL_04,2025-06-04T10:00:00+00:00,item_not_as_described,1376.13,False,False,False,True,True,2,False,False,False,26,False,won
TXN100890,MERCH_RETAIL_01,2025-03-24T17:00:00+00:00,duplicate_charge,1423.2,True,True,False,True,False,4,False,True,False,98,False,won
TXN100891,MERCH_RETAIL_01,2025-05-11T03:00:00+00:00,item_not_received,735.78,False,False,False,True,False,7,True,False,False,50,False,lost
TXN100892,MERCH_RETAIL_01,2025-05-20T20:00:00+00:00,unrecognized_transaction,2661.16,True,True,False,False,True,4,False,False,False,41,False,won
TXN100893,MERCH_SAAS_02,2025-05-28T21:00:00+00:00,unrecognized_transaction,976.49,False,False,False,False,True,2,False,False,False,33,False,lost
TXN100894,MERCH_ECOM_03,2025-02-13T22:00:00+00:00,unrecognized_transaction,3952.51,True,True,True,True,True,6,True,False,False,137,False,won
TXN100895,MERCH_RETAIL_01,2025-05-07T17:00:00+00:00,item_not_as_described,3826.32,True,True,False,True,True,4,False,False,False,54,False,won
TXN100896,MERCH_RETAIL_01,2025-01-22T21:00:00+00:00,unrecognized_transaction,1138.69,True,True,False,False,True,4,False,False,False,159,False,lost
TXN100897,MERCH_RETAIL_01,2025-02-11T08:00:00+00:00,unrecognized_transaction,3642.81,False,False,False,True,True,3,True,False,False,139,False,won
TXN100898,MERCH_ECOM_03,2025-02-23T16:00:00+00:00,unrecognized_transaction,3486.94,True,False,True,False,True,2,True,False,False,127,False,lost
TXN100899,MERCH_ECOM_03,2025-01-13T18:00:00+00:00,item_not_received,1396.58,True,True,False,True,True,2,False,False,False,168,False,won
TXN100900,MERCH_SAAS_02,2025-01-01T04:00:00+00:00,item_not_received,3684.05,True,False,True,False,True,1,True,False,False,180,False,lost
TXN100901,MERCH_ECOM_03,2025-06-26T09:00:00+00:00,duplicate_charge,5263.53,False,False,False,True,True,2,False,True,False,4,False,won
TXN100902,MERCH_SAAS_02,2025-03-20T15:00:00+00:00,unrecognized_transaction,3621.77,True,False,False,True,True,5,False,False,False,102,False,won
TXN100903,MERCH_ECOM_03,2025-04-22T06:00:00+00:00,subscription_cancelled,954.74,False,True,True,True,True,5,True,False,True,69,True,won
TXN100904,MERCH_RETAIL_01,2025-03-24T10:00:00+00:00,item_not_received,1275.5,False,False,False,True,False,6,False,False,False,98,False,won
TXN100905,MERCH_RETAIL_01,2025-02-04T17:00:00+00:00,duplicate_charge,3234.43,True,True,True,True,False,4,False,True,False,146,False,won
TXN100906,MERCH_RETAIL_01,2025-05-02T02:00:00+00:00,unrecognized_transaction,2016.59,False,False,False,True,False,1,True,False,False,59,False,lost
TXN100907,MERCH_RETAIL_01,2025-02-17T23:00:00+00:00,item_not_received,3002.4,True,True,False,True,True,5,True,False,False,133,False,won
TXN100908,MERCH_ECOM_03,2025-03-08T21:00:00+00:00,unrecognized_transaction,6619.38,False,False,False,False,True,3,False,False,False,114,False,lost
TXN100909,MERCH_RETAIL_01,2025-05-24T16:00:00+00:00,item_not_received,2562.84,True,True,True,False,True,5,False,False,False,37,False,won
TXN100910,MERCH_DIGITAL_04,2025-06-14T18:00:00+00:00,unrecognized_transaction,426.28,False,False,False,True,False,5,False,False,False,16,False,lost
TXN100911,MERCH_ECOM_03,2025-05-17T07:00:00+00:00,item_not_received,4794.23,False,False,False,False,True,8,True,False,False,44,False,lost
TXN100912,MERCH_ECOM_03,2025-06-08T13:00:00+00:00,unrecognized_transaction,1397.32,False,False,True,False,True,4,False,False,False,22,True,won
TXN100913,MERCH_RETAIL_01,2025-01-23T13:00:00+00:00,item_not_as_described,1301.27,False,True,True,True,True,5,True,False,False,158,True,lost
TXN100914,MERCH_RETAIL_01,2025-04-17T00:00:00+00:00,item_not_received,1451.49,False,True,True,True,True,3,False,False,False,74,True,won
TXN100915,MERCH_RETAIL_01,2025-05-13T06:00:00+00:00,item_not_received,4680.75,True,True,False,False,False,5,False,False,False,48,False,won
TXN100916,MERCH_SAAS_02,2025-04-28T07:00:00+00:00,item_not_received,2222.82,True,True,False,True,False,0,False,False,False,63,False,lost
TXN100917,MERCH_ECOM_03,2025-06-18T22:00:00+00:00,item_not_received,4282.36,False,False,False,False,True,6,False,False,False,12,False,won
TXN100918,MERCH_ECOM_03,2025-02-11T13:00:00+00:00,item_not_received,4336.25,False,False,False,False,True,1,False,False,False,139,False,lost
TXN100919,MERCH_SAAS_02,2025-01-11T09:00:00+00:00,item_not_as_described,2068.33,False,False,False,True,False,2,False,False,False,170,False,lost
TXN100920,MERCH_SAAS_02,2025-05-02T09:00:00+00:00,item_not_as_described,4224.82,False,False,False,True,True,9,False,False,False,59,False,lost
TXN100921,MERCH_RETAIL_01,2025-02-18T20:00:00+00:00,item_not_received,5137.7,False,False,True,False,False,4,True,False,False,132,True,won
TXN100922,MERCH_RETAIL_01,2025-03-06T05:00:00+00:00,duplicate_charge,1346.32,True,True,True,True,True,5,True,True,False,116,False,won
TXN100923,MERCH_SAAS_02,2025-02-20T01:00:00+00:00,unrecognized_transaction,6424.42,True,False,True,False,True,4,True,False,False,130,False,lost
TXN100924,MERCH_RETAIL_01,2025-05-21T20:00:00+00:00,unrecognized_transaction,1789.51,False,False,False,True,True,5,False,False,False,40,False,lost
TXN100925,MERCH_SAAS_02,2025-05-30T16:00:00+00:00,subscription_cancelled,2922.62,False,True,True,True,True,3,True,False,True,31,True,won
TXN100926,MERCH_ECOM_03,2025-05-26T14:00:00+00:00,item_not_received,1729.95,False,False,False,True,False,6,False,False,False,35,False,lost
TXN100927,MERCH_RETAIL_01,2025-06-03T17:00:00+00:00,duplicate_charge,1199.05,True,True,True,True,False,0,False,True,False,27,False,lost
TXN100928,MERCH_DIGITAL_04,2025-04-18T20:00:00+00:00,item_not_received,1885.38,False,False,False,False,False,4,True,False,False,73,False,lost
TXN100929,MERCH_RETAIL_01,2025-04-15T10:00:00+00:00,item_not_received,4446.77,True,False,True,True,True,4,True,False,False,76,False,won
TXN100930,MERCH_SAAS_02,2025-04-02T08:00:00+00:00,unrecognized_transaction,2055.51,True,True,False,True,True,4,True,False,False,89,False,won
TXN100931,MERCH_ECOM_03,2025-02-27T19:00:00+00:00,item_not_received,1550.14,False,False,False,False,True,3,True,False,False,123,False,lost
TXN100932,MERCH_DIGITAL_04,2025-01-30T12:00:00+00:00,duplicate_charge,7354.73,False,False,False,False,True,2,False,True,False,151,False,won
TXN100933,MERCH_DIGITAL_04,2025-06-28T05:00:00+00:00,item_not_received,872.81,False,False,False,True,True,3,False,False,False,2,False,lost
TXN100934,MERCH_DIGITAL_04,2025-01-16T16:00:00+00:00,duplicate_charge,2343.42,True,True,True,True,True,2,False,True,False,165,False,lost
TXN100935,MERCH_SAAS_02,2025-02-17T05:00:00+00:00,item_not_received,8379.98,True,True,False,False,False,4,True,False,False,133,False,won
TXN100936,MERCH_SAAS_02,2025-02-05T14:00:00+00:00,subscription_cancelled,542.04,False,False,False,False,True,3,True,False,False,145,False,lost
TXN100937,MERCH_SAAS_02,2025-02-02T15:00:00+00:00,subscription_cancelled,2499.72,False,True,True,True,False,6,False,False,True,148,True,won
TXN100938,MERCH_RETAIL_01,2025-03-13T20:00:00+00:00,item_not_received,2950.3,False,False,False,True,True,1,True,False,False,109,False,won
TXN100939,MERCH_ECOM_03,2025-01-24T04:00:00+00:00,item_not_received,9027.47,True,True,False,True,True,3,False,False,False,157,False,won
TXN100940,MERCH_RETAIL_01,2025-03-22T18:00:00+00:00,item_not_received,5843.63,False,False,False,False,True,2,False,False,False,100,False,lost
TXN100941,MERCH_ECOM_03,2025-06-04T22:00:00+00:00,unrecognized_transaction,9122.87,True,True,True,True,False,9,True,False,False,26,False,won
TXN100942,MERCH_ECOM_03,2025-04-17T23:00:00+00:00,duplicate_charge,794.34,False,False,False,True,False,4,False,True,False,74,False,won
TXN100943,MERCH_SAAS_02,2025-02-04T07:00:00+00:00,item_not_received,4755.71,True,True,False,True,True,8,True,False,False,146,False,won
TXN100944,MERCH_RETAIL_01,2025-01-30T01:00:00+00:00,subscription_cancelled,545.49,True,True,False,True,False,2,False,False,False,151,False,lost
TXN100945,MERCH_DIGITAL_04,2025-02-14T12:00:00+00:00,subscription_cancelled,1130.66,True,False,False,False,True,2,False,False,True,136,False,lost
TXN100946,MERCH_SAAS_02,2025-01-21T11:00:00+00:00,unrecognized_transaction,3837.84,False,False,False,False,False,1,True,False,False,160,False,lost
TXN100947,MERCH_ECOM_03,2025-05-31T05:00:00+00:00,item_not_received,4133.95,False,False,False,False,False,4,False,False,False,30,False,lost
TXN100948,MERCH_SAAS_02,2025-04-13T10:00:00+00:00,duplicate_charge,3085.02,True,True,False,True,False,5,False,True,False,78,False,lost
TXN100949,MERCH_RETAIL_01,2025-05-11T12:00:00+00:00,unrecognized_transaction,880.61,True,True,True,True,True,4,False,False,False,50,False,won
TXN100950,MERCH_ECOM_03,2025-04-19T11:00:00+00:00,item_not_received,3365.86,True,True,True,True,False,2,True,False,False,72,False,won
TXN100951,MERCH_ECOM_03,2025-03-05T00:00:00+00:00,item_not_received,5357.72,False,False,False,False,True,3,True,False,False,117,False,lost
TXN100952,MERCH_RETAIL_01,2025-04-23T03:00:00+00:00,item_not_received,2377.6,False,False,False,True,True,1,False,False,False,68,False,lost
TXN100953,MERCH_ECOM_03,2025-03-31T17:00:00+00:00,item_not_received,4089.44,True,True,True,True,False,2,True,False,False,91,False,won
TXN100954,MERCH_DIGITAL_04,2025-06-12T08:00:00+00:00,item_not_received,5093.85,True,True,False,True,True,1,True,False,False,18,False,won
TXN100955,MERCH_RETAIL_01,2025-03-15T08:00:00+00:00,item_not_received,4692.53,False,False,False,False,False,2,True,False,False,107,False,won
TXN100956,MERCH_SAAS_02,2025-04-30T01:00:00+00:00,duplicate_charge,741.23,False,False,False,True,True,6,False,True,False,61,False,won
TXN100957,MERCH_ECOM_03,2025-06-08T23:00:00+00:00,item_not_as_described,2003.1,False,False,False,True,True,5,False,False,False,22,False,won
TXN100958,MERCH_ECOM_03,2025-05-07T15:00:00+00:00,item_not_received,5048.03,True,True,False,True,True,3,False,False,False,54,False,won
TXN100959,MERCH_RETAIL_01,2025-05-04T22:00:00+00:00,unrecognized_transaction,1991.02,False,False,False,True,False,3,False,False,False,57,False,lost
TXN100960,MERCH_ECOM_03,2025-05-01T15:00:00+00:00,item_not_received,5317.27,True,True,False,True,False,4,False,False,False,60,False,lost
TXN100961,MERCH_RETAIL_01,2025-04-27T00:00:00+00:00,item_not_received,3051.23,True,False,True,True,False,2,False,False,False,64,False,won
TXN100962,MERCH_RETAIL_01,2025-02-28T18:00:00+00:00,item_not_received,2585.61,True,True,True,True,False,2,True,False,False,122,False,won
TXN100963,MERCH_RETAIL_01,2025-05-08T01:00:00+00:00,item_not_as_described,1743.16,True,False,False,False,True,6,True,False,False,53,False,won
TXN100964,MERCH_SAAS_02,2025-01-07T12:00:00+00:00,unrecognized_transaction,3234.01,True,True,False,False,True,6,True,False,False,174,False,won
TXN100965,MERCH_ECOM_03,2025-06-05T21:00:00+00:00,item_not_as_described,7377.1,True,False,False,True,False,1,False,False,False,25,False,lost
TXN100966,MERCH_RETAIL_01,2025-05-20T07:00:00+00:00,unrecognized_transaction,2973.35,False,False,False,True,True,2,False,False,False,41,False,lost
TXN100967,MERCH_SAAS_02,2025-05-30T11:00:00+00:00,unrecognized_transaction,2557.5,True,True,True,False,True,2,True,False,False,31,False,won
TXN100968,MERCH_RETAIL_01,2025-01-14T12:00:00+00:00,subscription_cancelled,1107.01,True,True,True,True,True,5,True,False,True,167,False,won
TXN100969,MERCH_ECOM_03,2025-04-06T05:00:00+00:00,duplicate_charge,2248.54,False,False,False,True,False,2,True,True,False,85,False,lost
TXN100970,MERCH_SAAS_02,2025-01-04T13:00:00+00:00,unrecognized_transaction,2894.91,True,True,True,True,False,3,True,False,False,177,False,lost
TXN100971,MERCH_SAAS_02,2025-03-20T01:00:00+00:00,unrecognized_transaction,4047.58,False,False,False,False,True,4,False,False,False,102,False,lost
TXN100972,MERCH_RETAIL_01,2025-04-01T19:00:00+00:00,item_not_received,2146.2,False,False,False,False,True,4,False,False,False,90,False,lost
TXN100973,MERCH_DIGITAL_04,2025-04-15T18:00:00+00:00,item_not_received,2482.96,False,False,False,True,True,3,False,False,False,76,False,lost
TXN100974,MERCH_SAAS_02,2025-06-08T04:00:00+00:00,item_not_received,3870.74,False,True,True,True,True,4,True,False,False,22,True,won
TXN100975,MERCH_RETAIL_01,2025-06-03T11:00:00+00:00,unrecognized_transaction,1541.1,True,True,False,False,True,3,False,False,False,27,False,lost
TXN100976,MERCH_RETAIL_01,2025-06-20T14:00:00+00:00,unrecognized_transaction,4327.16,True,True,False,True,True,3,True,False,False,10,False,won
TXN100977,MERCH_RETAIL_01,2025-06-08T14:00:00+00:00,item_not_received,2225.73,True,True,True,True,True,7,False,False,False,22,False,lost
TXN100978,MERCH_ECOM_03,2025-01-23T06:00:00+00:00,duplicate_charge,4976.98,True,True,True,True,False,6,True,True,False,158,False,won
TXN100979,MERCH_RETAIL_01,2025-02-11T02:00:00+00:00,unrecognized_transaction,2525.39,True,False,False,False,True,2,False,False,False,139,False,lost
TXN100980,MERCH_ECOM_03,2025-03-04T07:00:00+00:00,item_not_as_described,1856.38,True,False,True,True,True,6,False,False,False,118,False,lost
TXN100981,MERCH_SAAS_02,2025-01-12T17:00:00+00:00,item_not_received,4292.04,True,True,True,True,False,4,True,False,False,169,False,won
TXN100982,MERCH_SAAS_02,2025-06-22T14:00:00+00:00,subscription_cancelled,2892.02,False,False,False,False,True,4,False,False,True,8,False,won
TXN100983,MERCH_RETAIL_01,2025-02-27T12:00:00+00:00,item_not_received,3499.84,False,False,False,True,True,6,False,False,False,123,False,won
TXN100984,MERCH_DIGITAL_04,2025-01-30T03:00:00+00:00,item_not_received,3409.74,True,True,False,True,False,1,False,False,False,151,False,lost
TXN100985,MERCH_RETAIL_01,2025-02-13T23:00:00+00:00,subscription_cancelled,1394.61,False,False,False,True,True,2,False,False,False,137,False,lost
TXN100986,MERCH_SAAS_02,2025-04-01T14:00:00+00:00,subscription_cancelled,725.79,True,True,True,False,True,4,True,False,False,90,False,lost
TXN100987,MERCH_SAAS_02,2025-01-20T23:00:00+00:00,subscription_cancelled,1293.58,True,True,False,False,True,8,False,False,True,161,False,won
TXN100988,MERCH_SAAS_02,2025-04-19T01:00:00+00:00,item_not_received,1720.57,False,False,False,False,True,4,False,False,False,72,False,lost
TXN100989,MERCH_SAAS_02,2025-06-21T16:00:00+00:00,unrecognized_transaction,4659.56,True,False,True,True,True,2,True,False,False,9,False,won
TXN100990,MERCH_SAAS_02,2025-02-13T09:00:00+00:00,item_not_received,1792.35,False,False,False,False,True,3,True,False,False,137,False,lost
TXN100991,MERCH_ECOM_03,2025-02-01T11:00:00+00:00,item_not_received,3822.05,True,True,False,True,True,2,False,False,False,149,False,lost
TXN100992,MERCH_ECOM_03,2025-05-28T09:00:00+00:00,item_not_as_described,2306.67,True,True,True,True,True,1,False,False,False,33,False,lost
TXN100993,MERCH_ECOM_03,2025-04-26T22:00:00+00:00,unrecognized_transaction,1565.56,True,True,True,False,True,7,False,False,False,65,False,lost
TXN100994,MERCH_SAAS_02,2025-01-05T08:00:00+00:00,item_not_received,1179.44,False,False,False,True,True,3,False,False,False,176,False,lost
TXN100995,MERCH_RETAIL_01,2025-01-29T14:00:00+00:00,unrecognized_transaction,4795.26,True,True,False,False,False,4,False,False,False,152,False,lost
TXN100996,MERCH_ECOM_03,2025-03-27T06:00:00+00:00,unrecognized_transaction,1303.13,True,True,False,False,False,4,False,False,False,95,False,lost
TXN100997,MERCH_ECOM_03,2025-01-28T23:00:00+00:00,item_not_received,2668.38,True,True,False,True,False,5,False,False,False,153,False,won
TXN100998,MERCH_RETAIL_01,2025-02-20T18:00:00+00:00,unrecognized_transaction,5028.14,False,False,False,True,True,1,False,False,False,130,False,won
TXN100999,MERCH_DIGITAL_04,2025-06-16T10:00:00+00:00,item_not_received,635.42,True,True,True,False,True,2,False,False,False,14,False,won
TXN101000,MERCH_SAAS_02,2025-05-25T17:00:00+00:00,duplicate_charge,681.59,True,False,False,True,True,7,True,False,False,36,False,lost
TXN101001,MERCH_DIGITAL_04,2025-03-12T10:00:00+00:00,item_not_received,1912.6,True,True,True,True,True,4,True,False,False,110,False,won
TXN101002,MERCH_SAAS_02,2025-01-14T00:00:00+00:00,duplicate_charge,4452.26,False,False,False,True,True,5,False,False,False,167,False,lost
TXN101003,MERCH_SAAS_02,2025-01-08T23:00:00+00:00,item_not_received,2502.7,False,False,False,True,True,4,True,False,False,173,False,lost
TXN101004,MERCH_SAAS_02,2025-02-02T19:00:00+00:00,duplicate_charge,946.09,True,False,True,False,True,1,False,False,False,148,False,lost
TXN101005,MERCH_DIGITAL_04,2025-05-31T16:00:00+00:00,unrecognized_transaction,2976.83,True,True,True,True,True,4,False,False,False,30,False,lost
TXN101006,MERCH_RETAIL_01,2025-01-06T00:00:00+00:00,item_not_received,1745.39,False,False,False,False,True,3,True,False,False,175,False,won
TXN101007,MERCH_RETAIL_01,2025-05-25T07:00:00+00:00,item_not_received,3761.66,True,True,False,True,True,2,False,False,False,36,False,won
TXN101008,MERCH_SAAS_02,2025-04-11T20:00:00+00:00,item_not_received,894.43,True,True,True,True,False,3,True,False,False,80,False,won
TXN101009,MERCH_ECOM_03,2025-03-04T07:00:00+00:00,subscription_cancelled,2288.99,True,True,True,True,True,4,False,False,False,118,False,won
TXN101010,MERCH_ECOM_03,2025-02-23T09:00:00+00:00,duplicate_charge,1117.31,True,True,True,True,False,5,False,False,False,127,False,lost
TXN101011,MERCH_DIGITAL_04,2025-06-20T18:00:00+00:00,duplicate_charge,3440.15,True,True,True,True,False,5,False,False,False,10,False,won
TXN101012,MERCH_SAAS_02,2025-03-17T20:00:00+00:00,unrecognized_transaction,1750.47,True,True,False,True,True,3,True,False,False,105,False,won
TXN101013,MERCH_SAAS_02,2025-03-06T20:00:00+00:00,duplicate_charge,2925.25,True,True,True,False,True,4,False,False,False,116,False,lost
TXN101014,MERCH_ECOM_03,2025-06-08T20:00:00+00:00,unrecognized_transaction,2237.05,True,True,False,True,True,2,True,False,False,22,False,won
TXN101015,MERCH_DIGITAL_04,2025-05-30T09:00:00+00:00,duplicate_charge,4944.35,True,False,False,False,True,8,False,True,False,31,False,won
TXN101016,MERCH_RETAIL_01,2025-02-18T20:00:00+00:00,item_not_received,4783.09,True,True,True,True,True,1,False,False,False,132,False,won
TXN101017,MERCH_SAAS_02,2025-06-17T22:00:00+00:00,duplicate_charge,423.76,False,False,False,False,False,2,False,True,False,13,False,won
TXN101018,MERCH_DIGITAL_04,2025-04-14T05:00:00+00:00,duplicate_charge,1269.54,True,True,False,True,False,3,True,True,False,77,False,won
TXN101019,MERCH_RETAIL_01,2025-06-12T05:00:00+00:00,subscription_cancelled,2345.01,True,True,False,True,True,4,True,False,False,18,False,lost
TXN101020,MERCH_ECOM_03,2025-01-26T06:00:00+00:00,unrecognized_transaction,350.89,False,False,False,False,False,9,False,False,False,155,False,won
TXN101021,MERCH_RETAIL_01,2025-05-13T01:00:00+00:00,item_not_received,2177.78,True,True,False,True,True,4,True,False,False,48,False,won
TXN101022,MERCH_ECOM_03,2025-05-31T14:00:00+00:00,item_not_received,5819.11,True,True,False,False,True,4,False,False,False,30,False,won
TXN101023,MERCH_SAAS_02,2025-04-24T01:00:00+00:00,item_not_as_described,776.88,False,False,False,True,True,1,False,False,False,67,False,lost
TXN101024,MERCH_RETAIL_01,2025-04-14T10:00:00+00:00,unrecognized_transaction,1251.35,False,False,True,True,False,2,True,False,False,77,True,lost
TXN101025,MERCH_RETAIL_01,2025-01-06T02:00:00+00:00,unrecognized_transaction,2295.76,False,False,False,False,True,3,True,False,False,175,False,lost
TXN101026,MERCH_ECOM_03,2025-01-02T06:00:00+00:00,duplicate_charge,1767.68,True,True,True,True,False,1,False,True,False,179,False,won
TXN101027,MERCH_SAAS_02,2025-06-08T14:00:00+00:00,subscription_cancelled,4142.11,True,True,False,False,True,3,True,False,False,22,False,lost
TXN101028,MERCH_RETAIL_01,2025-01-27T23:00:00+00:00,unrecognized_transaction,387.46,False,False,False,False,False,3,False,False,False,154,False,lost
TXN101029,MERCH_SAAS_02,2025-06-02T04:00:00+00:00,duplicate_charge,4184.6,True,True,False,True,False,6,True,False,False,28,False,won
TXN101030,MERCH_ECOM_03,2025-06-26T09:00:00+00:00,subscription_cancelled,2658.3,True,True,False,True,False,1,True,False,True,4,False,won
TXN101031,MERCH_SAAS_02,2025-02-23T12:00:00+00:00,unrecognized_transaction,1874.11,False,False,False,True,False,1,False,False,False,127,False,lost
TXN101032,MERCH_SAAS_02,2025-04-25T08:00:00+00:00,unrecognized_transaction,4596.02,True,False,False,False,True,3,True,False,False,66,False,lost
TXN101033,MERCH_RETAIL_01,2025-04-28T10:00:00+00:00,unrecognized_transaction,1195.31,False,False,False,False,True,4,False,False,False,63,False,lost
TXN101034,MERCH_RETAIL_01,2025-03-04T11:00:00+00:00,unrecognized_transaction,1719.05,True,True,False,True,False,5,False,False,False,118,False,won
TXN101035,MERCH_SAAS_02,2025-02-22T01:00:00+00:00,unrecognized_transaction,380.09,False,False,False,True,True,8,False,False,False,128,False,won
TXN101036,MERCH_SAAS_02,2025-02-20T05:00:00+00:00,item_not_received,1876.05,False,False,False,False,True,5,False,False,False,130,False,lost
TXN101037,MERCH_RETAIL_01,2025-03-19T21:00:00+00:00,unrecognized_transaction,840.62,False,False,False,True,False,6,False,False,False,103,False,lost
TXN101038,MERCH_RETAIL_01,2025-04-12T22:00:00+00:00,unrecognized_transaction,1660.98,False,False,False,False,False,3,False,False,False,79,False,lost
TXN101039,MERCH_RETAIL_01,2025-03-19T11:00:00+00:00,item_not_received,1103.46,True,True,False,True,True,3,True,False,False,103,False,won
TXN101040,MERCH_RETAIL_01,2025-06-16T03:00:00+00:00,unrecognized_transaction,1219.37,True,True,False,True,True,5,False,False,False,14,False,won
TXN101041,MERCH_ECOM_03,2025-06-13T05:00:00+00:00,item_not_received,1610.52,False,False,False,True,True,3,True,False,False,17,False,lost
TXN101042,MERCH_RETAIL_01,2025-02-28T05:00:00+00:00,item_not_received,1943.91,True,False,False,False,True,1,True,False,False,122,False,lost
TXN101043,MERCH_SAAS_02,2025-05-11T12:00:00+00:00,item_not_received,5733.24,True,True,True,True,True,7,False,False,False,50,False,won
TXN101044,MERCH_DIGITAL_04,2025-01-19T22:00:00+00:00,item_not_received,6224.07,False,False,False,True,True,6,True,False,False,162,False,lost
TXN101045,MERCH_ECOM_03,2025-03-19T01:00:00+00:00,item_not_received,1190.79,True,True,False,False,False,4,False,False,False,103,False,won
TXN101046,MERCH_ECOM_03,2025-05-16T21:00:00+00:00,item_not_as_described,1935.99,True,True,True,True,True,8,False,False,False,45,False,lost
TXN101047,MERCH_ECOM_03,2025-04-30T09:00:00+00:00,subscription_cancelled,7228.35,False,False,False,True,True,4,False,False,False,61,False,lost
TXN101048,MERCH_RETAIL_01,2025-01-07T16:00:00+00:00,item_not_received,4462.28,True,True,False,False,True,4,True,False,False,174,False,won
TXN101049,MERCH_RETAIL_01,2025-04-19T23:00:00+00:00,item_not_received,4210.95,True,True,True,True,False,5,False,False,False,72,False,won
TXN101050,MERCH_RETAIL_01,2025-01-07T16:00:00+00:00,item_not_received,846.7,True,True,True,False,True,8,True,False,False,174,False,won
TXN101051,MERCH_DIGITAL_04,2025-02-06T01:00:00+00:00,item_not_received,2250.16,True,True,True,True,True,1,True,False,False,144,False,won
TXN101052,MERCH_SAAS_02,2025-05-22T02:00:00+00:00,item_not_received,559.2,False,False,False,True,True,1,True,False,False,39,False,lost
TXN101053,MERCH_RETAIL_01,2025-04-12T15:00:00+00:00,item_not_received,2474.67,True,True,True,True,True,1,False,False,False,79,False,won
TXN101054,MERCH_RETAIL_01,2025-04-18T10:00:00+00:00,duplicate_charge,5067.22,True,True,True,False,True,2,False,True,False,73,False,won
TXN101055,MERCH_SAAS_02,2025-06-19T23:00:00+00:00,item_not_received,2788.37,False,False,False,False,True,5,True,False,False,11,False,lost
TXN101056,MERCH_DIGITAL_04,2025-04-06T12:00:00+00:00,unrecognized_transaction,1142.31,False,False,False,True,True,2,False,False,False,85,False,lost
TXN101057,MERCH_RETAIL_01,2025-05-04T20:00:00+00:00,item_not_received,2090.81,True,True,True,False,True,4,False,False,False,57,False,won
TXN101058,MERCH_RETAIL_01,2025-02-26T18:00:00+00:00,unrecognized_transaction,1642.5,True,True,False,False,False,5,False,False,False,124,False,lost
TXN101059,MERCH_RETAIL_01,2025-02-01T20:00:00+00:00,unrecognized_transaction,750.79,False,False,False,False,False,3,False,False,False,149,False,lost
TXN101060,MERCH_ECOM_03,2025-04-01T16:00:00+00:00,item_not_received,3500.94,True,True,True,True,False,1,False,False,False,90,False,won
TXN101061,MERCH_SAAS_02,2025-03-26T17:00:00+00:00,item_not_received,1405.66,False,False,False,True,True,3,False,False,False,96,False,lost
TXN101062,MERCH_SAAS_02,2025-04-19T15:00:00+00:00,item_not_as_described,4778.5,False,False,False,True,False,4,False,False,False,72,False,won
TXN101063,MERCH_SAAS_02,2025-01-20T04:00:00+00:00,duplicate_charge,2393.46,True,False,False,False,False,7,True,True,False,161,False,won
TXN101064,MERCH_ECOM_03,2025-04-12T02:00:00+00:00,item_not_received,2193.45,False,False,True,True,True,0,False,False,False,79,True,lost
TXN101065,MERCH_ECOM_03,2025-06-08T03:00:00+00:00,duplicate_charge,3050.07,False,False,False,False,True,2,True,True,False,22,False,won
TXN101066,MERCH_SAAS_02,2025-02-11T20:00:00+00:00,item_not_as_described,2897.87,False,False,False,True,True,4,False,False,False,139,False,won
TXN101067,MERCH_RETAIL_01,2025-04-13T18:00:00+00:00,unrecognized_transaction,2130.89,True,True,False,False,True,5,False,False,False,78,False,lost
TXN101068,MERCH_SAAS_02,2025-05-15T01:00:00+00:00,unrecognized_transaction,361.7,True,True,False,False,True,6,False,False,False,46,False,lost
TXN101069,MERCH_SAAS_02,2025-01-05T12:00:00+00:00,unrecognized_transaction,1525.63,False,False,False,True,True,7,False,False,False,176,False,won
TXN101070,MERCH_ECOM_03,2025-02-08T14:00:00+00:00,item_not_as_described,1178.77,True,True,True,False,True,3,False,False,False,142,False,lost
TXN101071,MERCH_RETAIL_01,2025-01-25T22:00:00+00:00,item_not_received,2458.61,True,True,False,True,True,3,False,False,False,156,False,won
TXN101072,MERCH_SAAS_02,2025-04-10T00:00:00+00:00,item_not_as_described,6475.07,True,True,True,True,True,1,True,False,False,81,False,lost
TXN101073,MERCH_RETAIL_01,2025-03-11T10:00:00+00:00,item_not_received,3099.07,True,True,False,True,True,5,True,False,False,111,False,lost
TXN101074,MERCH_ECOM_03,2025-05-02T17:00:00+00:00,duplicate_charge,3258.34,True,True,True,True,False,5,True,True,False,59,False,won
TXN101075,MERCH_RETAIL_01,2025-06-03T12:00:00+00:00,item_not_as_described,2054.42,False,False,False,True,False,5,False,False,False,27,False,won
TXN101076,MERCH_SAAS_02,2025-06-07T06:00:00+00:00,subscription_cancelled,2089.26,True,True,False,False,True,5,False,False,True,23,False,won
TXN101077,MERCH_RETAIL_01,2025-03-09T20:00:00+00:00,unrecognized_transaction,1669.44,True,True,False,True,True,0,True,False,False,113,False,lost
TXN101078,MERCH_RETAIL_01,2025-06-14T05:00:00+00:00,duplicate_charge,3173.13,False,False,False,False,True,3,False,True,False,16,False,won
TXN101079,MERCH_SAAS_02,2025-01-02T16:00:00+00:00,subscription_cancelled,1413.06,True,False,True,True,True,3,False,False,False,179,False,lost
TXN101080,MERCH_SAAS_02,2025-06-17T21:00:00+00:00,duplicate_charge,5401.33,True,True,True,True,False,3,False,True,False,13,False,won
TXN101081,MERCH_SAAS_02,2025-04-26T15:00:00+00:00,unrecognized_transaction,4458.33,False,False,False,True,True,5,False,False,False,65,False,won
TXN101082,MERCH_SAAS_02,2025-03-31T23:00:00+00:00,item_not_received,1708.84,True,False,True,True,True,7,False,False,False,91,False,won
TXN101083,MERCH_ECOM_03,2025-04-25T08:00:00+00:00,unrecognized_transaction,1231.04,False,False,False,False,False,0,True,False,False,66,False,lost
TXN101084,MERCH_RETAIL_01,2025-02-23T19:00:00+00:00,unrecognized_transaction,3629.35,True,True,False,True,True,3,False,False,False,127,False,won
TXN101085,MERCH_RETAIL_01,2025-02-18T07:00:00+00:00,item_not_as_described,4039.54,True,True,True,True,True,4,True,False,False,132,False,won
TXN101086,MERCH_RETAIL_01,2025-06-17T02:00:00+00:00,subscription_cancelled,2105.31,True,False,True,False,True,2,False,False,True,13,False,won
TXN101087,MERCH_ECOM_03,2025-02-14T01:00:00+00:00,item_not_received,620.43,True,True,True,True,True,7,False,False,False,136,False,won
TXN101088,MERCH_RETAIL_01,2025-05-12T08:00:00+00:00,item_not_as_described,2756.21,True,True,True,True,True,0,True,False,False,49,False,won
TXN101089,MERCH_ECOM_03,2025-02-26T18:00:00+00:00,subscription_cancelled,554.31,False,False,False,False,False,1,True,False,True,124,False,lost
TXN101090,MERCH_ECOM_03,2025-06-19T21:00:00+00:00,item_not_as_described,508.76,True,True,True,True,False,5,False,False,False,11,False,lost
TXN101091,MERCH_ECOM_03,2025-05-30T15:00:00+00:00,item_not_as_described,3696.5,True,True,True,False,True,3,True,False,False,31,False,won
TXN101092,MERCH_ECOM_03,2025-04-15T17:00:00+00:00,item_not_received,1267.79,False,False,False,True,True,7,False,False,False,76,False,lost
TXN101093,MERCH_SAAS_02,2025-01-16T06:00:00+00:00,duplicate_charge,4314.83,True,True,False,False,True,5,True,True,False,165,False,won
TXN101094,MERCH_ECOM_03,2025-04-16T09:00:00+00:00,item_not_received,2104.59,False,True,True,False,False,3,False,False,False,75,True,won
TXN101095,MERCH_RETAIL_01,2025-01-08T16:00:00+00:00,item_not_received,7850.85,True,True,False,False,True,3,True,False,False,173,False,lost
TXN101096,MERCH_ECOM_03,2025-03-15T16:00:00+00:00,unrecognized_transaction,3830.45,True,True,False,True,True,3,False,False,False,107,False,lost
TXN101097,MERCH_ECOM_03,2025-04-14T18:00:00+00:00,item_not_as_described,3306.6,False,False,False,True,True,2,True,False,False,77,False,lost
TXN101098,MERCH_SAAS_02,2025-03-03T18:00:00+00:00,item_not_received,2272.06,True,True,False,True,True,6,True,False,False,119,False,won
TXN101099,MERCH_RETAIL_01,2025-05-21T07:00:00+00:00,item_not_received,3184.86,True,True,True,True,True,4,False,False,False,40,False,won
TXN101100,MERCH_ECOM_03,2025-02-23T23:00:00+00:00,item_not_received,3235.56,True,True,False,True,False,1,True,False,False,127,False,lost
TXN101101,MERCH_ECOM_03,2025-03-04T17:00:00+00:00,item_not_received,3199.65,False,False,False,True,False,7,False,False,False,118,False,lost
TXN101102,MERCH_RETAIL_01,2025-03-15T19:00:00+00:00,unrecognized_transaction,1197.39,False,False,False,True,False,1,False,False,False,107,False,lost
TXN101103,MERCH_ECOM_03,2025-01-23T17:00:00+00:00,item_not_received,1802.99,False,False,False,True,True,4,True,False,False,158,False,lost
TXN101104,MERCH_RETAIL_01,2025-01-13T06:00:00+00:00,unrecognized_transaction,1464.43,True,False,True,False,True,1,False,False,False,168,False,lost
TXN101105,MERCH_SAAS_02,2025-06-28T07:00:00+00:00,unrecognized_transaction,2449.99,True,True,True,True,True,1,True,False,False,2,False,won
TXN101106,MERCH_RETAIL_01,2025-02-19T08:00:00+00:00,duplicate_charge,2455.78,False,False,False,True,False,3,False,True,False,131,False,won
TXN101107,MERCH_ECOM_03,2025-03-13T00:00:00+00:00,item_not_received,3548.48,False,False,False,True,True,8,False,False,False,109,False,lost
TXN101108,MERCH_RETAIL_01,2025-06-28T16:00:00+00:00,item_not_received,2766.4,False,False,False,False,True,0,False,False,False,2,False,lost
TXN101109,MERCH_RETAIL_01,2025-06-14T12:00:00+00:00,item_not_received,5410.13,True,True,True,True,True,1,False,False,False,16,False,won
TXN101110,MERCH_RETAIL_01,2025-06-01T18:00:00+00:00,unrecognized_transaction,2217.69,False,True,True,True,False,1,False,False,False,29,True,lost
TXN101111,MERCH_DIGITAL_04,2025-02-12T12:00:00+00:00,item_not_received,1442.79,False,False,False,True,True,4,False,False,False,138,False,lost
TXN101112,MERCH_RETAIL_01,2025-02-04T18:00:00+00:00,item_not_received,5239.97,True,True,True,False,True,5,False,False,False,146,False,won
TXN101113,MERCH_RETAIL_01,2025-04-27T02:00:00+00:00,item_not_received,5214.3,True,True,False,True,False,4,False,False,False,64,False,won
TXN101114,MERCH_RETAIL_01,2025-01-07T10:00:00+00:00,item_not_received,4732.62,False,False,False,True,True,0,True,False,False,174,False,lost
TXN101115,MERCH_RETAIL_01,2025-06-12T02:00:00+00:00,item_not_as_described,2114.56,True,True,True,True,True,5,False,False,False,18,False,lost
TXN101116,MERCH_RETAIL_01,2025-04-29T00:00:00+00:00,unrecognized_transaction,674.04,False,False,False,False,False,5,False,False,False,62,False,lost
TXN101117,MERCH_RETAIL_01,2025-01-13T01:00:00+00:00,unrecognized_transaction,8834.07,True,True,False,True,True,1,True,False,False,168,False,won
TXN101118,MERCH_SAAS_02,2025-03-18T02:00:00+00:00,unrecognized_transaction,4121.81,True,True,True,True,True,1,False,False,False,104,False,won
TXN101119,MERCH_RETAIL_01,2025-06-22T12:00:00+00:00,unrecognized_transaction,1159.05,True,True,True,False,True,3,True,False,False,8,False,lost
TXN101120,MERCH_RETAIL_01,2025-05-15T21:00:00+00:00,unrecognized_transaction,5755.56,True,True,True,True,True,3,True,False,False,46,False,won
TXN101121,MERCH_ECOM_03,2025-06-20T14:00:00+00:00,item_not_received,2713.59,False,False,False,True,False,1,False,False,False,10,False,lost
TXN101122,MERCH_ECOM_03,2025-03-10T01:00:00+00:00,duplicate_charge,3188.88,False,False,False,True,True,5,False,True,False,112,False,won
TXN101123,MERCH_ECOM_03,2025-05-08T03:00:00+00:00,unrecognized_transaction,188.99,True,True,False,True,True,4,False,False,False,53,False,won
TXN101124,MERCH_ECOM_03,2025-04-05T08:00:00+00:00,unrecognized_transaction,1169.68,True,True,False,True,True,2,False,False,False,86,False,won
TXN101125,MERCH_RETAIL_01,2025-05-05T11:00:00+00:00,unrecognized_transaction,1337.6,True,False,True,True,False,2,True,False,False,56,False,lost
TXN101126,MERCH_RETAIL_01,2025-01-20T02:00:00+00:00,item_not_received,2982.63,False,False,False,False,True,3,True,False,False,161,False,lost
TXN101127,MERCH_RETAIL_01,2025-05-12T06:00:00+00:00,duplicate_charge,1737.13,False,False,False,True,True,4,True,True,False,49,False,lost
TXN101128,MERCH_RETAIL_01,2025-02-17T09:00:00+00:00,duplicate_charge,1105.21,False,False,False,True,True,5,True,True,False,133,False,won
TXN101129,MERCH_ECOM_03,2025-01-12T00:00:00+00:00,item_not_received,3624.14,False,True,True,True,False,2,True,False,False,169,True,lost
TXN101130,MERCH_SAAS_02,2025-04-17T10:00:00+00:00,unrecognized_transaction,3084.15,True,False,False,True,True,2,True,False,False,74,False,won
TXN101131,MERCH_ECOM_03,2025-02-20T11:00:00+00:00,item_not_received,2230.04,False,False,True,True,True,1,True,False,False,130,True,won
TXN101132,MERCH_DIGITAL_04,2025-03-31T00:00:00+00:00,unrecognized_transaction,1746.23,True,False,False,False,True,2,False,False,False,91,False,lost
TXN101133,MERCH_DIGITAL_04,2025-04-26T08:00:00+00:00,duplicate_charge,5385.53,True,True,True,False,True,3,False,True,False,65,False,won
TXN101134,MERCH_RETAIL_01,2025-01-24T05:00:00+00:00,item_not_received,2687.45,False,False,False,False,True,8,False,False,False,157,False,lost
TXN101135,MERCH_SAAS_02,2025-03-26T18:00:00+00:00,item_not_as_described,1104.32,False,False,True,False,True,6,True,False,False,96,True,won
TXN101136,MERCH_ECOM_03,2025-05-03T00:00:00+00:00,item_not_received,4584.84,True,True,True,True,False,4,True,False,False,58,False,won
TXN101137,MERCH_RETAIL_01,2025-03-27T22:00:00+00:00,duplicate_charge,2473.73,True,True,False,False,True,2,False,True,False,95,False,won
TXN101138,MERCH_ECOM_03,2025-01-06T15:00:00+00:00,unrecognized_transaction,1922.88,False,False,False,True,False,3,True,False,False,175,False,lost
TXN101139,MERCH_ECOM_03,2025-03-14T23:00:00+00:00,item_not_received,7204.09,True,False,True,True,False,3,False,False,False,108,False,won
TXN101140,MERCH_SAAS_02,2025-03-22T08:00:00+00:00,item_not_as_described,3868.74,False,False,False,True,True,1,False,False,False,100,False,lost
TXN101141,MERCH_RETAIL_01,2025-02-08T07:00:00+00:00,subscription_cancelled,4319.94,True,True,False,True,True,2,True,False,True,142,False,lost
TXN101142,MERCH_RETAIL_01,2025-06-13T17:00:00+00:00,item_not_received,1754.91,True,False,True,False,True,4,False,False,False,17,False,won
TXN101143,MERCH_RETAIL_01,2025-02-18T21:00:00+00:00,item_not_received,1508.96,False,False,False,True,True,6,False,False,False,132,False,won
TXN101144,MERCH_ECOM_03,2025-02-20T02:00:00+00:00,item_not_received,1947.68,True,True,True,False,True,2,True,False,False,130,False,won
TXN101145,MERCH_ECOM_03,2025-04-10T00:00:00+00:00,item_not_received,3786.27,False,False,False,True,True,6,True,False,False,81,False,won
TXN101146,MERCH_RETAIL_01,2025-04-13T03:00:00+00:00,unrecognized_transaction,1698.12,False,False,False,True,True,3,True,False,False,78,False,won
TXN101147,MERCH_RETAIL_01,2025-03-16T05:00:00+00:00,duplicate_charge,632.42,True,True,False,False,True,4,True,False,False,106,False,lost
TXN101148,MERCH_ECOM_03,2025-02-23T20:00:00+00:00,unrecognized_transaction,4704.71,True,True,False,True,True,1,False,False,False,127,False,lost
TXN101149,MERCH_RETAIL_01,2025-05-02T09:00:00+00:00,duplicate_charge,2474.59,True,True,False,True,True,6,False,True,False,59,False,won
TXN101150,MERCH_ECOM_03,2025-04-12T01:00:00+00:00,item_not_received,3499.28,True,True,True,True,True,5,True,False,False,79,False,won
TXN101151,MERCH_SAAS_02,2025-03-31T23:00:00+00:00,duplicate_charge,4577.35,True,True,False,True,True,3,False,True,False,91,False,won
TXN101152,MERCH_SAAS_02,2025-03-13T07:00:00+00:00,item_not_received,2902.95,False,False,False,False,True,2,True,False,False,109,False,lost
TXN101153,MERCH_RETAIL_01,2025-02-03T02:00:00+00:00,item_not_received,2187.28,True,True,False,False,True,7,False,False,False,147,False,won
TXN101154,MERCH_SAAS_02,2025-03-17T14:00:00+00:00,unrecognized_transaction,2726.32,True,False,False,True,True,4,False,False,False,105,False,won
TXN101155,MERCH_ECOM_03,2025-01-11T09:00:00+00:00,item_not_received,751.15,True,True,False,True,False,5,True,False,False,170,False,won
TXN101156,MERCH_RETAIL_01,2025-05-16T20:00:00+00:00,item_not_as_described,4080.0,False,True,True,True,True,2,False,False,False,45,True,won
TXN101157,MERCH_DIGITAL_04,2025-02-23T10:00:00+00:00,item_not_received,434.46,True,False,True,False,False,1,True,False,False,127,False,lost
TXN101158,MERCH_ECOM_03,2025-04-03T15:00:00+00:00,item_not_as_described,5324.23,False,False,False,True,False,7,False,False,False,88,False,won
TXN101159,MERCH_DIGITAL_04,2025-04-24T11:00:00+00:00,item_not_received,2907.91,True,True,True,True,True,4,False,False,False,67,False,won
TXN101160,MERCH_SAAS_02,2025-04-19T19:00:00+00:00,unrecognized_transaction,3153.06,False,False,False,True,True,1,True,False,False,72,False,won
TXN101161,MERCH_SAAS_02,2025-02-19T12:00:00+00:00,duplicate_charge,5929.62,True,True,False,True,False,2,True,True,False,131,False,won
TXN101162,MERCH_ECOM_03,2025-01-02T05:00:00+00:00,unrecognized_transaction,5377.68,True,True,True,True,True,6,False,False,False,179,False,won
TXN101163,MERCH_ECOM_03,2025-01-30T02:00:00+00:00,unrecognized_transaction,896.39,True,True,False,False,True,4,True,False,False,151,False,lost
TXN101164,MERCH_SAAS_02,2025-04-04T13:00:00+00:00,item_not_as_described,2856.88,False,False,False,True,True,3,False,False,False,87,False,lost
TXN101165,MERCH_SAAS_02,2025-05-25T20:00:00+00:00,item_not_received,768.33,False,False,False,True,True,4,False,False,False,36,False,lost
TXN101166,MERCH_ECOM_03,2025-03-30T17:00:00+00:00,item_not_received,1718.65,True,False,True,True,True,2,False,False,False,92,False,won
TXN101167,MERCH_SAAS_02,2025-02-27T11:00:00+00:00,item_not_received,2973.02,True,True,False,True,True,1,False,False,False,123,False,won
TXN101168,MERCH_RETAIL_01,2025-01-14T05:00:00+00:00,item_not_as_described,1179.75,True,True,True,True,True,1,False,False,False,167,False,lost
TXN101169,MERCH_RETAIL_01,2025-03-11T21:00:00+00:00,item_not_received,2467.62,True,True,True,False,True,6,False,False,False,111,False,won
TXN101170,MERCH_ECOM_03,2025-04-30T01:00:00+00:00,item_not_received,1208.43,True,True,False,True,False,4,True,False,False,61,False,won
TXN101171,MERCH_ECOM_03,2025-03-28T05:00:00+00:00,duplicate_charge,1876.41,False,False,False,False,False,1,True,False,False,94,False,lost
TXN101172,MERCH_ECOM_03,2025-06-24T00:00:00+00:00,unrecognized_transaction,5767.11,True,True,False,True,False,7,True,False,False,6,False,won
TXN101173,MERCH_RETAIL_01,2025-03-18T20:00:00+00:00,duplicate_charge,2542.75,False,False,False,True,True,3,False,True,False,104,False,lost
TXN101174,MERCH_RETAIL_01,2025-01-27T05:00:00+00:00,duplicate_charge,2068.16,True,True,False,True,True,4,False,True,False,154,False,lost
TXN101175,MERCH_RETAIL_01,2025-06-09T01:00:00+00:00,item_not_received,3342.03,False,False,False,True,True,4,False,False,False,21,False,lost
TXN101176,MERCH_DIGITAL_04,2025-03-11T19:00:00+00:00,unrecognized_transaction,4568.1,False,False,False,True,False,2,True,False,False,111,False,lost
TXN101177,MERCH_DIGITAL_04,2025-06-14T05:00:00+00:00,item_not_received,5924.2,False,False,False,True,False,0,False,False,False,16,False,lost
TXN101178,MERCH_RETAIL_01,2025-01-19T06:00:00+00:00,item_not_as_described,2482.45,True,False,True,True,False,1,False,False,False,162,False,lost
TXN101179,MERCH_SAAS_02,2025-01-16T18:00:00+00:00,unrecognized_transaction,2374.39,True,False,True,False,True,3,False,False,False,165,False,lost
TXN101180,MERCH_RETAIL_01,2025-01-05T03:00:00+00:00,unrecognized_transaction,4871.88,True,True,True,True,False,4,False,False,False,176,False,lost
TXN101181,MERCH_RETAIL_01,2025-05-20T01:00:00+00:00,unrecognized_transaction,3131.54,True,True,False,False,True,1,False,False,False,41,False,lost
TXN101182,MERCH_SAAS_02,2025-04-04T06:00:00+00:00,item_not_received,4042.54,True,False,True,True,True,3,True,False,False,87,False,won
TXN101183,MERCH_RETAIL_01,2025-02-08T02:00:00+00:00,duplicate_charge,871.95,False,False,False,True,True,9,True,True,False,142,False,won
TXN101184,MERCH_SAAS_02,2025-05-08T14:00:00+00:00,unrecognized_transaction,4572.78,True,True,False,True,True,5,False,False,False,53,False,won
TXN101185,MERCH_RETAIL_01,2025-02-14T15:00:00+00:00,duplicate_charge,729.31,False,False,True,True,True,6,True,True,False,136,True,won
TXN101186,MERCH_DIGITAL_04,2025-04-05T23:00:00+00:00,duplicate_charge,3301.55,False,False,False,True,True,4,True,True,False,86,False,won
TXN101187,MERCH_SAAS_02,2025-05-01T19:00:00+00:00,subscription_cancelled,4227.56,True,True,False,False,False,3,False,False,False,60,False,lost
TXN101188,MERCH_RETAIL_01,2025-03-31T02:00:00+00:00,unrecognized_transaction,662.81,False,False,False,True,False,5,True,False,False,91,False,won
TXN101189,MERCH_ECOM_03,2025-03-09T12:00:00+00:00,item_not_received,308.35,True,True,False,True,True,2,True,False,False,113,False,lost
TXN101190,MERCH_ECOM_03,2025-04-25T18:00:00+00:00,unrecognized_transaction,1472.72,True,False,True,True,True,0,True,False,False,66,False,lost
TXN101191,MERCH_RETAIL_01,2025-04-08T05:00:00+00:00,item_not_as_described,6662.01,True,True,False,False,True,5,True,False,False,83,False,won
TXN101192,MERCH_RETAIL_01,2025-01-05T02:00:00+00:00,unrecognized_transaction,1726.45,True,True,False,True,False,7,True,False,False,176,False,lost
TXN101193,MERCH_RETAIL_01,2025-04-21T11:00:00+00:00,item_not_received,871.75,True,True,True,True,True,3,False,False,False,70,False,won
TXN101194,MERCH_SAAS_02,2025-06-26T23:00:00+00:00,item_not_as_described,693.32,True,True,False,True,True,3,True,False,False,4,False,won
TXN101195,MERCH_ECOM_03,2025-02-19T19:00:00+00:00,item_not_received,2379.67,True,True,False,True,True,4,True,False,False,131,False,won
TXN101196,MERCH_RETAIL_01,2025-01-23T14:00:00+00:00,item_not_received,8185.86,True,True,True,True,True,4,False,False,False,158,False,won
TXN101197,MERCH_RETAIL_01,2025-06-20T13:00:00+00:00,unrecognized_transaction,3066.08,False,False,False,False,True,2,False,False,False,10,False,lost
TXN101198,MERCH_RETAIL_01,2025-04-02T00:00:00+00:00,item_not_received,2921.23,True,True,True,True,True,9,False,False,False,89,False,won
TXN101199,MERCH_RETAIL_01,2025-04-13T01:00:00+00:00,subscription_cancelled,5458.89,False,True,True,False,True,7,True,False,False,78,True,lost
TXN101200,MERCH_ECOM_03,2025-02-02T23:00:00+00:00,unrecognized_transaction,3515.06,False,False,False,True,True,0,False,False,False,148,False,lost
TXN101201,MERCH_ECOM_03,2025-05-06T15:00:00+00:00,item_not_received,1704.23,False,True,True,False,False,5,False,False,False,55,True,won
TXN101202,MERCH_DIGITAL_04,2025-06-09T11:00:00+00:00,item_not_received,4933.36,False,False,False,True,True,5,False,False,False,21,False,lost
TXN101203,MERCH_RETAIL_01,2025-02-12T23:00:00+00:00,unrecognized_transaction,938.84,False,False,False,True,True,1,False,False,False,138,False,won
TXN101204,MERCH_SAAS_02,2025-02-08T14:00:00+00:00,unrecognized_transaction,1854.48,False,False,False,False,False,4,False,False,False,142,False,lost
TXN101205,MERCH_RETAIL_01,2025-02-08T19:00:00+00:00,duplicate_charge,3697.76,False,False,False,False,False,8,False,True,False,142,False,won
TXN101206,MERCH_RETAIL_01,2025-03-01T05:00:00+00:00,item_not_received,1873.61,True,True,False,False,True,1,False,False,False,121,False,won
TXN101207,MERCH_SAAS_02,2025-04-19T01:00:00+00:00,item_not_received,3061.13,True,False,True,True,True,4,False,False,False,72,False,won
TXN101208,MERCH_SAAS_02,2025-06-17T03:00:00+00:00,unrecognized_transaction,2523.24,True,False,True,True,True,2,True,False,False,13,False,won
TXN101209,MERCH_ECOM_03,2025-01-19T23:00:00+00:00,unrecognized_transaction,1752.83,True,True,True,True,False,7,False,False,False,162,False,lost
TXN101210,MERCH_ECOM_03,2025-02-03T23:00:00+00:00,item_not_received,1714.04,True,True,True,False,True,1,True,False,False,147,False,lost
TXN101211,MERCH_RETAIL_01,2025-05-17T12:00:00+00:00,item_not_received,1788.37,False,True,True,True,False,2,False,False,False,44,True,won
TXN101212,MERCH_SAAS_02,2025-02-11T17:00:00+00:00,item_not_as_described,2518.07,False,False,False,True,True,2,True,False,False,139,False,won
TXN101213,MERCH_ECOM_03,2025-03-24T09:00:00+00:00,item_not_received,1827.67,True,True,False,False,False,3,False,False,False,98,False,won
TXN101214,MERCH_RETAIL_01,2025-06-09T02:00:00+00:00,item_not_as_described,2600.6,False,False,False,False,True,2,False,False,False,21,False,lost
TXN101215,MERCH_ECOM_03,2025-03-10T15:00:00+00:00,item_not_as_described,367.6,False,False,False,False,False,3,False,False,False,112,False,won
TXN101216,MERCH_ECOM_03,2025-04-19T09:00:00+00:00,item_not_received,1412.79,False,False,False,False,False,2,False,False,False,72,False,lost
TXN101217,MERCH_RETAIL_01,2025-04-18T18:00:00+00:00,duplicate_charge,1995.27,False,False,False,True,True,2,True,True,False,73,False,won
TXN101218,MERCH_ECOM_03,2025-02-28T12:00:00+00:00,unrecognized_transaction,607.41,True,False,True,False,True,5,True,False,False,122,False,lost
TXN101219,MERCH_RETAIL_01,2025-03-24T09:00:00+00:00,item_not_as_described,4111.53,False,False,False,True,False,5,False,False,False,98,False,won
TXN101220,MERCH_ECOM_03,2025-06-19T15:00:00+00:00,item_not_as_described,1795.83,True,True,False,True,False,5,True,False,False,11,False,won
TXN101221,MERCH_SAAS_02,2025-05-28T11:00:00+00:00,subscription_cancelled,1731.18,False,False,False,True,True,1,False,False,False,33,False,lost
TXN101222,MERCH_ECOM_03,2025-03-11T20:00:00+00:00,item_not_as_described,3933.53,True,False,True,False,True,1,True,False,False,111,False,lost
TXN101223,MERCH_RETAIL_01,2025-03-03T13:00:00+00:00,item_not_received,3450.69,False,False,False,False,False,3,True,False,False,119,False,lost
TXN101224,MERCH_RETAIL_01,2025-02-17T21:00:00+00:00,item_not_as_described,2288.29,False,False,False,True,False,7,False,False,False,133,False,won
TXN101225,MERCH_SAAS_02,2025-03-21T18:00:00+00:00,item_not_received,939.29,True,True,False,True,True,2,True,False,False,101,False,lost
TXN101226,MERCH_SAAS_02,2025-06-27T12:00:00+00:00,unrecognized_transaction,6161.6,True,True,False,False,False,3,False,False,False,3,False,won
TXN101227,MERCH_RETAIL_01,2025-04-25T06:00:00+00:00,duplicate_charge,743.32,False,False,False,True,True,6,False,True,False,66,False,won
TXN101228,MERCH_ECOM_03,2025-04-26T10:00:00+00:00,unrecognized_transaction,3947.14,True,True,False,True,True,4,False,False,False,65,False,won
TXN101229,MERCH_ECOM_03,2025-03-15T11:00:00+00:00,item_not_received,1700.24,True,True,True,True,True,6,False,False,False,107,False,won
TXN101230,MERCH_ECOM_03,2025-06-09T03:00:00+00:00,item_not_received,2288.26,True,True,True,True,True,5,True,False,False,21,False,won
TXN101231,MERCH_RETAIL_01,2025-02-10T10:00:00+00:00,item_not_received,3898.42,False,False,False,False,True,4,True,False,False,140,False,lost
TXN101232,MERCH_DIGITAL_04,2025-02-20T06:00:00+00:00,item_not_received,2155.53,True,True,False,True,True,8,False,False,False,130,False,lost
TXN101233,MERCH_RETAIL_01,2025-01-22T16:00:00+00:00,duplicate_charge,540.7,True,True,True,True,False,3,False,False,False,159,False,lost
TXN101234,MERCH_RETAIL_01,2025-01-20T11:00:00+00:00,item_not_as_described,99.91,True,True,True,True,True,2,True,False,False,161,False,won
TXN101235,MERCH_RETAIL_01,2025-05-09T07:00:00+00:00,item_not_received,255.39,False,False,False,True,True,4,False,False,False,52,False,won
TXN101236,MERCH_RETAIL_01,2025-03-19T21:00:00+00:00,unrecognized_transaction,6349.21,True,False,True,True,True,2,False,False,False,103,False,lost
TXN101237,MERCH_RETAIL_01,2025-02-16T05:00:00+00:00,item_not_as_described,1592.18,False,False,False,True,True,3,True,False,False,134,False,lost
TXN101238,MERCH_SAAS_02,2025-05-11T01:00:00+00:00,item_not_received,4629.0,True,False,True,True,True,4,True,False,False,50,False,won
TXN101239,MERCH_ECOM_03,2025-05-29T08:00:00+00:00,item_not_as_described,4214.74,False,False,False,True,False,3,True,False,False,32,False,won
TXN101240,MERCH_ECOM_03,2025-05-19T04:00:00+00:00,duplicate_charge,5614.0,True,True,True,True,True,1,False,True,False,42,False,won
TXN101241,MERCH_RETAIL_01,2025-02-18T11:00:00+00:00,item_not_received,2466.54,True,False,False,False,False,8,False,False,False,132,False,won
TXN101242,MERCH_SAAS_02,2025-03-15T02:00:00+00:00,item_not_received,1066.08,True,False,True,False,True,4,False,False,False,107,False,won
TXN101243,MERCH_SAAS_02,2025-05-05T18:00:00+00:00,unrecognized_transaction,3331.95,False,False,False,True,False,3,False,False,False,56,False,lost
TXN101244,MERCH_RETAIL_01,2025-03-18T01:00:00+00:00,subscription_cancelled,1417.91,False,False,False,True,True,4,False,False,True,104,False,won
TXN101245,MERCH_RETAIL_01,2025-06-20T03:00:00+00:00,duplicate_charge,2511.56,True,True,True,True,False,2,False,True,False,10,False,won
TXN101246,MERCH_RETAIL_01,2025-02-17T12:00:00+00:00,unrecognized_transaction,1999.7,True,True,False,False,False,3,False,False,False,133,False,lost
TXN101247,MERCH_SAAS_02,2025-01-09T06:00:00+00:00,item_not_received,1832.66,True,True,False,False,False,2,False,False,False,172,False,lost
TXN101248,MERCH_RETAIL_01,2025-03-05T02:00:00+00:00,unrecognized_transaction,5186.02,True,True,True,False,False,1,True,False,False,117,False,lost
TXN101249,MERCH_SAAS_02,2025-01-15T23:00:00+00:00,unrecognized_transaction,1234.6,False,False,False,True,False,6,False,False,False,166,False,won
TXN101250,MERCH_RETAIL_01,2025-06-22T02:00:00+00:00,item_not_received,3795.75,False,False,False,True,True,5,True,False,False,8,False,lost
TXN101251,MERCH_ECOM_03,2025-03-18T21:00:00+00:00,item_not_received,2339.57,False,False,False,True,True,5,False,False,False,104,False,lost
TXN101252,MERCH_SAAS_02,2025-05-09T17:00:00+00:00,subscription_cancelled,1298.85,True,True,False,False,True,8,False,False,False,52,False,lost
TXN101253,MERCH_RETAIL_01,2025-04-15T22:00:00+00:00,item_not_received,3842.67,True,False,True,True,True,5,False,False,False,76,False,won
TXN101254,MERCH_RETAIL_01,2025-03-07T08:00:00+00:00,unrecognized_transaction,4746.49,True,False,False,True,False,3,True,False,False,115,False,lost
TXN101255,MERCH_ECOM_03,2025-03-15T20:00:00+00:00,subscription_cancelled,1340.76,False,False,False,True,True,3,True,False,False,107,False,lost
TXN101256,MERCH_RETAIL_01,2025-02-03T00:00:00+00:00,item_not_received,1109.21,False,False,False,False,True,1,False,False,False,147,False,lost
TXN101257,MERCH_SAAS_02,2025-02-01T10:00:00+00:00,unrecognized_transaction,1764.53,True,True,False,False,True,5,False,False,False,149,False,lost
TXN101258,MERCH_RETAIL_01,2025-03-05T06:00:00+00:00,unrecognized_transaction,1407.66,True,True,False,True,False,4,False,False,False,117,False,lost
TXN101259,MERCH_RETAIL_01,2025-04-21T17:00:00+00:00,item_not_as_described,5290.05,True,True,True,True,False,3,False,False,False,70,False,lost
TXN101260,MERCH_DIGITAL_04,2025-01-10T07:00:00+00:00,item_not_received,1707.08,True,True,True,True,True,7,True,False,False,171,False,won
TXN101261,MERCH_ECOM_03,2025-06-27T17:00:00+00:00,item_not_received,1862.27,True,True,False,True,False,4,True,False,False,3,False,won
TXN101262,MERCH_SAAS_02,2025-05-31T02:00:00+00:00,item_not_received,2484.72,False,False,False,False,False,6,True,False,False,30,False,lost
TXN101263,MERCH_ECOM_03,2025-04-15T23:00:00+00:00,item_not_received,2124.63,False,False,False,True,True,4,True,False,False,76,False,lost
TXN101264,MERCH_ECOM_03,2025-01-14T23:00:00+00:00,duplicate_charge,926.17,False,False,False,False,True,3,True,True,False,167,False,won
TXN101265,MERCH_RETAIL_01,2025-02-19T17:00:00+00:00,item_not_received,4350.04,True,True,False,True,False,5,False,False,False,131,False,won
TXN101266,MERCH_ECOM_03,2025-02-11T01:00:00+00:00,item_not_received,4221.36,False,True,True,False,False,5,False,False,False,139,True,won
TXN101267,MERCH_SAAS_02,2025-02-22T04:00:00+00:00,item_not_received,4730.26,True,True,False,True,False,3,False,False,False,128,False,won
TXN101268,MERCH_SAAS_02,2025-06-26T15:00:00+00:00,item_not_received,4844.62,True,True,False,True,True,4,False,False,False,4,False,won
TXN101269,MERCH_ECOM_03,2025-03-16T15:00:00+00:00,item_not_received,3896.18,True,True,False,True,True,3,False,False,False,106,False,won
TXN101270,MERCH_RETAIL_01,2025-02-17T10:00:00+00:00,unrecognized_transaction,2218.87,False,True,True,False,True,3,True,False,False,133,True,won
TXN101271,MERCH_SAAS_02,2025-05-07T08:00:00+00:00,item_not_as_described,2604.03,False,False,False,False,True,0,True,False,False,54,False,won
TXN101272,MERCH_ECOM_03,2025-06-12T14:00:00+00:00,item_not_as_described,1152.37,True,True,False,True,True,2,True,False,False,18,False,won
TXN101273,MERCH_ECOM_03,2025-05-25T10:00:00+00:00,unrecognized_transaction,527.35,True,True,False,True,True,2,False,False,False,36,False,lost
TXN101274,MERCH_SAAS_02,2025-01-23T12:00:00+00:00,duplicate_charge,2791.92,False,False,False,False,True,3,False,False,False,158,False,lost
TXN101275,MERCH_ECOM_03,2025-05-27T05:00:00+00:00,unrecognized_transaction,1350.2,False,False,True,True,False,3,True,False,False,34,True,lost
TXN101276,MERCH_RETAIL_01,2025-04-17T04:00:00+00:00,item_not_as_described,4135.27,True,True,False,True,False,7,True,False,False,74,False,won
TXN101277,MERCH_RETAIL_01,2025-03-06T22:00:00+00:00,duplicate_charge,1333.32,False,False,False,True,False,2,False,True,False,116,False,lost
TXN101278,MERCH_SAAS_02,2025-03-03T14:00:00+00:00,unrecognized_transaction,1730.38,True,True,False,True,False,1,False,False,False,119,False,lost
TXN101279,MERCH_RETAIL_01,2025-02-26T09:00:00+00:00,unrecognized_transaction,3122.28,True,True,True,False,False,6,False,False,False,124,False,won
TXN101280,MERCH_SAAS_02,2025-05-12T09:00:00+00:00,unrecognized_transaction,2647.06,True,True,False,True,False,4,True,False,False,49,False,lost
TXN101281,MERCH_RETAIL_01,2025-04-09T10:00:00+00:00,duplicate_charge,6561.16,False,False,False,False,True,11,False,True,False,82,False,won
TXN101282,MERCH_SAAS_02,2025-02-17T22:00:00+00:00,item_not_received,6268.86,True,False,True,False,False,6,False,False,False,133,False,lost
TXN101283,MERCH_DIGITAL_04,2025-05-03T21:00:00+00:00,item_not_as_described,3957.85,True,True,False,True,True,7,False,False,False,58,False,lost
TXN101284,MERCH_RETAIL_01,2025-03-16T14:00:00+00:00,item_not_received,2359.95,False,False,False,True,False,6,True,False,False,106,False,lost
TXN101285,MERCH_ECOM_03,2025-04-10T18:00:00+00:00,item_not_as_described,939.37,True,True,False,True,True,6,True,False,False,81,False,won
TXN101286,MERCH_ECOM_03,2025-04-03T23:00:00+00:00,duplicate_charge,2369.56,True,True,True,True,False,2,False,True,False,88,False,won
TXN101287,MERCH_ECOM_03,2025-05-28T17:00:00+00:00,item_not_as_described,2160.83,True,True,True,True,True,2,True,False,False,33,False,lost
TXN101288,MERCH_RETAIL_01,2025-05-13T17:00:00+00:00,item_not_received,1243.4,True,True,False,False,False,4,False,False,False,48,False,won
TXN101289,MERCH_RETAIL_01,2025-01-26T15:00:00+00:00,subscription_cancelled,4433.79,False,False,False,True,True,2,True,False,True,155,False,lost
TXN101290,MERCH_ECOM_03,2025-01-24T13:00:00+00:00,unrecognized_transaction,1015.65,True,False,False,True,True,1,True,False,False,157,False,lost
TXN101291,MERCH_RETAIL_01,2025-04-11T13:00:00+00:00,item_not_as_described,911.48,True,True,True,True,True,3,True,False,False,80,False,lost
TXN101292,MERCH_ECOM_03,2025-06-11T22:00:00+00:00,item_not_as_described,3019.83,False,False,False,True,True,3,True,False,False,19,False,won
TXN101293,MERCH_RETAIL_01,2025-06-26T07:00:00+00:00,item_not_received,2298.82,False,False,False,True,False,2,False,False,False,4,False,lost
TXN101294,MERCH_SAAS_02,2025-04-21T16:00:00+00:00,duplicate_charge,2750.03,False,False,True,True,True,2,False,True,False,70,True,lost
TXN101295,MERCH_SAAS_02,2025-02-16T21:00:00+00:00,item_not_received,1717.99,False,False,False,True,False,6,False,False,False,134,False,lost
TXN101296,MERCH_SAAS_02,2025-05-28T01:00:00+00:00,duplicate_charge,927.53,False,False,False,False,True,8,True,True,False,33,False,won
TXN101297,MERCH_ECOM_03,2025-01-20T10:00:00+00:00,subscription_cancelled,1638.39,True,True,False,True,False,1,False,False,True,161,False,lost
TXN101298,MERCH_ECOM_03,2025-04-29T20:00:00+00:00,unrecognized_transaction,1234.21,True,False,True,False,True,2,False,False,False,62,False,lost
TXN101299,MERCH_ECOM_03,2025-03-14T04:00:00+00:00,unrecognized_transaction,2120.24,True,True,True,True,False,3,False,False,False,108,False,lost
TXN101300,MERCH_RETAIL_01,2025-05-12T10:00:00+00:00,unrecognized_transaction,1851.85,True,True,False,False,True,5,True,False,False,49,False,won
TXN101301,MERCH_RETAIL_01,2025-03-14T02:00:00+00:00,item_not_as_described,2687.89,False,False,False,False,True,4,False,False,False,108,False,lost
TXN101302,MERCH_RETAIL_01,2025-05-23T11:00:00+00:00,item_not_received,762.14,False,False,True,True,True,4,True,False,False,38,True,won
TXN101303,MERCH_SAAS_02,2025-05-06T03:00:00+00:00,unrecognized_transaction,871.05,False,False,False,False,True,4,False,False,False,55,False,lost
TXN101304,MERCH_ECOM_03,2025-06-25T11:00:00+00:00,unrecognized_transaction,1808.77,False,False,True,False,True,2,False,False,False,5,True,lost
TXN101305,MERCH_ECOM_03,2025-01-08T00:00:00+00:00,duplicate_charge,2198.43,False,False,False,False,True,3,True,True,False,173,False,lost
TXN101306,MERCH_RETAIL_01,2025-03-10T10:00:00+00:00,item_not_as_described,1714.42,True,True,True,True,True,2,True,False,False,112,False,lost
TXN101307,MERCH_RETAIL_01,2025-05-25T08:00:00+00:00,duplicate_charge,5334.39,True,True,True,True,True,4,False,True,False,36,False,won
TXN101308,MERCH_ECOM_03,2025-04-23T15:00:00+00:00,item_not_received,4556.84,True,False,False,True,True,5,True,False,False,68,False,won
TXN101309,MERCH_RETAIL_01,2025-06-24T19:00:00+00:00,item_not_received,3208.66,True,True,True,True,True,4,False,False,False,6,False,won
TXN101310,MERCH_DIGITAL_04,2025-04-01T04:00:00+00:00,item_not_received,2693.92,True,True,False,True,False,8,False,False,False,90,False,won
TXN101311,MERCH_RETAIL_01,2025-01-19T23:00:00+00:00,unrecognized_transaction,3003.0,True,True,False,True,False,4,False,False,False,162,False,won
TXN101312,MERCH_SAAS_02,2025-04-13T06:00:00+00:00,unrecognized_transaction,572.69,False,False,False,False,True,4,False,False,False,78,False,won
TXN101313,MERCH_RETAIL_01,2025-02-16T07:00:00+00:00,duplicate_charge,1735.64,True,True,False,True,False,8,False,True,False,134,False,lost
TXN101314,MERCH_ECOM_03,2025-06-03T20:00:00+00:00,item_not_received,446.12,True,True,False,False,True,5,False,False,False,27,False,won
TXN101315,MERCH_RETAIL_01,2025-02-05T17:00:00+00:00,item_not_received,4132.3,True,True,False,True,False,3,False,False,False,145,False,won
TXN101316,MERCH_RETAIL_01,2025-05-10T20:00:00+00:00,item_not_received,1970.01,False,False,False,True,True,3,False,False,False,51,False,lost
TXN101317,MERCH_SAAS_02,2025-02-24T05:00:00+00:00,item_not_received,4627.14,False,False,False,False,True,4,False,False,False,126,False,lost
TXN101318,MERCH_SAAS_02,2025-05-17T07:00:00+00:00,duplicate_charge,3630.02,True,True,True,True,True,6,True,False,False,44,False,lost
TXN101319,MERCH_RETAIL_01,2025-01-01T03:00:00+00:00,unrecognized_transaction,1246.77,False,False,False,False,True,9,True,False,False,180,False,lost
TXN101320,MERCH_SAAS_02,2025-05-07T05:00:00+00:00,duplicate_charge,6167.9,True,True,False,False,True,1,True,True,False,54,False,won
TXN101321,MERCH_RETAIL_01,2025-04-11T17:00:00+00:00,item_not_received,980.35,True,True,True,True,True,5,False,False,False,80,False,won
TXN101322,MERCH_ECOM_03,2025-05-20T08:00:00+00:00,item_not_received,2677.43,True,True,True,True,False,4,False,False,False,41,False,won
TXN101323,MERCH_RETAIL_01,2025-03-01T12:00:00+00:00,item_not_received,307.03,False,False,False,True,True,3,True,False,False,121,False,won
TXN101324,MERCH_SAAS_02,2025-04-20T13:00:00+00:00,unrecognized_transaction,268.1,True,True,True,False,False,2,True,False,False,71,False,lost
TXN101325,MERCH_RETAIL_01,2025-04-14T08:00:00+00:00,item_not_received,1537.04,True,True,False,False,True,6,False,False,False,77,False,won
TXN101326,MERCH_ECOM_03,2025-06-22T00:00:00+00:00,duplicate_charge,2059.29,False,False,False,False,True,1,True,False,False,8,False,lost
TXN101327,MERCH_RETAIL_01,2025-06-02T14:00:00+00:00,item_not_as_described,1853.89,False,False,False,True,False,2,True,False,False,28,False,won
TXN101328,MERCH_SAAS_02,2025-03-19T20:00:00+00:00,item_not_received,3896.49,True,True,False,False,True,2,False,False,False,103,False,lost
TXN101329,MERCH_RETAIL_01,2025-01-07T22:00:00+00:00,item_not_received,1171.65,True,True,True,False,True,1,False,False,False,174,False,lost
TXN101330,MERCH_ECOM_03,2025-03-05T15:00:00+00:00,item_not_received,6584.71,False,False,False,False,True,3,False,False,False,117,False,lost
TXN101331,MERCH_RETAIL_01,2025-01-13T11:00:00+00:00,duplicate_charge,1476.25,True,True,False,True,True,4,False,True,False,168,False,won
TXN101332,MERCH_SAAS_02,2025-06-18T04:00:00+00:00,duplicate_charge,3277.9,True,True,False,True,True,2,False,True,False,12,False,won
TXN101333,MERCH_SAAS_02,2025-04-08T03:00:00+00:00,unrecognized_transaction,1993.82,False,False,False,True,False,3,False,False,False,83,False,lost
TXN101334,MERCH_SAAS_02,2025-05-23T13:00:00+00:00,item_not_received,1685.66,True,False,True,True,False,3,True,False,False,38,False,won
TXN101335,MERCH_RETAIL_01,2025-02-19T08:00:00+00:00,item_not_received,3088.3,False,False,False,True,True,0,False,False,False,131,False,lost
TXN101336,MERCH_SAAS_02,2025-02-17T04:00:00+00:00,item_not_received,1366.96,False,False,False,False,False,4,True,False,False,133,False,won
TXN101337,MERCH_ECOM_03,2025-06-04T23:00:00+00:00,item_not_as_described,2722.49,False,False,False,False,True,1,True,False,False,26,False,won
TXN101338,MERCH_SAAS_02,2025-06-08T02:00:00+00:00,unrecognized_transaction,3627.13,True,False,True,True,True,5,False,False,False,22,False,won
TXN101339,MERCH_DIGITAL_04,2025-05-27T01:00:00+00:00,item_not_received,1100.0,True,True,True,True,False,4,True,False,False,34,False,lost
TXN101340,MERCH_SAAS_02,2025-03-01T15:00:00+00:00,subscription_cancelled,3232.92,True,True,False,True,True,4,True,False,True,121,False,won
TXN101341,MERCH_SAAS_02,2025-03-30T11:00:00+00:00,unrecognized_transaction,3214.24,False,False,False,True,True,3,True,False,False,92,False,won
TXN101342,MERCH_RETAIL_01,2025-05-04T18:00:00+00:00,unrecognized_transaction,2652.83,False,False,False,True,True,4,True,False,False,57,False,won
TXN101343,MERCH_DIGITAL_04,2025-06-24T21:00:00+00:00,item_not_received,1228.86,False,False,False,True,True,1,False,False,False,6,False,lost
TXN101344,MERCH_RETAIL_01,2025-05-23T11:00:00+00:00,item_not_received,1281.87,True,True,False,True,True,0,True,False,False,38,False,won
TXN101345,MERCH_RETAIL_01,2025-04-04T17:00:00+00:00,duplicate_charge,2431.85,False,False,False,True,True,3,True,False,False,87,False,lost
TXN101346,MERCH_RETAIL_01,2025-02-23T21:00:00+00:00,unrecognized_transaction,2766.88,True,True,True,False,True,4,True,False,False,127,False,lost
TXN101347,MERCH_SAAS_02,2025-05-26T02:00:00+00:00,unrecognized_transaction,4200.04,True,True,True,False,True,4,False,False,False,35,False,won
TXN101348,MERCH_DIGITAL_04,2025-04-30T02:00:00+00:00,unrecognized_transaction,2891.96,True,False,True,False,True,5,True,False,False,61,False,won
TXN101349,MERCH_ECOM_03,2025-04-08T06:00:00+00:00,item_not_received,883.99,False,False,False,True,True,1,False,False,False,83,False,lost
TXN101350,MERCH_RETAIL_01,2025-04-26T07:00:00+00:00,subscription_cancelled,4777.14,True,False,True,False,False,3,True,False,False,65,False,lost
TXN101351,MERCH_RETAIL_01,2025-02-14T16:00:00+00:00,item_not_received,215.6,False,False,False,True,True,4,False,False,False,136,False,lost
TXN101352,MERCH_SAAS_02,2025-03-31T23:00:00+00:00,item_not_as_described,4051.11,False,False,False,False,True,2,True,False,False,91,False,lost
TXN101353,MERCH_SAAS_02,2025-05-30T04:00:00+00:00,unrecognized_transaction,1434.49,False,False,False,True,True,1,False,False,False,31,False,won
TXN101354,MERCH_ECOM_03,2025-05-22T16:00:00+00:00,item_not_received,1539.64,True,True,False,True,False,4,True,False,False,39,False,lost
TXN101355,MERCH_RETAIL_01,2025-03-12T16:00:00+00:00,unrecognized_transaction,3685.64,True,True,True,True,False,3,False,False,False,110,False,lost
TXN101356,MERCH_SAAS_02,2025-06-05T09:00:00+00:00,item_not_as_described,2037.83,True,True,True,True,False,2,False,False,False,25,False,won
TXN101357,MERCH_ECOM_03,2025-06-10T04:00:00+00:00,subscription_cancelled,713.31,True,False,True,False,True,1,False,False,False,20,False,lost
TXN101358,MERCH_ECOM_03,2025-04-20T22:00:00+00:00,unrecognized_transaction,1388.83,True,True,True,False,True,4,True,False,False,71,False,won
TXN101359,MERCH_SAAS_02,2025-02-15T22:00:00+00:00,unrecognized_transaction,5704.86,False,False,False,False,False,4,False,False,False,135,False,lost
TXN101360,MERCH_RETAIL_01,2025-01-04T14:00:00+00:00,subscription_cancelled,3122.44,True,False,True,True,True,2,False,False,False,177,False,lost
TXN101361,MERCH_RETAIL_01,2025-05-05T03:00:00+00:00,unrecognized_transaction,7063.84,True,True,True,True,True,5,True,False,False,56,False,won
TXN101362,MERCH_RETAIL_01,2025-06-22T11:00:00+00:00,item_not_as_described,2025.76,False,False,False,True,True,0,True,False,False,8,False,won
TXN101363,MERCH_SAAS_02,2025-05-15T20:00:00+00:00,item_not_as_described,1552.89,True,True,True,True,True,1,False,False,False,46,False,lost
TXN101364,MERCH_ECOM_03,2025-01-05T02:00:00+00:00,unrecognized_transaction,1632.02,True,True,False,True,False,2,True,False,False,176,False,lost
TXN101365,MERCH_SAAS_02,2025-01-13T09:00:00+00:00,item_not_received,2246.69,True,True,True,True,True,3,False,False,False,168,False,won
TXN101366,MERCH_RETAIL_01,2025-02-10T10:00:00+00:00,duplicate_charge,3798.88,False,False,False,True,True,2,False,True,False,140,False,lost
TXN101367,MERCH_RETAIL_01,2025-05-25T16:00:00+00:00,duplicate_charge,1177.6,False,False,False,False,True,8,False,True,False,36,False,won
TXN101368,MERCH_SAAS_02,2025-01-31T01:00:00+00:00,subscription_cancelled,2419.96,True,True,False,True,False,2,False,False,True,150,False,won
TXN101369,MERCH_SAAS_02,2025-03-08T22:00:00+00:00,duplicate_charge,2303.78,False,False,False,True,False,2,False,True,False,114,False,lost
TXN101370,MERCH_ECOM_03,2025-06-18T07:00:00+00:00,item_not_as_described,2199.46,False,False,False,True,True,2,True,False,False,12,False,won
TXN101371,MERCH_ECOM_03,2025-02-05T21:00:00+00:00,item_not_received,1317.91,True,True,True,True,False,3,True,False,False,145,False,won
TXN101372,MERCH_RETAIL_01,2025-06-28T08:00:00+00:00,duplicate_charge,2384.87,True,True,True,True,True,2,True,True,False,2,False,won
TXN101373,MERCH_RETAIL_01,2025-01-28T01:00:00+00:00,item_not_as_described,2583.71,True,True,True,True,False,5,True,False,False,153,False,lost
TXN101374,MERCH_ECOM_03,2025-04-12T21:00:00+00:00,unrecognized_transaction,232.35,True,True,False,True,False,3,False,False,False,79,False,lost
TXN101375,MERCH_SAAS_02,2025-06-22T16:00:00+00:00,duplicate_charge,160.79,True,True,False,True,True,3,True,False,False,8,False,lost
TXN101376,MERCH_DIGITAL_04,2025-03-18T14:00:00+00:00,unrecognized_transaction,4504.54,True,True,True,False,False,4,True,False,False,104,False,lost
TXN101377,MERCH_RETAIL_01,2025-01-28T08:00:00+00:00,item_not_as_described,1157.56,True,True,True,True,True,2,True,False,False,153,False,won
TXN101378,MERCH_ECOM_03,2025-03-07T05:00:00+00:00,unrecognized_transaction,2406.83,True,False,False,False,True,2,True,False,False,115,False,lost
TXN101379,MERCH_RETAIL_01,2025-03-22T22:00:00+00:00,subscription_cancelled,431.75,False,False,False,False,False,2,False,False,False,100,False,lost
TXN101380,MERCH_SAAS_02,2025-06-01T23:00:00+00:00,item_not_received,2697.24,False,False,False,True,True,2,True,False,False,29,False,lost
TXN101381,MERCH_RETAIL_01,2025-04-28T09:00:00+00:00,unrecognized_transaction,1907.85,True,True,False,True,False,0,False,False,False,63,False,lost
TXN101382,MERCH_SAAS_02,2025-03-31T21:00:00+00:00,item_not_received,687.69,False,False,False,True,True,5,False,False,False,91,False,lost
TXN101383,MERCH_RETAIL_01,2025-02-28T08:00:00+00:00,item_not_as_described,1682.98,True,False,False,True,True,2,False,False,False,122,False,won
TXN101384,MERCH_ECOM_03,2025-05-31T15:00:00+00:00,item_not_received,2149.54,False,False,False,True,False,3,True,False,False,30,False,lost
TXN101385,MERCH_SAAS_02,2025-06-11T00:00:00+00:00,item_not_received,2460.31,True,True,True,True,True,7,False,False,False,19,False,won
TXN101386,MERCH_ECOM_03,2025-02-19T07:00:00+00:00,item_not_received,1344.98,True,True,False,False,True,4,False,False,False,131,False,lost
TXN101387,MERCH_RETAIL_01,2025-03-27T02:00:00+00:00,unrecognized_transaction,1285.26,True,True,False,True,True,2,True,False,False,95,False,lost
TXN101388,MERCH_ECOM_03,2025-02-25T05:00:00+00:00,duplicate_charge,2138.57,False,False,False,True,False,2,False,True,False,125,False,lost
TXN101389,MERCH_RETAIL_01,2025-06-02T21:00:00+00:00,subscription_cancelled,3656.49,True,True,True,True,True,2,True,False,False,28,False,lost
TXN101390,MERCH_RETAIL_01,2025-01-31T23:00:00+00:00,unrecognized_transaction,1459.36,True,False,True,False,False,0,True,False,False,150,False,lost
TXN101391,MERCH_RETAIL_01,2025-03-25T08:00:00+00:00,unrecognized_transaction,954.28,True,False,True,False,True,5,False,False,False,97,False,lost
TXN101392,MERCH_SAAS_02,2025-05-27T19:00:00+00:00,unrecognized_transaction,1243.57,True,True,True,True,True,5,True,False,False,34,False,won
TXN101393,MERCH_SAAS_02,2025-03-27T17:00:00+00:00,unrecognized_transaction,129.41,False,False,False,True,False,3,False,False,False,95,False,lost
TXN101394,MERCH_SAAS_02,2025-01-02T13:00:00+00:00,item_not_received,847.54,False,False,False,True,True,6,False,False,False,179,False,lost
TXN101395,MERCH_ECOM_03,2025-05-02T05:00:00+00:00,unrecognized_transaction,1539.3,True,True,False,False,False,5,False,False,False,59,False,lost
TXN101396,MERCH_RETAIL_01,2025-04-15T11:00:00+00:00,item_not_received,1710.08,False,False,False,False,True,4,False,False,False,76,False,lost
TXN101397,MERCH_RETAIL_01,2025-02-26T14:00:00+00:00,item_not_received,2385.34,True,True,True,True,False,5,True,False,False,124,False,won
TXN101398,MERCH_SAAS_02,2025-03-28T09:00:00+00:00,item_not_received,5925.05,False,False,False,True,False,3,False,False,False,94,False,lost
TXN101399,MERCH_ECOM_03,2025-01-30T20:00:00+00:00,unrecognized_transaction,3353.11,False,False,False,True,False,2,True,False,False,151,False,lost
TXN101400,MERCH_ECOM_03,2025-01-27T14:00:00+00:00,unrecognized_transaction,5920.52,False,True,True,True,True,3,True,False,False,154,True,won
TXN101401,MERCH_ECOM_03,2025-03-04T07:00:00+00:00,unrecognized_transaction,3740.79,True,True,False,True,False,3,True,False,False,118,False,lost
TXN101402,MERCH_ECOM_03,2025-04-10T23:00:00+00:00,unrecognized_transaction,971.18,False,False,False,True,True,3,True,False,False,81,False,won
TXN101403,MERCH_DIGITAL_04,2025-03-20T06:00:00+00:00,duplicate_charge,961.85,True,False,False,False,False,3,False,False,False,102,False,lost
TXN101404,MERCH_ECOM_03,2025-06-05T08:00:00+00:00,unrecognized_transaction,1150.01,True,True,False,True,False,7,False,False,False,25,False,won
TXN101405,MERCH_RETAIL_01,2025-05-19T06:00:00+00:00,unrecognized_transaction,654.15,True,True,True,False,True,1,False,False,False,42,False,lost
TXN101406,MERCH_ECOM_03,2025-01-12T05:00:00+00:00,item_not_as_described,841.83,True,True,False,True,True,3,True,False,False,169,False,won
TXN101407,MERCH_SAAS_02,2025-01-02T20:00:00+00:00,unrecognized_transaction,1269.21,False,False,False,True,False,5,False,False,False,179,False,lost
TXN101408,MERCH_ECOM_03,2025-04-10T20:00:00+00:00,duplicate_charge,5596.97,False,False,False,False,True,4,True,True,False,81,False,won
TXN101409,MERCH_RETAIL_01,2025-01-23T00:00:00+00:00,item_not_received,1033.55,True,True,True,False,True,4,False,False,False,158,False,won
TXN101410,MERCH_SAAS_02,2025-06-29T09:00:00+00:00,duplicate_charge,4472.87,True,True,True,True,True,3,False,True,False,1,False,won
TXN101411,MERCH_DIGITAL_04,2025-03-25T03:00:00+00:00,item_not_received,5421.83,True,False,False,True,True,4,False,False,False,97,False,won
TXN101412,MERCH_ECOM_03,2025-05-03T23:00:00+00:00,item_not_received,3721.17,True,True,False,True,True,3,True,False,False,58,False,won
TXN101413,MERCH_RETAIL_01,2025-06-18T17:00:00+00:00,item_not_as_described,4686.8,True,False,True,False,False,4,True,False,False,12,False,won
TXN101414,MERCH_RETAIL_01,2025-02-14T12:00:00+00:00,item_not_as_described,2636.04,False,False,False,True,True,2,False,False,False,136,False,lost
TXN101415,MERCH_ECOM_03,2025-03-06T02:00:00+00:00,item_not_received,1022.33,True,True,False,True,True,4,False,False,False,116,False,won
TXN101416,MERCH_SAAS_02,2025-05-24T20:00:00+00:00,item_not_received,3161.92,False,False,False,True,False,2,True,False,False,37,False,lost
TXN101417,MERCH_RETAIL_01,2025-05-07T00:00:00+00:00,unrecognized_transaction,8819.7,False,False,False,True,True,3,False,False,False,54,False,won
TXN101418,MERCH_SAAS_02,2025-06-17T01:00:00+00:00,unrecognized_transaction,1993.24,False,False,False,True,True,3,True,False,False,13,False,won
TXN101419,MERCH_ECOM_03,2025-04-29T15:00:00+00:00,item_not_as_described,3090.5,False,False,False,True,False,2,True,False,False,62,False,won
TXN101420,MERCH_RETAIL_01,2025-05-13T13:00:00+00:00,unrecognized_transaction,2007.26,True,True,True,True,False,4,False,False,False,48,False,lost
TXN101421,MERCH_SAAS_02,2025-03-02T21:00:00+00:00,duplicate_charge,341.42,True,False,True,False,True,3,True,True,False,120,False,won
TXN101422,MERCH_ECOM_03,2025-03-30T06:00:00+00:00,item_not_received,3994.44,True,True,True,True,True,3,False,False,False,92,False,lost
TXN101423,MERCH_RETAIL_01,2025-03-19T15:00:00+00:00,item_not_received,1201.76,False,False,False,True,True,6,False,False,False,103,False,lost
TXN101424,MERCH_RETAIL_01,2025-04-17T10:00:00+00:00,item_not_received,4525.28,True,True,True,False,False,3,False,False,False,74,False,won
TXN101425,MERCH_DIGITAL_04,2025-06-05T17:00:00+00:00,item_not_received,1990.15,False,False,False,True,False,4,False,False,False,25,False,won
TXN101426,MERCH_DIGITAL_04,2025-03-14T03:00:00+00:00,item_not_received,3422.72,False,False,False,True,False,7,True,False,False,108,False,won
TXN101427,MERCH_RETAIL_01,2025-05-02T08:00:00+00:00,unrecognized_transaction,3758.51,True,True,True,True,True,4,True,False,False,59,False,won
TXN101428,MERCH_SAAS_02,2025-01-14T16:00:00+00:00,duplicate_charge,2884.91,True,True,True,False,True,3,False,False,False,167,False,lost
TXN101429,MERCH_RETAIL_01,2025-04-12T14:00:00+00:00,subscription_cancelled,3640.29,True,True,True,True,True,8,False,False,True,79,False,won
TXN101430,MERCH_ECOM_03,2025-01-31T10:00:00+00:00,item_not_as_described,2896.09,False,False,False,True,False,6,True,False,False,150,False,lost
TXN101431,MERCH_DIGITAL_04,2025-03-06T00:00:00+00:00,item_not_as_described,2582.41,True,True,True,True,True,5,True,False,False,116,False,won
TXN101432,MERCH_RETAIL_01,2025-04-19T07:00:00+00:00,subscription_cancelled,4308.72,True,True,False,False,False,3,False,False,True,72,False,won
TXN101433,MERCH_SAAS_02,2025-06-10T10:00:00+00:00,unrecognized_transaction,2864.03,False,False,False,False,True,5,True,False,False,20,False,won
TXN101434,MERCH_SAAS_02,2025-03-01T09:00:00+00:00,item_not_as_described,2661.28,True,False,False,True,True,5,True,False,False,121,False,won
TXN101435,MERCH_DIGITAL_04,2025-05-27T10:00:00+00:00,duplicate_charge,924.85,True,True,True,False,False,3,False,True,False,34,False,won
TXN101436,MERCH_RETAIL_01,2025-05-05T12:00:00+00:00,unrecognized_transaction,1444.96,False,True,True,True,True,4,True,False,False,56,True,won
TXN101437,MERCH_DIGITAL_04,2025-04-10T04:00:00+00:00,item_not_as_described,2075.53,True,True,False,True,False,4,False,False,False,81,False,won
TXN101438,MERCH_RETAIL_01,2025-02-03T07:00:00+00:00,subscription_cancelled,2036.98,False,False,False,False,True,2,True,False,False,147,False,lost
TXN101439,MERCH_DIGITAL_04,2025-01-19T20:00:00+00:00,item_not_as_described,3880.59,False,False,False,False,True,5,False,False,False,162,False,lost
TXN101440,MERCH_RETAIL_01,2025-04-24T00:00:00+00:00,duplicate_charge,2830.79,True,True,True,True,True,8,True,True,False,67,False,won
TXN101441,MERCH_ECOM_03,2025-01-09T22:00:00+00:00,unrecognized_transaction,2184.01,False,False,False,False,True,2,False,False,False,172,False,lost
TXN101442,MERCH_ECOM_03,2025-06-21T09:00:00+00:00,item_not_received,3266.36,False,False,False,False,True,3,False,False,False,9,False,won
TXN101443,MERCH_SAAS_02,2025-03-18T20:00:00+00:00,item_not_received,3829.05,False,False,False,True,True,4,False,False,False,104,False,lost
TXN101444,MERCH_SAAS_02,2025-02-03T11:00:00+00:00,subscription_cancelled,689.57,True,True,False,False,True,4,False,False,True,147,False,lost
TXN101445,MERCH_SAAS_02,2025-02-27T11:00:00+00:00,item_not_received,913.48,True,False,False,True,True,3,False,False,False,123,False,lost
TXN101446,MERCH_RETAIL_01,2025-05-17T07:00:00+00:00,unrecognized_transaction,2815.61,True,False,True,True,True,7,True,False,False,44,False,won
TXN101447,MERCH_ECOM_03,2025-04-14T12:00:00+00:00,unrecognized_transaction,2789.81,True,False,False,True,True,4,False,False,False,77,False,won
TXN101448,MERCH_DIGITAL_04,2025-03-03T23:00:00+00:00,subscription_cancelled,1924.12,True,True,True,True,True,6,False,False,False,119,False,lost
TXN101449,MERCH_RETAIL_01,2025-01-13T11:00:00+00:00,duplicate_charge,4004.03,True,True,True,False,True,6,False,True,False,168,False,won
TXN101450,MERCH_SAAS_02,2025-05-04T06:00:00+00:00,unrecognized_transaction,7278.16,True,False,True,True,True,4,True,False,False,57,False,won
TXN101451,MERCH_RETAIL_01,2025-03-16T22:00:00+00:00,unrecognized_transaction,767.11,False,False,False,True,True,1,True,False,False,106,False,lost
TXN101452,MERCH_RETAIL_01,2025-05-24T05:00:00+00:00,item_not_received,2912.09,True,False,False,True,True,6,True,False,False,37,False,lost
TXN101453,MERCH_RETAIL_01,2025-05-12T21:00:00+00:00,unrecognized_transaction,6735.45,False,False,True,True,False,4,False,False,False,49,True,lost
TXN101454,MERCH_SAAS_02,2025-01-31T17:00:00+00:00,duplicate_charge,2925.1,True,True,True,True,False,2,True,False,False,150,False,lost
TXN101455,MERCH_RETAIL_01,2025-06-08T02:00:00+00:00,item_not_received,749.06,False,False,False,True,False,3,True,False,False,22,False,won
TXN101456,MERCH_RETAIL_01,2025-01-15T22:00:00+00:00,item_not_received,4476.89,True,True,False,True,True,3,True,False,False,166,False,won
TXN101457,MERCH_SAAS_02,2025-05-13T06:00:00+00:00,unrecognized_transaction,501.41,True,True,True,True,True,1,True,False,False,48,False,won
TXN101458,MERCH_RETAIL_01,2025-06-06T08:00:00+00:00,item_not_received,2419.84,True,False,False,True,True,3,True,False,False,24,False,won
TXN101459,MERCH_RETAIL_01,2025-03-18T22:00:00+00:00,duplicate_charge,1779.58,False,False,True,True,True,2,False,True,False,104,True,lost
TXN101460,MERCH_RETAIL_01,2025-04-13T22:00:00+00:00,unrecognized_transaction,1712.59,True,False,False,True,False,2,True,False,False,78,False,lost
TXN101461,MERCH_SAAS_02,2025-03-21T18:00:00+00:00,item_not_as_described,6479.59,True,True,False,True,False,7,False,False,False,101,False,won
TXN101462,MERCH_RETAIL_01,2025-04-25T14:00:00+00:00,item_not_as_described,2088.58,False,False,False,False,True,4,True,False,False,66,False,won
TXN101463,MERCH_RETAIL_01,2025-01-01T21:00:00+00:00,unrecognized_transaction,1727.82,True,True,False,True,True,2,False,False,False,180,False,lost
TXN101464,MERCH_SAAS_02,2025-05-25T13:00:00+00:00,item_not_received,996.63,False,True,True,False,True,3,True,False,False,36,True,won
TXN101465,MERCH_RETAIL_01,2025-05-16T00:00:00+00:00,item_not_as_described,1730.97,False,False,False,True,False,3,False,False,False,45,False,lost
TXN101466,MERCH_SAAS_02,2025-03-07T17:00:00+00:00,duplicate_charge,2349.67,True,False,False,True,True,3,False,True,False,115,False,won
TXN101467,MERCH_SAAS_02,2025-04-29T23:00:00+00:00,unrecognized_transaction,1425.92,True,True,True,True,True,3,False,False,False,62,False,won
TXN101468,MERCH_RETAIL_01,2025-04-06T07:00:00+00:00,unrecognized_transaction,2230.75,False,False,False,True,True,2,False,False,False,85,False,lost
TXN101469,MERCH_ECOM_03,2025-02-16T12:00:00+00:00,unrecognized_transaction,2652.72,True,True,True,True,True,1,False,False,False,134,False,lost
TXN101470,MERCH_RETAIL_01,2025-03-03T11:00:00+00:00,item_not_as_described,2521.07,False,True,True,True,True,11,False,False,False,119,True,lost
TXN101471,MERCH_SAAS_02,2025-02-10T15:00:00+00:00,item_not_received,5342.5,False,False,False,True,True,3,False,False,False,140,False,won
TXN101472,MERCH_RETAIL_01,2025-04-28T10:00:00+00:00,item_not_received,4357.84,False,False,False,True,False,2,False,False,False,63,False,lost
TXN101473,MERCH_DIGITAL_04,2025-05-02T05:00:00+00:00,item_not_received,1528.2,False,False,False,False,True,1,True,False,False,59,False,won
TXN101474,MERCH_SAAS_02,2025-02-15T07:00:00+00:00,item_not_as_described,2955.94,True,True,False,True,False,3,True,False,False,135,False,won
TXN101475,MERCH_ECOM_03,2025-02-07T04:00:00+00:00,unrecognized_transaction,1016.25,False,False,False,True,True,3,False,False,False,143,False,lost
TXN101476,MERCH_DIGITAL_04,2025-02-23T09:00:00+00:00,unrecognized_transaction,5267.14,True,True,True,True,True,1,True,False,False,127,False,won
TXN101477,MERCH_ECOM_03,2025-03-26T12:00:00+00:00,item_not_as_described,3325.5,True,True,False,True,True,0,True,False,False,96,False,lost
TXN101478,MERCH_RETAIL_01,2025-06-01T00:00:00+00:00,item_not_received,1127.07,True,True,True,True,True,3,False,False,False,29,False,won
TXN101479,MERCH_RETAIL_01,2025-06-12T18:00:00+00:00,item_not_received,7222.36,True,True,False,False,True,6,False,False,False,18,False,won
TXN101480,MERCH_SAAS_02,2025-06-04T09:00:00+00:00,duplicate_charge,2619.44,True,True,True,False,False,1,True,True,False,26,False,won
TXN101481,MERCH_ECOM_03,2025-06-03T21:00:00+00:00,item_not_received,3163.12,False,False,False,True,False,3,True,False,False,27,False,lost
TXN101482,MERCH_SAAS_02,2025-05-26T06:00:00+00:00,item_not_as_described,2872.97,True,True,False,True,True,4,False,False,False,35,False,lost
TXN101483,MERCH_RETAIL_01,2025-03-01T11:00:00+00:00,unrecognized_transaction,3238.93,True,True,True,True,True,4,False,False,False,121,False,won
TXN101484,MERCH_ECOM_03,2025-01-22T17:00:00+00:00,item_not_received,4758.15,True,True,False,False,True,6,False,False,False,159,False,won
TXN101485,MERCH_DIGITAL_04,2025-05-22T15:00:00+00:00,item_not_received,4125.44,False,False,False,True,True,6,False,False,False,39,False,lost
TXN101486,MERCH_ECOM_03,2025-02-09T22:00:00+00:00,unrecognized_transaction,3515.88,False,False,False,True,True,5,True,False,False,141,False,lost
TXN101487,MERCH_ECOM_03,2025-05-16T21:00:00+00:00,duplicate_charge,2763.06,True,True,False,True,False,4,True,True,False,45,False,won
TXN101488,MERCH_RETAIL_01,2025-06-27T13:00:00+00:00,item_not_received,1028.2,False,False,False,True,True,5,False,False,False,3,False,won
TXN101489,MERCH_ECOM_03,2025-04-19T11:00:00+00:00,duplicate_charge,3044.55,True,True,True,True,True,3,False,True,False,72,False,won
TXN101490,MERCH_RETAIL_01,2025-01-05T13:00:00+00:00,item_not_as_described,4849.0,True,False,True,True,True,5,False,False,False,176,False,won
TXN101491,MERCH_RETAIL_01,2025-02-15T07:00:00+00:00,duplicate_charge,3424.89,False,False,False,False,True,2,True,True,False,135,False,lost
TXN101492,MERCH_DIGITAL_04,2025-06-19T22:00:00+00:00,unrecognized_transaction,4977.1,False,False,False,True,True,2,True,False,False,11,False,lost
TXN101493,MERCH_ECOM_03,2025-04-09T00:00:00+00:00,item_not_received,1404.95,True,True,False,False,True,6,True,False,False,82,False,won
TXN101494,MERCH_ECOM_03,2025-01-11T06:00:00+00:00,item_not_received,3430.56,False,False,False,True,False,4,False,False,False,170,False,lost
TXN101495,MERCH_SAAS_02,2025-01-22T12:00:00+00:00,item_not_as_described,6900.55,True,True,True,False,True,4,False,False,False,159,False,lost
TXN101496,MERCH_RETAIL_01,2025-03-18T14:00:00+00:00,item_not_received,3689.94,True,True,False,True,True,2,True,False,False,104,False,won
TXN101497,MERCH_RETAIL_01,2025-03-01T11:00:00+00:00,duplicate_charge,1344.1,False,False,False,True,True,3,True,True,False,121,False,won
TXN101498,MERCH_RETAIL_01,2025-06-02T00:00:00+00:00,subscription_cancelled,2114.66,True,True,False,True,True,5,True,False,False,28,False,won
TXN101499,MERCH_RETAIL_01,2025-02-14T08:00:00+00:00,unrecognized_transaction,3644.8,True,True,True,True,True,4,True,False,False,136,False,won
TXN101500,MERCH_ECOM_03,2025-06-27T23:00:00+00:00,unrecognized_transaction,939.9,True,True,False,False,True,2,False,False,False,3,False,lost
TXN101501,MERCH_RETAIL_01,2025-04-29T11:00:00+00:00,duplicate_charge,3396.39,False,False,True,False,False,3,False,False,False,62,True,won
TXN101502,MERCH_RETAIL_01,2025-04-17T06:00:00+00:00,item_not_received,2701.15,False,False,False,False,False,3,True,False,False,74,False,lost
TXN101503,MERCH_RETAIL_01,2025-02-13T12:00:00+00:00,item_not_received,2020.24,False,False,False,False,True,4,False,False,False,137,False,lost
TXN101504,MERCH_RETAIL_01,2025-06-08T05:00:00+00:00,item_not_received,6227.73,True,True,True,True,True,3,True,False,False,22,False,won
TXN101505,MERCH_SAAS_02,2025-03-17T06:00:00+00:00,duplicate_charge,2190.03,False,False,False,True,True,2,False,True,False,105,False,won
TXN101506,MERCH_ECOM_03,2025-02-19T20:00:00+00:00,unrecognized_transaction,3767.39,True,True,False,True,False,3,False,False,False,131,False,lost
TXN101507,MERCH_SAAS_02,2025-04-06T14:00:00+00:00,subscription_cancelled,3277.78,True,True,True,True,True,4,False,False,False,85,False,lost
TXN101508,MERCH_SAAS_02,2025-05-22T03:00:00+00:00,item_not_received,3245.02,False,False,False,True,True,3,True,False,False,39,False,won
TXN101509,MERCH_ECOM_03,2025-02-12T12:00:00+00:00,subscription_cancelled,7045.47,False,False,False,True,False,4,True,False,False,138,False,lost
TXN101510,MERCH_DIGITAL_04,2025-04-09T14:00:00+00:00,item_not_received,4237.38,False,False,False,False,True,3,False,False,False,82,False,lost
TXN101511,MERCH_ECOM_03,2025-06-18T21:00:00+00:00,item_not_as_described,4359.34,False,False,False,True,True,2,True,False,False,12,False,won
TXN101512,MERCH_RETAIL_01,2025-05-14T06:00:00+00:00,item_not_received,1501.09,False,False,False,True,True,3,True,False,False,47,False,lost
TXN101513,MERCH_DIGITAL_04,2025-06-17T18:00:00+00:00,item_not_received,3310.9,True,True,False,False,True,3,True,False,False,13,False,won
TXN101514,MERCH_RETAIL_01,2025-06-22T00:00:00+00:00,duplicate_charge,1565.82,False,False,False,True,True,3,False,False,False,8,False,lost
TXN101515,MERCH_RETAIL_01,2025-02-08T13:00:00+00:00,duplicate_charge,873.2,True,True,False,True,True,1,False,False,False,142,False,won
TXN101516,MERCH_SAAS_02,2025-06-21T12:00:00+00:00,item_not_as_described,4302.31,True,True,False,True,True,1,False,False,False,9,False,lost
TXN101517,MERCH_ECOM_03,2025-05-23T05:00:00+00:00,unrecognized_transaction,10050.32,False,False,False,True,False,4,True,False,False,38,False,lost
TXN101518,MERCH_RETAIL_01,2025-05-28T05:00:00+00:00,unrecognized_transaction,3645.94,True,True,False,True,False,3,False,False,False,33,False,lost
TXN101519,MERCH_RETAIL_01,2025-01-14T23:00:00+00:00,duplicate_charge,4016.87,False,False,False,True,False,3,True,True,False,167,False,won
TXN101520,MERCH_RETAIL_01,2025-06-23T05:00:00+00:00,item_not_as_described,7609.9,True,True,True,True,True,3,False,False,False,7,False,lost
TXN101521,MERCH_RETAIL_01,2025-05-06T01:00:00+00:00,duplicate_charge,2563.41,True,True,False,True,True,1,True,True,False,55,False,won
TXN101522,MERCH_ECOM_03,2025-06-20T15:00:00+00:00,item_not_received,1757.58,True,True,True,False,False,2,False,False,False,10,False,won
TXN101523,MERCH_RETAIL_01,2025-05-10T12:00:00+00:00,item_not_as_described,2341.3,False,False,False,True,False,4,True,False,False,51,False,won
TXN101524,MERCH_RETAIL_01,2025-04-23T13:00:00+00:00,duplicate_charge,2034.21,False,False,False,True,True,2,True,False,False,68,False,lost
TXN101525,MERCH_DIGITAL_04,2025-02-22T15:00:00+00:00,unrecognized_transaction,1838.72,True,True,True,True,True,1,True,False,False,128,False,won
TXN101526,MERCH_ECOM_03,2025-01-11T06:00:00+00:00,duplicate_charge,6559.04,False,False,False,True,True,4,False,True,False,170,False,won
TXN101527,MERCH_SAAS_02,2025-05-30T08:00:00+00:00,duplicate_charge,4279.04,True,True,True,True,True,2,False,True,False,31,False,won
TXN101528,MERCH_SAAS_02,2025-03-11T16:00:00+00:00,subscription_cancelled,3690.71,True,True,False,False,False,2,False,False,True,111,False,won
TXN101529,MERCH_RETAIL_01,2025-01-07T04:00:00+00:00,item_not_received,2740.68,False,False,True,True,True,5,False,False,False,174,True,won
TXN101530,MERCH_RETAIL_01,2025-04-17T04:00:00+00:00,item_not_received,3323.15,True,False,False,True,False,2,True,False,False,74,False,lost
TXN101531,MERCH_SAAS_02,2025-01-28T05:00:00+00:00,item_not_received,3787.31,False,False,False,False,True,6,False,False,False,153,False,lost
TXN101532,MERCH_DIGITAL_04,2025-03-12T16:00:00+00:00,unrecognized_transaction,5297.16,True,True,False,False,False,4,True,False,False,110,False,lost
TXN101533,MERCH_RETAIL_01,2025-02-24T12:00:00+00:00,item_not_received,734.93,True,True,True,True,True,3,False,False,False,126,False,won
TXN101534,MERCH_RETAIL_01,2025-04-11T03:00:00+00:00,unrecognized_transaction,1728.98,False,False,False,True,True,2,True,False,False,80,False,won
TXN101535,MERCH_ECOM_03,2025-03-30T19:00:00+00:00,item_not_as_described,2250.55,False,False,False,True,False,0,False,False,False,92,False,lost
TXN101536,MERCH_SAAS_02,2025-04-23T21:00:00+00:00,unrecognized_transaction,651.87,False,False,False,True,False,2,True,False,False,68,False,lost
TXN101537,MERCH_RETAIL_01,2025-06-27T06:00:00+00:00,unrecognized_transaction,653.76,True,True,True,True,True,3,True,False,False,3,False,won
TXN101538,MERCH_RETAIL_01,2025-03-04T13:00:00+00:00,item_not_received,3484.04,False,False,False,True,False,2,False,False,False,118,False,lost
TXN101539,MERCH_SAAS_02,2025-02-06T10:00:00+00:00,unrecognized_transaction,2299.73,False,False,False,True,False,7,True,False,False,144,False,lost
TXN101540,MERCH_RETAIL_01,2025-03-30T14:00:00+00:00,unrecognized_transaction,4895.81,True,True,False,True,False,3,True,False,False,92,False,won
TXN101541,MERCH_RETAIL_01,2025-02-06T15:00:00+00:00,unrecognized_transaction,3140.16,False,False,False,True,True,6,False,False,False,144,False,won
TXN101542,MERCH_ECOM_03,2025-05-03T20:00:00+00:00,unrecognized_transaction,431.62,True,True,True,True,True,7,True,False,False,58,False,won
TXN101543,MERCH_ECOM_03,2025-03-13T19:00:00+00:00,unrecognized_transaction,210.08,False,False,False,False,False,5,False,False,False,109,False,lost
TXN101544,MERCH_ECOM_03,2025-06-14T20:00:00+00:00,subscription_cancelled,5062.77,False,False,False,True,True,1,True,False,False,16,False,lost
TXN101545,MERCH_ECOM_03,2025-04-10T23:00:00+00:00,unrecognized_transaction,1889.76,False,False,False,True,True,5,False,False,False,81,False,won
TXN101546,MERCH_SAAS_02,2025-01-07T04:00:00+00:00,item_not_as_described,2304.43,True,False,True,False,True,4,True,False,False,174,False,lost
TXN101547,MERCH_SAAS_02,2025-01-31T22:00:00+00:00,unrecognized_transaction,3090.99,False,False,False,True,True,2,True,False,False,150,False,won
TXN101548,MERCH_DIGITAL_04,2025-02-11T12:00:00+00:00,item_not_received,4074.03,True,True,True,False,True,4,False,False,False,139,False,won
TXN101549,MERCH_RETAIL_01,2025-06-27T10:00:00+00:00,item_not_as_described,2564.32,True,False,True,False,True,6,True,False,False,3,False,lost
TXN101550,MERCH_DIGITAL_04,2025-05-22T10:00:00+00:00,item_not_received,2536.65,True,True,True,True,True,1,False,False,False,39,False,won
TXN101551,MERCH_ECOM_03,2025-04-15T11:00:00+00:00,unrecognized_transaction,3110.23,True,True,False,True,True,2,False,False,False,76,False,won
TXN101552,MERCH_RETAIL_01,2025-06-02T20:00:00+00:00,duplicate_charge,2125.55,False,False,False,False,True,5,False,True,False,28,False,won
TXN101553,MERCH_DIGITAL_04,2025-05-21T05:00:00+00:00,item_not_as_described,617.02,True,True,True,True,True,6,False,False,False,40,False,lost
TXN101554,MERCH_SAAS_02,2025-06-11T00:00:00+00:00,duplicate_charge,2136.75,True,True,False,True,False,3,False,True,False,19,False,won
TXN101555,MERCH_RETAIL_01,2025-03-23T19:00:00+00:00,item_not_as_described,4360.27,False,False,False,True,True,3,True,False,False,99,False,won
TXN101556,MERCH_SAAS_02,2025-03-31T14:00:00+00:00,unrecognized_transaction,1737.44,False,False,False,False,True,3,False,False,False,91,False,lost
TXN101557,MERCH_RETAIL_01,2025-04-30T09:00:00+00:00,item_not_received,559.05,False,False,False,True,False,5,False,False,False,61,False,lost
TXN101558,MERCH_RETAIL_01,2025-05-09T09:00:00+00:00,item_not_received,1490.0,True,True,True,True,True,4,False,False,False,52,False,won
TXN101559,MERCH_DIGITAL_04,2025-06-03T06:00:00+00:00,item_not_as_described,2150.81,True,True,False,False,False,4,True,False,False,27,False,lost
TXN101560,MERCH_ECOM_03,2025-01-31T00:00:00+00:00,unrecognized_transaction,560.89,False,False,False,False,True,5,True,False,False,150,False,lost
TXN101561,MERCH_ECOM_03,2025-06-12T21:00:00+00:00,unrecognized_transaction,232.67,True,True,False,True,True,2,True,False,False,18,False,won
TXN101562,MERCH_ECOM_03,2025-04-10T03:00:00+00:00,item_not_as_described,5098.9,True,True,False,True,True,3,False,False,False,81,False,won
TXN101563,MERCH_ECOM_03,2025-03-06T13:00:00+00:00,unrecognized_transaction,1047.87,False,False,False,False,True,3,False,False,False,116,False,lost
TXN101564,MERCH_SAAS_02,2025-06-03T18:00:00+00:00,item_not_as_described,2846.92,False,False,False,False,True,4,False,False,False,27,False,lost
TXN101565,MERCH_SAAS_02,2025-03-09T23:00:00+00:00,item_not_received,3051.91,True,True,True,False,False,2,True,False,False,113,False,won
TXN101566,MERCH_RETAIL_01,2025-03-08T03:00:00+00:00,item_not_received,2372.39,True,True,True,False,True,5,True,False,False,114,False,lost
TXN101567,MERCH_RETAIL_01,2025-04-22T16:00:00+00:00,item_not_received,1139.0,True,False,True,False,True,4,True,False,False,69,False,won
TXN101568,MERCH_ECOM_03,2025-05-10T20:00:00+00:00,item_not_as_described,856.71,True,True,False,False,False,1,False,False,False,51,False,lost
TXN101569,MERCH_RETAIL_01,2025-02-09T18:00:00+00:00,duplicate_charge,6242.03,True,True,True,False,False,3,True,False,False,141,False,lost
TXN101570,MERCH_ECOM_03,2025-05-12T01:00:00+00:00,duplicate_charge,2247.89,False,False,False,True,True,1,True,False,False,49,False,lost
TXN101571,MERCH_ECOM_03,2025-03-05T09:00:00+00:00,item_not_received,2098.37,True,True,True,False,False,2,True,False,False,117,False,lost
TXN101572,MERCH_RETAIL_01,2025-06-29T06:00:00+00:00,unrecognized_transaction,685.19,True,True,True,True,True,0,False,False,False,1,False,won
TXN101573,MERCH_RETAIL_01,2025-01-14T12:00:00+00:00,unrecognized_transaction,1142.14,True,True,True,True,False,1,False,False,False,167,False,lost
TXN101574,MERCH_RETAIL_01,2025-05-07T14:00:00+00:00,duplicate_charge,2765.83,False,False,False,True,True,4,True,True,False,54,False,won
TXN101575,MERCH_SAAS_02,2025-02-17T09:00:00+00:00,item_not_received,2103.89,True,True,True,True,True,4,True,False,False,133,False,won
TXN101576,MERCH_RETAIL_01,2025-06-15T14:00:00+00:00,item_not_received,802.86,True,True,True,False,True,2,True,False,False,15,False,won
TXN101577,MERCH_RETAIL_01,2025-02-20T18:00:00+00:00,item_not_as_described,3144.31,True,True,True,True,False,1,False,False,False,130,False,lost
TXN101578,MERCH_DIGITAL_04,2025-01-19T03:00:00+00:00,unrecognized_transaction,8284.69,False,False,False,True,True,4,False,False,False,162,False,won
TXN101579,MERCH_SAAS_02,2025-05-24T06:00:00+00:00,unrecognized_transaction,5548.23,True,True,False,True,False,3,True,False,False,37,False,lost
TXN101580,MERCH_RETAIL_01,2025-01-07T01:00:00+00:00,unrecognized_transaction,3636.79,True,True,True,True,False,4,False,False,False,174,False,lost
TXN101581,MERCH_ECOM_03,2025-04-25T10:00:00+00:00,item_not_received,2924.88,True,True,False,True,True,5,True,False,False,66,False,won
TXN101582,MERCH_SAAS_02,2025-06-06T23:00:00+00:00,item_not_received,4069.27,False,False,False,True,False,6,True,False,False,24,False,lost
TXN101583,MERCH_ECOM_03,2025-04-07T12:00:00+00:00,unrecognized_transaction,4408.15,False,False,False,True,True,7,True,False,False,84,False,lost
TXN101584,MERCH_RETAIL_01,2025-03-11T14:00:00+00:00,unrecognized_transaction,1019.98,False,False,False,False,False,2,True,False,False,111,False,lost
TXN101585,MERCH_SAAS_02,2025-03-13T08:00:00+00:00,item_not_received,4160.74,False,False,False,True,True,3,True,False,False,109,False,lost
TXN101586,MERCH_DIGITAL_04,2025-01-24T07:00:00+00:00,duplicate_charge,1972.28,True,False,True,True,True,3,True,False,False,157,False,lost
TXN101587,MERCH_RETAIL_01,2025-06-29T13:00:00+00:00,duplicate_charge,3087.09,True,False,False,False,True,4,False,True,False,1,False,won
TXN101588,MERCH_RETAIL_01,2025-06-08T13:00:00+00:00,item_not_as_described,6027.2,False,False,False,True,False,7,False,False,False,22,False,won
TXN101589,MERCH_SAAS_02,2025-04-01T00:00:00+00:00,item_not_received,1240.34,False,False,False,False,True,1,True,False,False,90,False,lost
TXN101590,MERCH_RETAIL_01,2025-06-11T07:00:00+00:00,duplicate_charge,6897.09,True,True,True,False,True,4,True,True,False,19,False,won
TXN101591,MERCH_ECOM_03,2025-02-14T16:00:00+00:00,item_not_received,2069.26,True,True,True,True,False,7,True,False,False,136,False,won
TXN101592,MERCH_RETAIL_01,2025-04-07T18:00:00+00:00,item_not_received,7017.08,False,True,True,True,False,3,False,False,False,84,True,won
TXN101593,MERCH_SAAS_02,2025-04-29T21:00:00+00:00,unrecognized_transaction,4635.23,False,True,True,False,True,4,False,False,False,62,True,lost
TXN101594,MERCH_RETAIL_01,2025-06-06T00:00:00+00:00,unrecognized_transaction,1492.67,True,True,False,False,False,3,True,False,False,24,False,won
TXN101595,MERCH_SAAS_02,2025-04-15T19:00:00+00:00,unrecognized_transaction,4185.09,True,True,False,True,True,5,False,False,False,76,False,won
TXN101596,MERCH_ECOM_03,2025-06-12T08:00:00+00:00,item_not_received,1483.21,False,False,False,False,True,2,False,False,False,18,False,lost
TXN101597,MERCH_SAAS_02,2025-02-06T02:00:00+00:00,unrecognized_transaction,3398.64,False,False,False,True,True,3,True,False,False,144,False,won
TXN101598,MERCH_SAAS_02,2025-04-09T18:00:00+00:00,item_not_as_described,2011.63,False,False,False,True,False,1,True,False,False,82,False,won
TXN101599,MERCH_RETAIL_01,2025-02-26T16:00:00+00:00,item_not_received,917.83,True,True,False,True,True,3,False,False,False,124,False,won
TXN101600,MERCH_ECOM_03,2025-02-19T17:00:00+00:00,item_not_received,4746.97,False,False,False,False,False,4,True,False,False,131,False,lost
TXN101601,MERCH_RETAIL_01,2025-04-18T09:00:00+00:00,unrecognized_transaction,3852.2,True,True,True,True,False,5,False,False,False,73,False,lost
TXN101602,MERCH_ECOM_03,2025-05-22T22:00:00+00:00,item_not_received,1608.85,True,True,True,True,True,5,True,False,False,39,False,won
TXN101603,MERCH_RETAIL_01,2025-02-24T18:00:00+00:00,duplicate_charge,902.11,False,False,False,False,False,4,False,False,False,126,False,lost
TXN101604,MERCH_DIGITAL_04,2025-05-16T13:00:00+00:00,subscription_cancelled,1308.53,False,False,False,True,False,4,True,False,True,45,False,won
TXN101605,MERCH_RETAIL_01,2025-04-13T06:00:00+00:00,subscription_cancelled,2163.81,False,False,False,True,False,2,True,False,True,78,False,won
TXN101606,MERCH_DIGITAL_04,2025-06-09T00:00:00+00:00,unrecognized_transaction,872.64,False,False,False,False,False,7,False,False,False,21,False,won
TXN101607,MERCH_SAAS_02,2025-04-15T00:00:00+00:00,item_not_received,4360.57,True,True,True,False,True,2,False,False,False,76,False,won
TXN101608,MERCH_RETAIL_01,2025-02-22T08:00:00+00:00,unrecognized_transaction,4146.91,True,True,True,True,True,2,True,False,False,128,False,won
TXN101609,MERCH_ECOM_03,2025-03-08T08:00:00+00:00,item_not_received,2904.4,True,True,False,True,True,6,True,False,False,114,False,lost
TXN101610,MERCH_DIGITAL_04,2025-03-22T03:00:00+00:00,item_not_received,2461.63,True,True,True,True,True,4,True,False,False,100,False,won
TXN101611,MERCH_ECOM_03,2025-06-29T14:00:00+00:00,item_not_received,2717.41,True,False,True,True,True,3,False,False,False,1,False,won
TXN101612,MERCH_ECOM_03,2025-01-04T12:00:00+00:00,item_not_as_described,2084.78,False,False,False,False,True,2,True,False,False,177,False,lost
TXN101613,MERCH_RETAIL_01,2025-04-22T05:00:00+00:00,duplicate_charge,4068.82,True,True,False,False,True,4,True,False,False,69,False,won
TXN101614,MERCH_ECOM_03,2025-05-12T17:00:00+00:00,unrecognized_transaction,1221.67,True,True,True,True,True,4,True,False,False,49,False,won
TXN101615,MERCH_ECOM_03,2025-06-18T00:00:00+00:00,item_not_as_described,4504.36,True,True,True,True,True,1,True,False,False,12,False,won
TXN101616,MERCH_RETAIL_01,2025-02-26T06:00:00+00:00,duplicate_charge,607.0,True,True,False,True,True,1,True,True,False,124,False,won
TXN101617,MERCH_ECOM_03,2025-04-10T04:00:00+00:00,item_not_as_described,923.27,True,True,True,True,False,3,False,False,False,81,False,won
TXN101618,MERCH_RETAIL_01,2025-06-23T09:00:00+00:00,item_not_received,898.05,True,True,False,True,True,4,True,False,False,7,False,lost
TXN101619,MERCH_DIGITAL_04,2025-06-26T10:00:00+00:00,unrecognized_transaction,2891.08,True,True,False,False,True,2,False,False,False,4,False,lost
TXN101620,MERCH_RETAIL_01,2025-05-03T08:00:00+00:00,item_not_received,2908.85,True,True,False,True,True,3,True,False,False,58,False,won
TXN101621,MERCH_RETAIL_01,2025-05-05T15:00:00+00:00,duplicate_charge,7927.51,True,True,True,True,True,3,True,True,False,56,False,won
TXN101622,MERCH_RETAIL_01,2025-06-04T06:00:00+00:00,unrecognized_transaction,653.65,False,False,True,True,False,7,False,False,False,26,True,lost
TXN101623,MERCH_RETAIL_01,2025-03-11T20:00:00+00:00,item_not_received,1581.01,True,True,True,False,False,6,True,False,False,111,False,lost
TXN101624,MERCH_RETAIL_01,2025-01-12T14:00:00+00:00,item_not_received,2418.69,True,True,False,True,False,2,False,False,False,169,False,lost
TXN101625,MERCH_RETAIL_01,2025-06-02T22:00:00+00:00,unrecognized_transaction,7045.94,True,False,True,True,True,3,False,False,False,28,False,won
TXN101626,MERCH_SAAS_02,2025-06-15T03:00:00+00:00,item_not_received,752.82,False,False,False,True,True,3,False,False,False,15,False,won
TXN101627,MERCH_RETAIL_01,2025-02-22T20:00:00+00:00,item_not_received,1152.6,True,False,False,True,False,4,False,False,False,128,False,lost
TXN101628,MERCH_ECOM_03,2025-01-19T21:00:00+00:00,item_not_as_described,1790.67,True,True,False,True,False,5,False,False,False,162,False,won
TXN101629,MERCH_DIGITAL_04,2025-02-22T09:00:00+00:00,subscription_cancelled,4035.67,False,False,False,False,True,3,True,False,True,128,False,won
TXN101630,MERCH_RETAIL_01,2025-04-16T15:00:00+00:00,unrecognized_transaction,2291.91,True,False,False,True,False,8,False,False,False,75,False,lost
TXN101631,MERCH_RETAIL_01,2025-05-15T07:00:00+00:00,unrecognized_transaction,881.01,False,False,False,False,True,3,False,False,False,46,False,lost
TXN101632,MERCH_RETAIL_01,2025-06-02T16:00:00+00:00,unrecognized_transaction,4291.75,False,False,False,True,True,5,True,False,False,28,False,won
TXN101633,MERCH_ECOM_03,2025-06-12T12:00:00+00:00,item_not_received,6139.54,True,True,False,True,False,2,False,False,False,18,False,won
TXN101634,MERCH_ECOM_03,2025-02-23T05:00:00+00:00,duplicate_charge,2074.66,True,True,False,False,False,3,False,True,False,127,False,won
TXN101635,MERCH_ECOM_03,2025-04-18T16:00:00+00:00,item_not_received,3003.98,True,False,False,True,True,3,False,False,False,73,False,won
TXN101636,MERCH_SAAS_02,2025-06-04T00:00:00+00:00,item_not_received,1414.04,False,True,True,True,True,7,True,False,False,26,True,won
TXN101637,MERCH_ECOM_03,2025-05-18T19:00:00+00:00,item_not_as_described,2078.5,False,False,False,True,True,4,True,False,False,43,False,lost
TXN101638,MERCH_RETAIL_01,2025-05-12T00:00:00+00:00,duplicate_charge,2641.07,True,True,False,False,True,4,True,False,False,49,False,won
TXN101639,MERCH_DIGITAL_04,2025-02-11T03:00:00+00:00,item_not_received,6601.76,False,False,False,False,True,6,False,False,False,139,False,won
TXN101640,MERCH_RETAIL_01,2025-04-27T08:00:00+00:00,subscription_cancelled,2696.31,False,False,False,False,False,5,False,False,True,64,False,won
TXN101641,MERCH_ECOM_03,2025-06-07T21:00:00+00:00,item_not_received,4213.57,True,True,True,True,True,0,True,False,False,23,False,won
TXN101642,MERCH_ECOM_03,2025-01-18T07:00:00+00:00,item_not_received,5681.29,False,False,False,False,True,2,False,False,False,163,False,lost
TXN101643,MERCH_DIGITAL_04,2025-06-25T03:00:00+00:00,item_not_received,1865.85,True,True,True,True,True,1,False,False,False,5,False,won
TXN101644,MERCH_SAAS_02,2025-05-19T13:00:00+00:00,item_not_received,695.11,False,True,True,True,False,4,False,False,False,42,True,won
TXN101645,MERCH_RETAIL_01,2025-04-06T17:00:00+00:00,unrecognized_transaction,270.0,False,False,False,False,True,4,True,False,False,85,False,won
TXN101646,MERCH_SAAS_02,2025-05-05T21:00:00+00:00,duplicate_charge,1262.63,True,True,True,True,True,5,False,True,False,56,False,won
TXN101647,MERCH_SAAS_02,2025-05-08T06:00:00+00:00,item_not_received,2148.75,True,False,False,False,True,2,False,False,False,53,False,lost
TXN101648,MERCH_RETAIL_01,2025-05-17T08:00:00+00:00,item_not_as_described,1430.76,True,False,False,False,True,5,True,False,False,44,False,won
TXN101649,MERCH_RETAIL_01,2025-01-29T04:00:00+00:00,item_not_received,1899.25,True,True,True,False,True,5,False,False,False,152,False,won
TXN101650,MERCH_RETAIL_01,2025-02-02T07:00:00+00:00,unrecognized_transaction,2129.28,False,False,False,True,True,1,False,False,False,148,False,lost
TXN101651,MERCH_ECOM_03,2025-06-28T12:00:00+00:00,unrecognized_transaction,3029.51,True,True,False,False,False,3,False,False,False,2,False,won
TXN101652,MERCH_RETAIL_01,2025-01-30T16:00:00+00:00,duplicate_charge,890.03,False,False,False,False,True,3,False,True,False,151,False,won
TXN101653,MERCH_RETAIL_01,2025-04-25T15:00:00+00:00,item_not_received,2050.91,True,True,False,True,True,1,False,False,False,66,False,won
TXN101654,MERCH_RETAIL_01,2025-05-27T03:00:00+00:00,item_not_received,1612.07,True,False,False,True,True,2,False,False,False,34,False,won
TXN101655,MERCH_RETAIL_01,2025-03-27T14:00:00+00:00,item_not_received,2794.38,False,False,True,True,True,1,True,False,False,95,True,won
TXN101656,MERCH_ECOM_03,2025-05-06T16:00:00+00:00,item_not_received,1002.16,True,True,False,True,True,6,False,False,False,55,False,won
TXN101657,MERCH_RETAIL_01,2025-06-27T17:00:00+00:00,item_not_received,3260.2,True,True,True,True,True,2,True,False,False,3,False,won
TXN101658,MERCH_RETAIL_01,2025-02-10T09:00:00+00:00,unrecognized_transaction,1855.79,True,True,False,True,True,4,False,False,False,140,False,won
TXN101659,MERCH_DIGITAL_04,2025-05-03T06:00:00+00:00,unrecognized_transaction,2242.05,True,True,False,True,True,5,False,False,False,58,False,won
TXN101660,MERCH_SAAS_02,2025-05-29T08:00:00+00:00,item_not_received,1195.68,False,False,False,False,True,5,False,False,False,32,False,lost
TXN101661,MERCH_RETAIL_01,2025-03-20T19:00:00+00:00,duplicate_charge,1746.52,False,False,False,True,False,3,False,True,False,102,False,won
TXN101662,MERCH_RETAIL_01,2025-02-24T03:00:00+00:00,item_not_received,1842.73,True,True,True,False,False,2,True,False,False,126,False,lost
TXN101663,MERCH_ECOM_03,2025-05-13T08:00:00+00:00,unrecognized_transaction,2888.46,True,True,True,False,False,2,True,False,False,48,False,lost
TXN101664,MERCH_SAAS_02,2025-04-20T14:00:00+00:00,duplicate_charge,1457.76,False,False,False,True,True,5,True,True,False,71,False,won
TXN101665,MERCH_RETAIL_01,2025-01-22T22:00:00+00:00,item_not_received,5583.63,False,False,False,True,False,6,False,False,False,159,False,lost
TXN101666,MERCH_RETAIL_01,2025-03-14T17:00:00+00:00,item_not_received,374.91,True,True,False,False,True,4,False,False,False,108,False,won
TXN101667,MERCH_SAAS_02,2025-02-24T14:00:00+00:00,item_not_received,7650.62,False,False,False,True,True,2,True,False,False,126,False,lost
TXN101668,MERCH_RETAIL_01,2025-01-26T14:00:00+00:00,item_not_received,637.31,True,True,True,False,True,4,False,False,False,155,False,won
TXN101669,MERCH_RETAIL_01,2025-05-20T16:00:00+00:00,unrecognized_transaction,931.55,True,True,False,True,True,2,False,False,False,41,False,lost
TXN101670,MERCH_RETAIL_01,2025-03-02T03:00:00+00:00,duplicate_charge,2136.93,True,False,False,False,False,3,True,True,False,120,False,won
TXN101671,MERCH_SAAS_02,2025-03-25T14:00:00+00:00,item_not_received,1649.59,True,True,False,False,True,7,True,False,False,97,False,won
TXN101672,MERCH_RETAIL_01,2025-05-14T21:00:00+00:00,item_not_received,3079.44,True,True,True,True,True,2,False,False,False,47,False,won
TXN101673,MERCH_RETAIL_01,2025-05-24T09:00:00+00:00,item_not_received,1090.17,False,False,False,False,True,3,False,False,False,37,False,lost
TXN101674,MERCH_RETAIL_01,2025-02-23T14:00:00+00:00,item_not_received,2276.58,True,False,True,True,True,5,False,False,False,127,False,won
TXN101675,MERCH_RETAIL_01,2025-06-16T07:00:00+00:00,item_not_received,1315.79,True,True,True,True,False,2,False,False,False,14,False,won
TXN101676,MERCH_RETAIL_01,2025-01-25T22:00:00+00:00,unrecognized_transaction,851.83,False,False,False,False,True,2,False,False,False,156,False,lost
TXN101677,MERCH_RETAIL_01,2025-01-08T16:00:00+00:00,duplicate_charge,2362.35,True,False,True,True,False,3,False,True,False,173,False,lost
TXN101678,MERCH_RETAIL_01,2025-05-24T05:00:00+00:00,unrecognized_transaction,3448.32,True,True,True,False,False,4,True,False,False,37,False,lost
TXN101679,MERCH_RETAIL_01,2025-05-01T13:00:00+00:00,item_not_received,1126.12,True,False,False,True,True,4,False,False,False,60,False,won
TXN101680,MERCH_RETAIL_01,2025-06-10T20:00:00+00:00,item_not_as_described,1621.87,False,False,False,False,True,2,False,False,False,20,False,won
TXN101681,MERCH_SAAS_02,2025-02-22T13:00:00+00:00,item_not_received,2044.21,True,True,True,False,False,5,False,False,False,128,False,won
TXN101682,MERCH_RETAIL_01,2025-02-18T00:00:00+00:00,item_not_as_described,2304.47,True,False,False,True,True,4,False,False,False,132,False,lost
TXN101683,MERCH_SAAS_02,2025-01-27T00:00:00+00:00,unrecognized_transaction,3856.81,True,True,True,True,False,5,True,False,False,154,False,lost
TXN101684,MERCH_RETAIL_01,2025-04-07T01:00:00+00:00,unrecognized_transaction,2660.59,True,True,False,True,True,2,True,False,False,84,False,won
TXN101685,MERCH_DIGITAL_04,2025-02-20T03:00:00+00:00,item_not_as_described,2249.49,True,True,True,True,False,1,True,False,False,130,False,won
TXN101686,MERCH_RETAIL_01,2025-02-21T09:00:00+00:00,item_not_received,1074.84,False,False,False,True,False,1,False,False,False,129,False,lost
TXN101687,MERCH_RETAIL_01,2025-02-13T18:00:00+00:00,subscription_cancelled,1932.78,True,True,True,False,True,5,False,False,False,137,False,lost
TXN101688,MERCH_ECOM_03,2025-04-25T12:00:00+00:00,unrecognized_transaction,1101.11,True,True,False,False,True,7,False,False,False,66,False,lost
TXN101689,MERCH_DIGITAL_04,2025-01-17T06:00:00+00:00,unrecognized_transaction,1501.75,False,False,False,True,True,1,False,False,False,164,False,won
TXN101690,MERCH_ECOM_03,2025-05-20T19:00:00+00:00,subscription_cancelled,661.14,True,True,True,True,False,6,True,False,True,41,False,won
TXN101691,MERCH_ECOM_03,2025-02-12T05:00:00+00:00,unrecognized_transaction,6441.59,False,False,False,True,True,5,False,False,False,138,False,lost
TXN101692,MERCH_ECOM_03,2025-01-25T04:00:00+00:00,subscription_cancelled,1861.81,True,True,True,False,False,5,False,False,True,156,False,won
TXN101693,MERCH_SAAS_02,2025-01-23T12:00:00+00:00,unrecognized_transaction,4524.35,False,False,False,False,False,4,True,False,False,158,False,lost
TXN101694,MERCH_RETAIL_01,2025-03-21T03:00:00+00:00,unrecognized_transaction,1436.17,True,True,True,True,True,2,False,False,False,101,False,won
TXN101695,MERCH_SAAS_02,2025-06-09T13:00:00+00:00,unrecognized_transaction,2018.63,False,False,False,True,False,2,True,False,False,21,False,lost
TXN101696,MERCH_ECOM_03,2025-03-03T07:00:00+00:00,subscription_cancelled,7677.4,True,True,True,True,False,3,False,False,False,119,False,won
TXN101697,MERCH_ECOM_03,2025-02-02T12:00:00+00:00,unrecognized_transaction,697.32,True,True,False,True,True,7,False,False,False,148,False,won
TXN101698,MERCH_RETAIL_01,2025-05-29T03:00:00+00:00,item_not_received,2421.26,True,True,True,True,True,3,False,False,False,32,False,won
TXN101699,MERCH_DIGITAL_04,2025-06-08T17:00:00+00:00,subscription_cancelled,2850.61,False,False,False,True,True,5,False,False,False,22,False,lost
TXN101700,MERCH_RETAIL_01,2025-06-21T11:00:00+00:00,item_not_received,760.88,True,True,False,True,True,6,False,False,False,9,False,won
TXN101701,MERCH_RETAIL_01,2025-01-04T18:00:00+00:00,subscription_cancelled,1997.64,False,False,False,False,True,3,False,False,True,177,False,lost
TXN101702,MERCH_ECOM_03,2025-03-09T21:00:00+00:00,duplicate_charge,4747.05,False,False,False,True,True,2,False,True,False,113,False,won
TXN101703,MERCH_DIGITAL_04,2025-05-11T15:00:00+00:00,item_not_as_described,2020.08,True,True,False,True,True,5,False,False,False,50,False,lost
TXN101704,MERCH_SAAS_02,2025-04-04T20:00:00+00:00,item_not_as_described,3904.68,True,True,False,False,True,2,False,False,False,87,False,lost
TXN101705,MERCH_RETAIL_01,2025-04-05T04:00:00+00:00,item_not_as_described,2463.15,True,True,False,True,True,4,True,False,False,86,False,won
TXN101706,MERCH_ECOM_03,2025-03-01T16:00:00+00:00,unrecognized_transaction,2762.16,False,False,False,True,False,5,True,False,False,121,False,lost
TXN101707,MERCH_ECOM_03,2025-04-23T19:00:00+00:00,subscription_cancelled,1467.42,True,True,True,True,True,1,True,False,True,68,False,won
TXN101708,MERCH_RETAIL_01,2025-05-27T18:00:00+00:00,item_not_received,1501.52,True,True,False,True,False,2,True,False,False,34,False,won
TXN101709,MERCH_DIGITAL_04,2025-01-28T11:00:00+00:00,item_not_received,3561.07,False,False,False,True,True,3,False,False,False,153,False,lost
TXN101710,MERCH_SAAS_02,2025-02-16T11:00:00+00:00,item_not_received,1571.44,True,True,False,True,True,1,True,False,False,134,False,won
TXN101711,MERCH_RETAIL_01,2025-03-02T22:00:00+00:00,duplicate_charge,269.24,True,True,False,True,False,5,False,True,False,120,False,won
TXN101712,MERCH_SAAS_02,2025-04-23T23:00:00+00:00,item_not_received,3072.29,False,False,False,True,True,2,False,False,False,68,False,lost
TXN101713,MERCH_RETAIL_01,2025-04-17T12:00:00+00:00,unrecognized_transaction,3544.87,False,False,False,True,False,3,False,False,False,74,False,won
TXN101714,MERCH_SAAS_02,2025-04-25T10:00:00+00:00,item_not_received,2664.16,False,False,False,True,True,3,True,False,False,66,False,lost
TXN101715,MERCH_ECOM_03,2025-02-02T00:00:00+00:00,unrecognized_transaction,1368.88,True,False,True,False,False,3,False,False,False,148,False,lost
TXN101716,MERCH_RETAIL_01,2025-01-06T20:00:00+00:00,duplicate_charge,783.97,True,True,False,True,False,5,True,True,False,175,False,won
TXN101717,MERCH_DIGITAL_04,2025-02-24T21:00:00+00:00,unrecognized_transaction,1370.35,False,False,False,False,True,2,True,False,False,126,False,won
TXN101718,MERCH_RETAIL_01,2025-06-24T12:00:00+00:00,item_not_received,3567.85,False,False,False,True,True,6,False,False,False,6,False,lost
TXN101719,MERCH_RETAIL_01,2025-06-08T14:00:00+00:00,subscription_cancelled,4882.96,True,True,True,False,True,2,False,False,False,22,False,lost
TXN101720,MERCH_RETAIL_01,2025-01-25T22:00:00+00:00,item_not_received,2294.76,True,True,True,False,True,5,True,False,False,156,False,won
TXN101721,MERCH_SAAS_02,2025-02-07T22:00:00+00:00,item_not_as_described,2668.79,True,False,False,False,True,1,False,False,False,143,False,lost
TXN101722,MERCH_SAAS_02,2025-03-13T02:00:00+00:00,item_not_received,3835.48,False,False,False,True,True,7,True,False,False,109,False,lost
TXN101723,MERCH_ECOM_03,2025-04-02T13:00:00+00:00,item_not_as_described,2465.06,False,False,False,True,True,5,True,False,False,89,False,lost
TXN101724,MERCH_RETAIL_01,2025-02-10T09:00:00+00:00,subscription_cancelled,1317.6,False,False,False,False,False,4,False,False,False,140,False,won
TXN101725,MERCH_RETAIL_01,2025-02-28T17:00:00+00:00,unrecognized_transaction,2171.01,False,False,False,True,True,4,False,False,False,122,False,lost
TXN101726,MERCH_ECOM_03,2025-05-12T16:00:00+00:00,unrecognized_transaction,1027.01,True,True,False,True,True,3,False,False,False,49,False,lost
TXN101727,MERCH_SAAS_02,2025-04-02T20:00:00+00:00,duplicate_charge,1948.08,False,False,False,True,True,6,True,True,False,89,False,won
TXN101728,MERCH_RETAIL_01,2025-04-02T00:00:00+00:00,unrecognized_transaction,603.06,True,True,True,True,True,2,False,False,False,89,False,lost
TXN101729,MERCH_RETAIL_01,2025-01-24T09:00:00+00:00,item_not_as_described,1965.48,True,True,False,False,False,2,False,False,False,157,False,lost
TXN101730,MERCH_RETAIL_01,2025-06-28T07:00:00+00:00,subscription_cancelled,1136.04,True,True,True,True,True,4,False,False,False,2,False,lost
TXN101731,MERCH_RETAIL_01,2025-04-23T21:00:00+00:00,unrecognized_transaction,699.27,False,False,False,True,True,2,False,False,False,68,False,lost
TXN101732,MERCH_ECOM_03,2025-04-29T01:00:00+00:00,item_not_received,6600.19,True,True,False,True,True,1,False,False,False,62,False,won
TXN101733,MERCH_RETAIL_01,2025-05-06T19:00:00+00:00,item_not_as_described,1296.8,False,False,False,True,True,2,True,False,False,55,False,won
TXN101734,MERCH_ECOM_03,2025-02-22T12:00:00+00:00,duplicate_charge,813.57,True,True,False,False,True,5,True,True,False,128,False,won
TXN101735,MERCH_RETAIL_01,2025-06-10T08:00:00+00:00,item_not_as_described,2443.65,False,False,False,False,True,4,False,False,False,20,False,won
TXN101736,MERCH_ECOM_03,2025-04-17T07:00:00+00:00,item_not_received,3259.54,True,True,True,True,True,5,False,False,False,74,False,won
TXN101737,MERCH_SAAS_02,2025-01-23T05:00:00+00:00,item_not_as_described,2111.71,True,True,True,True,True,5,False,False,False,158,False,lost
TXN101738,MERCH_RETAIL_01,2025-06-14T03:00:00+00:00,unrecognized_transaction,4986.03,False,False,True,True,True,5,False,False,False,16,True,won
TXN101739,MERCH_DIGITAL_04,2025-02-12T13:00:00+00:00,subscription_cancelled,4039.81,False,False,False,True,True,1,False,False,False,138,False,lost
TXN101740,MERCH_ECOM_03,2025-04-10T14:00:00+00:00,item_not_received,656.53,True,False,True,True,False,4,True,False,False,81,False,won
TXN101741,MERCH_SAAS_02,2025-05-30T18:00:00+00:00,duplicate_charge,1890.07,True,False,True,True,True,5,True,True,False,31,False,won
TXN101742,MERCH_RETAIL_01,2025-01-25T12:00:00+00:00,subscription_cancelled,6258.62,True,False,False,False,False,4,True,False,False,156,False,lost
TXN101743,MERCH_DIGITAL_04,2025-06-22T06:00:00+00:00,duplicate_charge,1772.82,True,True,False,False,False,4,False,True,False,8,False,won
TXN101744,MERCH_ECOM_03,2025-03-27T00:00:00+00:00,subscription_cancelled,1177.33,False,False,False,True,True,2,False,False,False,95,False,won
TXN101745,MERCH_SAAS_02,2025-01-13T10:00:00+00:00,item_not_as_described,3827.78,True,True,False,True,True,3,False,False,False,168,False,lost
TXN101746,MERCH_RETAIL_01,2025-04-21T19:00:00+00:00,item_not_as_described,2799.11,True,True,False,True,False,11,False,False,False,70,False,lost
TXN101747,MERCH_DIGITAL_04,2025-05-30T12:00:00+00:00,item_not_as_described,2199.41,True,False,True,True,True,6,True,False,False,31,False,won
TXN101748,MERCH_RETAIL_01,2025-01-26T22:00:00+00:00,subscription_cancelled,991.01,False,False,True,True,True,2,False,False,False,155,True,lost
TXN101749,MERCH_ECOM_03,2025-05-13T08:00:00+00:00,unrecognized_transaction,4342.13,True,True,False,False,True,3,True,False,False,48,False,lost
TXN101750,MERCH_SAAS_02,2025-05-18T08:00:00+00:00,duplicate_charge,1856.41,True,True,True,True,True,0,False,False,False,43,False,lost
TXN101751,MERCH_RETAIL_01,2025-01-30T06:00:00+00:00,item_not_received,1005.47,False,False,False,True,True,6,True,False,False,151,False,lost
TXN101752,MERCH_ECOM_03,2025-04-23T10:00:00+00:00,item_not_as_described,1596.67,True,True,False,False,True,5,False,False,False,68,False,lost
TXN101753,MERCH_DIGITAL_04,2025-05-09T14:00:00+00:00,item_not_received,1614.4,True,True,True,True,True,3,True,False,False,52,False,won
TXN101754,MERCH_RETAIL_01,2025-04-18T09:00:00+00:00,unrecognized_transaction,4380.71,True,True,False,False,True,4,True,False,False,73,False,won
TXN101755,MERCH_RETAIL_01,2025-05-29T16:00:00+00:00,item_not_received,1173.29,True,False,True,False,True,7,True,False,False,32,False,won
TXN101756,MERCH_RETAIL_01,2025-06-04T16:00:00+00:00,item_not_received,1981.97,True,True,False,True,True,4,False,False,False,26,False,won
TXN101757,MERCH_ECOM_03,2025-01-21T23:00:00+00:00,unrecognized_transaction,6633.67,True,False,True,True,True,0,True,False,False,160,False,won
TXN101758,MERCH_ECOM_03,2025-02-14T04:00:00+00:00,item_not_as_described,2832.13,True,True,False,True,True,3,False,False,False,136,False,lost
TXN101759,MERCH_ECOM_03,2025-04-26T21:00:00+00:00,duplicate_charge,1699.44,True,True,False,True,True,5,False,True,False,65,False,lost
TXN101760,MERCH_ECOM_03,2025-06-17T10:00:00+00:00,item_not_received,3532.89,True,True,True,True,True,7,True,False,False,13,False,won
TXN101761,MERCH_SAAS_02,2025-05-14T14:00:00+00:00,item_not_as_described,1870.82,True,True,False,True,True,6,False,False,False,47,False,won
TXN101762,MERCH_RETAIL_01,2025-05-20T00:00:00+00:00,item_not_received,4682.33,False,False,False,True,True,8,False,False,False,41,False,lost
TXN101763,MERCH_RETAIL_01,2025-02-19T07:00:00+00:00,unrecognized_transaction,2822.94,True,True,True,True,False,5,False,False,False,131,False,lost
TXN101764,MERCH_ECOM_03,2025-06-07T17:00:00+00:00,item_not_received,1707.32,False,False,False,False,False,3,True,False,False,23,False,lost
TXN101765,MERCH_ECOM_03,2025-02-07T12:00:00+00:00,item_not_received,2568.66,True,True,False,False,True,5,True,False,False,143,False,won
TXN101766,MERCH_ECOM_03,2025-05-03T20:00:00+00:00,unrecognized_transaction,1426.28,True,True,False,False,True,1,False,False,False,58,False,lost
TXN101767,MERCH_RETAIL_01,2025-04-18T06:00:00+00:00,item_not_received,2893.45,True,True,True,False,False,2,False,False,False,73,False,won
TXN101768,MERCH_ECOM_03,2025-06-25T06:00:00+00:00,item_not_received,1079.81,True,True,True,False,True,4,False,False,False,5,False,won
TXN101769,MERCH_DIGITAL_04,2025-02-05T18:00:00+00:00,unrecognized_transaction,976.54,True,True,False,False,True,2,False,False,False,145,False,lost
TXN101770,MERCH_RETAIL_01,2025-06-09T15:00:00+00:00,duplicate_charge,356.12,False,False,False,False,True,6,False,True,False,21,False,won
TXN101771,MERCH_RETAIL_01,2025-05-07T04:00:00+00:00,item_not_received,3892.19,True,True,True,True,True,6,False,False,False,54,False,won
TXN101772,MERCH_SAAS_02,2025-03-16T02:00:00+00:00,item_not_received,460.97,True,True,False,False,True,6,False,False,False,106,False,lost
TXN101773,MERCH_ECOM_03,2025-05-03T10:00:00+00:00,item_not_received,4831.5,False,False,True,True,True,4,False,False,False,58,True,won
TXN101774,MERCH_SAAS_02,2025-02-06T02:00:00+00:00,duplicate_charge,2551.78,False,False,False,True,False,6,False,True,False,144,False,lost
TXN101775,MERCH_ECOM_03,2025-03-14T10:00:00+00:00,subscription_cancelled,862.56,False,False,False,True,True,2,True,False,True,108,False,won
TXN101776,MERCH_SAAS_02,2025-04-18T23:00:00+00:00,item_not_as_described,3824.79,False,False,False,True,False,5,True,False,False,73,False,lost
TXN101777,MERCH_RETAIL_01,2025-05-29T07:00:00+00:00,item_not_as_described,4267.58,True,True,False,True,True,5,True,False,False,32,False,won
TXN101778,MERCH_SAAS_02,2025-02-11T08:00:00+00:00,duplicate_charge,2669.17,False,False,False,True,False,2,False,True,False,139,False,won
TXN101779,MERCH_ECOM_03,2025-04-07T05:00:00+00:00,item_not_as_described,2442.79,False,False,False,True,False,4,True,False,False,84,False,lost
TXN101780,MERCH_RETAIL_01,2025-03-05T06:00:00+00:00,subscription_cancelled,1996.59,True,True,False,False,True,1,True,False,True,117,False,won
TXN101781,MERCH_RETAIL_01,2025-05-01T05:00:00+00:00,item_not_received,386.96,True,False,False,True,True,2,True,False,False,60,False,won
TXN101782,MERCH_RETAIL_01,2025-01-08T10:00:00+00:00,item_not_received,927.4,True,True,True,False,False,2,True,False,False,173,False,lost
TXN101783,MERCH_SAAS_02,2025-01-25T03:00:00+00:00,item_not_received,1832.76,True,False,True,False,False,3,True,False,False,156,False,won
TXN101784,MERCH_RETAIL_01,2025-03-20T05:00:00+00:00,item_not_received,3306.94,True,True,True,True,False,6,True,False,False,102,False,won
TXN101785,MERCH_RETAIL_01,2025-03-07T20:00:00+00:00,item_not_received,6257.15,True,True,False,False,True,3,False,False,False,115,False,won
TXN101786,MERCH_SAAS_02,2025-06-24T02:00:00+00:00,item_not_received,1262.06,False,False,True,True,True,3,True,False,False,6,True,won
TXN101787,MERCH_ECOM_03,2025-06-05T15:00:00+00:00,item_not_received,3151.19,False,False,False,True,True,4,True,False,False,25,False,lost
TXN101788,MERCH_RETAIL_01,2025-03-04T11:00:00+00:00,unrecognized_transaction,1713.0,False,False,False,True,True,5,True,False,False,118,False,won
TXN101789,MERCH_RETAIL_01,2025-03-19T17:00:00+00:00,item_not_received,3825.7,False,False,False,False,True,5,False,False,False,103,False,lost
TXN101790,MERCH_ECOM_03,2025-03-03T18:00:00+00:00,subscription_cancelled,5083.78,False,False,False,False,True,9,True,False,False,119,False,lost
TXN101791,MERCH_DIGITAL_04,2025-04-20T05:00:00+00:00,item_not_received,850.29,False,False,False,False,False,1,False,False,False,71,False,lost
TXN101792,MERCH_RETAIL_01,2025-04-13T03:00:00+00:00,duplicate_charge,498.35,False,False,False,True,True,4,True,True,False,78,False,won
TXN101793,MERCH_RETAIL_01,2025-02-13T14:00:00+00:00,subscription_cancelled,810.48,True,True,False,True,True,2,False,False,False,137,False,lost
TXN101794,MERCH_SAAS_02,2025-06-11T20:00:00+00:00,duplicate_charge,347.05,False,False,False,False,True,2,False,True,False,19,False,won
TXN101795,MERCH_ECOM_03,2025-02-08T01:00:00+00:00,item_not_received,3649.97,True,True,False,True,False,5,False,False,False,142,False,won
TXN101796,MERCH_SAAS_02,2025-02-02T11:00:00+00:00,unrecognized_transaction,1321.26,False,False,False,True,True,6,True,False,False,148,False,won
TXN101797,MERCH_RETAIL_01,2025-06-25T23:00:00+00:00,item_not_received,3585.42,False,False,False,True,True,3,False,False,False,5,False,lost
TXN101798,MERCH_SAAS_02,2025-01-01T02:00:00+00:00,item_not_as_described,1767.88,True,False,False,True,False,3,False,False,False,180,False,lost
TXN101799,MERCH_RETAIL_01,2025-03-27T23:00:00+00:00,item_not_received,558.97,False,False,False,False,True,2,False,False,False,95,False,lost
TXN101800,MERCH_RETAIL_01,2025-06-26T07:00:00+00:00,duplicate_charge,2024.3,True,False,False,True,False,6,True,True,False,4,False,won
TXN101801,MERCH_SAAS_02,2025-02-04T04:00:00+00:00,subscription_cancelled,624.9,True,True,False,True,True,2,True,False,True,146,False,lost
TXN101802,MERCH_DIGITAL_04,2025-06-08T17:00:00+00:00,item_not_as_described,4736.14,False,False,False,True,True,7,False,False,False,22,False,lost
TXN101803,MERCH_DIGITAL_04,2025-02-13T06:00:00+00:00,unrecognized_transaction,318.02,False,False,False,True,True,2,True,False,False,137,False,lost
TXN101804,MERCH_SAAS_02,2025-01-15T19:00:00+00:00,duplicate_charge,5038.92,False,False,False,True,True,3,True,True,False,166,False,won
TXN101805,MERCH_DIGITAL_04,2025-01-24T19:00:00+00:00,unrecognized_transaction,4153.9,True,True,True,False,True,4,False,False,False,157,False,lost
TXN101806,MERCH_RETAIL_01,2025-03-24T13:00:00+00:00,unrecognized_transaction,6803.94,True,True,False,True,True,5,False,False,False,98,False,won
TXN101807,MERCH_RETAIL_01,2025-02-06T09:00:00+00:00,unrecognized_transaction,801.05,False,False,False,True,True,4,False,False,False,144,False,lost
TXN101808,MERCH_SAAS_02,2025-06-02T18:00:00+00:00,unrecognized_transaction,1606.76,False,False,False,True,True,5,False,False,False,28,False,won
TXN101809,MERCH_RETAIL_01,2025-06-04T08:00:00+00:00,item_not_as_described,783.77,True,True,False,True,False,5,False,False,False,26,False,lost
TXN101810,MERCH_RETAIL_01,2025-04-11T20:00:00+00:00,subscription_cancelled,1026.56,False,False,False,True,True,2,False,False,False,80,False,lost
TXN101811,MERCH_DIGITAL_04,2025-01-19T06:00:00+00:00,item_not_received,3125.09,True,False,True,False,True,0,False,False,False,162,False,lost
TXN101812,MERCH_DIGITAL_04,2025-03-03T15:00:00+00:00,unrecognized_transaction,1209.41,False,False,False,True,True,2,True,False,False,119,False,lost
TXN101813,MERCH_RETAIL_01,2025-06-19T09:00:00+00:00,item_not_as_described,1813.58,False,False,False,False,True,5,False,False,False,11,False,lost
TXN101814,MERCH_SAAS_02,2025-03-08T07:00:00+00:00,item_not_received,2269.18,False,False,False,True,False,1,True,False,False,114,False,lost
TXN101815,MERCH_RETAIL_01,2025-03-13T15:00:00+00:00,duplicate_charge,2731.78,True,True,True,True,True,2,False,True,False,109,False,lost
TXN101816,MERCH_RETAIL_01,2025-02-02T17:00:00+00:00,item_not_received,1649.88,True,True,True,False,True,4,False,False,False,148,False,won
TXN101817,MERCH_RETAIL_01,2025-03-22T06:00:00+00:00,unrecognized_transaction,2035.13,True,True,True,False,True,3,True,False,False,100,False,won
TXN101818,MERCH_ECOM_03,2025-04-26T14:00:00+00:00,unrecognized_transaction,2024.54,True,True,True,True,True,1,False,False,False,65,False,lost
TXN101819,MERCH_RETAIL_01,2025-01-15T10:00:00+00:00,unrecognized_transaction,2782.43,True,True,True,False,False,5,False,False,False,166,False,lost
TXN101820,MERCH_ECOM_03,2025-01-13T15:00:00+00:00,item_not_as_described,4074.17,True,True,False,False,True,3,False,False,False,168,False,lost
TXN101821,MERCH_RETAIL_01,2025-03-17T08:00:00+00:00,unrecognized_transaction,1463.58,True,True,True,True,True,3,True,False,False,105,False,won
TXN101822,MERCH_ECOM_03,2025-06-02T20:00:00+00:00,item_not_as_described,844.91,True,True,False,False,True,3,False,False,False,28,False,lost
TXN101823,MERCH_RETAIL_01,2025-03-17T21:00:00+00:00,item_not_received,3372.77,False,False,False,False,True,3,False,False,False,105,False,lost
TXN101824,MERCH_SAAS_02,2025-05-26T10:00:00+00:00,item_not_received,1649.14,True,False,True,False,True,1,False,False,False,35,False,lost
TXN101825,MERCH_DIGITAL_04,2025-05-10T08:00:00+00:00,unrecognized_transaction,3451.75,True,True,False,False,True,4,True,False,False,51,False,won
TXN101826,MERCH_RETAIL_01,2025-03-13T17:00:00+00:00,item_not_received,6988.46,True,False,False,True,False,3,False,False,False,109,False,lost
TXN101827,MERCH_ECOM_03,2025-03-28T07:00:00+00:00,unrecognized_transaction,1418.25,True,False,False,False,True,3,True,False,False,94,False,lost
TXN101828,MERCH_RETAIL_01,2025-04-26T08:00:00+00:00,item_not_received,3253.57,True,True,True,False,True,9,True,False,False,65,False,won
TXN101829,MERCH_DIGITAL_04,2025-05-01T06:00:00+00:00,duplicate_charge,2581.34,False,False,False,False,True,3,False,True,False,60,False,won
TXN101830,MERCH_DIGITAL_04,2025-05-05T18:00:00+00:00,duplicate_charge,4859.75,True,True,False,False,False,0,True,True,False,56,False,won
TXN101831,MERCH_DIGITAL_04,2025-01-15T10:00:00+00:00,item_not_received,2976.41,True,True,False,True,False,1,True,False,False,166,False,won
TXN101832,MERCH_ECOM_03,2025-02-01T08:00:00+00:00,duplicate_charge,6590.12,False,False,False,False,False,1,False,True,False,149,False,won
TXN101833,MERCH_RETAIL_01,2025-02-10T03:00:00+00:00,duplicate_charge,1428.97,True,True,False,True,False,3,True,True,False,140,False,won
TXN101834,MERCH_RETAIL_01,2025-04-15T23:00:00+00:00,unrecognized_transaction,2541.32,False,False,False,True,False,3,False,False,False,76,False,lost
TXN101835,MERCH_DIGITAL_04,2025-05-18T20:00:00+00:00,item_not_received,864.55,False,False,False,False,True,2,False,False,False,43,False,lost
TXN101836,MERCH_RETAIL_01,2025-04-11T06:00:00+00:00,item_not_received,4277.19,True,True,True,False,True,1,True,False,False,80,False,won
TXN101837,MERCH_SAAS_02,2025-06-02T14:00:00+00:00,item_not_as_described,2509.07,True,False,False,False,False,2,True,False,False,28,False,won
TXN101838,MERCH_RETAIL_01,2025-04-27T01:00:00+00:00,item_not_received,2494.41,True,True,True,False,True,3,False,False,False,64,False,won
TXN101839,MERCH_DIGITAL_04,2025-05-21T03:00:00+00:00,unrecognized_transaction,2352.88,False,False,False,False,True,2,False,False,False,40,False,lost
TXN101840,MERCH_ECOM_03,2025-04-02T21:00:00+00:00,item_not_received,744.25,True,True,False,True,True,9,False,False,False,89,False,won
TXN101841,MERCH_SAAS_02,2025-01-30T15:00:00+00:00,item_not_received,2057.39,False,False,False,False,True,5,False,False,False,151,False,won
TXN101842,MERCH_ECOM_03,2025-04-08T16:00:00+00:00,subscription_cancelled,2219.97,True,False,True,True,True,3,False,False,False,83,False,lost
TXN101843,MERCH_RETAIL_01,2025-03-22T11:00:00+00:00,item_not_received,2685.14,False,False,False,True,True,1,False,False,False,100,False,won
TXN101844,MERCH_ECOM_03,2025-02-20T19:00:00+00:00,item_not_received,4623.49,False,False,False,True,False,3,True,False,False,130,False,lost
TXN101845,MERCH_SAAS_02,2025-02-17T18:00:00+00:00,item_not_as_described,3308.6,True,True,False,True,False,2,True,False,False,133,False,won
TXN101846,MERCH_ECOM_03,2025-02-27T10:00:00+00:00,subscription_cancelled,3932.93,False,False,False,True,False,3,True,False,True,123,False,won
TXN101847,MERCH_ECOM_03,2025-04-29T14:00:00+00:00,unrecognized_transaction,3509.43,True,True,True,True,True,1,False,False,False,62,False,won
TXN101848,MERCH_SAAS_02,2025-04-20T04:00:00+00:00,item_not_received,886.33,True,False,False,True,True,5,False,False,False,71,False,lost
TXN101849,MERCH_SAAS_02,2025-01-02T11:00:00+00:00,item_not_as_described,2388.19,False,False,False,False,True,3,False,False,False,179,False,lost
TXN101850,MERCH_ECOM_03,2025-01-21T19:00:00+00:00,item_not_as_described,4359.53,True,True,True,True,True,3,False,False,False,160,False,lost
TXN101851,MERCH_SAAS_02,2025-01-19T21:00:00+00:00,unrecognized_transaction,1654.73,False,False,False,True,True,4,True,False,False,162,False,won
TXN101852,MERCH_RETAIL_01,2025-05-13T11:00:00+00:00,item_not_received,3786.55,True,True,False,False,True,5,False,False,False,48,False,lost
TXN101853,MERCH_RETAIL_01,2025-04-27T14:00:00+00:00,unrecognized_transaction,8241.97,False,True,True,True,False,6,True,False,False,64,True,won
TXN101854,MERCH_SAAS_02,2025-05-17T02:00:00+00:00,duplicate_charge,4535.98,False,False,False,True,True,3,True,True,False,44,False,won
TXN101855,MERCH_RETAIL_01,2025-03-22T07:00:00+00:00,item_not_received,752.26,True,True,False,False,True,3,False,False,False,100,False,lost
TXN101856,MERCH_ECOM_03,2025-03-05T21:00:00+00:00,duplicate_charge,4475.21,True,True,True,True,False,6,True,True,False,117,False,won
TXN101857,MERCH_RETAIL_01,2025-04-28T01:00:00+00:00,item_not_as_described,4929.29,False,False,False,True,True,5,False,False,False,63,False,lost
TXN101858,MERCH_RETAIL_01,2025-05-08T15:00:00+00:00,item_not_received,4029.69,False,False,False,True,False,4,False,False,False,53,False,lost
TXN101859,MERCH_RETAIL_01,2025-04-11T21:00:00+00:00,item_not_received,455.22,False,False,False,True,True,3,False,False,False,80,False,lost
TXN101860,MERCH_SAAS_02,2025-03-16T10:00:00+00:00,item_not_received,2796.09,False,False,False,False,True,1,True,False,False,106,False,lost
TXN101861,MERCH_RETAIL_01,2025-05-02T04:00:00+00:00,item_not_as_described,3382.96,True,True,False,True,True,6,True,False,False,59,False,won
TXN101862,MERCH_SAAS_02,2025-06-19T22:00:00+00:00,item_not_as_described,1246.41,False,False,False,True,True,1,False,False,False,11,False,lost
TXN101863,MERCH_RETAIL_01,2025-01-02T11:00:00+00:00,item_not_as_described,443.27,False,False,False,False,True,4,False,False,False,179,False,lost
TXN101864,MERCH_RETAIL_01,2025-06-05T14:00:00+00:00,unrecognized_transaction,2236.64,True,True,False,True,True,2,False,False,False,25,False,won
TXN101865,MERCH_RETAIL_01,2025-04-01T17:00:00+00:00,unrecognized_transaction,978.46,False,False,False,False,False,2,False,False,False,90,False,lost
TXN101866,MERCH_RETAIL_01,2025-01-26T10:00:00+00:00,item_not_received,2255.99,True,True,True,True,True,2,True,False,False,155,False,won
TXN101867,MERCH_SAAS_02,2025-03-11T03:00:00+00:00,subscription_cancelled,4859.81,False,False,False,False,True,5,True,False,True,111,False,won
TXN101868,MERCH_SAAS_02,2025-05-03T13:00:00+00:00,item_not_received,2774.88,False,False,False,True,True,1,False,False,False,58,False,lost
TXN101869,MERCH_SAAS_02,2025-06-11T21:00:00+00:00,unrecognized_transaction,1896.5,False,False,False,True,False,3,True,False,False,19,False,lost
TXN101870,MERCH_SAAS_02,2025-04-09T06:00:00+00:00,item_not_as_described,7396.35,True,False,True,True,True,2,True,False,False,82,False,lost
TXN101871,MERCH_SAAS_02,2025-05-28T15:00:00+00:00,subscription_cancelled,2834.99,True,False,True,True,True,1,True,False,False,33,False,lost
TXN101872,MERCH_ECOM_03,2025-03-07T20:00:00+00:00,item_not_received,2092.2,True,True,False,True,True,2,True,False,False,115,False,lost
TXN101873,MERCH_SAAS_02,2025-01-31T14:00:00+00:00,duplicate_charge,1320.2,True,True,True,False,False,7,True,True,False,150,False,won
TXN101874,MERCH_RETAIL_01,2025-05-24T04:00:00+00:00,item_not_received,3221.23,True,True,False,True,True,8,True,False,False,37,False,won
TXN101875,MERCH_ECOM_03,2025-04-18T01:00:00+00:00,duplicate_charge,2188.29,True,True,True,True,True,4,False,True,False,73,False,won
TXN101876,MERCH_ECOM_03,2025-06-04T08:00:00+00:00,item_not_received,1701.93,False,False,False,True,True,7,False,False,False,26,False,won
TXN101877,MERCH_ECOM_03,2025-03-26T00:00:00+00:00,unrecognized_transaction,1056.09,False,False,False,False,True,0,False,False,False,96,False,lost
TXN101878,MERCH_RETAIL_01,2025-02-04T10:00:00+00:00,duplicate_charge,4223.78,True,True,True,True,True,2,False,True,False,146,False,won
TXN101879,MERCH_RETAIL_01,2025-04-17T11:00:00+00:00,item_not_received,868.31,True,True,False,True,False,7,True,False,False,74,False,won
TXN101880,MERCH_DIGITAL_04,2025-03-18T06:00:00+00:00,duplicate_charge,613.59,True,False,True,False,True,0,False,True,False,104,False,won
TXN101881,MERCH_DIGITAL_04,2025-06-08T08:00:00+00:00,unrecognized_transaction,4449.4,False,False,False,False,True,4,False,False,False,22,False,lost
TXN101882,MERCH_RETAIL_01,2025-06-28T07:00:00+00:00,unrecognized_transaction,4340.23,False,False,False,True,False,7,False,False,False,2,False,won
TXN101883,MERCH_SAAS_02,2025-02-19T02:00:00+00:00,item_not_received,2929.29,True,True,True,False,True,8,False,False,False,131,False,lost
TXN101884,MERCH_RETAIL_01,2025-05-07T23:00:00+00:00,item_not_received,277.69,True,True,False,False,False,5,True,False,False,54,False,won
TXN101885,MERCH_DIGITAL_04,2025-02-13T07:00:00+00:00,duplicate_charge,1988.56,True,True,True,True,False,5,False,True,False,137,False,won
TXN101886,MERCH_ECOM_03,2025-01-25T19:00:00+00:00,duplicate_charge,1361.49,True,True,True,True,True,6,True,True,False,156,False,won
TXN101887,MERCH_RETAIL_01,2025-03-25T09:00:00+00:00,subscription_cancelled,1813.64,False,False,False,True,True,2,False,False,True,97,False,won
TXN101888,MERCH_RETAIL_01,2025-05-26T22:00:00+00:00,unrecognized_transaction,1251.76,True,False,False,True,True,3,False,False,False,35,False,won
TXN101889,MERCH_SAAS_02,2025-03-20T11:00:00+00:00,item_not_received,2226.88,True,True,False,False,False,4,True,False,False,102,False,lost
TXN101890,MERCH_ECOM_03,2025-06-18T07:00:00+00:00,item_not_as_described,2348.63,True,False,True,True,True,4,False,False,False,12,False,lost
TXN101891,MERCH_RETAIL_01,2025-03-12T06:00:00+00:00,item_not_received,1611.54,True,True,True,True,False,5,True,False,False,110,False,won
TXN101892,MERCH_RETAIL_01,2025-03-31T13:00:00+00:00,item_not_received,1663.15,True,True,False,True,True,6,False,False,False,91,False,lost
TXN101893,MERCH_ECOM_03,2025-03-14T17:00:00+00:00,unrecognized_transaction,7119.17,False,False,False,True,True,4,True,False,False,108,False,won
TXN101894,MERCH_RETAIL_01,2025-04-18T23:00:00+00:00,item_not_received,2691.6,False,False,False,True,True,8,False,False,False,73,False,lost
TXN101895,MERCH_RETAIL_01,2025-05-08T05:00:00+00:00,item_not_received,5596.97,False,False,False,True,True,1,False,False,False,53,False,lost
TXN101896,MERCH_RETAIL_01,2025-05-29T17:00:00+00:00,item_not_as_described,3810.96,True,True,False,True,True,2,True,False,False,32,False,lost
TXN101897,MERCH_SAAS_02,2025-05-09T06:00:00+00:00,item_not_received,1848.33,False,False,False,False,True,5,True,False,False,52,False,lost
TXN101898,MERCH_ECOM_03,2025-05-02T08:00:00+00:00,subscription_cancelled,1689.42,False,False,False,True,True,1,False,False,False,59,False,lost
TXN101899,MERCH_SAAS_02,2025-03-25T11:00:00+00:00,unrecognized_transaction,1601.12,True,True,True,True,False,2,True,False,False,97,False,lost
TXN101900,MERCH_RETAIL_01,2025-05-10T07:00:00+00:00,unrecognized_transaction,4927.12,True,True,False,True,True,2,True,False,False,51,False,won
TXN101901,MERCH_SAAS_02,2025-01-25T14:00:00+00:00,item_not_as_described,1696.39,True,True,True,True,False,5,True,False,False,156,False,won
TXN101902,MERCH_RETAIL_01,2025-05-05T03:00:00+00:00,duplicate_charge,3426.75,True,True,True,True,True,3,True,False,False,56,False,lost
TXN101903,MERCH_SAAS_02,2025-04-02T01:00:00+00:00,unrecognized_transaction,4105.93,True,True,True,True,False,6,False,False,False,89,False,lost
TXN101904,MERCH_ECOM_03,2025-03-11T13:00:00+00:00,item_not_as_described,1284.03,False,False,False,True,True,5,True,False,False,111,False,won
TXN101905,MERCH_SAAS_02,2025-02-08T17:00:00+00:00,item_not_received,4304.94,True,True,True,False,True,4,False,False,False,142,False,won
TXN101906,MERCH_RETAIL_01,2025-03-26T01:00:00+00:00,item_not_received,541.84,True,True,True,True,False,4,False,False,False,96,False,won
TXN101907,MERCH_RETAIL_01,2025-05-29T15:00:00+00:00,unrecognized_transaction,4002.64,True,True,True,True,True,3,True,False,False,32,False,won
TXN101908,MERCH_DIGITAL_04,2025-04-15T16:00:00+00:00,item_not_received,8286.56,True,False,True,False,False,1,False,False,False,76,False,won
TXN101909,MERCH_ECOM_03,2025-05-08T09:00:00+00:00,unrecognized_transaction,2660.17,False,False,False,False,False,5,True,False,False,53,False,lost
TXN101910,MERCH_ECOM_03,2025-03-18T04:00:00+00:00,unrecognized_transaction,3005.31,False,False,False,True,False,7,False,False,False,104,False,lost
TXN101911,MERCH_DIGITAL_04,2025-02-16T16:00:00+00:00,subscription_cancelled,4508.11,True,True,True,False,True,3,False,False,True,134,False,won
TXN101912,MERCH_RETAIL_01,2025-06-02T06:00:00+00:00,item_not_received,2267.69,True,True,False,True,False,2,True,False,False,28,False,won
TXN101913,MERCH_ECOM_03,2025-03-10T02:00:00+00:00,duplicate_charge,2190.89,True,True,False,True,False,3,True,False,False,112,False,lost
TXN101914,MERCH_ECOM_03,2025-06-06T06:00:00+00:00,item_not_received,2953.54,True,True,True,True,True,4,False,False,False,24,False,won
TXN101915,MERCH_SAAS_02,2025-01-17T21:00:00+00:00,item_not_received,4113.71,True,False,True,True,True,6,False,False,False,164,False,won
TXN101916,MERCH_RETAIL_01,2025-03-19T16:00:00+00:00,item_not_received,2215.76,True,True,True,True,False,2,False,False,False,103,False,won
TXN101917,MERCH_SAAS_02,2025-01-16T20:00:00+00:00,subscription_cancelled,2068.44,True,True,True,True,False,4,False,False,False,165,False,lost
TXN101918,MERCH_ECOM_03,2025-06-02T13:00:00+00:00,duplicate_charge,416.84,True,True,True,True,False,3,False,True,False,28,False,won
TXN101919,MERCH_RETAIL_01,2025-06-13T14:00:00+00:00,item_not_as_described,3553.78,True,True,True,True,True,6,False,False,False,17,False,won
TXN101920,MERCH_RETAIL_01,2025-06-09T16:00:00+00:00,item_not_received,1594.54,False,False,False,True,True,4,True,False,False,21,False,lost
TXN101921,MERCH_RETAIL_01,2025-01-25T15:00:00+00:00,item_not_received,1055.2,True,True,False,True,False,4,True,False,False,156,False,won
TXN101922,MERCH_ECOM_03,2025-04-03T20:00:00+00:00,unrecognized_transaction,4182.81,True,True,True,False,True,5,False,False,False,88,False,lost
TXN101923,MERCH_SAAS_02,2025-04-13T06:00:00+00:00,unrecognized_transaction,6904.1,False,False,True,True,False,4,False,False,False,78,True,lost
TXN101924,MERCH_SAAS_02,2025-02-19T08:00:00+00:00,unrecognized_transaction,4419.84,True,True,True,True,False,2,False,False,False,131,False,lost
TXN101925,MERCH_SAAS_02,2025-05-02T19:00:00+00:00,unrecognized_transaction,4312.43,True,False,False,True,True,6,False,False,False,59,False,won
TXN101926,MERCH_SAAS_02,2025-04-02T18:00:00+00:00,duplicate_charge,4337.31,True,True,True,False,False,5,False,True,False,89,False,won
TXN101927,MERCH_SAAS_02,2025-03-22T23:00:00+00:00,item_not_as_described,2008.03,True,True,False,False,True,5,True,False,False,100,False,won
TXN101928,MERCH_SAAS_02,2025-03-16T03:00:00+00:00,item_not_received,3252.37,True,False,True,False,False,2,False,False,False,106,False,won
TXN101929,MERCH_ECOM_03,2025-01-13T06:00:00+00:00,unrecognized_transaction,947.7,True,False,True,False,True,4,False,False,False,168,False,lost
TXN101930,MERCH_RETAIL_01,2025-04-13T16:00:00+00:00,unrecognized_transaction,3676.13,True,True,False,False,True,2,False,False,False,78,False,lost
TXN101931,MERCH_SAAS_02,2025-03-27T07:00:00+00:00,item_not_as_described,2554.07,True,True,True,False,True,6,True,False,False,95,False,lost
TXN101932,MERCH_SAAS_02,2025-01-11T15:00:00+00:00,unrecognized_transaction,1415.05,True,True,False,True,True,1,False,False,False,170,False,lost
TXN101933,MERCH_ECOM_03,2025-04-06T07:00:00+00:00,item_not_received,1695.67,False,False,True,True,True,5,True,False,False,85,True,won
TXN101934,MERCH_ECOM_03,2025-05-15T16:00:00+00:00,unrecognized_transaction,535.59,True,False,True,True,False,3,True,False,False,46,False,won
TXN101935,MERCH_RETAIL_01,2025-02-07T22:00:00+00:00,duplicate_charge,2631.06,True,True,True,True,True,3,True,True,False,143,False,won
TXN101936,MERCH_RETAIL_01,2025-06-05T08:00:00+00:00,item_not_received,1320.26,False,False,False,True,False,5,True,False,False,25,False,lost
TXN101937,MERCH_RETAIL_01,2025-06-04T00:00:00+00:00,unrecognized_transaction,5222.23,True,True,True,False,True,6,True,False,False,26,False,won
TXN101938,MERCH_SAAS_02,2025-06-02T17:00:00+00:00,subscription_cancelled,55.6,True,True,False,False,True,4,False,False,False,28,False,lost
TXN101939,MERCH_ECOM_03,2025-05-18T04:00:00+00:00,item_not_as_described,2123.68,False,False,False,True,True,2,True,False,False,43,False,won
TXN101940,MERCH_ECOM_03,2025-02-23T02:00:00+00:00,item_not_as_described,2452.79,True,False,True,True,True,2,True,False,False,127,False,lost
TXN101941,MERCH_ECOM_03,2025-03-21T01:00:00+00:00,subscription_cancelled,3914.22,False,False,False,False,False,3,False,False,True,101,False,lost
TXN101942,MERCH_DIGITAL_04,2025-03-06T07:00:00+00:00,item_not_received,1487.94,False,False,False,True,False,2,False,False,False,116,False,lost
TXN101943,MERCH_RETAIL_01,2025-02-22T22:00:00+00:00,item_not_as_described,4795.83,True,False,True,True,True,6,False,False,False,128,False,lost
TXN101944,MERCH_RETAIL_01,2025-05-16T18:00:00+00:00,unrecognized_transaction,2082.52,True,True,False,True,True,5,True,False,False,45,False,won
TXN101945,MERCH_SAAS_02,2025-06-12T11:00:00+00:00,duplicate_charge,2361.09,False,False,False,True,True,1,False,True,False,18,False,won
TXN101946,MERCH_DIGITAL_04,2025-05-04T08:00:00+00:00,unrecognized_transaction,4029.28,True,True,True,False,True,1,True,False,False,57,False,lost
TXN101947,MERCH_SAAS_02,2025-06-19T23:00:00+00:00,unrecognized_transaction,2603.61,True,False,True,False,True,5,False,False,False,11,False,won
TXN101948,MERCH_ECOM_03,2025-03-05T08:00:00+00:00,unrecognized_transaction,3604.54,True,False,True,True,True,1,True,False,False,117,False,won
TXN101949,MERCH_RETAIL_01,2025-05-10T10:00:00+00:00,item_not_as_described,1512.64,True,True,True,True,True,3,False,False,False,51,False,lost
TXN101950,MERCH_ECOM_03,2025-03-28T05:00:00+00:00,item_not_as_described,3859.26,True,True,False,True,True,1,False,False,False,94,False,lost
TXN101951,MERCH_SAAS_02,2025-02-26T23:00:00+00:00,unrecognized_transaction,4064.32,False,False,False,True,True,6,False,False,False,124,False,lost
TXN101952,MERCH_RETAIL_01,2025-03-10T19:00:00+00:00,item_not_received,3587.54,True,True,True,True,True,2,False,False,False,112,False,won
TXN101953,MERCH_RETAIL_01,2025-05-22T09:00:00+00:00,item_not_received,1020.27,True,False,True,True,True,4,False,False,False,39,False,won
TXN101954,MERCH_ECOM_03,2025-02-01T18:00:00+00:00,item_not_received,627.85,True,True,True,True,True,1,False,False,False,149,False,lost
TXN101955,MERCH_ECOM_03,2025-04-24T07:00:00+00:00,duplicate_charge,716.4,True,True,False,True,True,1,False,False,False,67,False,lost
TXN101956,MERCH_RETAIL_01,2025-05-31T06:00:00+00:00,unrecognized_transaction,1359.47,True,True,True,False,True,3,False,False,False,30,False,lost
TXN101957,MERCH_ECOM_03,2025-06-10T21:00:00+00:00,duplicate_charge,2957.73,True,True,True,True,True,7,True,True,False,20,False,won
TXN101958,MERCH_ECOM_03,2025-06-26T22:00:00+00:00,item_not_received,5782.08,True,True,True,False,True,2,False,False,False,4,False,lost
TXN101959,MERCH_ECOM_03,2025-05-12T08:00:00+00:00,unrecognized_transaction,527.36,True,True,True,False,True,6,True,False,False,49,False,won
TXN101960,MERCH_RETAIL_01,2025-03-19T16:00:00+00:00,item_not_as_described,1257.0,True,False,True,True,True,3,False,False,False,103,False,won
TXN101961,MERCH_RETAIL_01,2025-01-04T19:00:00+00:00,unrecognized_transaction,4045.27,True,False,False,False,False,6,False,False,False,177,False,lost
TXN101962,MERCH_SAAS_02,2025-02-14T21:00:00+00:00,subscription_cancelled,608.23,True,True,True,True,True,8,False,False,True,136,False,won
TXN101963,MERCH_DIGITAL_04,2025-01-01T15:00:00+00:00,item_not_received,1095.24,True,False,True,False,True,4,True,False,False,180,False,won
TXN101964,MERCH_ECOM_03,2025-03-19T18:00:00+00:00,subscription_cancelled,1529.22,False,False,False,True,False,6,True,False,False,103,False,lost
TXN101965,MERCH_DIGITAL_04,2025-01-11T14:00:00+00:00,unrecognized_transaction,6752.32,True,True,False,True,True,8,False,False,False,170,False,won
TXN101966,MERCH_RETAIL_01,2025-05-14T11:00:00+00:00,unrecognized_transaction,3019.94,True,True,True,True,True,2,True,False,False,47,False,won
TXN101967,MERCH_RETAIL_01,2025-02-10T17:00:00+00:00,unrecognized_transaction,1250.84,False,False,False,True,True,6,False,False,False,140,False,lost
TXN101968,MERCH_ECOM_03,2025-02-23T19:00:00+00:00,duplicate_charge,1759.13,True,True,True,True,True,4,True,True,False,127,False,lost
TXN101969,MERCH_RETAIL_01,2025-01-15T01:00:00+00:00,unrecognized_transaction,347.94,True,False,False,True,False,3,False,False,False,166,False,lost
TXN101970,MERCH_ECOM_03,2025-05-03T00:00:00+00:00,subscription_cancelled,4019.38,True,True,False,True,False,4,False,False,True,58,False,won
TXN101971,MERCH_RETAIL_01,2025-03-02T19:00:00+00:00,item_not_received,1558.92,False,False,False,True,False,5,False,False,False,120,False,lost
TXN101972,MERCH_RETAIL_01,2025-05-01T06:00:00+00:00,item_not_received,4233.48,True,True,False,True,True,3,True,False,False,60,False,won
TXN101973,MERCH_SAAS_02,2025-05-02T06:00:00+00:00,item_not_received,1204.58,True,False,True,True,False,4,True,False,False,59,False,won
TXN101974,MERCH_RETAIL_01,2025-06-08T17:00:00+00:00,item_not_received,1946.61,False,False,False,True,True,4,True,False,False,22,False,lost
TXN101975,MERCH_SAAS_02,2025-06-08T10:00:00+00:00,unrecognized_transaction,1992.45,False,False,False,True,True,7,False,False,False,22,False,won
TXN101976,MERCH_RETAIL_01,2025-02-26T05:00:00+00:00,item_not_received,2420.71,True,True,False,False,True,7,False,False,False,124,False,won
TXN101977,MERCH_SAAS_02,2025-06-11T17:00:00+00:00,item_not_received,7228.95,True,True,False,True,True,3,True,False,False,19,False,won
TXN101978,MERCH_SAAS_02,2025-03-28T15:00:00+00:00,subscription_cancelled,5578.73,True,True,False,False,False,3,False,False,True,94,False,lost
TXN101979,MERCH_ECOM_03,2025-03-23T22:00:00+00:00,unrecognized_transaction,5072.2,False,False,False,True,False,3,True,False,False,99,False,lost
TXN101980,MERCH_ECOM_03,2025-02-04T16:00:00+00:00,item_not_as_described,1048.77,False,False,False,False,True,2,True,False,False,146,False,won
TXN101981,MERCH_SAAS_02,2025-02-08T13:00:00+00:00,unrecognized_transaction,1206.41,False,False,False,True,True,2,False,False,False,142,False,lost
TXN101982,MERCH_RETAIL_01,2025-01-28T02:00:00+00:00,item_not_as_described,2188.66,False,False,False,True,True,2,True,False,False,153,False,won
TXN101983,MERCH_SAAS_02,2025-06-14T00:00:00+00:00,duplicate_charge,4447.45,False,False,False,True,True,2,False,True,False,16,False,won
TXN101984,MERCH_ECOM_03,2025-06-22T21:00:00+00:00,subscription_cancelled,210.76,True,True,True,True,True,5,False,False,False,8,False,won
TXN101985,MERCH_SAAS_02,2025-02-27T19:00:00+00:00,duplicate_charge,602.35,False,False,False,True,True,0,True,False,False,123,False,lost
TXN101986,MERCH_ECOM_03,2025-01-07T00:00:00+00:00,item_not_as_described,979.86,False,False,False,True,True,2,False,False,False,174,False,lost
TXN101987,MERCH_RETAIL_01,2025-03-25T22:00:00+00:00,duplicate_charge,6354.34,False,False,False,True,True,2,False,True,False,97,False,lost
TXN101988,MERCH_ECOM_03,2025-03-26T15:00:00+00:00,item_not_received,1974.01,False,False,False,False,True,3,False,False,False,96,False,lost
TXN101989,MERCH_ECOM_03,2025-06-12T00:00:00+00:00,unrecognized_transaction,1872.64,True,True,False,True,True,6,True,False,False,18,False,won
TXN101990,MERCH_SAAS_02,2025-01-02T21:00:00+00:00,subscription_cancelled,1006.86,True,True,False,True,True,4,True,False,False,179,False,lost
TXN101991,MERCH_RETAIL_01,2025-05-07T16:00:00+00:00,item_not_as_described,893.19,False,False,False,True,False,5,False,False,False,54,False,won
TXN101992,MERCH_DIGITAL_04,2025-02-09T13:00:00+00:00,item_not_received,2988.25,False,False,False,False,True,3,False,False,False,141,False,won
TXN101993,MERCH_RETAIL_01,2025-04-13T08:00:00+00:00,unrecognized_transaction,2539.18,False,False,False,True,True,3,False,False,False,78,False,won
TXN101994,MERCH_SAAS_02,2025-05-26T22:00:00+00:00,item_not_as_described,3049.27,False,False,False,False,False,4,True,False,False,35,False,won
TXN101995,MERCH_SAAS_02,2025-05-02T05:00:00+00:00,item_not_received,3355.81,True,False,True,True,True,3,False,False,False,59,False,lost
TXN101996,MERCH_RETAIL_01,2025-06-04T01:00:00+00:00,subscription_cancelled,2577.26,True,True,True,True,False,2,False,False,True,26,False,won
TXN101997,MERCH_ECOM_03,2025-02-06T15:00:00+00:00,item_not_received,2953.69,True,True,True,False,True,0,False,False,False,144,False,won
TXN101998,MERCH_SAAS_02,2025-05-11T02:00:00+00:00,item_not_received,1871.86,False,False,False,False,False,3,False,False,False,50,False,lost
TXN101999,MERCH_ECOM_03,2025-05-01T01:00:00+00:00,item_not_received,1154.77,True,True,False,True,True,4,True,False,False,60,False,won
TXN102000,MERCH_ECOM_03,2025-01-02T12:00:00+00:00,item_not_received,3622.64,True,True,False,True,True,3,True,False,False,179,False,won
TXN102001,MERCH_ECOM_03,2025-01-23T20:00:00+00:00,item_not_as_described,4252.84,False,False,False,False,True,1,True,False,False,158,False,lost
TXN102002,MERCH_ECOM_03,2025-06-14T15:00:00+00:00,subscription_cancelled,4916.29,True,True,False,False,True,5,True,False,True,16,False,won
TXN102003,MERCH_SAAS_02,2025-06-22T15:00:00+00:00,subscription_cancelled,1027.95,True,True,False,False,True,4,True,False,True,8,False,won
TXN102004,MERCH_ECOM_03,2025-06-28T15:00:00+00:00,item_not_received,1006.07,True,False,False,True,True,7,False,False,False,2,False,won
TXN102005,MERCH_SAAS_02,2025-04-23T15:00:00+00:00,item_not_received,2226.31,True,False,False,False,True,6,True,False,False,68,False,won
TXN102006,MERCH_RETAIL_01,2025-03-25T11:00:00+00:00,unrecognized_transaction,3067.29,True,True,True,True,True,4,True,False,False,97,False,won
TXN102007,MERCH_ECOM_03,2025-04-04T17:00:00+00:00,item_not_received,3263.21,True,True,True,True,True,2,True,False,False,87,False,won
TXN102008,MERCH_ECOM_03,2025-03-25T00:00:00+00:00,item_not_received,3437.48,True,True,True,True,True,2,False,False,False,97,False,won
TXN102009,MERCH_ECOM_03,2025-06-20T09:00:00+00:00,item_not_received,1464.31,False,False,False,True,True,5,False,False,False,10,False,lost
TXN102010,MERCH_ECOM_03,2025-04-16T10:00:00+00:00,item_not_as_described,3954.82,True,True,True,False,True,6,True,False,False,75,False,won
TXN102011,MERCH_RETAIL_01,2025-01-29T18:00:00+00:00,item_not_as_described,1967.57,True,False,False,False,True,3,False,False,False,152,False,lost
TXN102012,MERCH_SAAS_02,2025-02-01T05:00:00+00:00,duplicate_charge,1269.01,False,True,True,False,True,5,False,True,False,149,True,lost
TXN102013,MERCH_SAAS_02,2025-06-23T15:00:00+00:00,item_not_received,3588.75,True,True,True,False,False,5,False,False,False,7,False,won
TXN102014,MERCH_SAAS_02,2025-03-14T07:00:00+00:00,unrecognized_transaction,1987.46,False,True,True,False,True,3,True,False,False,108,True,won
TXN102015,MERCH_SAAS_02,2025-02-27T02:00:00+00:00,item_not_received,1536.3,True,False,False,True,True,6,True,False,False,123,False,lost
TXN102016,MERCH_RETAIL_01,2025-02-23T20:00:00+00:00,subscription_cancelled,4112.56,False,False,False,True,True,3,True,False,False,127,False,lost
TXN102017,MERCH_SAAS_02,2025-05-11T22:00:00+00:00,item_not_received,2777.1,True,False,True,True,False,4,False,False,False,50,False,lost
TXN102018,MERCH_RETAIL_01,2025-01-31T12:00:00+00:00,duplicate_charge,2844.82,True,True,False,True,False,5,False,True,False,150,False,won
TXN102019,MERCH_SAAS_02,2025-04-12T09:00:00+00:00,item_not_received,1658.46,False,False,False,True,True,0,False,False,False,79,False,lost
TXN102020,MERCH_RETAIL_01,2025-04-04T08:00:00+00:00,item_not_received,3222.89,True,False,True,True,True,4,True,False,False,87,False,lost
TXN102021,MERCH_RETAIL_01,2025-01-09T05:00:00+00:00,duplicate_charge,626.6,False,False,False,False,True,6,True,True,False,172,False,lost
TXN102022,MERCH_DIGITAL_04,2025-03-24T07:00:00+00:00,item_not_as_described,3693.74,False,False,False,True,True,7,True,False,False,98,False,won
TXN102023,MERCH_ECOM_03,2025-03-25T01:00:00+00:00,item_not_as_described,730.85,True,True,False,True,True,2,False,False,False,97,False,lost
TXN102024,MERCH_RETAIL_01,2025-03-19T19:00:00+00:00,item_not_as_described,705.87,False,False,False,False,True,5,False,False,False,103,False,won
TXN102025,MERCH_RETAIL_01,2025-01-03T17:00:00+00:00,unrecognized_transaction,2582.84,True,True,True,True,True,3,True,False,False,178,False,won
TXN102026,MERCH_SAAS_02,2025-06-16T02:00:00+00:00,item_not_received,4879.74,True,True,False,False,False,1,False,False,False,14,False,won
TXN102027,MERCH_RETAIL_01,2025-01-23T21:00:00+00:00,subscription_cancelled,2935.1,True,False,True,True,False,6,True,False,True,158,False,won
TXN102028,MERCH_SAAS_02,2025-06-06T09:00:00+00:00,unrecognized_transaction,2255.76,False,False,False,True,True,3,False,False,False,24,False,won
TXN102029,MERCH_SAAS_02,2025-04-09T13:00:00+00:00,item_not_received,440.93,True,True,True,True,False,7,False,False,False,82,False,won
TXN102030,MERCH_ECOM_03,2025-05-11T12:00:00+00:00,item_not_received,3735.26,True,True,True,True,False,3,True,False,False,50,False,won
TXN102031,MERCH_SAAS_02,2025-04-28T17:00:00+00:00,unrecognized_transaction,507.5,True,False,True,True,True,3,True,False,False,63,False,lost
TXN102032,MERCH_RETAIL_01,2025-03-12T04:00:00+00:00,unrecognized_transaction,393.56,True,True,False,False,True,3,False,False,False,110,False,lost
TXN102033,MERCH_RETAIL_01,2025-02-08T12:00:00+00:00,subscription_cancelled,3246.8,False,False,False,True,False,3,False,False,False,142,False,lost
TXN102034,MERCH_SAAS_02,2025-05-14T22:00:00+00:00,item_not_received,1247.29,False,False,False,True,False,3,False,False,False,47,False,lost
TXN102035,MERCH_RETAIL_01,2025-04-04T14:00:00+00:00,item_not_as_described,2011.94,True,False,True,True,True,2,True,False,False,87,False,lost
TXN102036,MERCH_RETAIL_01,2025-03-22T21:00:00+00:00,item_not_as_described,4675.13,False,False,False,True,True,3,False,False,False,100,False,lost
TXN102037,MERCH_SAAS_02,2025-05-02T17:00:00+00:00,item_not_received,1270.04,True,True,False,False,True,2,True,False,False,59,False,won
TXN102038,MERCH_DIGITAL_04,2025-06-28T10:00:00+00:00,unrecognized_transaction,6676.49,False,False,False,True,True,8,False,False,False,2,False,won
TXN102039,MERCH_SAAS_02,2025-01-29T18:00:00+00:00,item_not_received,686.53,False,False,False,True,True,3,True,False,False,152,False,lost
TXN102040,MERCH_RETAIL_01,2025-06-11T09:00:00+00:00,item_not_received,5854.01,False,False,False,False,False,4,False,False,False,19,False,lost
TXN102041,MERCH_RETAIL_01,2025-01-31T07:00:00+00:00,unrecognized_transaction,1666.06,False,True,True,False,True,5,False,False,False,150,True,lost
TXN102042,MERCH_RETAIL_01,2025-03-02T06:00:00+00:00,item_not_received,1716.68,False,False,False,True,True,3,True,False,False,120,False,lost
TXN102043,MERCH_ECOM_03,2025-04-27T12:00:00+00:00,unrecognized_transaction,1272.55,True,False,True,True,False,2,True,False,False,64,False,lost
TXN102044,MERCH_ECOM_03,2025-03-03T18:00:00+00:00,item_not_received,2605.69,True,True,True,True,True,3,True,False,False,119,False,won
TXN102045,MERCH_ECOM_03,2025-01-14T21:00:00+00:00,duplicate_charge,2373.84,True,True,False,False,False,2,False,True,False,167,False,won
TXN102046,MERCH_SAAS_02,2025-04-20T08:00:00+00:00,item_not_as_described,6895.69,True,True,False,True,True,2,True,False,False,71,False,lost
TXN102047,MERCH_RETAIL_01,2025-06-25T12:00:00+00:00,item_not_received,707.51,False,False,False,True,False,1,True,False,False,5,False,lost
TXN102048,MERCH_SAAS_02,2025-01-11T15:00:00+00:00,unrecognized_transaction,2521.68,True,True,False,True,False,2,False,False,False,170,False,lost
TXN102049,MERCH_DIGITAL_04,2025-04-12T18:00:00+00:00,unrecognized_transaction,1897.35,False,False,False,True,False,5,True,False,False,79,False,lost
TXN102050,MERCH_DIGITAL_04,2025-04-19T08:00:00+00:00,item_not_as_described,2026.56,False,False,False,False,True,4,True,False,False,72,False,won
TXN102051,MERCH_ECOM_03,2025-02-24T19:00:00+00:00,unrecognized_transaction,4283.41,True,True,True,True,False,2,False,False,False,126,False,lost
TXN102052,MERCH_ECOM_03,2025-05-20T07:00:00+00:00,subscription_cancelled,438.19,True,True,False,False,False,6,True,False,False,41,False,won
TXN102053,MERCH_SAAS_02,2025-03-02T00:00:00+00:00,duplicate_charge,1258.03,False,False,False,True,True,2,False,True,False,120,False,won
TXN102054,MERCH_RETAIL_01,2025-06-25T04:00:00+00:00,item_not_received,3982.87,True,False,True,True,False,4,False,False,False,5,False,won
TXN102055,MERCH_RETAIL_01,2025-01-11T23:00:00+00:00,unrecognized_transaction,450.46,True,False,False,True,False,2,False,False,False,170,False,lost
TXN102056,MERCH_DIGITAL_04,2025-03-24T04:00:00+00:00,unrecognized_transaction,1449.47,True,True,True,True,True,2,False,False,False,98,False,won
TXN102057,MERCH_RETAIL_01,2025-01-08T23:00:00+00:00,item_not_received,1842.48,True,True,False,True,False,1,True,False,False,173,False,lost
TXN102058,MERCH_RETAIL_01,2025-05-27T13:00:00+00:00,subscription_cancelled,2002.99,False,False,False,False,False,5,False,False,True,34,False,won
TXN102059,MERCH_RETAIL_01,2025-05-19T06:00:00+00:00,item_not_received,1886.1,False,False,False,True,True,4,True,False,False,42,False,won
TXN102060,MERCH_RETAIL_01,2025-02-09T12:00:00+00:00,item_not_as_described,2412.4,False,False,False,True,True,3,False,False,False,141,False,won
TXN102061,MERCH_RETAIL_01,2025-02-03T00:00:00+00:00,unrecognized_transaction,1363.92,False,False,False,False,True,5,True,False,False,147,False,lost
TXN102062,MERCH_RETAIL_01,2025-06-03T08:00:00+00:00,unrecognized_transaction,2154.19,False,False,False,True,True,4,False,False,False,27,False,won
TXN102063,MERCH_RETAIL_01,2025-03-26T09:00:00+00:00,unrecognized_transaction,2707.86,False,False,False,True,False,1,False,False,False,96,False,lost
TXN102064,MERCH_DIGITAL_04,2025-03-17T03:00:00+00:00,item_not_received,1435.01,True,False,False,True,False,7,False,False,False,105,False,won
TXN102065,MERCH_SAAS_02,2025-02-20T04:00:00+00:00,unrecognized_transaction,1473.8,True,True,False,True,True,4,False,False,False,130,False,won
TXN102066,MERCH_SAAS_02,2025-05-05T20:00:00+00:00,duplicate_charge,1908.92,True,True,True,False,True,4,True,True,False,56,False,won
TXN102067,MERCH_SAAS_02,2025-01-15T19:00:00+00:00,subscription_cancelled,3722.9,True,False,True,False,False,3,True,False,True,166,False,won
TXN102068,MERCH_ECOM_03,2025-03-05T08:00:00+00:00,subscription_cancelled,2315.77,True,True,True,True,True,2,True,False,False,117,False,lost
TXN102069,MERCH_RETAIL_01,2025-01-11T17:00:00+00:00,item_not_received,1759.01,True,True,False,True,True,4,False,False,False,170,False,won
TXN102070,MERCH_DIGITAL_04,2025-06-28T12:00:00+00:00,item_not_received,471.51,True,True,True,True,True,4,False,False,False,2,False,won
TXN102071,MERCH_SAAS_02,2025-05-22T07:00:00+00:00,duplicate_charge,5104.61,True,True,False,False,True,2,True,True,False,39,False,won
TXN102072,MERCH_RETAIL_01,2025-06-28T06:00:00+00:00,item_not_received,1476.73,False,False,False,False,True,2,True,False,False,2,False,lost
TXN102073,MERCH_SAAS_02,2025-04-21T20:00:00+00:00,duplicate_charge,1308.34,True,True,False,True,True,5,False,False,False,70,False,lost
TXN102074,MERCH_SAAS_02,2025-04-04T01:00:00+00:00,item_not_received,2175.13,True,True,True,False,True,3,False,False,False,87,False,won
TXN102075,MERCH_ECOM_03,2025-04-02T23:00:00+00:00,subscription_cancelled,127.17,False,False,False,False,True,7,False,False,False,89,False,lost
TXN102076,MERCH_SAAS_02,2025-05-25T03:00:00+00:00,item_not_received,4244.11,True,True,True,True,False,5,True,False,False,36,False,won
TXN102077,MERCH_RETAIL_01,2025-04-22T14:00:00+00:00,duplicate_charge,822.33,True,True,True,True,True,2,True,True,False,69,False,won
TXN102078,MERCH_RETAIL_01,2025-03-04T06:00:00+00:00,unrecognized_transaction,2687.48,True,False,False,True,True,3,False,False,False,118,False,won
TXN102079,MERCH_SAAS_02,2025-02-15T03:00:00+00:00,item_not_received,1350.63,False,False,False,False,False,3,False,False,False,135,False,lost
TXN102080,MERCH_SAAS_02,2025-03-10T05:00:00+00:00,item_not_received,5718.43,False,False,False,True,False,2,False,False,False,112,False,lost
TXN102081,MERCH_SAAS_02,2025-06-28T11:00:00+00:00,unrecognized_transaction,7410.66,False,False,False,False,True,3,True,False,False,2,False,lost
TXN102082,MERCH_SAAS_02,2025-03-14T12:00:00+00:00,unrecognized_transaction,5095.58,True,False,True,True,False,4,False,False,False,108,False,lost
TXN102083,MERCH_SAAS_02,2025-04-14T13:00:00+00:00,unrecognized_transaction,4852.67,True,True,True,True,True,6,False,False,False,77,False,won
TXN102084,MERCH_SAAS_02,2025-02-26T06:00:00+00:00,item_not_received,2460.58,True,False,True,True,True,6,True,False,False,124,False,won
TXN102085,MERCH_SAAS_02,2025-01-01T15:00:00+00:00,subscription_cancelled,3867.95,False,False,False,False,False,2,False,False,True,180,False,lost
TXN102086,MERCH_RETAIL_01,2025-04-18T20:00:00+00:00,item_not_received,1779.43,True,True,False,False,True,5,False,False,False,73,False,won
TXN102087,MERCH_SAAS_02,2025-06-14T09:00:00+00:00,unrecognized_transaction,1314.27,True,True,False,True,True,6,True,False,False,16,False,won
TXN102088,MERCH_DIGITAL_04,2025-04-27T13:00:00+00:00,item_not_received,2818.03,True,True,False,False,True,2,True,False,False,64,False,won
TXN102089,MERCH_RETAIL_01,2025-04-14T08:00:00+00:00,item_not_as_described,1070.4,True,True,False,False,False,4,False,False,False,77,False,lost
TXN102090,MERCH_SAAS_02,2025-04-19T10:00:00+00:00,subscription_cancelled,798.41,True,True,False,True,True,1,True,False,True,72,False,won
TXN102091,MERCH_ECOM_03,2025-04-14T04:00:00+00:00,unrecognized_transaction,1256.91,True,True,True,True,True,2,True,False,False,77,False,won
TXN102092,MERCH_DIGITAL_04,2025-06-06T17:00:00+00:00,item_not_received,2185.42,False,False,False,False,True,6,False,False,False,24,False,lost
TXN102093,MERCH_SAAS_02,2025-06-10T10:00:00+00:00,item_not_received,2130.48,False,False,False,False,True,6,True,False,False,20,False,lost
TXN102094,MERCH_ECOM_03,2025-05-10T19:00:00+00:00,item_not_received,3234.06,False,False,False,False,True,3,False,False,False,51,False,lost
TXN102095,MERCH_SAAS_02,2025-03-19T23:00:00+00:00,unrecognized_transaction,6901.34,True,True,True,False,True,5,False,False,False,103,False,lost
TXN102096,MERCH_ECOM_03,2025-02-09T09:00:00+00:00,item_not_as_described,2377.04,True,True,True,False,False,3,False,False,False,141,False,lost
TXN102097,MERCH_DIGITAL_04,2025-04-28T19:00:00+00:00,item_not_as_described,1886.05,False,False,False,True,False,5,True,False,False,63,False,won
TXN102098,MERCH_SAAS_02,2025-01-07T11:00:00+00:00,duplicate_charge,6311.36,False,False,False,True,True,2,False,False,False,174,False,lost
TXN102099,MERCH_ECOM_03,2025-04-12T11:00:00+00:00,item_not_as_described,5194.44,False,False,False,True,True,3,False,False,False,79,False,won
TXN102100,MERCH_ECOM_03,2025-05-05T02:00:00+00:00,item_not_as_described,3853.92,False,False,False,True,True,4,False,False,False,56,False,lost
TXN102101,MERCH_SAAS_02,2025-03-12T21:00:00+00:00,subscription_cancelled,3942.75,False,False,False,False,False,4,True,False,True,110,False,won
TXN102102,MERCH_ECOM_03,2025-05-23T01:00:00+00:00,subscription_cancelled,3706.73,False,False,False,True,True,3,True,False,True,38,False,won
TXN102103,MERCH_RETAIL_01,2025-04-05T05:00:00+00:00,subscription_cancelled,3454.69,True,True,False,True,True,7,False,False,True,86,False,won
TXN102104,MERCH_SAAS_02,2025-01-05T10:00:00+00:00,subscription_cancelled,4624.19,False,False,False,True,True,5,True,False,True,176,False,won
TXN102105,MERCH_RETAIL_01,2025-04-05T13:00:00+00:00,duplicate_charge,480.86,True,True,True,False,False,2,True,True,False,86,False,won
TXN102106,MERCH_RETAIL_01,2025-01-23T23:00:00+00:00,item_not_received,4219.02,True,True,True,True,True,2,False,False,False,158,False,won
TXN102107,MERCH_RETAIL_01,2025-01-22T13:00:00+00:00,unrecognized_transaction,3773.37,True,False,False,True,True,3,False,False,False,159,False,lost
TXN102108,MERCH_SAAS_02,2025-03-08T19:00:00+00:00,unrecognized_transaction,1179.72,True,True,False,True,True,4,False,False,False,114,False,lost
TXN102109,MERCH_ECOM_03,2025-01-15T08:00:00+00:00,duplicate_charge,2780.21,True,False,False,True,False,4,False,True,False,166,False,won
TXN102110,MERCH_ECOM_03,2025-03-20T08:00:00+00:00,item_not_received,880.46,True,True,False,True,False,1,True,False,False,102,False,won
TXN102111,MERCH_DIGITAL_04,2025-06-07T19:00:00+00:00,duplicate_charge,2101.68,True,False,False,False,False,3,True,False,False,23,False,lost
TXN102112,MERCH_ECOM_03,2025-03-19T02:00:00+00:00,item_not_as_described,1847.55,True,True,True,True,True,3,False,False,False,103,False,lost
TXN102113,MERCH_ECOM_03,2025-05-26T16:00:00+00:00,subscription_cancelled,4111.03,False,False,False,False,False,3,True,False,False,35,False,lost
TXN102114,MERCH_RETAIL_01,2025-06-19T18:00:00+00:00,item_not_received,413.67,True,True,True,True,False,1,True,False,False,11,False,won
TXN102115,MERCH_SAAS_02,2025-02-09T09:00:00+00:00,item_not_received,1934.57,False,False,False,True,True,5,True,False,False,141,False,lost
TXN102116,MERCH_DIGITAL_04,2025-06-27T21:00:00+00:00,item_not_received,2436.93,False,False,True,True,True,4,False,False,False,3,True,won
TXN102117,MERCH_ECOM_03,2025-04-21T21:00:00+00:00,item_not_received,5227.84,True,True,True,True,True,5,True,False,False,70,False,won
TXN102118,MERCH_RETAIL_01,2025-02-05T22:00:00+00:00,duplicate_charge,999.27,True,True,True,True,True,3,True,True,False,145,False,won
TXN102119,MERCH_RETAIL_01,2025-03-23T23:00:00+00:00,duplicate_charge,2913.13,False,False,False,True,True,2,False,True,False,99,False,won
TXN102120,MERCH_ECOM_03,2025-06-17T14:00:00+00:00,unrecognized_transaction,2311.77,True,True,False,True,True,3,False,False,False,13,False,won
TXN102121,MERCH_DIGITAL_04,2025-05-01T05:00:00+00:00,unrecognized_transaction,2970.28,False,False,False,False,True,4,False,False,False,60,False,won
TXN102122,MERCH_DIGITAL_04,2025-02-17T12:00:00+00:00,item_not_received,1690.81,True,True,True,False,True,4,True,False,False,133,False,won
TXN102123,MERCH_ECOM_03,2025-02-25T09:00:00+00:00,item_not_received,1651.1,True,True,False,True,True,6,True,False,False,125,False,won
TXN102124,MERCH_RETAIL_01,2025-06-05T05:00:00+00:00,item_not_received,1174.2,True,False,False,True,False,6,False,False,False,25,False,won
TXN102125,MERCH_SAAS_02,2025-01-26T02:00:00+00:00,item_not_as_described,453.87,True,True,True,True,True,4,False,False,False,155,False,lost
TXN102126,MERCH_ECOM_03,2025-02-13T19:00:00+00:00,item_not_received,487.17,True,False,False,False,True,3,True,False,False,137,False,lost
TXN102127,MERCH_RETAIL_01,2025-03-16T08:00:00+00:00,item_not_received,614.88,False,False,False,False,True,4,True,False,False,106,False,lost
TXN102128,MERCH_SAAS_02,2025-05-02T02:00:00+00:00,item_not_received,2359.36,False,False,False,False,False,4,False,False,False,59,False,lost
TXN102129,MERCH_SAAS_02,2025-03-01T21:00:00+00:00,item_not_received,1249.47,True,True,False,False,True,3,False,False,False,121,False,won
TXN102130,MERCH_SAAS_02,2025-02-07T06:00:00+00:00,item_not_as_described,1034.49,True,True,False,False,True,5,False,False,False,143,False,lost
TXN102131,MERCH_RETAIL_01,2025-01-29T08:00:00+00:00,duplicate_charge,1795.38,True,True,True,False,True,3,False,True,False,152,False,won
TXN102132,MERCH_SAAS_02,2025-06-26T15:00:00+00:00,duplicate_charge,2974.49,True,True,False,True,False,5,False,False,False,4,False,lost
TXN102133,MERCH_RETAIL_01,2025-05-03T01:00:00+00:00,duplicate_charge,1749.0,False,False,False,False,True,2,False,True,False,58,False,won
TXN102134,MERCH_ECOM_03,2025-05-29T11:00:00+00:00,item_not_received,1128.07,True,False,False,True,True,4,False,False,False,32,False,lost
TXN102135,MERCH_RETAIL_01,2025-03-02T20:00:00+00:00,unrecognized_transaction,3686.26,True,True,False,True,True,5,True,False,False,120,False,lost
TXN102136,MERCH_SAAS_02,2025-03-02T04:00:00+00:00,item_not_received,2468.19,True,False,True,True,True,5,False,False,False,120,False,won
TXN102137,MERCH_SAAS_02,2025-05-12T21:00:00+00:00,subscription_cancelled,5204.12,False,False,False,False,True,0,False,False,False,49,False,lost
TXN102138,MERCH_RETAIL_01,2025-01-11T11:00:00+00:00,duplicate_charge,3101.55,True,False,True,True,True,3,False,False,False,170,False,lost
TXN102139,MERCH_SAAS_02,2025-06-10T09:00:00+00:00,item_not_received,2070.96,True,True,True,True,True,2,False,False,False,20,False,won
TXN102140,MERCH_ECOM_03,2025-03-19T09:00:00+00:00,item_not_received,3010.22,False,False,False,False,True,3,False,False,False,103,False,lost
TXN102141,MERCH_ECOM_03,2025-06-02T03:00:00+00:00,item_not_as_described,4164.77,True,True,True,True,True,4,False,False,False,28,False,won
TXN102142,MERCH_RETAIL_01,2025-04-04T23:00:00+00:00,subscription_cancelled,4089.57,True,True,True,False,True,1,True,False,False,87,False,lost
TXN102143,MERCH_ECOM_03,2025-05-28T19:00:00+00:00,duplicate_charge,1332.24,True,False,False,False,True,3,False,True,False,33,False,lost
TXN102144,MERCH_ECOM_03,2025-01-06T02:00:00+00:00,item_not_received,2289.09,True,True,False,False,True,5,False,False,False,175,False,won
TXN102145,MERCH_RETAIL_01,2025-04-26T03:00:00+00:00,item_not_received,1277.98,True,True,False,True,True,1,False,False,False,65,False,won
TXN102146,MERCH_ECOM_03,2025-06-25T02:00:00+00:00,item_not_as_described,976.9,False,False,False,False,True,3,False,False,False,5,False,lost
TXN102147,MERCH_ECOM_03,2025-01-31T06:00:00+00:00,item_not_received,844.25,True,True,False,True,True,2,True,False,False,150,False,lost
TXN102148,MERCH_RETAIL_01,2025-06-09T23:00:00+00:00,duplicate_charge,2273.49,True,False,True,True,False,6,False,True,False,21,False,won
TXN102149,MERCH_ECOM_03,2025-02-07T21:00:00+00:00,item_not_received,2783.73,True,False,True,True,True,5,False,False,False,143,False,won
TXN102150,MERCH_ECOM_03,2025-01-19T06:00:00+00:00,unrecognized_transaction,8315.08,False,False,False,True,False,4,True,False,False,162,False,lost
TXN102151,MERCH_DIGITAL_04,2025-01-18T01:00:00+00:00,item_not_as_described,677.11,False,False,False,False,True,3,False,False,False,163,False,lost
TXN102152,MERCH_SAAS_02,2025-04-20T12:00:00+00:00,item_not_received,1165.42,True,False,True,True,True,4,False,False,False,71,False,won
TXN102153,MERCH_RETAIL_01,2025-01-07T07:00:00+00:00,item_not_as_described,3468.89,True,False,False,False,True,0,False,False,False,174,False,lost
TXN102154,MERCH_RETAIL_01,2025-02-17T16:00:00+00:00,item_not_as_described,6015.28,True,True,True,True,True,3,True,False,False,133,False,won
TXN102155,MERCH_SAAS_02,2025-05-22T07:00:00+00:00,item_not_received,2793.94,True,True,False,False,True,5,False,False,False,39,False,won
TXN102156,MERCH_RETAIL_01,2025-01-20T14:00:00+00:00,unrecognized_transaction,1096.73,True,True,True,True,True,8,True,False,False,161,False,won
TXN102157,MERCH_RETAIL_01,2025-02-24T17:00:00+00:00,item_not_as_described,2229.3,True,False,False,True,True,5,True,False,False,126,False,lost
TXN102158,MERCH_RETAIL_01,2025-03-28T21:00:00+00:00,item_not_as_described,2871.31,True,True,False,True,False,2,False,False,False,94,False,lost
TXN102159,MERCH_ECOM_03,2025-03-11T14:00:00+00:00,subscription_cancelled,3997.67,False,False,False,False,True,2,True,False,False,111,False,lost
TXN102160,MERCH_ECOM_03,2025-04-20T03:00:00+00:00,item_not_as_described,1774.51,False,False,False,True,True,3,True,False,False,71,False,won
TXN102161,MERCH_RETAIL_01,2025-05-21T07:00:00+00:00,duplicate_charge,2214.85,False,False,False,True,True,5,False,True,False,40,False,won
TXN102162,MERCH_ECOM_03,2025-01-12T13:00:00+00:00,item_not_received,710.63,True,True,True,True,True,2,False,False,False,169,False,lost
TXN102163,MERCH_RETAIL_01,2025-05-15T05:00:00+00:00,item_not_as_described,462.77,True,False,False,True,False,8,True,False,False,46,False,lost
TXN102164,MERCH_RETAIL_01,2025-02-04T15:00:00+00:00,unrecognized_transaction,4199.21,True,True,True,True,True,4,False,False,False,146,False,won
TXN102165,MERCH_SAAS_02,2025-05-26T06:00:00+00:00,item_not_as_described,1692.86,False,False,False,False,True,2,False,False,False,35,False,lost
TXN102166,MERCH_RETAIL_01,2025-03-29T19:00:00+00:00,item_not_received,1105.46,True,True,True,True,True,3,False,False,False,93,False,won
TXN102167,MERCH_SAAS_02,2025-04-08T23:00:00+00:00,unrecognized_transaction,996.27,False,False,False,True,True,3,True,False,False,83,False,won
TXN102168,MERCH_ECOM_03,2025-01-18T16:00:00+00:00,item_not_received,2205.94,True,True,True,True,True,6,False,False,False,163,False,lost
TXN102169,MERCH_SAAS_02,2025-06-11T10:00:00+00:00,unrecognized_transaction,2234.43,False,False,False,True,True,2,True,False,False,19,False,won
TXN102170,MERCH_RETAIL_01,2025-02-05T20:00:00+00:00,unrecognized_transaction,495.17,True,True,False,False,True,3,True,False,False,145,False,lost
TXN102171,MERCH_SAAS_02,2025-05-06T18:00:00+00:00,item_not_received,881.64,True,True,False,True,False,3,False,False,False,55,False,won
TXN102172,MERCH_SAAS_02,2025-05-16T23:00:00+00:00,duplicate_charge,9968.12,False,False,False,False,True,2,False,False,False,45,False,lost
TXN102173,MERCH_RETAIL_01,2025-06-08T06:00:00+00:00,item_not_as_described,1922.72,False,False,False,False,False,3,False,False,False,22,False,won
TXN102174,MERCH_SAAS_02,2025-06-29T22:00:00+00:00,duplicate_charge,1248.68,True,True,False,True,False,3,True,True,False,1,False,won
TXN102175,MERCH_ECOM_03,2025-05-22T10:00:00+00:00,item_not_received,3525.23,True,True,True,True,False,6,False,False,False,39,False,won
TXN102176,MERCH_RETAIL_01,2025-05-07T23:00:00+00:00,unrecognized_transaction,1994.91,False,False,False,False,True,3,False,False,False,54,False,lost
TXN102177,MERCH_ECOM_03,2025-02-10T10:00:00+00:00,item_not_received,6734.92,False,False,False,True,True,1,False,False,False,140,False,lost
TXN102178,MERCH_SAAS_02,2025-03-19T15:00:00+00:00,duplicate_charge,848.55,True,True,False,False,False,3,True,True,False,103,False,won
TXN102179,MERCH_ECOM_03,2025-01-20T04:00:00+00:00,item_not_received,2859.16,False,False,False,True,True,4,False,False,False,161,False,lost
TXN102180,MERCH_SAAS_02,2025-03-22T14:00:00+00:00,subscription_cancelled,2579.92,False,False,False,False,True,5,False,False,True,100,False,won
TXN102181,MERCH_ECOM_03,2025-01-19T21:00:00+00:00,item_not_as_described,1360.27,True,True,False,True,True,3,True,False,False,162,False,won
TXN102182,MERCH_ECOM_03,2025-01-13T17:00:00+00:00,item_not_received,813.57,True,True,False,True,True,6,False,False,False,168,False,won
TXN102183,MERCH_RETAIL_01,2025-04-10T05:00:00+00:00,duplicate_charge,2603.57,True,False,False,True,True,0,True,True,False,81,False,won
TXN102184,MERCH_SAAS_02,2025-04-24T08:00:00+00:00,item_not_received,3430.8,False,False,False,True,False,7,True,False,False,67,False,lost
TXN102185,MERCH_SAAS_02,2025-05-16T13:00:00+00:00,subscription_cancelled,909.74,True,True,False,True,False,3,False,False,False,45,False,lost
TXN102186,MERCH_SAAS_02,2025-04-08T17:00:00+00:00,duplicate_charge,3822.08,True,True,True,False,False,5,False,False,False,83,False,lost
TXN102187,MERCH_RETAIL_01,2025-03-10T02:00:00+00:00,unrecognized_transaction,1556.6,False,False,False,True,True,7,False,False,False,112,False,won
TXN102188,MERCH_SAAS_02,2025-03-07T01:00:00+00:00,subscription_cancelled,4747.86,True,True,False,False,True,4,True,False,False,115,False,lost
TXN102189,MERCH_SAAS_02,2025-06-09T15:00:00+00:00,item_not_received,714.66,True,True,True,True,False,4,False,False,False,21,False,won
TXN102190,MERCH_SAAS_02,2025-03-30T09:00:00+00:00,item_not_received,2730.06,True,True,False,True,True,3,False,False,False,92,False,won
TXN102191,MERCH_RETAIL_01,2025-01-01T12:00:00+00:00,subscription_cancelled,4374.32,False,False,False,True,True,3,False,False,False,180,False,lost
TXN102192,MERCH_ECOM_03,2025-02-14T23:00:00+00:00,unrecognized_transaction,4023.27,False,False,False,True,False,7,True,False,False,136,False,won
TXN102193,MERCH_DIGITAL_04,2025-03-26T06:00:00+00:00,item_not_received,3009.39,False,False,False,True,False,4,True,False,False,96,False,lost
TXN102194,MERCH_DIGITAL_04,2025-03-14T02:00:00+00:00,item_not_as_described,1293.44,False,False,False,True,True,4,True,False,False,108,False,lost
TXN102195,MERCH_DIGITAL_04,2025-01-17T19:00:00+00:00,item_not_as_described,2660.47,True,True,True,False,False,7,True,False,False,164,False,won
TXN102196,MERCH_SAAS_02,2025-03-15T14:00:00+00:00,unrecognized_transaction,4262.11,True,True,False,True,False,1,False,False,False,107,False,lost
TXN102197,MERCH_SAAS_02,2025-06-22T00:00:00+00:00,item_not_as_described,4346.5,True,True,True,False,False,3,False,False,False,8,False,lost
TXN102198,MERCH_ECOM_03,2025-02-19T11:00:00+00:00,item_not_received,3707.52,True,True,True,False,True,3,True,False,False,131,False,won
TXN102199,MERCH_RETAIL_01,2025-04-29T03:00:00+00:00,unrecognized_transaction,6131.63,False,False,False,True,True,3,True,False,False,62,False,won
TXN102200,MERCH_SAAS_02,2025-06-02T05:00:00+00:00,unrecognized_transaction,2962.64,False,False,False,False,True,4,True,False,False,28,False,won
TXN102201,MERCH_SAAS_02,2025-03-02T04:00:00+00:00,unrecognized_transaction,792.06,True,True,True,True,True,1,True,False,False,120,False,lost
TXN102202,MERCH_RETAIL_01,2025-02-06T15:00:00+00:00,item_not_as_described,7901.06,False,False,False,True,True,1,False,False,False,144,False,lost
TXN102203,MERCH_RETAIL_01,2025-05-20T08:00:00+00:00,unrecognized_transaction,1855.81,False,False,False,True,True,7,True,False,False,41,False,won
TXN102204,MERCH_RETAIL_01,2025-01-10T09:00:00+00:00,item_not_received,1402.75,True,False,False,True,True,2,True,False,False,171,False,won
TXN102205,MERCH_SAAS_02,2025-02-19T04:00:00+00:00,item_not_received,1924.51,True,False,True,False,False,3,True,False,False,131,False,won
TXN102206,MERCH_ECOM_03,2025-01-11T10:00:00+00:00,duplicate_charge,827.32,True,True,True,True,True,6,False,True,False,170,False,won
TXN102207,MERCH_ECOM_03,2025-01-29T12:00:00+00:00,duplicate_charge,1412.58,True,True,True,True,True,9,True,True,False,152,False,won
TXN102208,MERCH_RETAIL_01,2025-06-16T20:00:00+00:00,item_not_received,2948.41,True,True,False,True,False,2,True,False,False,14,False,won
TXN102209,MERCH_ECOM_03,2025-02-17T13:00:00+00:00,item_not_as_described,3518.69,False,False,False,False,False,6,False,False,False,133,False,lost
TXN102210,MERCH_DIGITAL_04,2025-04-07T07:00:00+00:00,unrecognized_transaction,2475.28,False,False,False,False,True,2,False,False,False,84,False,lost
TXN102211,MERCH_RETAIL_01,2025-02-21T02:00:00+00:00,unrecognized_transaction,1792.94,False,True,True,False,False,4,False,False,False,129,True,lost
TXN102212,MERCH_SAAS_02,2025-03-15T12:00:00+00:00,duplicate_charge,3019.5,False,False,False,False,False,5,False,True,False,107,False,won
TXN102213,MERCH_ECOM_03,2025-06-04T17:00:00+00:00,unrecognized_transaction,1371.93,False,False,False,True,False,2,False,False,False,26,False,lost
TXN102214,MERCH_DIGITAL_04,2025-03-05T09:00:00+00:00,item_not_received,1547.48,True,False,False,True,True,4,True,False,False,117,False,won
TXN102215,MERCH_SAAS_02,2025-05-23T21:00:00+00:00,item_not_received,4462.32,False,False,False,False,True,2,False,False,False,38,False,lost
TXN102216,MERCH_RETAIL_01,2025-04-22T04:00:00+00:00,item_not_received,296.59,True,True,False,False,True,2,False,False,False,69,False,won
TXN102217,MERCH_DIGITAL_04,2025-04-11T08:00:00+00:00,unrecognized_transaction,5319.42,False,False,False,False,True,4,True,False,False,80,False,lost
TXN102218,MERCH_DIGITAL_04,2025-01-21T14:00:00+00:00,item_not_as_described,5684.93,False,False,False,True,False,8,False,False,False,160,False,lost
TXN102219,MERCH_RETAIL_01,2025-05-31T10:00:00+00:00,item_not_as_described,5338.19,False,False,False,True,True,1,True,False,False,30,False,won
TXN102220,MERCH_ECOM_03,2025-03-24T11:00:00+00:00,item_not_received,3184.22,False,False,False,False,True,3,False,False,False,98,False,lost
TXN102221,MERCH_RETAIL_01,2025-02-08T21:00:00+00:00,item_not_received,2195.81,False,False,False,True,True,1,False,False,False,142,False,lost
TXN102222,MERCH_RETAIL_01,2025-05-29T13:00:00+00:00,item_not_as_described,3710.73,False,False,False,False,False,1,True,False,False,32,False,lost
TXN102223,MERCH_ECOM_03,2025-05-15T02:00:00+00:00,item_not_received,790.64,True,True,True,True,True,2,False,False,False,46,False,won
TXN102224,MERCH_RETAIL_01,2025-02-08T03:00:00+00:00,unrecognized_transaction,2835.92,False,False,False,False,False,3,True,False,False,142,False,lost
TXN102225,MERCH_RETAIL_01,2025-05-04T17:00:00+00:00,item_not_as_described,1371.21,True,True,True,True,False,2,False,False,False,57,False,lost
TXN102226,MERCH_RETAIL_01,2025-04-25T00:00:00+00:00,item_not_received,3953.54,True,True,True,True,False,5,True,False,False,66,False,won
TXN102227,MERCH_DIGITAL_04,2025-01-12T06:00:00+00:00,subscription_cancelled,6193.57,False,False,False,False,False,4,False,False,False,169,False,lost
TXN102228,MERCH_SAAS_02,2025-02-03T06:00:00+00:00,item_not_received,3003.41,False,False,False,True,False,1,True,False,False,147,False,lost
TXN102229,MERCH_ECOM_03,2025-02-14T04:00:00+00:00,unrecognized_transaction,5363.86,True,True,False,True,True,2,False,False,False,136,False,lost
TXN102230,MERCH_ECOM_03,2025-01-10T03:00:00+00:00,unrecognized_transaction,1070.76,True,True,True,True,True,1,True,False,False,171,False,lost
TXN102231,MERCH_ECOM_03,2025-04-16T18:00:00+00:00,item_not_as_described,411.92,True,True,False,True,True,1,True,False,False,75,False,lost
TXN102232,MERCH_ECOM_03,2025-03-30T22:00:00+00:00,subscription_cancelled,2455.95,True,False,True,True,True,1,False,False,True,92,False,lost
TXN102233,MERCH_RETAIL_01,2025-03-24T02:00:00+00:00,item_not_received,2693.78,False,False,False,True,False,5,False,False,False,98,False,lost
TXN102234,MERCH_SAAS_02,2025-04-29T17:00:00+00:00,duplicate_charge,2008.18,False,False,False,True,True,3,True,True,False,62,False,won
TXN102235,MERCH_RETAIL_01,2025-03-29T16:00:00+00:00,subscription_cancelled,1917.88,False,False,False,True,True,9,False,False,False,93,False,lost
TXN102236,MERCH_SAAS_02,2025-03-30T01:00:00+00:00,item_not_received,2494.29,False,False,False,True,True,4,True,False,False,92,False,lost
TXN102237,MERCH_RETAIL_01,2025-06-03T15:00:00+00:00,unrecognized_transaction,4546.38,True,True,True,False,True,5,False,False,False,27,False,lost
TXN102238,MERCH_SAAS_02,2025-01-03T15:00:00+00:00,item_not_received,1142.39,False,True,True,False,False,1,False,False,False,178,True,lost
TXN102239,MERCH_RETAIL_01,2025-05-19T10:00:00+00:00,item_not_received,4380.52,True,False,False,True,False,1,False,False,False,42,False,lost
TXN102240,MERCH_SAAS_02,2025-02-15T05:00:00+00:00,item_not_received,1758.49,True,True,True,True,True,2,False,False,False,135,False,won
TXN102241,MERCH_ECOM_03,2025-04-11T13:00:00+00:00,duplicate_charge,4264.82,False,False,False,False,True,4,True,True,False,80,False,won
TXN102242,MERCH_DIGITAL_04,2025-06-23T13:00:00+00:00,item_not_received,1546.38,False,False,False,True,True,0,False,False,False,7,False,lost
TXN102243,MERCH_SAAS_02,2025-02-24T20:00:00+00:00,item_not_received,3670.7,True,False,True,True,True,6,False,False,False,126,False,won
TXN102244,MERCH_RETAIL_01,2025-06-29T04:00:00+00:00,unrecognized_transaction,2119.33,False,False,False,True,True,0,True,False,False,1,False,lost
TXN102245,MERCH_SAAS_02,2025-02-09T19:00:00+00:00,item_not_as_described,5047.59,True,True,False,True,False,4,True,False,False,141,False,won
TXN102246,MERCH_SAAS_02,2025-04-07T02:00:00+00:00,unrecognized_transaction,3837.28,True,False,False,True,True,1,False,False,False,84,False,won
TXN102247,MERCH_SAAS_02,2025-03-16T18:00:00+00:00,subscription_cancelled,3169.49,True,True,False,True,True,3,False,False,True,106,False,won
TXN102248,MERCH_RETAIL_01,2025-06-23T12:00:00+00:00,item_not_received,1134.56,True,False,False,False,False,5,False,False,False,7,False,won
TXN102249,MERCH_ECOM_03,2025-02-07T00:00:00+00:00,item_not_received,1578.35,False,False,False,True,False,4,True,False,False,143,False,lost
TXN102250,MERCH_DIGITAL_04,2025-01-23T07:00:00+00:00,item_not_received,784.33,True,True,True,True,True,3,False,False,False,158,False,won
TXN102251,MERCH_RETAIL_01,2025-06-21T00:00:00+00:00,item_not_as_described,2295.31,True,True,True,False,False,1,False,False,False,9,False,lost
TXN102252,MERCH_RETAIL_01,2025-01-14T05:00:00+00:00,unrecognized_transaction,651.52,False,False,False,True,True,1,False,False,False,167,False,lost
TXN102253,MERCH_ECOM_03,2025-05-07T18:00:00+00:00,item_not_received,2155.66,True,True,True,True,True,1,False,False,False,54,False,won
TXN102254,MERCH_RETAIL_01,2025-01-25T03:00:00+00:00,item_not_received,7217.09,False,False,False,True,True,3,False,False,False,156,False,lost
TXN102255,MERCH_SAAS_02,2025-02-13T16:00:00+00:00,duplicate_charge,4912.72,False,False,False,True,True,6,True,True,False,137,False,won
TXN102256,MERCH_RETAIL_01,2025-06-18T23:00:00+00:00,item_not_received,5742.46,True,True,True,True,True,9,False,False,False,12,False,won
TXN102257,MERCH_RETAIL_01,2025-03-16T00:00:00+00:00,duplicate_charge,1743.62,True,False,False,True,True,2,False,False,False,106,False,lost
TXN102258,MERCH_RETAIL_01,2025-04-25T13:00:00+00:00,subscription_cancelled,1506.2,True,True,False,True,True,3,False,False,True,66,False,won
TXN102259,MERCH_SAAS_02,2025-06-17T12:00:00+00:00,duplicate_charge,580.67,False,False,False,True,True,0,True,True,False,13,False,won
TXN102260,MERCH_RETAIL_01,2025-06-25T01:00:00+00:00,item_not_as_described,2433.39,True,True,False,True,True,3,True,False,False,5,False,lost
TXN102261,MERCH_SAAS_02,2025-04-04T16:00:00+00:00,unrecognized_transaction,1391.94,True,True,False,False,True,2,False,False,False,87,False,lost
TXN102262,MERCH_RETAIL_01,2025-03-25T05:00:00+00:00,unrecognized_transaction,2022.53,True,False,True,True,True,1,True,False,False,97,False,won
TXN102263,MERCH_ECOM_03,2025-05-23T13:00:00+00:00,subscription_cancelled,948.9,True,True,False,False,True,0,False,False,False,38,False,lost
TXN102264,MERCH_ECOM_03,2025-06-02T15:00:00+00:00,duplicate_charge,1726.89,False,False,False,True,True,4,False,True,False,28,False,won
TXN102265,MERCH_SAAS_02,2025-04-06T17:00:00+00:00,item_not_received,1559.29,True,False,True,True,True,3,False,False,False,85,False,lost
TXN102266,MERCH_SAAS_02,2025-05-28T06:00:00+00:00,subscription_cancelled,1566.11,False,False,False,True,False,2,True,False,True,33,False,won
TXN102267,MERCH_SAAS_02,2025-02-06T17:00:00+00:00,item_not_as_described,620.76,True,False,False,True,True,3,True,False,False,144,False,won
TXN102268,MERCH_RETAIL_01,2025-01-16T03:00:00+00:00,item_not_as_described,4121.24,False,False,True,False,False,7,True,False,False,165,True,won
TXN102269,MERCH_DIGITAL_04,2025-02-14T10:00:00+00:00,item_not_received,2506.65,False,False,False,True,True,4,True,False,False,136,False,lost
TXN102270,MERCH_RETAIL_01,2025-06-28T02:00:00+00:00,item_not_received,1822.16,False,False,False,True,False,4,True,False,False,2,False,lost
TXN102271,MERCH_RETAIL_01,2025-02-19T13:00:00+00:00,item_not_as_described,577.49,True,False,False,False,False,3,False,False,False,131,False,lost
TXN102272,MERCH_SAAS_02,2025-03-25T07:00:00+00:00,item_not_received,6347.42,False,False,False,True,True,3,True,False,False,97,False,lost
TXN102273,MERCH_SAAS_02,2025-03-29T09:00:00+00:00,unrecognized_transaction,2569.07,True,True,True,True,False,2,False,False,False,93,False,lost
TXN102274,MERCH_RETAIL_01,2025-03-09T11:00:00+00:00,duplicate_charge,743.41,True,True,False,False,False,5,False,True,False,113,False,won
TXN102275,MERCH_RETAIL_01,2025-02-18T07:00:00+00:00,item_not_received,4893.95,False,False,False,True,False,3,False,False,False,132,False,lost
TXN102276,MERCH_DIGITAL_04,2025-01-16T11:00:00+00:00,unrecognized_transaction,395.08,True,True,True,True,True,2,False,False,False,165,False,lost
TXN102277,MERCH_RETAIL_01,2025-04-09T08:00:00+00:00,duplicate_charge,826.64,False,False,False,False,True,2,False,False,False,82,False,lost
TXN102278,MERCH_DIGITAL_04,2025-04-16T04:00:00+00:00,unrecognized_transaction,2719.9,True,False,False,True,True,6,False,False,False,75,False,won
TXN102279,MERCH_SAAS_02,2025-06-16T01:00:00+00:00,item_not_received,370.53,True,False,True,True,True,6,True,False,False,14,False,won
TXN102280,MERCH_ECOM_03,2025-03-05T17:00:00+00:00,duplicate_charge,689.44,False,False,False,True,True,1,True,True,False,117,False,won
TXN102281,MERCH_RETAIL_01,2025-02-18T03:00:00+00:00,item_not_received,3261.71,True,True,True,True,True,6,False,False,False,132,False,won
TXN102282,MERCH_ECOM_03,2025-01-17T23:00:00+00:00,duplicate_charge,1604.39,False,False,False,True,True,5,False,True,False,164,False,won
TXN102283,MERCH_RETAIL_01,2025-05-15T12:00:00+00:00,item_not_received,1099.34,True,True,True,True,False,4,False,False,False,46,False,lost
TXN102284,MERCH_ECOM_03,2025-03-05T05:00:00+00:00,item_not_received,1114.34,False,False,False,True,True,5,True,False,False,117,False,lost
TXN102285,MERCH_RETAIL_01,2025-03-09T06:00:00+00:00,duplicate_charge,1248.73,True,True,True,False,True,2,True,True,False,113,False,won
TXN102286,MERCH_DIGITAL_04,2025-05-04T10:00:00+00:00,item_not_received,3963.39,True,False,False,True,True,4,False,False,False,57,False,won
TXN102287,MERCH_SAAS_02,2025-04-25T05:00:00+00:00,unrecognized_transaction,1709.68,False,False,False,True,True,3,False,False,False,66,False,won
TXN102288,MERCH_SAAS_02,2025-01-04T17:00:00+00:00,unrecognized_transaction,2003.96,False,False,False,True,False,8,False,False,False,177,False,lost
TXN102289,MERCH_SAAS_02,2025-01-10T07:00:00+00:00,item_not_as_described,3709.58,True,True,False,True,False,1,True,False,False,171,False,lost
TXN102290,MERCH_SAAS_02,2025-01-27T05:00:00+00:00,duplicate_charge,1131.39,True,True,False,True,True,3,False,True,False,154,False,won
TXN102291,MERCH_RETAIL_01,2025-04-22T05:00:00+00:00,duplicate_charge,4599.87,False,False,False,True,True,4,True,False,False,69,False,lost
TXN102292,MERCH_SAAS_02,2025-03-18T16:00:00+00:00,unrecognized_transaction,3623.18,True,False,True,False,False,5,False,False,False,104,False,lost
TXN102293,MERCH_SAAS_02,2025-05-11T13:00:00+00:00,item_not_received,3874.26,True,True,False,False,False,5,False,False,False,50,False,won
TXN102294,MERCH_RETAIL_01,2025-06-05T09:00:00+00:00,unrecognized_transaction,2876.56,True,True,False,True,True,5,True,False,False,25,False,won
TXN102295,MERCH_RETAIL_01,2025-06-22T11:00:00+00:00,unrecognized_transaction,1983.62,True,True,False,False,False,1,False,False,False,8,False,lost
TXN102296,MERCH_DIGITAL_04,2025-01-30T13:00:00+00:00,item_not_received,3510.3,True,True,False,True,False,2,True,False,False,151,False,lost
TXN102297,MERCH_ECOM_03,2025-06-26T13:00:00+00:00,item_not_received,1758.11,False,False,False,True,True,4,True,False,False,4,False,lost
TXN102298,MERCH_SAAS_02,2025-01-03T22:00:00+00:00,item_not_received,3187.52,True,True,True,True,True,3,False,False,False,178,False,lost
TXN102299,MERCH_DIGITAL_04,2025-02-23T09:00:00+00:00,item_not_received,3921.18,True,True,False,True,True,7,False,False,False,127,False,won
TXN102300,MERCH_DIGITAL_04,2025-05-14T23:00:00+00:00,duplicate_charge,2224.92,True,True,True,False,True,2,False,True,False,47,False,won
TXN102301,MERCH_SAAS_02,2025-01-03T06:00:00+00:00,item_not_as_described,1992.64,True,True,True,True,True,11,True,False,False,178,False,won
TXN102302,MERCH_ECOM_03,2025-04-23T05:00:00+00:00,duplicate_charge,3380.62,True,True,False,False,True,3,True,True,False,68,False,won
TXN102303,MERCH_ECOM_03,2025-05-27T09:00:00+00:00,duplicate_charge,3924.09,True,False,True,True,True,7,False,True,False,34,False,won
TXN102304,MERCH_ECOM_03,2025-04-13T10:00:00+00:00,unrecognized_transaction,1073.9,True,True,True,True,False,8,False,False,False,78,False,won
TXN102305,MERCH_RETAIL_01,2025-03-01T00:00:00+00:00,duplicate_charge,7517.97,True,True,True,False,False,5,False,True,False,121,False,won
TXN102306,MERCH_RETAIL_01,2025-06-21T20:00:00+00:00,item_not_as_described,1438.84,False,False,False,False,True,3,False,False,False,9,False,won
TXN102307,MERCH_SAAS_02,2025-05-02T16:00:00+00:00,duplicate_charge,2670.85,False,False,False,True,False,0,False,True,False,59,False,won
TXN102308,MERCH_ECOM_03,2025-03-21T13:00:00+00:00,unrecognized_transaction,626.04,False,False,False,False,False,3,False,False,False,101,False,lost
TXN102309,MERCH_DIGITAL_04,2025-04-28T18:00:00+00:00,item_not_as_described,602.44,False,False,False,True,False,5,True,False,False,63,False,won
TXN102310,MERCH_RETAIL_01,2025-01-31T03:00:00+00:00,item_not_received,767.3,True,True,True,True,True,5,False,False,False,150,False,lost
TXN102311,MERCH_RETAIL_01,2025-04-18T10:00:00+00:00,subscription_cancelled,2791.09,True,False,False,True,True,4,False,False,True,73,False,won
TXN102312,MERCH_RETAIL_01,2025-04-28T00:00:00+00:00,unrecognized_transaction,1289.59,False,False,False,False,True,4,True,False,False,63,False,won
TXN102313,MERCH_RETAIL_01,2025-01-17T05:00:00+00:00,unrecognized_transaction,4248.39,True,True,True,True,False,5,True,False,False,164,False,lost
TXN102314,MERCH_DIGITAL_04,2025-05-25T15:00:00+00:00,unrecognized_transaction,856.52,True,True,False,True,True,1,False,False,False,36,False,lost
TXN102315,MERCH_ECOM_03,2025-04-08T13:00:00+00:00,unrecognized_transaction,2823.05,False,False,False,True,False,6,True,False,False,83,False,lost
TXN102316,MERCH_ECOM_03,2025-06-10T05:00:00+00:00,item_not_received,1852.17,True,True,True,False,True,2,False,False,False,20,False,won
TXN102317,MERCH_SAAS_02,2025-01-09T03:00:00+00:00,unrecognized_transaction,350.03,False,False,False,False,False,4,False,False,False,172,False,lost
TXN102318,MERCH_SAAS_02,2025-05-14T09:00:00+00:00,item_not_received,1222.31,False,False,False,False,True,2,False,False,False,47,False,lost
TXN102319,MERCH_RETAIL_01,2025-06-05T14:00:00+00:00,item_not_received,631.33,False,False,False,False,False,0,True,False,False,25,False,won
TXN102320,MERCH_SAAS_02,2025-01-03T16:00:00+00:00,item_not_as_described,1193.33,True,True,False,True,False,3,False,False,False,178,False,lost
TXN102321,MERCH_RETAIL_01,2025-03-13T00:00:00+00:00,item_not_as_described,3068.84,True,True,False,False,True,2,False,False,False,109,False,lost
TXN102322,MERCH_RETAIL_01,2025-06-27T05:00:00+00:00,item_not_received,1985.48,True,True,False,True,True,6,False,False,False,3,False,won
TXN102323,MERCH_RETAIL_01,2025-05-23T11:00:00+00:00,item_not_received,2295.97,False,False,False,True,True,6,False,False,False,38,False,won
TXN102324,MERCH_RETAIL_01,2025-04-05T00:00:00+00:00,item_not_received,1424.11,True,False,False,True,True,5,True,False,False,86,False,won
TXN102325,MERCH_ECOM_03,2025-03-01T14:00:00+00:00,unrecognized_transaction,7498.96,True,True,False,False,True,1,False,False,False,121,False,lost
TXN102326,MERCH_ECOM_03,2025-02-21T00:00:00+00:00,item_not_received,2648.31,True,True,False,False,False,3,False,False,False,129,False,won
TXN102327,MERCH_SAAS_02,2025-03-25T11:00:00+00:00,unrecognized_transaction,1287.37,False,False,False,True,False,2,True,False,False,97,False,lost
TXN102328,MERCH_ECOM_03,2025-01-07T14:00:00+00:00,item_not_received,883.51,False,True,True,False,False,4,True,False,False,174,True,won
TXN102329,MERCH_SAAS_02,2025-01-23T17:00:00+00:00,item_not_received,1492.97,True,True,True,True,True,2,True,False,False,158,False,lost
TXN102330,MERCH_RETAIL_01,2025-06-23T15:00:00+00:00,duplicate_charge,1641.34,True,True,True,True,True,7,True,True,False,7,False,won
TXN102331,MERCH_RETAIL_01,2025-01-23T18:00:00+00:00,subscription_cancelled,3818.91,True,True,False,True,True,3,False,False,False,158,False,lost
TXN102332,MERCH_ECOM_03,2025-06-17T19:00:00+00:00,item_not_received,1064.14,False,False,False,True,False,9,False,False,False,13,False,lost
TXN102333,MERCH_RETAIL_01,2025-04-16T05:00:00+00:00,item_not_as_described,3707.02,False,False,False,False,True,3,False,False,False,75,False,won
TXN102334,MERCH_SAAS_02,2025-04-06T09:00:00+00:00,unrecognized_transaction,584.27,True,False,False,True,False,4,False,False,False,85,False,won
TXN102335,MERCH_RETAIL_01,2025-02-16T02:00:00+00:00,duplicate_charge,5187.64,True,False,True,True,True,5,True,True,False,134,False,won
TXN102336,MERCH_RETAIL_01,2025-05-11T07:00:00+00:00,item_not_received,4981.39,False,False,False,False,True,3,True,False,False,50,False,lost
TXN102337,MERCH_ECOM_03,2025-04-27T03:00:00+00:00,item_not_received,2001.95,True,True,False,False,True,2,True,False,False,64,False,won
TXN102338,MERCH_RETAIL_01,2025-02-08T22:00:00+00:00,item_not_received,1553.35,False,False,False,True,False,2,True,False,False,142,False,lost
TXN102339,MERCH_DIGITAL_04,2025-02-13T13:00:00+00:00,item_not_as_described,687.12,False,False,False,True,False,2,False,False,False,137,False,lost
TXN102340,MERCH_RETAIL_01,2025-05-02T04:00:00+00:00,duplicate_charge,921.24,True,False,True,True,False,5,False,True,False,59,False,won
TXN102341,MERCH_SAAS_02,2025-04-21T15:00:00+00:00,unrecognized_transaction,3200.57,False,False,False,True,True,3,True,False,False,70,False,won
TXN102342,MERCH_RETAIL_01,2025-01-02T21:00:00+00:00,item_not_received,2309.93,True,True,False,True,False,5,False,False,False,179,False,lost
TXN102343,MERCH_DIGITAL_04,2025-02-28T21:00:00+00:00,subscription_cancelled,1088.16,False,False,False,False,True,3,True,False,True,122,False,won
TXN102344,MERCH_RETAIL_01,2025-02-13T22:00:00+00:00,subscription_cancelled,1710.43,True,True,False,True,True,2,True,False,True,137,False,won
TXN102345,MERCH_DIGITAL_04,2025-06-17T10:00:00+00:00,item_not_received,1813.6,True,True,True,True,True,7,False,False,False,13,False,won
TXN102346,MERCH_DIGITAL_04,2025-05-14T00:00:00+00:00,subscription_cancelled,1986.28,False,False,False,False,False,6,True,False,False,47,False,won
TXN102347,MERCH_RETAIL_01,2025-05-06T15:00:00+00:00,item_not_received,4911.95,False,False,False,True,False,6,True,False,False,55,False,lost
TXN102348,MERCH_SAAS_02,2025-02-13T00:00:00+00:00,item_not_received,3788.83,True,True,True,False,True,3,False,False,False,137,False,lost
TXN102349,MERCH_SAAS_02,2025-05-09T13:00:00+00:00,item_not_received,7508.52,False,False,False,True,True,6,False,False,False,52,False,lost
TXN102350,MERCH_RETAIL_01,2025-04-08T14:00:00+00:00,item_not_as_described,394.6,True,True,False,False,True,7,True,False,False,83,False,won
TXN102351,MERCH_ECOM_03,2025-04-02T18:00:00+00:00,subscription_cancelled,5707.68,False,False,False,True,True,1,False,False,False,89,False,lost
TXN102352,MERCH_SAAS_02,2025-01-22T10:00:00+00:00,item_not_received,2562.68,False,False,False,False,True,4,True,False,False,159,False,lost
TXN102353,MERCH_RETAIL_01,2025-02-28T17:00:00+00:00,item_not_as_described,4747.56,False,False,False,True,True,5,False,False,False,122,False,lost
TXN102354,MERCH_ECOM_03,2025-05-21T06:00:00+00:00,unrecognized_transaction,3128.69,False,False,False,True,True,3,False,False,False,40,False,won
TXN102355,MERCH_ECOM_03,2025-01-08T09:00:00+00:00,unrecognized_transaction,1571.6,True,False,True,True,True,2,False,False,False,173,False,lost
TXN102356,MERCH_SAAS_02,2025-06-16T12:00:00+00:00,item_not_received,575.85,False,False,False,False,True,3,False,False,False,14,False,lost
TXN102357,MERCH_SAAS_02,2025-05-27T01:00:00+00:00,duplicate_charge,3169.22,True,True,False,False,False,4,False,False,False,34,False,lost
TXN102358,MERCH_SAAS_02,2025-05-25T13:00:00+00:00,unrecognized_transaction,611.27,False,False,False,False,True,9,False,False,False,36,False,won
TXN102359,MERCH_RETAIL_01,2025-05-28T01:00:00+00:00,subscription_cancelled,740.29,False,False,False,True,False,4,False,False,False,33,False,won
TXN102360,MERCH_ECOM_03,2025-06-14T04:00:00+00:00,unrecognized_transaction,3525.25,True,True,True,True,True,5,False,False,False,16,False,won
TXN102361,MERCH_RETAIL_01,2025-04-16T00:00:00+00:00,item_not_received,2220.18,True,True,False,False,True,5,False,False,False,75,False,won
TXN102362,MERCH_ECOM_03,2025-01-26T12:00:00+00:00,item_not_as_described,1263.37,True,True,False,True,True,2,True,False,False,155,False,lost
TXN102363,MERCH_RETAIL_01,2025-04-28T17:00:00+00:00,item_not_as_described,3958.65,True,True,True,True,True,3,True,False,False,63,False,lost
TXN102364,MERCH_RETAIL_01,2025-06-24T16:00:00+00:00,item_not_received,925.83,False,False,False,True,True,4,True,False,False,6,False,lost
TXN102365,MERCH_RETAIL_01,2025-03-22T17:00:00+00:00,duplicate_charge,415.42,True,False,False,True,True,2,False,True,False,100,False,won
TXN102366,MERCH_RETAIL_01,2025-06-16T18:00:00+00:00,duplicate_charge,5688.26,True,False,False,True,True,1,False,False,False,14,False,lost
TXN102367,MERCH_RETAIL_01,2025-06-04T09:00:00+00:00,unrecognized_transaction,4397.09,False,False,False,True,True,4,True,False,False,26,False,won
TXN102368,MERCH_ECOM_03,2025-06-15T00:00:00+00:00,subscription_cancelled,2743.33,True,False,False,False,True,4,True,False,True,15,False,won
TXN102369,MERCH_SAAS_02,2025-01-21T11:00:00+00:00,item_not_received,3044.73,False,False,False,False,True,0,True,False,False,160,False,lost
TXN102370,MERCH_DIGITAL_04,2025-02-22T01:00:00+00:00,item_not_received,1782.84,False,False,False,True,True,4,False,False,False,128,False,lost
TXN102371,MERCH_ECOM_03,2025-04-21T11:00:00+00:00,item_not_as_described,388.73,False,False,False,True,False,4,True,False,False,70,False,won
TXN102372,MERCH_DIGITAL_04,2025-02-21T20:00:00+00:00,duplicate_charge,3616.64,True,False,True,True,True,3,True,True,False,129,False,won
TXN102373,MERCH_ECOM_03,2025-02-18T10:00:00+00:00,item_not_received,3603.59,True,True,False,True,True,3,False,False,False,132,False,won
TXN102374,MERCH_ECOM_03,2025-05-16T17:00:00+00:00,item_not_received,2566.17,True,True,True,True,True,3,True,False,False,45,False,won
TXN102375,MERCH_RETAIL_01,2025-04-16T17:00:00+00:00,item_not_as_described,766.37,False,False,False,True,True,5,False,False,False,75,False,lost
TXN102376,MERCH_SAAS_02,2025-04-10T13:00:00+00:00,unrecognized_transaction,5040.56,True,True,True,True,False,4,False,False,False,81,False,lost
TXN102377,MERCH_RETAIL_01,2025-05-15T22:00:00+00:00,item_not_received,10685.65,True,True,False,False,False,3,False,False,False,46,False,won
TXN102378,MERCH_ECOM_03,2025-02-07T18:00:00+00:00,duplicate_charge,220.71,False,False,False,False,False,2,False,True,False,143,False,won
TXN102379,MERCH_SAAS_02,2025-06-07T12:00:00+00:00,subscription_cancelled,1721.75,True,True,True,True,True,3,False,False,True,23,False,won
TXN102380,MERCH_RETAIL_01,2025-01-19T03:00:00+00:00,item_not_received,1707.37,True,True,True,False,True,3,False,False,False,162,False,won
TXN102381,MERCH_ECOM_03,2025-05-23T16:00:00+00:00,item_not_as_described,1383.13,True,False,True,False,True,7,False,False,False,38,False,won
TXN102382,MERCH_RETAIL_01,2025-05-21T22:00:00+00:00,item_not_as_described,395.1,False,False,False,True,True,7,False,False,False,40,False,lost
TXN102383,MERCH_SAAS_02,2025-03-27T17:00:00+00:00,duplicate_charge,2928.28,True,True,False,False,True,1,False,False,False,95,False,lost
TXN102384,MERCH_SAAS_02,2025-02-15T03:00:00+00:00,unrecognized_transaction,2883.8,True,True,True,False,True,0,False,False,False,135,False,lost
TXN102385,MERCH_RETAIL_01,2025-01-12T20:00:00+00:00,duplicate_charge,2122.63,True,True,True,True,True,3,True,True,False,169,False,won
TXN102386,MERCH_ECOM_03,2025-05-11T22:00:00+00:00,item_not_as_described,4736.81,True,True,False,True,False,1,False,False,False,50,False,lost
TXN102387,MERCH_ECOM_03,2025-05-19T11:00:00+00:00,item_not_received,421.7,False,False,False,False,True,6,True,False,False,42,False,lost
TXN102388,MERCH_RETAIL_01,2025-03-19T14:00:00+00:00,unrecognized_transaction,5740.87,False,False,False,True,True,1,False,False,False,103,False,lost
TXN102389,MERCH_RETAIL_01,2025-06-11T08:00:00+00:00,subscription_cancelled,1541.11,True,True,False,False,True,6,False,False,False,19,False,lost
TXN102390,MERCH_RETAIL_01,2025-03-25T20:00:00+00:00,unrecognized_transaction,665.04,False,True,True,False,True,5,True,False,False,97,True,won
TXN102391,MERCH_ECOM_03,2025-03-06T07:00:00+00:00,unrecognized_transaction,1228.6,True,True,True,True,True,4,False,False,False,116,False,won
TXN102392,MERCH_RETAIL_01,2025-01-19T09:00:00+00:00,item_not_as_described,2044.55,True,True,True,False,True,4,True,False,False,162,False,lost
TXN102393,MERCH_ECOM_03,2025-06-27T05:00:00+00:00,item_not_as_described,5395.41,True,True,False,True,True,2,False,False,False,3,False,won
TXN102394,MERCH_RETAIL_01,2025-05-12T19:00:00+00:00,item_not_received,960.31,True,False,False,False,False,3,True,False,False,49,False,won
TXN102395,MERCH_ECOM_03,2025-02-06T10:00:00+00:00,unrecognized_transaction,4597.17,False,False,False,True,False,3,True,False,False,144,False,lost
TXN102396,MERCH_ECOM_03,2025-01-23T09:00:00+00:00,item_not_received,1750.76,False,False,False,True,True,2,True,False,False,158,False,lost
TXN102397,MERCH_RETAIL_01,2025-02-04T13:00:00+00:00,duplicate_charge,1198.09,False,False,False,True,True,4,True,True,False,146,False,won
TXN102398,MERCH_ECOM_03,2025-02-24T07:00:00+00:00,item_not_received,2951.81,True,True,True,True,True,4,False,False,False,126,False,won
TXN102399,MERCH_RETAIL_01,2025-06-02T17:00:00+00:00,unrecognized_transaction,938.81,True,True,True,True,True,3,False,False,False,28,False,won
TXN102400,MERCH_RETAIL_01,2025-06-23T16:00:00+00:00,item_not_received,4462.23,False,False,False,True,False,1,True,False,False,7,False,won
TXN102401,MERCH_RETAIL_01,2025-04-07T05:00:00+00:00,unrecognized_transaction,9535.93,True,True,True,False,False,3,True,False,False,84,False,won
TXN102402,MERCH_SAAS_02,2025-06-08T14:00:00+00:00,item_not_received,350.85,True,True,False,True,False,2,False,False,False,22,False,lost
TXN102403,MERCH_DIGITAL_04,2025-06-22T04:00:00+00:00,unrecognized_transaction,2967.13,True,True,False,True,False,4,True,False,False,8,False,won
TXN102404,MERCH_DIGITAL_04,2025-04-29T22:00:00+00:00,item_not_as_described,2496.76,True,True,False,True,True,5,True,False,False,62,False,won
TXN102405,MERCH_SAAS_02,2025-03-31T14:00:00+00:00,subscription_cancelled,910.34,True,False,False,True,False,3,False,False,True,91,False,won
TXN102406,MERCH_ECOM_03,2025-03-11T21:00:00+00:00,item_not_as_described,4006.55,False,False,False,False,True,6,True,False,False,111,False,lost
TXN102407,MERCH_RETAIL_01,2025-02-03T12:00:00+00:00,item_not_received,2458.16,True,True,False,False,True,6,False,False,False,147,False,won
TXN102408,MERCH_RETAIL_01,2025-02-26T09:00:00+00:00,duplicate_charge,1363.49,True,True,True,True,False,0,True,True,False,124,False,won
TXN102409,MERCH_RETAIL_01,2025-05-23T12:00:00+00:00,item_not_as_described,1190.15,False,False,False,True,True,2,False,False,False,38,False,lost
TXN102410,MERCH_RETAIL_01,2025-06-14T11:00:00+00:00,duplicate_charge,1126.68,False,False,True,True,False,5,False,True,False,16,True,won
TXN102411,MERCH_RETAIL_01,2025-03-13T13:00:00+00:00,duplicate_charge,1556.13,False,False,False,False,True,3,True,True,False,109,False,lost
TXN102412,MERCH_ECOM_03,2025-05-01T13:00:00+00:00,unrecognized_transaction,4380.45,True,True,True,False,True,4,False,False,False,60,False,won
TXN102413,MERCH_SAAS_02,2025-01-03T19:00:00+00:00,item_not_received,1266.16,False,False,False,True,True,5,True,False,False,178,False,won
TXN102414,MERCH_ECOM_03,2025-01-13T23:00:00+00:00,item_not_as_described,481.19,True,True,False,True,True,1,True,False,False,168,False,lost
TXN102415,MERCH_SAAS_02,2025-05-05T11:00:00+00:00,item_not_received,1629.65,False,False,False,True,True,2,False,False,False,56,False,lost
TXN102416,MERCH_SAAS_02,2025-05-04T11:00:00+00:00,subscription_cancelled,6621.21,True,True,True,True,False,3,True,False,True,57,False,won
TXN102417,MERCH_DIGITAL_04,2025-02-11T10:00:00+00:00,unrecognized_transaction,2337.43,False,False,False,False,True,3,True,False,False,139,False,lost
TXN102418,MERCH_SAAS_02,2025-03-07T01:00:00+00:00,subscription_cancelled,1641.21,True,True,False,True,True,4,True,False,False,115,False,lost
TXN102419,MERCH_ECOM_03,2025-05-11T19:00:00+00:00,unrecognized_transaction,2464.09,True,True,False,True,True,3,False,False,False,50,False,won
TXN102420,MERCH_SAAS_02,2025-04-30T09:00:00+00:00,item_not_received,5861.0,True,True,False,True,True,5,True,False,False,61,False,won
TXN102421,MERCH_ECOM_03,2025-06-16T23:00:00+00:00,item_not_as_described,1700.09,True,True,False,False,True,3,False,False,False,14,False,won
TXN102422,MERCH_DIGITAL_04,2025-05-30T13:00:00+00:00,item_not_received,2181.51,True,True,True,False,True,6,True,False,False,31,False,won
TXN102423,MERCH_DIGITAL_04,2025-04-28T18:00:00+00:00,unrecognized_transaction,4214.11,True,True,False,False,True,4,False,False,False,63,False,lost
TXN102424,MERCH_SAAS_02,2025-01-22T20:00:00+00:00,item_not_as_described,1869.6,True,True,True,True,True,5,False,False,False,159,False,lost
TXN102425,MERCH_SAAS_02,2025-01-13T11:00:00+00:00,subscription_cancelled,4366.93,True,True,False,False,True,2,True,False,False,168,False,lost
TXN102426,MERCH_SAAS_02,2025-03-18T00:00:00+00:00,item_not_received,697.98,False,False,False,False,False,6,False,False,False,104,False,lost
TXN102427,MERCH_ECOM_03,2025-06-27T12:00:00+00:00,subscription_cancelled,2331.7,False,False,True,True,False,5,True,False,False,3,True,won
TXN102428,MERCH_ECOM_03,2025-04-27T21:00:00+00:00,duplicate_charge,2524.57,True,True,True,True,True,4,False,True,False,64,False,won
TXN102429,MERCH_RETAIL_01,2025-06-18T09:00:00+00:00,item_not_received,2555.56,True,False,True,True,True,4,False,False,False,12,False,won
TXN102430,MERCH_ECOM_03,2025-06-07T15:00:00+00:00,duplicate_charge,1125.68,False,False,False,False,True,2,True,True,False,23,False,won
TXN102431,MERCH_ECOM_03,2025-04-25T23:00:00+00:00,subscription_cancelled,940.64,True,True,True,True,False,3,False,False,False,66,False,lost
TXN102432,MERCH_ECOM_03,2025-03-13T09:00:00+00:00,item_not_received,3389.85,True,True,False,True,False,4,False,False,False,109,False,won
TXN102433,MERCH_RETAIL_01,2025-03-24T23:00:00+00:00,item_not_received,2822.22,False,False,False,False,True,2,False,False,False,98,False,lost
TXN102434,MERCH_RETAIL_01,2025-01-11T19:00:00+00:00,item_not_as_described,1709.93,False,False,False,True,True,1,True,False,False,170,False,lost
TXN102435,MERCH_DIGITAL_04,2025-06-22T06:00:00+00:00,item_not_received,1733.16,False,False,True,False,True,6,False,False,False,8,True,won
TXN102436,MERCH_RETAIL_01,2025-01-30T08:00:00+00:00,unrecognized_transaction,1457.39,True,False,False,True,True,2,True,False,False,151,False,lost
TXN102437,MERCH_ECOM_03,2025-02-20T19:00:00+00:00,item_not_received,2304.64,True,True,False,True,True,6,False,False,False,130,False,won
TXN102438,MERCH_RETAIL_01,2025-01-04T17:00:00+00:00,item_not_received,1681.43,True,False,True,False,True,4,True,False,False,177,False,lost
TXN102439,MERCH_DIGITAL_04,2025-05-24T09:00:00+00:00,duplicate_charge,1299.85,True,True,True,True,False,1,False,True,False,37,False,won
TXN102440,MERCH_DIGITAL_04,2025-04-08T19:00:00+00:00,item_not_as_described,2166.44,False,False,False,True,True,6,False,False,False,83,False,won
TXN102441,MERCH_SAAS_02,2025-01-21T13:00:00+00:00,unrecognized_transaction,2175.33,True,True,False,True,True,3,True,False,False,160,False,won
TXN102442,MERCH_ECOM_03,2025-06-07T15:00:00+00:00,subscription_cancelled,3977.93,False,False,False,True,False,2,False,False,False,23,False,lost
TXN102443,MERCH_RETAIL_01,2025-02-01T06:00:00+00:00,subscription_cancelled,4443.81,True,False,True,True,False,2,True,False,True,149,False,won
TXN102444,MERCH_RETAIL_01,2025-06-21T06:00:00+00:00,unrecognized_transaction,3709.48,True,False,True,False,True,3,True,False,False,9,False,lost
TXN102445,MERCH_ECOM_03,2025-03-21T00:00:00+00:00,item_not_received,6514.1,True,True,False,True,True,1,True,False,False,101,False,won
TXN102446,MERCH_RETAIL_01,2025-06-04T07:00:00+00:00,item_not_received,3095.51,False,False,True,False,True,3,True,False,False,26,True,won
TXN102447,MERCH_RETAIL_01,2025-04-05T05:00:00+00:00,item_not_received,5062.39,False,False,False,True,False,4,True,False,False,86,False,lost
TXN102448,MERCH_RETAIL_01,2025-06-05T12:00:00+00:00,unrecognized_transaction,877.5,True,True,False,True,True,4,True,False,False,25,False,lost
TXN102449,MERCH_RETAIL_01,2025-01-18T23:00:00+00:00,unrecognized_transaction,1252.58,False,False,False,True,False,2,True,False,False,163,False,lost
TXN102450,MERCH_SAAS_02,2025-03-10T00:00:00+00:00,subscription_cancelled,7740.14,True,True,True,False,False,1,False,False,False,112,False,lost
TXN102451,MERCH_SAAS_02,2025-06-16T05:00:00+00:00,item_not_received,2760.14,True,True,False,True,False,3,False,False,False,14,False,won
TXN102452,MERCH_RETAIL_01,2025-03-02T06:00:00+00:00,item_not_received,280.13,True,False,True,True,False,4,True,False,False,120,False,lost
TXN102453,MERCH_RETAIL_01,2025-06-19T02:00:00+00:00,item_not_received,2755.73,False,False,True,False,True,6,True,False,False,11,True,won
TXN102454,MERCH_SAAS_02,2025-02-22T08:00:00+00:00,item_not_received,2028.48,True,True,True,False,True,2,False,False,False,128,False,won
TXN102455,MERCH_RETAIL_01,2025-04-28T18:00:00+00:00,subscription_cancelled,3973.19,False,False,False,True,True,4,False,False,True,63,False,won
TXN102456,MERCH_ECOM_03,2025-04-24T22:00:00+00:00,duplicate_charge,1284.51,True,True,True,True,False,6,False,False,False,67,False,lost
TXN102457,MERCH_RETAIL_01,2025-01-06T17:00:00+00:00,item_not_as_described,2901.07,False,False,False,False,True,1,True,False,False,175,False,lost
TXN102458,MERCH_RETAIL_01,2025-06-18T04:00:00+00:00,duplicate_charge,406.46,True,True,True,True,False,4,False,True,False,12,False,won
TXN102459,MERCH_ECOM_03,2025-01-14T10:00:00+00:00,item_not_received,4107.62,True,True,False,False,True,7,True,False,False,167,False,won
TXN102460,MERCH_SAAS_02,2025-04-18T02:00:00+00:00,item_not_received,2405.59,True,False,True,True,True,5,False,False,False,73,False,won
TXN102461,MERCH_SAAS_02,2025-06-06T00:00:00+00:00,item_not_received,1089.71,True,True,False,True,False,5,False,False,False,24,False,won
TXN102462,MERCH_RETAIL_01,2025-01-09T20:00:00+00:00,subscription_cancelled,4495.31,True,True,False,True,True,4,True,False,True,172,False,won
TXN102463,MERCH_SAAS_02,2025-03-22T11:00:00+00:00,duplicate_charge,3641.48,True,True,True,True,True,2,False,True,False,100,False,won
TXN102464,MERCH_ECOM_03,2025-04-16T11:00:00+00:00,duplicate_charge,1700.44,False,False,False,False,True,7,False,True,False,75,False,won
TXN102465,MERCH_RETAIL_01,2025-03-12T13:00:00+00:00,item_not_received,4012.21,True,True,True,True,True,5,False,False,False,110,False,won
TXN102466,MERCH_DIGITAL_04,2025-03-24T10:00:00+00:00,duplicate_charge,2897.96,False,False,False,True,False,3,False,True,False,98,False,won
TXN102467,MERCH_RETAIL_01,2025-01-17T15:00:00+00:00,unrecognized_transaction,1860.78,False,False,False,True,True,4,True,False,False,164,False,won
TXN102468,MERCH_ECOM_03,2025-02-26T08:00:00+00:00,unrecognized_transaction,4040.09,True,False,True,True,True,6,True,False,False,124,False,won
TXN102469,MERCH_SAAS_02,2025-03-24T12:00:00+00:00,subscription_cancelled,2975.2,True,True,True,True,True,4,True,False,False,98,False,lost
TXN102470,MERCH_RETAIL_01,2025-01-02T20:00:00+00:00,item_not_received,1254.05,False,False,True,True,False,1,True,False,False,179,True,lost
TXN102471,MERCH_SAAS_02,2025-01-05T00:00:00+00:00,item_not_received,1853.66,True,False,True,False,True,4,True,False,False,176,False,won
TXN102472,MERCH_SAAS_02,2025-01-22T20:00:00+00:00,item_not_received,764.15,False,False,False,False,True,6,False,False,False,159,False,lost
TXN102473,MERCH_ECOM_03,2025-01-23T11:00:00+00:00,item_not_received,330.14,True,True,True,False,True,1,False,False,False,158,False,won
TXN102474,MERCH_ECOM_03,2025-06-03T08:00:00+00:00,item_not_received,2300.69,False,False,False,False,True,2,False,False,False,27,False,lost
TXN102475,MERCH_RETAIL_01,2025-05-03T14:00:00+00:00,subscription_cancelled,5103.41,False,False,False,True,False,1,False,False,False,58,False,lost
TXN102476,MERCH_RETAIL_01,2025-03-21T13:00:00+00:00,duplicate_charge,6257.06,True,False,False,True,True,3,True,False,False,101,False,lost
TXN102477,MERCH_SAAS_02,2025-02-11T07:00:00+00:00,item_not_as_described,2111.22,False,False,True,False,False,3,False,False,False,139,True,lost
TXN102478,MERCH_RETAIL_01,2025-05-19T18:00:00+00:00,subscription_cancelled,2290.53,False,False,False,True,False,1,False,False,False,42,False,lost
TXN102479,MERCH_ECOM_03,2025-05-03T14:00:00+00:00,item_not_received,2517.85,False,False,True,True,True,2,True,False,False,58,True,lost
TXN102480,MERCH_RETAIL_01,2025-04-10T00:00:00+00:00,unrecognized_transaction,4209.28,True,True,True,True,True,2,False,False,False,81,False,won
TXN102481,MERCH_ECOM_03,2025-03-04T15:00:00+00:00,item_not_received,2168.49,False,False,False,True,True,5,True,False,False,118,False,lost
TXN102482,MERCH_ECOM_03,2025-04-13T15:00:00+00:00,duplicate_charge,1446.88,False,False,False,True,False,7,True,False,False,78,False,lost
TXN102483,MERCH_RETAIL_01,2025-06-10T08:00:00+00:00,item_not_received,5741.64,True,True,False,True,True,2,True,False,False,20,False,won
TXN102484,MERCH_SAAS_02,2025-03-17T18:00:00+00:00,duplicate_charge,4190.04,False,False,False,True,True,4,True,True,False,105,False,won
TXN102485,MERCH_ECOM_03,2025-04-07T21:00:00+00:00,item_not_received,1469.73,True,False,False,True,True,4,False,False,False,84,False,lost
TXN102486,MERCH_SAAS_02,2025-01-20T15:00:00+00:00,item_not_received,3897.56,True,True,True,False,True,4,True,False,False,161,False,lost
TXN102487,MERCH_RETAIL_01,2025-03-19T18:00:00+00:00,unrecognized_transaction,5555.91,False,False,False,True,True,3,True,False,False,103,False,won
TXN102488,MERCH_SAAS_02,2025-03-13T20:00:00+00:00,unrecognized_transaction,4400.47,False,False,False,True,True,4,False,False,False,109,False,won
TXN102489,MERCH_RETAIL_01,2025-01-18T22:00:00+00:00,item_not_received,3762.41,True,True,True,False,True,2,False,False,False,163,False,won
TXN102490,MERCH_SAAS_02,2025-05-20T03:00:00+00:00,unrecognized_transaction,530.83,True,False,False,False,True,4,False,False,False,41,False,lost
TXN102491,MERCH_ECOM_03,2025-02-08T03:00:00+00:00,item_not_received,786.63,True,True,False,False,False,3,False,False,False,142,False,lost
TXN102492,MERCH_ECOM_03,2025-03-29T17:00:00+00:00,item_not_received,8137.74,True,True,False,False,False,1,False,False,False,93,False,won
TXN102493,MERCH_SAAS_02,2025-04-29T15:00:00+00:00,item_not_received,3713.57,False,False,False,False,True,4,True,False,False,62,False,lost
TXN102494,MERCH_RETAIL_01,2025-06-21T09:00:00+00:00,item_not_received,2520.72,True,False,False,False,True,1,False,False,False,9,False,won
TXN102495,MERCH_RETAIL_01,2025-01-15T22:00:00+00:00,item_not_received,2058.17,False,False,False,True,False,4,False,False,False,166,False,lost
TXN102496,MERCH_RETAIL_01,2025-06-07T10:00:00+00:00,unrecognized_transaction,888.27,False,False,False,True,False,6,False,False,False,23,False,lost
TXN102497,MERCH_RETAIL_01,2025-02-13T13:00:00+00:00,unrecognized_transaction,2440.26,False,False,False,False,True,6,False,False,False,137,False,lost
TXN102498,MERCH_DIGITAL_04,2025-01-08T21:00:00+00:00,duplicate_charge,1365.45,True,True,True,False,True,1,False,True,False,173,False,lost
TXN102499,MERCH_ECOM_03,2025-01-08T18:00:00+00:00,item_not_received,1328.38,False,False,False,False,True,2,True,False,False,173,False,lost
TXN102500,MERCH_DIGITAL_04,2025-03-10T11:00:00+00:00,item_not_as_described,7751.28,True,True,True,False,True,4,True,False,False,112,False,lost
TXN102501,MERCH_RETAIL_01,2025-01-28T22:00:00+00:00,item_not_received,4904.6,True,True,True,True,True,2,False,False,False,153,False,won
TXN102502,MERCH_DIGITAL_04,2025-02-09T05:00:00+00:00,duplicate_charge,1922.52,True,True,False,False,False,4,False,True,False,141,False,won
TXN102503,MERCH_SAAS_02,2025-06-27T09:00:00+00:00,item_not_received,4943.36,True,True,False,False,False,3,True,False,False,3,False,won
TXN102504,MERCH_SAAS_02,2025-06-02T22:00:00+00:00,subscription_cancelled,2678.4,True,True,True,True,True,3,True,False,False,28,False,lost
TXN102505,MERCH_ECOM_03,2025-02-17T21:00:00+00:00,unrecognized_transaction,6551.45,True,True,True,False,False,3,False,False,False,133,False,lost
TXN102506,MERCH_ECOM_03,2025-02-23T11:00:00+00:00,duplicate_charge,2112.13,False,False,False,True,True,2,True,True,False,127,False,won
TXN102507,MERCH_ECOM_03,2025-06-26T05:00:00+00:00,item_not_received,4036.13,False,False,False,True,False,5,False,False,False,4,False,won
TXN102508,MERCH_ECOM_03,2025-01-24T15:00:00+00:00,unrecognized_transaction,2161.88,True,True,False,True,True,1,False,False,False,157,False,lost
TXN102509,MERCH_RETAIL_01,2025-04-14T07:00:00+00:00,unrecognized_transaction,2057.51,False,False,False,False,False,0,False,False,False,77,False,won
TXN102510,MERCH_SAAS_02,2025-01-15T20:00:00+00:00,unrecognized_transaction,4328.19,True,False,True,True,False,4,True,False,False,166,False,won
TXN102511,MERCH_SAAS_02,2025-02-12T06:00:00+00:00,unrecognized_transaction,441.09,True,False,True,True,True,3,True,False,False,138,False,lost
TXN102512,MERCH_RETAIL_01,2025-01-24T13:00:00+00:00,item_not_received,818.11,True,True,True,True,True,1,True,False,False,157,False,won
TXN102513,MERCH_RETAIL_01,2025-01-22T08:00:00+00:00,item_not_received,5177.52,True,True,False,True,True,6,True,False,False,159,False,won
TXN102514,MERCH_RETAIL_01,2025-02-07T15:00:00+00:00,unrecognized_transaction,1351.04,False,False,False,True,True,3,False,False,False,143,False,lost
TXN102515,MERCH_RETAIL_01,2025-06-27T15:00:00+00:00,unrecognized_transaction,3062.67,False,False,False,True,True,3,False,False,False,3,False,won
TXN102516,MERCH_ECOM_03,2025-03-24T10:00:00+00:00,item_not_received,2866.58,True,True,True,True,True,4,True,False,False,98,False,won
TXN102517,MERCH_SAAS_02,2025-03-14T19:00:00+00:00,unrecognized_transaction,1278.96,False,False,False,False,True,2,True,False,False,108,False,lost
TXN102518,MERCH_ECOM_03,2025-03-11T20:00:00+00:00,item_not_received,2885.5,True,True,False,False,False,2,False,False,False,111,False,lost
TXN102519,MERCH_SAAS_02,2025-06-11T23:00:00+00:00,item_not_received,4715.34,False,False,False,True,True,3,False,False,False,19,False,lost
TXN102520,MERCH_SAAS_02,2025-06-29T09:00:00+00:00,duplicate_charge,433.26,True,True,False,False,True,6,True,True,False,1,False,won
TXN102521,MERCH_SAAS_02,2025-05-20T08:00:00+00:00,duplicate_charge,3299.21,True,True,True,True,True,1,False,False,False,41,False,won
TXN102522,MERCH_ECOM_03,2025-01-10T02:00:00+00:00,duplicate_charge,4180.39,True,True,False,False,True,4,True,False,False,171,False,lost
TXN102523,MERCH_RETAIL_01,2025-03-27T14:00:00+00:00,item_not_received,2385.03,True,True,True,True,True,1,True,False,False,95,False,won
TXN102524,MERCH_DIGITAL_04,2025-03-25T03:00:00+00:00,duplicate_charge,1210.72,False,False,False,True,False,2,True,True,False,97,False,won
TXN102525,MERCH_ECOM_03,2025-02-08T23:00:00+00:00,subscription_cancelled,2656.98,True,True,True,True,False,5,False,False,True,142,False,won
TXN102526,MERCH_SAAS_02,2025-02-02T04:00:00+00:00,item_not_received,7961.65,True,False,False,True,False,3,True,False,False,148,False,lost
TXN102527,MERCH_SAAS_02,2025-06-04T18:00:00+00:00,item_not_received,3020.64,True,True,False,False,True,1,True,False,False,26,False,won
TXN102528,MERCH_SAAS_02,2025-03-28T00:00:00+00:00,item_not_received,2495.27,False,True,True,True,False,3,False,False,False,94,True,won
TXN102529,MERCH_SAAS_02,2025-02-15T01:00:00+00:00,unrecognized_transaction,3624.02,False,False,False,True,True,5,False,False,False,135,False,won
TXN102530,MERCH_ECOM_03,2025-02-24T21:00:00+00:00,unrecognized_transaction,400.81,True,True,True,False,True,2,False,False,False,126,False,lost
TXN102531,MERCH_RETAIL_01,2025-01-09T16:00:00+00:00,item_not_received,3898.6,False,False,False,True,True,5,True,False,False,172,False,lost
TXN102532,MERCH_ECOM_03,2025-01-05T20:00:00+00:00,duplicate_charge,2818.86,False,False,False,True,True,1,True,True,False,176,False,lost
TXN102533,MERCH_RETAIL_01,2025-01-20T13:00:00+00:00,item_not_received,2429.07,True,True,True,False,False,1,True,False,False,161,False,won
TXN102534,MERCH_ECOM_03,2025-06-29T22:00:00+00:00,item_not_as_described,5273.24,False,False,False,True,True,7,False,False,False,1,False,won
TXN102535,MERCH_SAAS_02,2025-01-28T09:00:00+00:00,item_not_received,261.63,True,True,False,True,True,4,True,False,False,153,False,won
TXN102536,MERCH_ECOM_03,2025-03-20T11:00:00+00:00,item_not_received,563.58,True,False,False,True,True,2,False,False,False,102,False,won
TXN102537,MERCH_RETAIL_01,2025-05-05T15:00:00+00:00,item_not_received,1605.82,True,True,False,False,False,2,False,False,False,56,False,lost
TXN102538,MERCH_ECOM_03,2025-04-11T05:00:00+00:00,item_not_received,581.74,False,False,False,True,True,1,False,False,False,80,False,lost
TXN102539,MERCH_DIGITAL_04,2025-04-28T02:00:00+00:00,item_not_received,657.76,False,False,False,True,True,4,False,False,False,63,False,lost
TXN102540,MERCH_SAAS_02,2025-01-29T00:00:00+00:00,item_not_received,5440.57,True,True,True,True,False,4,True,False,False,152,False,won
TXN102541,MERCH_SAAS_02,2025-02-14T14:00:00+00:00,item_not_received,1873.87,True,False,False,False,True,4,False,False,False,136,False,lost
TXN102542,MERCH_SAAS_02,2025-03-04T13:00:00+00:00,unrecognized_transaction,1914.19,False,False,False,True,False,4,False,False,False,118,False,lost
TXN102543,MERCH_ECOM_03,2025-05-28T13:00:00+00:00,item_not_received,1117.38,True,True,False,False,False,6,True,False,False,33,False,won
TXN102544,MERCH_SAAS_02,2025-02-01T14:00:00+00:00,unrecognized_transaction,1942.25,False,False,False,True,False,6,False,False,False,149,False,won
TXN102545,MERCH_RETAIL_01,2025-02-08T15:00:00+00:00,unrecognized_transaction,1175.29,False,False,False,True,True,5,False,False,False,142,False,won
TXN102546,MERCH_RETAIL_01,2025-02-18T04:00:00+00:00,unrecognized_transaction,11205.11,True,True,False,True,True,4,False,False,False,132,False,won
TXN102547,MERCH_RETAIL_01,2025-02-12T22:00:00+00:00,subscription_cancelled,530.12,True,True,True,True,True,2,False,False,False,138,False,won
TXN102548,MERCH_DIGITAL_04,2025-03-17T08:00:00+00:00,item_not_received,2861.36,False,False,False,True,True,2,True,False,False,105,False,lost
TXN102549,MERCH_RETAIL_01,2025-01-08T10:00:00+00:00,item_not_received,4956.33,True,True,False,False,False,7,True,False,False,173,False,lost
TXN102550,MERCH_RETAIL_01,2025-03-15T09:00:00+00:00,unrecognized_transaction,2169.86,False,False,False,True,True,7,True,False,False,107,False,won
TXN102551,MERCH_ECOM_03,2025-04-27T08:00:00+00:00,unrecognized_transaction,1937.38,True,True,True,True,True,2,False,False,False,64,False,won
TXN102552,MERCH_RETAIL_01,2025-05-31T07:00:00+00:00,duplicate_charge,5092.46,True,False,False,True,True,4,False,True,False,30,False,won
TXN102553,MERCH_ECOM_03,2025-06-08T21:00:00+00:00,unrecognized_transaction,755.06,True,True,True,False,True,4,False,False,False,22,False,lost
TXN102554,MERCH_DIGITAL_04,2025-03-27T21:00:00+00:00,item_not_received,1778.24,True,False,False,False,False,3,False,False,False,95,False,lost
TXN102555,MERCH_SAAS_02,2025-03-21T22:00:00+00:00,item_not_as_described,513.35,False,False,False,True,True,4,True,False,False,101,False,lost
TXN102556,MERCH_RETAIL_01,2025-01-24T09:00:00+00:00,unrecognized_transaction,2656.48,False,False,False,False,True,7,False,False,False,157,False,won
TXN102557,MERCH_SAAS_02,2025-04-22T12:00:00+00:00,subscription_cancelled,5546.99,False,False,False,True,True,2,False,False,False,69,False,lost
TXN102558,MERCH_RETAIL_01,2025-01-03T07:00:00+00:00,subscription_cancelled,2218.76,False,False,False,True,True,3,False,False,False,178,False,won
TXN102559,MERCH_SAAS_02,2025-06-20T18:00:00+00:00,item_not_as_described,874.04,True,True,True,True,False,3,False,False,False,10,False,lost
TXN102560,MERCH_RETAIL_01,2025-02-15T00:00:00+00:00,duplicate_charge,3823.11,False,False,False,True,True,7,False,True,False,135,False,won
TXN102561,MERCH_SAAS_02,2025-01-14T20:00:00+00:00,duplicate_charge,2936.4,True,True,True,True,False,1,False,True,False,167,False,lost
TXN102562,MERCH_DIGITAL_04,2025-05-13T06:00:00+00:00,unrecognized_transaction,1870.38,True,True,False,False,True,3,False,False,False,48,False,lost
TXN102563,MERCH_RETAIL_01,2025-04-16T06:00:00+00:00,item_not_received,2797.93,True,False,False,True,True,5,False,False,False,75,False,won
TXN102564,MERCH_RETAIL_01,2025-03-09T19:00:00+00:00,item_not_as_described,3547.14,True,False,True,True,False,2,False,False,False,113,False,lost
TXN102565,MERCH_ECOM_03,2025-02-22T02:00:00+00:00,item_not_received,3741.36,False,False,False,True,False,2,False,False,False,128,False,lost
TXN102566,MERCH_DIGITAL_04,2025-05-28T23:00:00+00:00,unrecognized_transaction,3140.38,True,False,True,True,True,3,False,False,False,33,False,lost
TXN102567,MERCH_SAAS_02,2025-05-18T16:00:00+00:00,item_not_received,2993.91,False,False,False,True,True,4,True,False,False,43,False,lost
TXN102568,MERCH_SAAS_02,2025-03-21T00:00:00+00:00,item_not_as_described,1520.17,False,False,False,True,True,2,True,False,False,101,False,lost
TXN102569,MERCH_SAAS_02,2025-02-06T20:00:00+00:00,item_not_received,1264.01,True,True,True,True,True,2,False,False,False,144,False,won
TXN102570,MERCH_SAAS_02,2025-04-16T09:00:00+00:00,unrecognized_transaction,915.45,True,True,True,False,False,1,True,False,False,75,False,lost
TXN102571,MERCH_RETAIL_01,2025-01-08T07:00:00+00:00,item_not_received,1691.85,True,True,True,True,True,0,True,False,False,173,False,lost
TXN102572,MERCH_RETAIL_01,2025-05-11T13:00:00+00:00,unrecognized_transaction,486.13,True,True,True,False,True,4,False,False,False,50,False,lost
TXN102573,MERCH_RETAIL_01,2025-02-05T08:00:00+00:00,item_not_as_described,4449.52,True,True,True,True,False,0,True,False,False,145,False,lost
TXN102574,MERCH_RETAIL_01,2025-06-29T14:00:00+00:00,item_not_received,2601.81,False,False,False,True,True,1,True,False,False,1,False,lost
TXN102575,MERCH_SAAS_02,2025-04-09T00:00:00+00:00,item_not_received,1942.87,True,True,True,False,False,3,True,False,False,82,False,won
TXN102576,MERCH_ECOM_03,2025-01-05T15:00:00+00:00,item_not_received,1801.0,False,True,True,True,False,1,False,False,False,176,True,lost
TXN102577,MERCH_DIGITAL_04,2025-06-19T04:00:00+00:00,item_not_received,1175.88,True,True,True,True,True,4,False,False,False,11,False,won
TXN102578,MERCH_SAAS_02,2025-04-05T04:00:00+00:00,item_not_as_described,2560.63,False,False,False,True,True,5,True,False,False,86,False,won
TXN102579,MERCH_RETAIL_01,2025-05-01T07:00:00+00:00,subscription_cancelled,5821.34,True,True,True,True,True,2,False,False,False,60,False,lost
TXN102580,MERCH_ECOM_03,2025-03-12T04:00:00+00:00,subscription_cancelled,1715.63,True,True,True,True,True,3,True,False,False,110,False,won
TXN102581,MERCH_SAAS_02,2025-04-18T23:00:00+00:00,subscription_cancelled,1457.11,False,False,False,True,True,3,False,False,True,73,False,won
TXN102582,MERCH_ECOM_03,2025-04-20T23:00:00+00:00,duplicate_charge,3151.17,True,False,True,True,False,6,True,False,False,71,False,lost
TXN102583,MERCH_RETAIL_01,2025-02-01T06:00:00+00:00,item_not_received,3728.5,True,True,True,True,False,0,True,False,False,149,False,won
TXN102584,MERCH_ECOM_03,2025-06-23T19:00:00+00:00,item_not_as_described,2187.62,True,False,False,True,True,6,True,False,False,7,False,won
TXN102585,MERCH_RETAIL_01,2025-06-23T20:00:00+00:00,unrecognized_transaction,1578.92,True,True,True,True,False,4,True,False,False,7,False,lost
TXN102586,MERCH_DIGITAL_04,2025-06-15T20:00:00+00:00,subscription_cancelled,3038.58,False,False,False,True,True,6,True,False,False,15,False,lost
TXN102587,MERCH_ECOM_03,2025-01-23T09:00:00+00:00,item_not_received,1461.02,False,False,False,True,False,4,False,False,False,158,False,lost
TXN102588,MERCH_RETAIL_01,2025-06-19T08:00:00+00:00,duplicate_charge,2772.96,True,True,False,False,True,5,True,True,False,11,False,won
TXN102589,MERCH_RETAIL_01,2025-06-21T01:00:00+00:00,unrecognized_transaction,1221.76,True,True,True,False,True,8,True,False,False,9,False,won
TXN102590,MERCH_RETAIL_01,2025-06-21T08:00:00+00:00,subscription_cancelled,2138.88,True,True,True,True,True,4,False,False,True,9,False,won
TXN102591,MERCH_DIGITAL_04,2025-01-23T22:00:00+00:00,item_not_received,2561.1,True,False,False,True,False,6,False,False,False,158,False,lost
TXN102592,MERCH_RETAIL_01,2025-05-15T09:00:00+00:00,duplicate_charge,4526.06,True,False,False,False,True,5,True,False,False,46,False,won
TXN102593,MERCH_ECOM_03,2025-04-19T15:00:00+00:00,item_not_as_described,4626.04,True,False,False,False,True,2,False,False,False,72,False,lost
TXN102594,MERCH_ECOM_03,2025-01-14T21:00:00+00:00,subscription_cancelled,1218.51,True,False,True,True,True,6,True,False,False,167,False,lost
TXN102595,MERCH_RETAIL_01,2025-02-10T04:00:00+00:00,item_not_received,4864.54,False,False,False,True,False,6,False,False,False,140,False,won
TXN102596,MERCH_RETAIL_01,2025-03-19T04:00:00+00:00,item_not_as_described,4572.64,True,True,False,True,True,1,False,False,False,103,False,lost
TXN102597,MERCH_SAAS_02,2025-01-16T00:00:00+00:00,item_not_as_described,4249.9,True,True,True,True,True,1,False,False,False,165,False,lost
TXN102598,MERCH_DIGITAL_04,2025-02-09T18:00:00+00:00,duplicate_charge,4045.71,True,False,True,True,True,3,True,True,False,141,False,won
TXN102599,MERCH_SAAS_02,2025-02-21T19:00:00+00:00,item_not_as_described,1100.51,True,True,False,True,False,5,True,False,False,129,False,won
TXN102600,MERCH_SAAS_02,2025-04-17T08:00:00+00:00,item_not_as_described,1308.26,True,True,True,True,True,7,False,False,False,74,False,lost
TXN102601,MERCH_SAAS_02,2025-05-04T03:00:00+00:00,duplicate_charge,1467.02,True,True,False,True,True,2,True,True,False,57,False,won
TXN102602,MERCH_RETAIL_01,2025-02-13T03:00:00+00:00,subscription_cancelled,1479.17,True,True,True,False,True,4,True,False,False,137,False,lost
TXN102603,MERCH_RETAIL_01,2025-05-03T11:00:00+00:00,unrecognized_transaction,4653.44,False,False,False,True,False,3,True,False,False,58,False,won
TXN102604,MERCH_ECOM_03,2025-03-18T10:00:00+00:00,item_not_received,3694.33,True,False,True,True,True,8,True,False,False,104,False,lost
TXN102605,MERCH_ECOM_03,2025-04-03T08:00:00+00:00,unrecognized_transaction,8854.52,True,True,False,True,True,2,False,False,False,88,False,won
TXN102606,MERCH_ECOM_03,2025-01-23T15:00:00+00:00,item_not_received,481.03,True,True,False,False,True,3,False,False,False,158,False,won
TXN102607,MERCH_RETAIL_01,2025-03-07T10:00:00+00:00,item_not_received,1240.43,True,True,False,True,False,2,False,False,False,115,False,won
TXN102608,MERCH_SAAS_02,2025-06-15T17:00:00+00:00,item_not_received,948.53,False,False,False,True,False,5,True,False,False,15,False,won
TXN102609,MERCH_ECOM_03,2025-02-18T17:00:00+00:00,unrecognized_transaction,3195.1,True,False,False,True,False,1,False,False,False,132,False,lost
TXN102610,MERCH_SAAS_02,2025-05-30T20:00:00+00:00,item_not_received,2331.15,False,False,False,True,True,5,False,False,False,31,False,lost
TXN102611,MERCH_RETAIL_01,2025-02-06T03:00:00+00:00,item_not_received,219.76,True,False,True,True,False,4,True,False,False,144,False,lost
TXN102612,MERCH_RETAIL_01,2025-01-31T00:00:00+00:00,item_not_as_described,1267.6,True,True,True,True,True,2,False,False,False,150,False,lost
TXN102613,MERCH_DIGITAL_04,2025-05-16T01:00:00+00:00,unrecognized_transaction,2478.16,True,False,True,True,True,3,True,False,False,45,False,won
TXN102614,MERCH_RETAIL_01,2025-04-27T03:00:00+00:00,subscription_cancelled,2242.26,True,True,False,True,False,4,False,False,True,64,False,lost
TXN102615,MERCH_RETAIL_01,2025-03-25T23:00:00+00:00,duplicate_charge,2160.31,False,False,False,True,True,3,False,True,False,97,False,won
TXN102616,MERCH_SAAS_02,2025-04-25T00:00:00+00:00,unrecognized_transaction,5583.33,False,False,False,True,True,4,False,False,False,66,False,won
TXN102617,MERCH_RETAIL_01,2025-01-04T00:00:00+00:00,duplicate_charge,2189.45,True,True,True,True,False,2,True,True,False,177,False,won
TXN102618,MERCH_RETAIL_01,2025-01-31T06:00:00+00:00,item_not_received,907.82,False,False,False,True,True,4,False,False,False,150,False,lost
TXN102619,MERCH_RETAIL_01,2025-03-30T18:00:00+00:00,duplicate_charge,826.64,True,True,True,False,False,1,False,True,False,92,False,won
TXN102620,MERCH_SAAS_02,2025-06-10T20:00:00+00:00,unrecognized_transaction,1880.65,False,False,False,True,False,3,False,False,False,20,False,lost
TXN102621,MERCH_ECOM_03,2025-01-17T03:00:00+00:00,item_not_received,337.39,False,False,False,True,True,4,False,False,False,164,False,lost
TXN102622,MERCH_ECOM_03,2025-04-27T03:00:00+00:00,item_not_received,4245.48,True,True,True,False,True,1,False,False,False,64,False,won
TXN102623,MERCH_SAAS_02,2025-03-23T21:00:00+00:00,item_not_received,4641.47,True,True,False,True,False,3,False,False,False,99,False,won
TXN102624,MERCH_ECOM_03,2025-05-11T15:00:00+00:00,unrecognized_transaction,5368.35,False,False,False,True,True,5,False,False,False,50,False,won
TXN102625,MERCH_RETAIL_01,2025-01-13T09:00:00+00:00,subscription_cancelled,1021.94,True,True,True,True,True,3,False,False,True,168,False,won
TXN102626,MERCH_SAAS_02,2025-05-05T05:00:00+00:00,item_not_received,1087.9,False,False,False,True,True,1,False,False,False,56,False,won
TXN102627,MERCH_DIGITAL_04,2025-01-12T16:00:00+00:00,item_not_received,1902.16,True,True,True,False,True,1,True,False,False,169,False,won
TXN102628,MERCH_ECOM_03,2025-03-29T02:00:00+00:00,item_not_received,1082.6,False,False,False,True,True,3,False,False,False,93,False,lost
TXN102629,MERCH_RETAIL_01,2025-03-06T04:00:00+00:00,unrecognized_transaction,865.6,False,False,False,True,True,3,True,False,False,116,False,won
TXN102630,MERCH_RETAIL_01,2025-04-30T15:00:00+00:00,duplicate_charge,2242.81,True,False,False,True,False,6,True,True,False,61,False,won
TXN102631,MERCH_ECOM_03,2025-05-18T16:00:00+00:00,subscription_cancelled,1390.12,False,False,False,False,True,0,True,False,False,43,False,lost
TXN102632,MERCH_RETAIL_01,2025-04-08T04:00:00+00:00,item_not_received,9311.23,True,True,True,True,True,2,False,False,False,83,False,won
TXN102633,MERCH_RETAIL_01,2025-01-18T14:00:00+00:00,subscription_cancelled,2079.75,True,True,False,True,True,3,False,False,True,163,False,won
TXN102634,MERCH_SAAS_02,2025-03-17T16:00:00+00:00,duplicate_charge,2303.32,False,False,False,True,False,4,True,True,False,105,False,won
TXN102635,MERCH_ECOM_03,2025-02-27T14:00:00+00:00,item_not_received,1237.73,False,False,False,True,False,7,True,False,False,123,False,lost
TXN102636,MERCH_SAAS_02,2025-03-05T23:00:00+00:00,unrecognized_transaction,1349.03,False,False,False,True,True,5,False,False,False,117,False,won
TXN102637,MERCH_DIGITAL_04,2025-02-03T03:00:00+00:00,item_not_received,3994.23,True,True,False,True,False,8,False,False,False,147,False,won
TXN102638,MERCH_SAAS_02,2025-05-14T13:00:00+00:00,item_not_received,6242.56,True,True,False,False,True,2,True,False,False,47,False,won
TXN102639,MERCH_RETAIL_01,2025-05-13T00:00:00+00:00,unrecognized_transaction,3705.59,False,False,False,True,True,5,False,False,False,48,False,won
TXN102640,MERCH_SAAS_02,2025-05-25T08:00:00+00:00,item_not_received,1550.0,False,False,False,True,True,1,True,False,False,36,False,lost
TXN102641,MERCH_SAAS_02,2025-02-11T08:00:00+00:00,duplicate_charge,3933.04,False,False,False,True,True,6,False,True,False,139,False,lost
TXN102642,MERCH_RETAIL_01,2025-01-10T07:00:00+00:00,unrecognized_transaction,8923.32,True,True,True,True,True,1,False,False,False,171,False,lost
TXN102643,MERCH_ECOM_03,2025-03-21T08:00:00+00:00,duplicate_charge,1086.27,True,True,True,True,False,2,False,True,False,101,False,lost
TXN102644,MERCH_RETAIL_01,2025-03-05T08:00:00+00:00,subscription_cancelled,3661.89,False,False,False,True,True,0,True,False,True,117,False,lost
TXN102645,MERCH_ECOM_03,2025-03-20T12:00:00+00:00,item_not_received,5976.66,True,True,True,False,False,4,True,False,False,102,False,won
TXN102646,MERCH_ECOM_03,2025-03-29T07:00:00+00:00,unrecognized_transaction,9120.14,True,True,False,False,True,1,False,False,False,93,False,lost
TXN102647,MERCH_RETAIL_01,2025-04-30T00:00:00+00:00,item_not_received,3142.76,True,True,False,True,True,4,True,False,False,61,False,won
TXN102648,MERCH_SAAS_02,2025-01-28T15:00:00+00:00,unrecognized_transaction,1736.41,True,True,False,False,True,2,True,False,False,153,False,lost
TXN102649,MERCH_RETAIL_01,2025-02-08T21:00:00+00:00,item_not_received,812.54,True,False,False,True,True,2,True,False,False,142,False,lost
TXN102650,MERCH_RETAIL_01,2025-06-14T06:00:00+00:00,item_not_received,441.64,False,False,False,False,False,6,False,False,False,16,False,lost
TXN102651,MERCH_SAAS_02,2025-06-06T07:00:00+00:00,duplicate_charge,5637.53,True,True,False,False,False,5,False,True,False,24,False,won
TXN102652,MERCH_RETAIL_01,2025-02-05T05:00:00+00:00,item_not_as_described,1647.07,True,True,False,True,True,7,False,False,False,145,False,won
TXN102653,MERCH_SAAS_02,2025-03-01T04:00:00+00:00,item_not_received,553.59,True,True,False,True,False,3,False,False,False,121,False,won
TXN102654,MERCH_SAAS_02,2025-01-20T20:00:00+00:00,unrecognized_transaction,3367.62,True,False,False,True,True,2,False,False,False,161,False,lost
TXN102655,MERCH_RETAIL_01,2025-01-17T06:00:00+00:00,item_not_received,738.47,False,False,False,True,False,3,False,False,False,164,False,lost
TXN102656,MERCH_RETAIL_01,2025-03-01T10:00:00+00:00,item_not_as_described,2288.1,False,False,False,True,True,2,False,False,False,121,False,lost
TXN102657,MERCH_ECOM_03,2025-06-02T04:00:00+00:00,item_not_received,1672.8,True,True,True,False,True,3,True,False,False,28,False,won
TXN102658,MERCH_ECOM_03,2025-03-30T16:00:00+00:00,unrecognized_transaction,3625.97,True,True,True,False,False,2,False,False,False,92,False,lost
TXN102659,MERCH_SAAS_02,2025-04-03T03:00:00+00:00,item_not_received,4363.18,False,False,False,False,True,3,True,False,False,88,False,lost
TXN102660,MERCH_RETAIL_01,2025-03-19T00:00:00+00:00,unrecognized_transaction,6921.21,False,False,False,True,True,1,True,False,False,103,False,lost
TXN102661,MERCH_RETAIL_01,2025-06-28T02:00:00+00:00,duplicate_charge,6491.27,True,False,True,False,False,4,False,True,False,2,False,lost
TXN102662,MERCH_RETAIL_01,2025-03-01T12:00:00+00:00,unrecognized_transaction,2622.5,False,False,False,True,True,9,False,False,False,121,False,won
TXN102663,MERCH_ECOM_03,2025-05-15T13:00:00+00:00,unrecognized_transaction,2934.41,True,True,True,True,False,1,True,False,False,46,False,won
TXN102664,MERCH_ECOM_03,2025-01-06T15:00:00+00:00,item_not_received,856.16,False,False,True,True,True,3,True,False,False,175,True,lost
TXN102665,MERCH_ECOM_03,2025-04-04T11:00:00+00:00,item_not_received,3138.72,False,False,False,True,True,2,True,False,False,87,False,won
TXN102666,MERCH_RETAIL_01,2025-04-02T01:00:00+00:00,duplicate_charge,2665.82,True,True,False,True,True,4,True,True,False,89,False,won
TXN102667,MERCH_DIGITAL_04,2025-01-13T04:00:00+00:00,subscription_cancelled,1162.74,True,True,False,True,True,5,False,False,False,168,False,lost
TXN102668,MERCH_SAAS_02,2025-05-22T05:00:00+00:00,item_not_received,2103.62,False,False,False,True,True,5,True,False,False,39,False,lost
TXN102669,MERCH_SAAS_02,2025-06-06T13:00:00+00:00,unrecognized_transaction,2013.02,False,False,False,False,False,3,True,False,False,24,False,lost
TXN102670,MERCH_SAAS_02,2025-04-04T02:00:00+00:00,unrecognized_transaction,1179.4,True,True,False,True,True,4,True,False,False,87,False,won
TXN102671,MERCH_RETAIL_01,2025-01-02T16:00:00+00:00,item_not_received,1613.09,True,False,True,False,True,1,False,False,False,179,False,won
TXN102672,MERCH_RETAIL_01,2025-06-16T02:00:00+00:00,unrecognized_transaction,4847.04,True,True,True,True,False,1,True,False,False,14,False,won
TXN102673,MERCH_RETAIL_01,2025-05-18T04:00:00+00:00,item_not_received,499.54,True,True,True,True,True,4,True,False,False,43,False,won
TXN102674,MERCH_RETAIL_01,2025-05-15T11:00:00+00:00,unrecognized_transaction,3547.06,True,True,True,False,False,4,False,False,False,46,False,won
TXN102675,MERCH_SAAS_02,2025-01-24T18:00:00+00:00,item_not_as_described,263.7,False,False,False,True,True,4,True,False,False,157,False,lost
TXN102676,MERCH_RETAIL_01,2025-05-29T00:00:00+00:00,duplicate_charge,3915.72,False,False,False,True,True,4,True,False,False,32,False,lost
TXN102677,MERCH_RETAIL_01,2025-05-22T18:00:00+00:00,item_not_received,1620.67,True,False,True,False,True,1,False,False,False,39,False,won
TXN102678,MERCH_DIGITAL_04,2025-06-16T00:00:00+00:00,unrecognized_transaction,4707.1,False,False,False,True,True,1,True,False,False,14,False,lost
TXN102679,MERCH_ECOM_03,2025-04-11T07:00:00+00:00,unrecognized_transaction,5277.26,False,False,False,True,True,1,False,False,False,80,False,won
TXN102680,MERCH_RETAIL_01,2025-02-20T08:00:00+00:00,item_not_received,4562.69,False,False,False,False,True,4,True,False,False,130,False,won
TXN102681,MERCH_RETAIL_01,2025-03-19T03:00:00+00:00,item_not_as_described,851.56,True,True,True,True,True,3,True,False,False,103,False,won
TXN102682,MERCH_SAAS_02,2025-04-04T07:00:00+00:00,subscription_cancelled,3802.02,True,True,False,False,True,2,True,False,True,87,False,won
TXN102683,MERCH_ECOM_03,2025-06-26T10:00:00+00:00,item_not_as_described,638.11,True,True,True,True,True,4,False,False,False,4,False,lost
TXN102684,MERCH_SAAS_02,2025-03-05T09:00:00+00:00,item_not_received,2688.01,True,True,False,False,True,2,True,False,False,117,False,lost
TXN102685,MERCH_RETAIL_01,2025-02-22T11:00:00+00:00,item_not_received,3765.9,True,False,True,True,True,5,False,False,False,128,False,won
TXN102686,MERCH_SAAS_02,2025-04-11T13:00:00+00:00,duplicate_charge,3136.9,True,False,True,False,True,5,True,False,False,80,False,won
TXN102687,MERCH_SAAS_02,2025-02-19T10:00:00+00:00,item_not_received,3091.83,True,True,True,True,True,3,False,False,False,131,False,won
TXN102688,MERCH_RETAIL_01,2025-04-10T17:00:00+00:00,item_not_received,1597.9,True,True,True,True,True,2,True,False,False,81,False,won
TXN102689,MERCH_ECOM_03,2025-05-14T00:00:00+00:00,item_not_received,3326.89,True,True,True,True,True,6,True,False,False,47,False,won
TXN102690,MERCH_RETAIL_01,2025-05-28T20:00:00+00:00,item_not_received,471.57,True,False,True,True,True,2,False,False,False,33,False,lost
TXN102691,MERCH_SAAS_02,2025-03-17T20:00:00+00:00,item_not_as_described,5940.88,False,False,False,True,True,1,False,False,False,105,False,lost
TXN102692,MERCH_RETAIL_01,2025-06-19T21:00:00+00:00,item_not_as_described,435.72,False,False,False,True,False,1,True,False,False,11,False,won
TXN102693,MERCH_RETAIL_01,2025-04-26T23:00:00+00:00,subscription_cancelled,4091.7,True,True,True,True,False,4,False,False,True,65,False,won
TXN102694,MERCH_SAAS_02,2025-06-21T10:00:00+00:00,duplicate_charge,4602.51,True,False,True,True,True,7,False,False,False,9,False,lost
TXN102695,MERCH_DIGITAL_04,2025-03-13T15:00:00+00:00,duplicate_charge,1273.94,True,True,True,True,False,3,False,True,False,109,False,won
TXN102696,MERCH_SAAS_02,2025-06-24T05:00:00+00:00,subscription_cancelled,3296.5,False,False,False,False,False,3,True,False,True,6,False,won
TXN102697,MERCH_ECOM_03,2025-02-03T10:00:00+00:00,unrecognized_transaction,3091.41,False,False,False,True,False,3,False,False,False,147,False,lost
TXN102698,MERCH_RETAIL_01,2025-01-17T08:00:00+00:00,item_not_received,821.1,False,False,False,False,True,3,False,False,False,164,False,lost
TXN102699,MERCH_ECOM_03,2025-03-10T22:00:00+00:00,item_not_received,2671.31,False,False,False,True,False,3,True,False,False,112,False,lost
TXN102700,MERCH_RETAIL_01,2025-06-15T10:00:00+00:00,unrecognized_transaction,376.68,False,False,False,True,True,2,True,False,False,15,False,lost
TXN102701,MERCH_SAAS_02,2025-05-02T07:00:00+00:00,duplicate_charge,1859.09,True,True,False,True,True,6,False,True,False,59,False,won
TXN102702,MERCH_RETAIL_01,2025-03-22T21:00:00+00:00,item_not_as_described,897.46,True,True,True,False,True,4,True,False,False,100,False,lost
TXN102703,MERCH_SAAS_02,2025-04-29T16:00:00+00:00,item_not_received,2473.98,False,False,False,True,True,8,True,False,False,62,False,lost
TXN102704,MERCH_ECOM_03,2025-02-24T05:00:00+00:00,item_not_as_described,2570.56,False,False,False,False,False,4,False,False,False,126,False,lost
TXN102705,MERCH_RETAIL_01,2025-01-29T00:00:00+00:00,item_not_received,6842.81,True,True,False,True,False,2,True,False,False,152,False,won
TXN102706,MERCH_SAAS_02,2025-02-18T23:00:00+00:00,item_not_as_described,1232.98,True,True,False,True,True,2,False,False,False,132,False,lost
TXN102707,MERCH_ECOM_03,2025-04-16T01:00:00+00:00,item_not_received,2873.96,False,False,False,True,True,6,False,False,False,75,False,won
TXN102708,MERCH_ECOM_03,2025-02-25T11:00:00+00:00,duplicate_charge,464.22,True,True,True,True,False,4,True,True,False,125,False,lost
TXN102709,MERCH_RETAIL_01,2025-05-16T16:00:00+00:00,subscription_cancelled,379.11,True,False,False,True,True,4,True,False,False,45,False,won
TXN102710,MERCH_ECOM_03,2025-01-28T22:00:00+00:00,unrecognized_transaction,4022.5,True,True,True,True,True,3,True,False,False,153,False,won
TXN102711,MERCH_SAAS_02,2025-04-29T20:00:00+00:00,item_not_received,1977.13,True,True,True,True,True,4,False,False,False,62,False,won
TXN102712,MERCH_RETAIL_01,2025-02-19T17:00:00+00:00,item_not_received,1291.28,True,True,True,True,False,2,False,False,False,131,False,won
TXN102713,MERCH_RETAIL_01,2025-05-04T22:00:00+00:00,unrecognized_transaction,139.23,False,False,False,True,True,5,True,False,False,57,False,won
TXN102714,MERCH_ECOM_03,2025-02-21T10:00:00+00:00,item_not_received,1655.31,True,True,False,True,True,7,True,False,False,129,False,won
TXN102715,MERCH_SAAS_02,2025-06-14T16:00:00+00:00,item_not_as_described,1449.66,True,True,True,True,True,4,True,False,False,16,False,won
TXN102716,MERCH_RETAIL_01,2025-06-05T08:00:00+00:00,item_not_received,2839.43,False,False,True,True,True,3,True,False,False,25,True,won
TXN102717,MERCH_RETAIL_01,2025-05-18T00:00:00+00:00,subscription_cancelled,2096.24,True,True,True,True,True,6,True,False,False,43,False,lost
TXN102718,MERCH_SAAS_02,2025-03-21T09:00:00+00:00,item_not_received,2013.04,False,False,True,True,True,3,False,False,False,101,True,won
TXN102719,MERCH_ECOM_03,2025-03-18T11:00:00+00:00,unrecognized_transaction,6454.66,False,False,False,True,False,2,False,False,False,104,False,won
TXN102720,MERCH_SAAS_02,2025-01-31T18:00:00+00:00,unrecognized_transaction,2352.1,True,True,False,True,True,3,True,False,False,150,False,won
TXN102721,MERCH_ECOM_03,2025-06-13T22:00:00+00:00,item_not_received,5350.05,True,True,False,True,False,2,True,False,False,17,False,won
TXN102722,MERCH_RETAIL_01,2025-04-21T15:00:00+00:00,item_not_received,4569.21,True,True,True,True,True,7,False,False,False,70,False,won
TXN102723,MERCH_RETAIL_01,2025-02-27T22:00:00+00:00,item_not_received,1034.73,True,True,False,True,True,6,True,False,False,123,False,won
TXN102724,MERCH_RETAIL_01,2025-03-14T22:00:00+00:00,duplicate_charge,4976.64,False,True,True,False,True,9,True,False,False,108,True,lost
TXN102725,MERCH_RETAIL_01,2025-01-28T19:00:00+00:00,subscription_cancelled,2580.23,True,False,False,True,True,4,True,False,False,153,False,lost
TXN102726,MERCH_ECOM_03,2025-02-22T03:00:00+00:00,subscription_cancelled,1431.19,True,True,True,True,False,7,False,False,True,128,False,lost
TXN102727,MERCH_DIGITAL_04,2025-06-01T09:00:00+00:00,item_not_received,850.45,True,False,False,True,True,4,True,False,False,29,False,lost
TXN102728,MERCH_ECOM_03,2025-06-08T15:00:00+00:00,unrecognized_transaction,2902.42,True,True,False,True,True,2,False,False,False,22,False,won
TXN102729,MERCH_SAAS_02,2025-01-08T09:00:00+00:00,duplicate_charge,1158.81,False,False,False,True,False,5,False,True,False,173,False,lost
TXN102730,MERCH_RETAIL_01,2025-03-19T15:00:00+00:00,unrecognized_transaction,5172.43,False,False,False,True,False,1,False,False,False,103,False,lost
TXN102731,MERCH_RETAIL_01,2025-04-08T23:00:00+00:00,unrecognized_transaction,3552.06,False,False,False,False,False,3,False,False,False,83,False,won
TXN102732,MERCH_RETAIL_01,2025-05-07T15:00:00+00:00,item_not_received,2463.06,False,False,False,True,False,2,False,False,False,54,False,lost
TXN102733,MERCH_DIGITAL_04,2025-05-01T06:00:00+00:00,item_not_received,999.57,False,False,True,True,False,1,False,False,False,60,True,won
TXN102734,MERCH_RETAIL_01,2025-01-05T18:00:00+00:00,item_not_received,3617.37,False,False,False,True,True,3,True,False,False,176,False,lost
TXN102735,MERCH_SAAS_02,2025-01-22T13:00:00+00:00,item_not_received,623.44,True,True,False,True,False,5,False,False,False,159,False,lost
TXN102736,MERCH_RETAIL_01,2025-05-05T03:00:00+00:00,item_not_as_described,2700.36,True,True,False,False,True,3,False,False,False,56,False,lost
TXN102737,MERCH_RETAIL_01,2025-01-09T07:00:00+00:00,item_not_received,3040.95,False,False,False,False,True,8,False,False,False,172,False,lost
TXN102738,MERCH_ECOM_03,2025-01-28T20:00:00+00:00,item_not_received,3812.18,False,False,False,True,False,2,True,False,False,153,False,lost
TXN102739,MERCH_ECOM_03,2025-06-19T04:00:00+00:00,subscription_cancelled,532.64,False,False,False,True,True,5,False,False,True,11,False,won
TXN102740,MERCH_SAAS_02,2025-06-12T08:00:00+00:00,item_not_received,6859.02,True,False,False,True,True,3,False,False,False,18,False,won
TXN102741,MERCH_RETAIL_01,2025-06-24T01:00:00+00:00,duplicate_charge,862.6,True,True,False,True,True,5,True,True,False,6,False,won
TXN102742,MERCH_SAAS_02,2025-01-22T12:00:00+00:00,item_not_received,1475.43,True,True,False,False,True,5,False,False,False,159,False,lost
TXN102743,MERCH_SAAS_02,2025-01-26T09:00:00+00:00,item_not_received,954.89,True,True,True,True,False,8,False,False,False,155,False,won
TXN102744,MERCH_SAAS_02,2025-06-22T21:00:00+00:00,item_not_received,8194.44,False,False,False,True,True,1,False,False,False,8,False,lost
TXN102745,MERCH_RETAIL_01,2025-05-01T11:00:00+00:00,unrecognized_transaction,1153.69,True,False,True,True,True,1,False,False,False,60,False,won
TXN102746,MERCH_RETAIL_01,2025-06-25T05:00:00+00:00,subscription_cancelled,3732.32,True,True,False,True,False,5,False,False,True,5,False,won
TXN102747,MERCH_ECOM_03,2025-04-01T04:00:00+00:00,item_not_received,1535.54,True,False,False,False,True,1,True,False,False,90,False,lost
TXN102748,MERCH_SAAS_02,2025-03-12T16:00:00+00:00,item_not_received,1672.87,True,True,False,True,True,6,True,False,False,110,False,won
TXN102749,MERCH_RETAIL_01,2025-01-21T20:00:00+00:00,subscription_cancelled,3618.9,True,False,True,False,True,3,True,False,False,160,False,lost
TXN102750,MERCH_RETAIL_01,2025-04-23T06:00:00+00:00,unrecognized_transaction,3313.87,False,False,False,True,True,1,True,False,False,68,False,won
TXN102751,MERCH_SAAS_02,2025-02-28T10:00:00+00:00,item_not_received,3314.19,False,False,False,True,True,5,False,False,False,122,False,won
TXN102752,MERCH_RETAIL_01,2025-06-13T01:00:00+00:00,item_not_received,3802.33,True,True,True,True,True,4,False,False,False,17,False,won
TXN102753,MERCH_ECOM_03,2025-03-14T21:00:00+00:00,item_not_as_described,1671.76,True,True,True,False,True,1,False,False,False,108,False,lost
TXN102754,MERCH_ECOM_03,2025-01-16T00:00:00+00:00,item_not_as_described,1088.43,True,True,True,False,False,2,True,False,False,165,False,lost
TXN102755,MERCH_RETAIL_01,2025-03-22T16:00:00+00:00,item_not_as_described,4705.98,True,True,False,False,True,6,False,False,False,100,False,lost
TXN102756,MERCH_ECOM_03,2025-02-02T15:00:00+00:00,duplicate_charge,1872.13,True,True,False,True,True,2,False,True,False,148,False,lost
TXN102757,MERCH_RETAIL_01,2025-02-04T13:00:00+00:00,unrecognized_transaction,3041.44,True,True,True,True,False,3,False,False,False,146,False,lost
TXN102758,MERCH_RETAIL_01,2025-01-11T02:00:00+00:00,unrecognized_transaction,7126.15,True,False,True,True,False,6,False,False,False,170,False,won
TXN102759,MERCH_DIGITAL_04,2025-06-19T14:00:00+00:00,unrecognized_transaction,2021.47,False,False,False,True,True,4,False,False,False,11,False,won
TXN102760,MERCH_RETAIL_01,2025-05-06T14:00:00+00:00,subscription_cancelled,2013.41,False,False,False,True,True,0,True,False,True,55,False,won
TXN102761,MERCH_ECOM_03,2025-03-16T20:00:00+00:00,duplicate_charge,1588.48,True,False,True,False,True,2,False,False,False,106,False,lost
TXN102762,MERCH_ECOM_03,2025-06-10T18:00:00+00:00,item_not_as_described,2387.0,True,True,False,False,True,1,False,False,False,20,False,lost
TXN102763,MERCH_RETAIL_01,2025-05-18T17:00:00+00:00,duplicate_charge,435.68,False,False,False,True,False,8,False,True,False,43,False,won
TXN102764,MERCH_RETAIL_01,2025-02-09T18:00:00+00:00,unrecognized_transaction,4311.24,False,False,False,False,True,7,True,False,False,141,False,lost
TXN102765,MERCH_SAAS_02,2025-04-02T16:00:00+00:00,item_not_received,1704.31,False,False,False,True,False,3,False,False,False,89,False,won
TXN102766,MERCH_RETAIL_01,2025-03-06T03:00:00+00:00,subscription_cancelled,2700.34,True,True,False,False,False,3,False,False,False,116,False,lost
TXN102767,MERCH_DIGITAL_04,2025-05-02T21:00:00+00:00,unrecognized_transaction,1746.42,False,False,False,True,True,4,True,False,False,59,False,won
TXN102768,MERCH_RETAIL_01,2025-04-16T04:00:00+00:00,item_not_received,4022.28,False,False,False,True,False,2,False,False,False,75,False,lost
TXN102769,MERCH_SAAS_02,2025-03-21T19:00:00+00:00,item_not_as_described,1648.22,True,True,True,False,False,4,False,False,False,101,False,lost
TXN102770,MERCH_RETAIL_01,2025-02-10T00:00:00+00:00,duplicate_charge,4525.32,True,True,True,True,False,5,True,True,False,140,False,won
TXN102771,MERCH_ECOM_03,2025-04-09T23:00:00+00:00,unrecognized_transaction,786.82,True,True,True,True,False,2,True,False,False,82,False,won
TXN102772,MERCH_DIGITAL_04,2025-06-24T10:00:00+00:00,subscription_cancelled,3576.17,True,True,False,True,False,0,False,False,True,6,False,won
TXN102773,MERCH_SAAS_02,2025-03-27T22:00:00+00:00,item_not_received,2826.9,True,True,True,True,False,4,False,False,False,95,False,won
TXN102774,MERCH_SAAS_02,2025-02-18T09:00:00+00:00,subscription_cancelled,2449.53,False,False,False,False,True,8,True,False,False,132,False,lost
TXN102775,MERCH_SAAS_02,2025-02-17T08:00:00+00:00,item_not_received,1146.32,True,True,False,True,True,3,True,False,False,133,False,lost
TXN102776,MERCH_DIGITAL_04,2025-05-04T23:00:00+00:00,unrecognized_transaction,7269.34,False,False,False,True,False,2,False,False,False,57,False,lost
TXN102777,MERCH_RETAIL_01,2025-02-28T12:00:00+00:00,unrecognized_transaction,971.72,False,False,False,True,True,6,True,False,False,122,False,won
TXN102778,MERCH_ECOM_03,2025-03-13T10:00:00+00:00,item_not_received,660.02,False,False,False,False,False,3,True,False,False,109,False,lost
TXN102779,MERCH_SAAS_02,2025-02-19T06:00:00+00:00,item_not_received,1184.25,True,True,False,True,True,2,False,False,False,131,False,won
TXN102780,MERCH_SAAS_02,2025-05-26T20:00:00+00:00,item_not_received,830.0,False,False,False,True,False,4,False,False,False,35,False,won
TXN102781,MERCH_ECOM_03,2025-01-29T17:00:00+00:00,duplicate_charge,4644.29,True,False,False,True,True,6,True,True,False,152,False,won
TXN102782,MERCH_ECOM_03,2025-06-01T21:00:00+00:00,subscription_cancelled,3818.98,True,True,False,False,True,2,False,False,True,29,False,won
TXN102783,MERCH_RETAIL_01,2025-04-18T01:00:00+00:00,item_not_as_described,2576.63,True,True,False,True,True,6,True,False,False,73,False,won
TXN102784,MERCH_ECOM_03,2025-04-11T19:00:00+00:00,item_not_received,2912.83,False,False,False,True,False,5,True,False,False,80,False,won
TXN102785,MERCH_SAAS_02,2025-06-03T04:00:00+00:00,item_not_received,951.1,True,True,True,True,False,6,True,False,False,27,False,won
TXN102786,MERCH_ECOM_03,2025-02-11T19:00:00+00:00,item_not_received,713.9,True,True,True,True,True,4,False,False,False,139,False,lost
TXN102787,MERCH_ECOM_03,2025-03-08T16:00:00+00:00,unrecognized_transaction,3353.69,True,True,True,True,True,4,False,False,False,114,False,won
TXN102788,MERCH_ECOM_03,2025-05-11T00:00:00+00:00,duplicate_charge,421.2,True,True,True,True,True,3,True,True,False,50,False,won
TXN102789,MERCH_RETAIL_01,2025-01-30T04:00:00+00:00,duplicate_charge,1051.96,False,False,False,False,True,7,True,True,False,151,False,lost
TXN102790,MERCH_DIGITAL_04,2025-06-15T23:00:00+00:00,item_not_received,3560.69,False,False,False,True,True,7,False,False,False,15,False,lost
TXN102791,MERCH_SAAS_02,2025-01-07T17:00:00+00:00,item_not_received,3787.84,True,True,False,False,False,5,True,False,False,174,False,won
TXN102792,MERCH_ECOM_03,2025-03-04T17:00:00+00:00,duplicate_charge,256.22,True,True,True,True,False,5,False,False,False,118,False,lost
TXN102793,MERCH_ECOM_03,2025-03-20T17:00:00+00:00,item_not_received,621.06,False,False,False,True,True,4,False,False,False,102,False,lost
TXN102794,MERCH_ECOM_03,2025-05-24T08:00:00+00:00,duplicate_charge,7797.33,True,True,True,True,True,9,False,True,False,37,False,lost
TXN102795,MERCH_ECOM_03,2025-06-25T02:00:00+00:00,item_not_received,1581.3,True,True,True,False,True,7,False,False,False,5,False,won
TXN102796,MERCH_RETAIL_01,2025-04-28T21:00:00+00:00,item_not_as_described,3324.13,True,True,False,True,True,2,False,False,False,63,False,lost
TXN102797,MERCH_SAAS_02,2025-01-28T06:00:00+00:00,item_not_received,1950.33,True,True,True,True,True,3,False,False,False,153,False,won
TXN102798,MERCH_RETAIL_01,2025-06-22T14:00:00+00:00,unrecognized_transaction,3443.91,True,False,False,True,True,6,False,False,False,8,False,won
TXN102799,MERCH_DIGITAL_04,2025-05-08T11:00:00+00:00,item_not_received,2884.96,True,False,False,False,False,2,True,False,False,53,False,lost
TXN102800,MERCH_RETAIL_01,2025-02-20T15:00:00+00:00,duplicate_charge,1191.55,True,True,True,True,True,5,False,True,False,130,False,won
TXN102801,MERCH_ECOM_03,2025-02-05T00:00:00+00:00,item_not_received,3244.6,False,False,False,True,True,3,True,False,False,145,False,lost
TXN102802,MERCH_ECOM_03,2025-05-04T01:00:00+00:00,unrecognized_transaction,6429.29,True,True,False,True,False,6,False,False,False,57,False,won
TXN102803,MERCH_RETAIL_01,2025-03-31T06:00:00+00:00,subscription_cancelled,3051.88,False,False,False,True,True,8,True,False,True,91,False,won
TXN102804,MERCH_SAAS_02,2025-01-21T17:00:00+00:00,subscription_cancelled,1486.49,True,False,True,False,True,5,False,False,True,160,False,won
TXN102805,MERCH_SAAS_02,2025-06-10T08:00:00+00:00,unrecognized_transaction,1125.62,False,False,False,True,False,2,False,False,False,20,False,lost
TXN102806,MERCH_ECOM_03,2025-05-13T22:00:00+00:00,item_not_as_described,2123.41,False,False,False,False,True,2,False,False,False,48,False,lost
TXN102807,MERCH_SAAS_02,2025-06-08T15:00:00+00:00,item_not_as_described,1585.15,False,False,False,False,False,1,True,False,False,22,False,lost
TXN102808,MERCH_SAAS_02,2025-01-25T01:00:00+00:00,item_not_as_described,1106.3,False,False,False,False,True,4,True,False,False,156,False,won
TXN102809,MERCH_RETAIL_01,2025-02-01T05:00:00+00:00,unrecognized_transaction,3242.88,True,True,False,True,False,3,True,False,False,149,False,lost
TXN102810,MERCH_ECOM_03,2025-04-24T06:00:00+00:00,item_not_received,1781.89,True,True,False,True,True,5,False,False,False,67,False,won
TXN102811,MERCH_ECOM_03,2025-05-03T14:00:00+00:00,item_not_received,2310.94,True,True,False,True,False,3,False,False,False,58,False,won
TXN102812,MERCH_SAAS_02,2025-02-12T10:00:00+00:00,subscription_cancelled,2204.23,True,True,True,True,True,4,True,False,True,138,False,won
TXN102813,MERCH_RETAIL_01,2025-03-22T06:00:00+00:00,duplicate_charge,829.38,True,True,True,True,False,5,True,True,False,100,False,won
TXN102814,MERCH_RETAIL_01,2025-02-23T23:00:00+00:00,item_not_as_described,1184.61,True,True,True,False,True,3,True,False,False,127,False,won
TXN102815,MERCH_SAAS_02,2025-06-06T15:00:00+00:00,item_not_received,3615.6,True,True,True,True,False,3,False,False,False,24,False,won
TXN102816,MERCH_SAAS_02,2025-06-14T20:00:00+00:00,duplicate_charge,2247.45,True,False,True,False,True,1,False,True,False,16,False,won
TXN102817,MERCH_RETAIL_01,2025-02-12T20:00:00+00:00,item_not_received,2083.45,False,False,False,True,False,6,False,False,False,138,False,lost
TXN102818,MERCH_ECOM_03,2025-03-30T10:00:00+00:00,item_not_as_described,3992.53,True,True,False,False,True,5,False,False,False,92,False,won
TXN102819,MERCH_SAAS_02,2025-02-03T15:00:00+00:00,item_not_received,1174.72,True,True,False,True,False,7,True,False,False,147,False,won
TXN102820,MERCH_DIGITAL_04,2025-01-25T22:00:00+00:00,duplicate_charge,3600.43,True,True,False,False,True,10,True,True,False,156,False,won
TXN102821,MERCH_DIGITAL_04,2025-03-18T04:00:00+00:00,duplicate_charge,1044.83,True,False,False,True,True,4,False,True,False,104,False,won
TXN102822,MERCH_ECOM_03,2025-01-26T02:00:00+00:00,item_not_received,2412.02,True,False,True,True,False,4,False,False,False,155,False,won
TXN102823,MERCH_RETAIL_01,2025-06-13T17:00:00+00:00,item_not_received,5090.67,False,False,False,True,False,1,True,False,False,17,False,lost
TXN102824,MERCH_ECOM_03,2025-05-17T05:00:00+00:00,subscription_cancelled,1452.41,False,False,False,False,True,3,True,False,True,44,False,won
TXN102825,MERCH_SAAS_02,2025-03-10T04:00:00+00:00,unrecognized_transaction,365.76,True,True,True,False,True,3,True,False,False,112,False,won
TXN102826,MERCH_ECOM_03,2025-01-18T08:00:00+00:00,duplicate_charge,3268.73,False,False,False,False,True,0,True,True,False,163,False,lost
TXN102827,MERCH_ECOM_03,2025-03-08T02:00:00+00:00,item_not_as_described,2593.83,False,False,False,True,True,3,False,False,False,114,False,won
TXN102828,MERCH_SAAS_02,2025-03-02T18:00:00+00:00,duplicate_charge,291.4,False,False,False,False,True,1,False,False,False,120,False,lost
TXN102829,MERCH_RETAIL_01,2025-05-23T19:00:00+00:00,item_not_as_described,6018.35,True,True,False,True,True,1,True,False,False,38,False,lost
TXN102830,MERCH_ECOM_03,2025-02-02T00:00:00+00:00,item_not_as_described,140.26,True,True,True,True,True,6,False,False,False,148,False,lost
TXN102831,MERCH_RETAIL_01,2025-05-21T18:00:00+00:00,item_not_received,9165.32,True,True,False,False,True,5,True,False,False,40,False,won
TXN102832,MERCH_ECOM_03,2025-03-20T15:00:00+00:00,duplicate_charge,3435.9,False,True,True,False,True,3,True,True,False,102,True,won
TXN102833,MERCH_RETAIL_01,2025-01-31T12:00:00+00:00,subscription_cancelled,3204.51,False,False,False,True,True,6,False,False,True,150,False,won
TXN102834,MERCH_SAAS_02,2025-03-11T18:00:00+00:00,unrecognized_transaction,2284.39,True,True,False,True,False,3,True,False,False,111,False,won
TXN102835,MERCH_SAAS_02,2025-03-13T09:00:00+00:00,item_not_as_described,1768.81,True,True,True,False,True,2,False,False,False,109,False,lost
TXN102836,MERCH_SAAS_02,2025-03-07T08:00:00+00:00,item_not_as_described,1687.55,False,False,False,True,False,5,False,False,False,115,False,lost
TXN102837,MERCH_RETAIL_01,2025-02-03T05:00:00+00:00,subscription_cancelled,1182.91,True,True,True,False,False,2,True,False,True,147,False,won
TXN102838,MERCH_DIGITAL_04,2025-03-05T00:00:00+00:00,item_not_as_described,538.11,False,False,False,False,True,3,True,False,False,117,False,lost
TXN102839,MERCH_RETAIL_01,2025-02-22T21:00:00+00:00,item_not_received,2359.88,True,True,True,True,False,0,False,False,False,128,False,won
TXN102840,MERCH_RETAIL_01,2025-04-21T07:00:00+00:00,item_not_received,1268.02,True,True,True,True,False,2,True,False,False,70,False,won
TXN102841,MERCH_RETAIL_01,2025-05-08T19:00:00+00:00,item_not_received,3484.38,True,False,False,True,True,5,False,False,False,53,False,won
TXN102842,MERCH_RETAIL_01,2025-03-08T22:00:00+00:00,item_not_as_described,6012.82,True,False,True,True,False,0,False,False,False,114,False,lost
TXN102843,MERCH_RETAIL_01,2025-04-18T02:00:00+00:00,item_not_received,435.01,True,True,False,False,True,3,False,False,False,73,False,won
TXN102844,MERCH_RETAIL_01,2025-01-01T19:00:00+00:00,item_not_as_described,3146.81,False,False,False,False,False,6,False,False,False,180,False,lost
TXN102845,MERCH_SAAS_02,2025-06-01T21:00:00+00:00,item_not_as_described,2725.94,True,True,True,True,True,1,False,False,False,29,False,lost
TXN102846,MERCH_ECOM_03,2025-05-23T10:00:00+00:00,item_not_received,1519.63,False,False,False,True,True,5,False,False,False,38,False,lost
TXN102847,MERCH_RETAIL_01,2025-05-10T02:00:00+00:00,item_not_as_described,2725.83,False,False,False,True,True,5,True,False,False,51,False,won
TXN102848,MERCH_SAAS_02,2025-06-01T21:00:00+00:00,unrecognized_transaction,613.75,True,True,False,False,False,3,False,False,False,29,False,lost
TXN102849,MERCH_RETAIL_01,2025-01-04T07:00:00+00:00,item_not_as_described,4714.19,True,True,False,True,False,1,False,False,False,177,False,won
TXN102850,MERCH_RETAIL_01,2025-05-06T07:00:00+00:00,item_not_received,2379.1,False,False,False,False,False,4,False,False,False,55,False,won
TXN102851,MERCH_RETAIL_01,2025-06-19T01:00:00+00:00,item_not_received,1639.48,False,False,False,False,False,5,False,False,False,11,False,lost
TXN102852,MERCH_ECOM_03,2025-04-10T23:00:00+00:00,item_not_received,14264.98,True,True,True,True,False,7,False,False,False,81,False,won
TXN102853,MERCH_RETAIL_01,2025-04-24T05:00:00+00:00,unrecognized_transaction,1053.98,True,True,False,True,True,4,False,False,False,67,False,won
TXN102854,MERCH_SAAS_02,2025-02-24T19:00:00+00:00,unrecognized_transaction,1199.12,False,False,False,True,True,4,False,False,False,126,False,lost
TXN102855,MERCH_RETAIL_01,2025-03-10T06:00:00+00:00,item_not_as_described,5141.08,True,True,False,True,False,0,True,False,False,112,False,won
TXN102856,MERCH_RETAIL_01,2025-01-26T18:00:00+00:00,unrecognized_transaction,7889.48,True,True,False,False,True,2,False,False,False,155,False,lost
TXN102857,MERCH_DIGITAL_04,2025-01-04T13:00:00+00:00,unrecognized_transaction,1911.77,True,True,True,False,False,3,False,False,False,177,False,won
TXN102858,MERCH_RETAIL_01,2025-06-11T11:00:00+00:00,subscription_cancelled,4486.77,False,False,False,False,True,2,False,False,True,19,False,won
TXN102859,MERCH_SAAS_02,2025-03-09T01:00:00+00:00,item_not_received,5086.52,False,False,False,False,True,3,False,False,False,113,False,won
TXN102860,MERCH_SAAS_02,2025-02-07T05:00:00+00:00,item_not_received,2978.39,False,False,False,False,False,6,False,False,False,143,False,lost
TXN102861,MERCH_SAAS_02,2025-06-28T17:00:00+00:00,unrecognized_transaction,3873.68,True,True,True,False,True,5,False,False,False,2,False,lost
TXN102862,MERCH_ECOM_03,2025-06-10T09:00:00+00:00,unrecognized_transaction,252.63,True,True,False,True,False,3,False,False,False,20,False,lost
TXN102863,MERCH_SAAS_02,2025-01-31T14:00:00+00:00,item_not_received,4966.04,True,True,True,True,True,2,False,False,False,150,False,won
TXN102864,MERCH_RETAIL_01,2025-04-27T17:00:00+00:00,item_not_as_described,2514.87,True,True,False,True,True,4,True,False,False,64,False,won
TXN102865,MERCH_DIGITAL_04,2025-02-27T18:00:00+00:00,item_not_received,695.88,True,True,True,True,False,4,True,False,False,123,False,won
TXN102866,MERCH_DIGITAL_04,2025-05-06T05:00:00+00:00,item_not_received,2437.71,False,False,False,False,False,1,True,False,False,55,False,won
TXN102867,MERCH_SAAS_02,2025-04-29T19:00:00+00:00,item_not_received,10080.07,True,False,False,True,True,6,True,False,False,62,False,won
TXN102868,MERCH_RETAIL_01,2025-06-05T02:00:00+00:00,unrecognized_transaction,3806.27,False,False,False,True,True,3,False,False,False,25,False,won
TXN102869,MERCH_ECOM_03,2025-01-21T04:00:00+00:00,duplicate_charge,4148.9,False,False,False,True,False,1,False,True,False,160,False,won
TXN102870,MERCH_RETAIL_01,2025-05-07T16:00:00+00:00,item_not_as_described,5484.72,True,True,False,True,True,3,False,False,False,54,False,lost
TXN102871,MERCH_RETAIL_01,2025-02-18T16:00:00+00:00,item_not_received,631.69,False,False,False,True,False,3,True,False,False,132,False,lost
TXN102872,MERCH_SAAS_02,2025-01-23T12:00:00+00:00,subscription_cancelled,3102.24,True,True,False,False,False,3,False,False,True,158,False,lost
TXN102873,MERCH_RETAIL_01,2025-06-07T10:00:00+00:00,unrecognized_transaction,497.38,True,False,True,True,True,7,True,False,False,23,False,won
TXN102874,MERCH_ECOM_03,2025-06-03T14:00:00+00:00,unrecognized_transaction,8649.07,True,True,False,True,False,7,True,False,False,27,False,won
TXN102875,MERCH_ECOM_03,2025-03-04T03:00:00+00:00,unrecognized_transaction,2357.54,False,False,False,True,True,4,False,False,False,118,False,won
TXN102876,MERCH_ECOM_03,2025-05-08T12:00:00+00:00,subscription_cancelled,383.34,True,True,True,False,False,3,True,False,False,53,False,won
TXN102877,MERCH_SAAS_02,2025-02-12T21:00:00+00:00,duplicate_charge,3006.38,False,False,False,False,True,6,True,False,False,138,False,lost
TXN102878,MERCH_ECOM_03,2025-06-15T04:00:00+00:00,unrecognized_transaction,3851.89,False,False,False,False,True,0,True,False,False,15,False,lost
TXN102879,MERCH_RETAIL_01,2025-04-13T09:00:00+00:00,duplicate_charge,514.62,True,True,True,True,True,3,True,False,False,78,False,lost
TXN102880,MERCH_SAAS_02,2025-04-30T12:00:00+00:00,item_not_received,4336.46,False,False,False,True,False,1,False,False,False,61,False,lost
TXN102881,MERCH_ECOM_03,2025-02-25T16:00:00+00:00,duplicate_charge,425.34,True,False,True,True,True,5,False,True,False,125,False,won
TXN102882,MERCH_SAAS_02,2025-01-18T23:00:00+00:00,duplicate_charge,1195.03,True,True,True,False,True,2,False,True,False,163,False,won
TXN102883,MERCH_RETAIL_01,2025-02-02T19:00:00+00:00,unrecognized_transaction,4599.19,False,False,False,True,True,3,True,False,False,148,False,won
TXN102884,MERCH_SAAS_02,2025-05-13T00:00:00+00:00,item_not_received,1492.8,True,True,False,True,True,3,True,False,False,48,False,won
TXN102885,MERCH_SAAS_02,2025-03-29T07:00:00+00:00,unrecognized_transaction,1454.49,False,False,False,True,False,4,False,False,False,93,False,lost
TXN102886,MERCH_ECOM_03,2025-02-26T08:00:00+00:00,item_not_received,576.3,True,True,False,False,True,4,True,False,False,124,False,won
TXN102887,MERCH_RETAIL_01,2025-03-28T18:00:00+00:00,item_not_as_described,1974.35,False,False,False,False,True,6,True,False,False,94,False,lost
TXN102888,MERCH_ECOM_03,2025-04-18T12:00:00+00:00,unrecognized_transaction,1579.33,True,True,True,True,True,2,True,False,False,73,False,won
TXN102889,MERCH_SAAS_02,2025-05-21T19:00:00+00:00,item_not_as_described,1149.02,False,False,False,True,True,5,True,False,False,40,False,won
TXN102890,MERCH_SAAS_02,2025-02-20T18:00:00+00:00,item_not_received,1461.38,False,False,False,True,True,1,True,False,False,130,False,lost
TXN102891,MERCH_ECOM_03,2025-04-13T22:00:00+00:00,item_not_received,1235.65,False,False,False,True,True,3,False,False,False,78,False,lost
TXN102892,MERCH_ECOM_03,2025-03-29T02:00:00+00:00,item_not_received,7108.26,False,False,False,True,False,4,True,False,False,93,False,lost
TXN102893,MERCH_RETAIL_01,2025-06-12T07:00:00+00:00,unrecognized_transaction,1672.16,True,False,False,False,True,3,True,False,False,18,False,lost
TXN102894,MERCH_SAAS_02,2025-04-17T23:00:00+00:00,unrecognized_transaction,2245.23,False,False,False,True,True,4,True,False,False,74,False,won
TXN102895,MERCH_ECOM_03,2025-06-25T09:00:00+00:00,subscription_cancelled,1709.07,True,True,False,False,True,5,True,False,True,5,False,won
TXN102896,MERCH_ECOM_03,2025-01-15T13:00:00+00:00,subscription_cancelled,1136.52,True,True,False,True,True,3,False,False,False,166,False,lost
TXN102897,MERCH_RETAIL_01,2025-02-12T22:00:00+00:00,item_not_received,5645.62,True,True,True,True,False,3,False,False,False,138,False,lost
TXN102898,MERCH_RETAIL_01,2025-06-15T20:00:00+00:00,duplicate_charge,2892.73,True,True,False,False,True,2,False,True,False,15,False,won
TXN102899,MERCH_RETAIL_01,2025-06-09T21:00:00+00:00,unrecognized_transaction,1338.61,True,True,False,True,True,6,True,False,False,21,False,won
TXN102900,MERCH_DIGITAL_04,2025-01-20T13:00:00+00:00,item_not_as_described,1252.02,True,True,True,False,False,5,False,False,False,161,False,lost
TXN102901,MERCH_ECOM_03,2025-05-18T16:00:00+00:00,item_not_as_described,1585.06,False,False,False,False,False,1,False,False,False,43,False,lost
TXN102902,MERCH_SAAS_02,2025-03-07T01:00:00+00:00,item_not_received,1481.29,True,False,True,True,False,5,False,False,False,115,False,lost
TXN102903,MERCH_SAAS_02,2025-02-01T04:00:00+00:00,duplicate_charge,3414.35,True,False,True,True,True,2,True,True,False,149,False,won
TXN102904,MERCH_RETAIL_01,2025-01-31T19:00:00+00:00,item_not_as_described,5342.02,True,True,False,False,True,3,False,False,False,150,False,lost
TXN102905,MERCH_RETAIL_01,2025-01-21T04:00:00+00:00,unrecognized_transaction,4119.41,True,False,True,True,False,3,False,False,False,160,False,lost
TXN102906,MERCH_RETAIL_01,2025-01-07T15:00:00+00:00,unrecognized_transaction,914.42,False,False,False,False,False,2,False,False,False,174,False,lost
TXN102907,MERCH_RETAIL_01,2025-03-05T19:00:00+00:00,item_not_received,1281.63,False,False,False,True,True,7,True,False,False,117,False,lost
TXN102908,MERCH_SAAS_02,2025-01-10T13:00:00+00:00,item_not_as_described,1901.69,True,True,True,True,False,5,False,False,False,171,False,lost
TXN102909,MERCH_SAAS_02,2025-04-19T20:00:00+00:00,item_not_received,2072.93,False,False,False,True,False,2,True,False,False,72,False,lost
TXN102910,MERCH_ECOM_03,2025-02-07T09:00:00+00:00,item_not_received,2867.19,False,False,False,True,True,5,True,False,False,143,False,won
TXN102911,MERCH_ECOM_03,2025-01-13T15:00:00+00:00,unrecognized_transaction,7288.44,False,False,False,False,False,5,True,False,False,168,False,lost
TXN102912,MERCH_DIGITAL_04,2025-05-01T23:00:00+00:00,item_not_received,1936.27,False,False,False,False,False,2,True,False,False,60,False,won
TXN102913,MERCH_RETAIL_01,2025-05-25T13:00:00+00:00,duplicate_charge,1832.11,True,True,False,False,True,4,False,True,False,36,False,won
TXN102914,MERCH_ECOM_03,2025-01-23T00:00:00+00:00,unrecognized_transaction,2148.93,False,False,False,False,True,6,True,False,False,158,False,lost
TXN102915,MERCH_DIGITAL_04,2025-03-01T15:00:00+00:00,item_not_as_described,7909.67,True,True,False,True,True,3,False,False,False,121,False,lost
TXN102916,MERCH_SAAS_02,2025-06-16T07:00:00+00:00,item_not_received,5459.36,False,False,False,True,False,8,True,False,False,14,False,lost
TXN102917,MERCH_SAAS_02,2025-03-13T15:00:00+00:00,duplicate_charge,1691.06,True,True,False,False,False,5,True,True,False,109,False,won
TXN102918,MERCH_SAAS_02,2025-06-22T13:00:00+00:00,item_not_received,3248.4,False,False,False,True,True,1,True,False,False,8,False,lost
TXN102919,MERCH_RETAIL_01,2025-02-19T04:00:00+00:00,item_not_received,2323.57,False,False,False,True,True,6,True,False,False,131,False,lost
TXN102920,MERCH_ECOM_03,2025-01-21T21:00:00+00:00,subscription_cancelled,1402.48,True,True,True,True,False,1,False,False,True,160,False,won
TXN102921,MERCH_DIGITAL_04,2025-01-18T05:00:00+00:00,item_not_received,684.99,False,False,False,True,True,7,False,False,False,163,False,lost
TXN102922,MERCH_RETAIL_01,2025-05-23T08:00:00+00:00,item_not_received,3175.05,True,True,False,True,True,3,True,False,False,38,False,won
TXN102923,MERCH_RETAIL_01,2025-06-05T05:00:00+00:00,item_not_as_described,484.89,False,False,False,True,True,3,True,False,False,25,False,won
TXN102924,MERCH_SAAS_02,2025-03-25T18:00:00+00:00,subscription_cancelled,3606.6,True,True,False,True,True,0,False,False,False,97,False,won
TXN102925,MERCH_ECOM_03,2025-05-06T21:00:00+00:00,subscription_cancelled,2752.6,False,False,False,True,True,2,True,False,True,55,False,won
TXN102926,MERCH_DIGITAL_04,2025-03-15T22:00:00+00:00,item_not_received,2071.42,True,False,True,True,True,2,False,False,False,107,False,won
TXN102927,MERCH_RETAIL_01,2025-04-10T01:00:00+00:00,item_not_received,2881.85,False,False,False,True,True,2,False,False,False,81,False,lost
TXN102928,MERCH_ECOM_03,2025-06-24T20:00:00+00:00,item_not_received,1019.96,True,False,True,True,False,2,False,False,False,6,False,won
TXN102929,MERCH_RETAIL_01,2025-04-04T13:00:00+00:00,subscription_cancelled,3796.76,False,False,False,False,False,4,False,False,False,87,False,lost
TXN102930,MERCH_RETAIL_01,2025-04-03T22:00:00+00:00,duplicate_charge,6683.97,True,True,True,True,True,5,True,True,False,88,False,won
TXN102931,MERCH_RETAIL_01,2025-05-14T03:00:00+00:00,unrecognized_transaction,1728.14,True,True,True,True,True,4,False,False,False,47,False,won
TXN102932,MERCH_ECOM_03,2025-03-21T13:00:00+00:00,item_not_received,1778.35,False,False,False,True,True,4,True,False,False,101,False,lost
TXN102933,MERCH_RETAIL_01,2025-02-19T19:00:00+00:00,duplicate_charge,1639.85,True,True,True,True,False,2,True,True,False,131,False,won
TXN102934,MERCH_RETAIL_01,2025-04-15T15:00:00+00:00,unrecognized_transaction,3739.42,False,False,False,True,True,4,False,False,False,76,False,won
TXN102935,MERCH_ECOM_03,2025-06-24T23:00:00+00:00,unrecognized_transaction,3083.38,True,True,False,False,True,4,True,False,False,6,False,lost
TXN102936,MERCH_RETAIL_01,2025-05-05T04:00:00+00:00,item_not_received,1039.95,True,False,True,True,False,3,True,False,False,56,False,won
TXN102937,MERCH_SAAS_02,2025-02-19T22:00:00+00:00,item_not_received,6159.73,False,False,False,True,True,4,True,False,False,131,False,lost
TXN102938,MERCH_DIGITAL_04,2025-01-31T07:00:00+00:00,item_not_received,1983.04,True,True,True,False,True,4,False,False,False,150,False,won
TXN102939,MERCH_SAAS_02,2025-02-10T00:00:00+00:00,item_not_received,592.73,False,False,False,True,False,4,True,False,False,140,False,lost
TXN102940,MERCH_RETAIL_01,2025-03-21T01:00:00+00:00,item_not_received,1729.95,False,False,False,True,False,4,False,False,False,101,False,lost
TXN102941,MERCH_ECOM_03,2025-02-27T10:00:00+00:00,item_not_as_described,2628.55,True,True,False,True,False,6,True,False,False,123,False,won
TXN102942,MERCH_SAAS_02,2025-01-13T15:00:00+00:00,duplicate_charge,950.83,False,False,False,True,False,6,True,True,False,168,False,won
TXN102943,MERCH_DIGITAL_04,2025-01-25T16:00:00+00:00,subscription_cancelled,2529.74,True,True,True,True,True,9,False,False,False,156,False,lost
TXN102944,MERCH_SAAS_02,2025-01-01T22:00:00+00:00,item_not_received,672.43,True,False,True,True,True,1,True,False,False,180,False,lost
TXN102945,MERCH_RETAIL_01,2025-04-27T06:00:00+00:00,duplicate_charge,3751.18,True,True,False,False,True,3,True,True,False,64,False,won
TXN102946,MERCH_RETAIL_01,2025-02-08T11:00:00+00:00,item_not_received,4327.02,True,True,True,True,True,0,True,False,False,142,False,won
TXN102947,MERCH_RETAIL_01,2025-02-16T23:00:00+00:00,subscription_cancelled,2238.91,False,False,True,True,True,6,False,False,True,134,True,lost
TXN102948,MERCH_SAAS_02,2025-05-26T11:00:00+00:00,item_not_as_described,2004.62,True,True,True,False,False,3,False,False,False,35,False,won
TXN102949,MERCH_ECOM_03,2025-04-24T22:00:00+00:00,unrecognized_transaction,1340.92,False,False,False,True,True,6,True,False,False,67,False,won
TXN102950,MERCH_ECOM_03,2025-02-18T18:00:00+00:00,subscription_cancelled,1242.75,True,True,False,True,False,3,True,False,True,132,False,lost
TXN102951,MERCH_DIGITAL_04,2025-01-17T04:00:00+00:00,unrecognized_transaction,3665.82,True,True,False,False,True,0,False,False,False,164,False,lost
TXN102952,MERCH_ECOM_03,2025-03-01T06:00:00+00:00,item_not_as_described,2187.59,False,False,False,True,True,4,False,False,False,121,False,lost
TXN102953,MERCH_RETAIL_01,2025-04-29T09:00:00+00:00,duplicate_charge,1306.4,False,False,False,False,True,5,False,True,False,62,False,won
TXN102954,MERCH_ECOM_03,2025-03-18T02:00:00+00:00,unrecognized_transaction,1361.41,True,True,True,False,False,4,True,False,False,104,False,lost
TXN102955,MERCH_ECOM_03,2025-04-24T11:00:00+00:00,item_not_received,1418.22,True,True,True,False,True,4,False,False,False,67,False,won
TXN102956,MERCH_SAAS_02,2025-03-10T13:00:00+00:00,duplicate_charge,3410.1,True,True,True,True,True,4,False,True,False,112,False,lost
TXN102957,MERCH_RETAIL_01,2025-05-12T16:00:00+00:00,item_not_received,3285.54,True,True,True,False,True,3,False,False,False,49,False,won
TXN102958,MERCH_SAAS_02,2025-06-12T09:00:00+00:00,item_not_received,2075.96,False,False,False,False,True,3,True,False,False,18,False,lost
TXN102959,MERCH_RETAIL_01,2025-05-31T05:00:00+00:00,item_not_received,2141.67,False,False,False,True,True,3,True,False,False,30,False,lost
TXN102960,MERCH_RETAIL_01,2025-04-09T07:00:00+00:00,unrecognized_transaction,364.61,False,False,False,False,True,6,False,False,False,82,False,won
TXN102961,MERCH_SAAS_02,2025-05-31T18:00:00+00:00,unrecognized_transaction,882.62,True,True,False,True,True,4,True,False,False,30,False,won
TXN102962,MERCH_ECOM_03,2025-03-14T08:00:00+00:00,unrecognized_transaction,2429.05,False,False,False,True,False,6,False,False,False,108,False,lost
TXN102963,MERCH_RETAIL_01,2025-01-09T21:00:00+00:00,subscription_cancelled,2794.15,True,False,False,True,True,2,False,False,True,172,False,won
TXN102964,MERCH_RETAIL_01,2025-05-04T18:00:00+00:00,unrecognized_transaction,5319.76,False,False,False,True,False,5,False,False,False,57,False,lost
TXN102965,MERCH_RETAIL_01,2025-03-21T07:00:00+00:00,unrecognized_transaction,6265.74,False,False,True,True,True,4,False,False,False,101,True,lost
TXN102966,MERCH_ECOM_03,2025-03-02T20:00:00+00:00,item_not_received,6792.55,True,False,True,True,False,1,True,False,False,120,False,won
TXN102967,MERCH_RETAIL_01,2025-06-28T12:00:00+00:00,unrecognized_transaction,596.97,False,False,False,True,True,6,True,False,False,2,False,won
TXN102968,MERCH_ECOM_03,2025-05-03T06:00:00+00:00,item_not_received,3968.46,True,True,True,True,False,2,True,False,False,58,False,won
TXN102969,MERCH_DIGITAL_04,2025-01-03T11:00:00+00:00,duplicate_charge,532.89,True,True,True,True,True,2,False,True,False,178,False,won
TXN102970,MERCH_RETAIL_01,2025-04-09T03:00:00+00:00,unrecognized_transaction,3709.44,True,True,True,False,True,2,True,False,False,82,False,won
TXN102971,MERCH_DIGITAL_04,2025-03-25T23:00:00+00:00,duplicate_charge,5723.79,False,False,False,True,True,2,True,True,False,97,False,lost
TXN102972,MERCH_SAAS_02,2025-01-09T18:00:00+00:00,duplicate_charge,842.99,True,True,True,True,True,5,True,True,False,172,False,won
TXN102973,MERCH_DIGITAL_04,2025-05-27T08:00:00+00:00,item_not_received,4248.95,True,True,False,True,True,0,True,False,False,34,False,won
TXN102974,MERCH_DIGITAL_04,2025-06-12T02:00:00+00:00,subscription_cancelled,2431.29,False,False,False,False,False,4,True,False,False,18,False,lost
TXN102975,MERCH_RETAIL_01,2025-01-14T11:00:00+00:00,subscription_cancelled,4639.23,True,True,False,True,True,2,False,False,False,167,False,lost
TXN102976,MERCH_RETAIL_01,2025-01-29T15:00:00+00:00,item_not_received,688.15,True,True,False,True,True,4,True,False,False,152,False,won
TXN102977,MERCH_RETAIL_01,2025-03-02T03:00:00+00:00,unrecognized_transaction,1523.49,True,True,False,True,True,6,False,False,False,120,False,won
TXN102978,MERCH_RETAIL_01,2025-05-12T03:00:00+00:00,item_not_received,1178.27,True,True,False,False,True,3,True,False,False,49,False,won
TXN102979,MERCH_ECOM_03,2025-01-20T23:00:00+00:00,duplicate_charge,4516.95,True,True,False,True,True,4,False,True,False,161,False,won
TXN102980,MERCH_RETAIL_01,2025-01-29T14:00:00+00:00,unrecognized_transaction,3190.04,False,False,False,False,True,4,False,False,False,152,False,lost
TXN102981,MERCH_RETAIL_01,2025-02-10T19:00:00+00:00,item_not_received,1409.59,True,True,False,True,False,3,True,False,False,140,False,lost
TXN102982,MERCH_RETAIL_01,2025-06-11T15:00:00+00:00,duplicate_charge,1810.34,True,True,False,True,True,3,False,True,False,19,False,won
TXN102983,MERCH_ECOM_03,2025-03-07T00:00:00+00:00,unrecognized_transaction,3309.16,False,False,False,True,True,4,False,False,False,115,False,won
TXN102984,MERCH_ECOM_03,2025-03-08T23:00:00+00:00,item_not_as_described,3856.4,True,False,True,True,True,6,True,False,False,114,False,won
TXN102985,MERCH_RETAIL_01,2025-06-20T12:00:00+00:00,item_not_received,2273.13,True,False,False,True,True,4,True,False,False,10,False,won
TXN102986,MERCH_ECOM_03,2025-01-13T00:00:00+00:00,item_not_received,2189.72,True,True,True,True,True,4,False,False,False,168,False,lost
TXN102987,MERCH_SAAS_02,2025-03-31T12:00:00+00:00,duplicate_charge,2857.5,False,False,False,True,False,2,False,True,False,91,False,won
TXN102988,MERCH_RETAIL_01,2025-04-26T07:00:00+00:00,item_not_received,2485.94,True,True,False,True,False,4,False,False,False,65,False,won
TXN102989,MERCH_RETAIL_01,2025-01-23T17:00:00+00:00,item_not_received,3472.69,True,True,True,False,True,3,False,False,False,158,False,won
TXN102990,MERCH_RETAIL_01,2025-05-09T14:00:00+00:00,duplicate_charge,1542.09,True,True,True,True,True,4,False,True,False,52,False,won
TXN102991,MERCH_RETAIL_01,2025-01-30T21:00:00+00:00,item_not_received,743.7,True,True,True,False,True,5,True,False,False,151,False,won
TXN102992,MERCH_SAAS_02,2025-06-10T10:00:00+00:00,item_not_received,3996.08,True,True,True,False,True,1,False,False,False,20,False,won
TXN102993,MERCH_DIGITAL_04,2025-03-03T08:00:00+00:00,unrecognized_transaction,5269.69,False,False,False,True,False,6,False,False,False,119,False,lost
TXN102994,MERCH_RETAIL_01,2025-01-28T13:00:00+00:00,item_not_received,2216.88,True,True,True,False,True,4,True,False,False,153,False,won
TXN102995,MERCH_RETAIL_01,2025-04-30T21:00:00+00:00,item_not_received,6038.49,True,True,False,False,False,1,False,False,False,61,False,lost
TXN102996,MERCH_ECOM_03,2025-03-19T15:00:00+00:00,unrecognized_transaction,3095.98,True,True,False,True,True,4,True,False,False,103,False,won
TXN102997,MERCH_RETAIL_01,2025-04-24T08:00:00+00:00,unrecognized_transaction,3013.3,True,True,True,False,False,4,False,False,False,67,False,won
TXN102998,MERCH_RETAIL_01,2025-03-13T21:00:00+00:00,duplicate_charge,4584.44,False,False,False,True,True,5,True,True,False,109,False,won
TXN102999,MERCH_DIGITAL_04,2025-02-28T23:00:00+00:00,subscription_cancelled,1030.5,True,True,False,True,False,2,True,False,False,122,False,lost
TXN103000,MERCH_RETAIL_01,2025-05-09T19:00:00+00:00,item_not_as_described,1492.55,True,False,False,True,True,2,False,False,False,52,False,lost
TXN103001,MERCH_ECOM_03,2025-03-20T11:00:00+00:00,unrecognized_transaction,7510.4,True,True,False,True,True,1,False,False,False,102,False,lost
TXN103002,MERCH_DIGITAL_04,2025-06-08T07:00:00+00:00,item_not_received,850.56,True,False,True,False,True,3,True,False,False,22,False,won
TXN103003,MERCH_DIGITAL_04,2025-05-13T01:00:00+00:00,item_not_received,10091.6,True,False,True,False,True,4,True,False,False,48,False,won
TXN103004,MERCH_RETAIL_01,2025-06-08T16:00:00+00:00,item_not_as_described,4392.8,True,True,True,True,True,2,True,False,False,22,False,lost
TXN103005,MERCH_RETAIL_01,2025-04-12T16:00:00+00:00,item_not_received,607.71,True,True,False,False,True,8,False,False,False,79,False,won
TXN103006,MERCH_ECOM_03,2025-03-29T21:00:00+00:00,unrecognized_transaction,1398.0,False,False,False,True,True,6,False,False,False,93,False,won
TXN103007,MERCH_RETAIL_01,2025-06-02T06:00:00+00:00,subscription_cancelled,4787.28,True,True,True,True,False,1,False,False,True,28,False,won
TXN103008,MERCH_SAAS_02,2025-03-23T07:00:00+00:00,unrecognized_transaction,2224.21,True,True,True,False,False,6,True,False,False,99,False,lost
TXN103009,MERCH_ECOM_03,2025-05-29T13:00:00+00:00,unrecognized_transaction,584.32,True,True,False,False,False,6,False,False,False,32,False,won
TXN103010,MERCH_RETAIL_01,2025-02-18T21:00:00+00:00,item_not_as_described,4222.13,False,False,False,False,False,1,True,False,False,132,False,lost
TXN103011,MERCH_RETAIL_01,2025-05-30T18:00:00+00:00,item_not_received,1159.5,False,False,False,True,True,2,False,False,False,31,False,lost
TXN103012,MERCH_ECOM_03,2025-01-30T22:00:00+00:00,item_not_as_described,1088.59,False,False,False,False,True,3,True,False,False,151,False,lost
TXN103013,MERCH_ECOM_03,2025-06-22T14:00:00+00:00,item_not_received,1766.0,True,True,False,False,False,1,False,False,False,8,False,lost
TXN103014,MERCH_RETAIL_01,2025-05-01T01:00:00+00:00,item_not_received,2907.4,True,True,False,True,False,5,True,False,False,60,False,won
TXN103015,MERCH_SAAS_02,2025-04-03T00:00:00+00:00,item_not_received,1116.35,True,True,True,False,True,5,True,False,False,88,False,won
TXN103016,MERCH_RETAIL_01,2025-04-03T12:00:00+00:00,item_not_received,3267.28,False,False,False,True,True,3,False,False,False,88,False,lost
TXN103017,MERCH_RETAIL_01,2025-03-25T03:00:00+00:00,unrecognized_transaction,3488.34,True,False,False,True,True,3,True,False,False,97,False,won
TXN103018,MERCH_SAAS_02,2025-05-18T05:00:00+00:00,subscription_cancelled,2763.86,False,False,False,True,True,2,False,False,False,43,False,lost
TXN103019,MERCH_ECOM_03,2025-06-21T14:00:00+00:00,item_not_as_described,2605.58,True,True,True,True,True,4,True,False,False,9,False,lost
TXN103020,MERCH_RETAIL_01,2025-04-02T00:00:00+00:00,item_not_received,661.42,False,False,False,True,False,3,True,False,False,89,False,lost
TXN103021,MERCH_RETAIL_01,2025-02-14T20:00:00+00:00,item_not_as_described,3068.53,True,True,True,False,False,1,False,False,False,136,False,lost
TXN103022,MERCH_RETAIL_01,2025-03-21T15:00:00+00:00,subscription_cancelled,5566.3,False,False,False,True,True,3,True,False,True,101,False,lost
TXN103023,MERCH_RETAIL_01,2025-01-13T16:00:00+00:00,unrecognized_transaction,770.07,False,False,False,True,True,2,True,False,False,168,False,lost
TXN103024,MERCH_DIGITAL_04,2025-01-01T15:00:00+00:00,subscription_cancelled,4904.12,True,True,True,True,True,8,False,False,False,180,False,lost
TXN103025,MERCH_ECOM_03,2025-04-24T13:00:00+00:00,unrecognized_transaction,4022.04,False,False,False,False,True,2,False,False,False,67,False,lost
TXN103026,MERCH_SAAS_02,2025-06-10T08:00:00+00:00,duplicate_charge,552.65,False,False,False,True,True,5,False,True,False,20,False,won
TXN103027,MERCH_SAAS_02,2025-06-29T07:00:00+00:00,item_not_received,3672.11,True,True,False,False,True,5,False,False,False,1,False,won
TXN103028,MERCH_DIGITAL_04,2025-03-13T16:00:00+00:00,item_not_received,877.55,True,True,True,False,True,4,False,False,False,109,False,won
TXN103029,MERCH_RETAIL_01,2025-01-31T21:00:00+00:00,item_not_received,5022.93,True,True,False,False,True,2,False,False,False,150,False,lost
TXN103030,MERCH_ECOM_03,2025-06-05T23:00:00+00:00,subscription_cancelled,5376.66,False,False,False,True,False,5,True,False,False,25,False,lost
TXN103031,MERCH_RETAIL_01,2025-03-24T11:00:00+00:00,item_not_received,728.91,True,False,False,True,True,3,True,False,False,98,False,won
TXN103032,MERCH_RETAIL_01,2025-03-05T12:00:00+00:00,duplicate_charge,3734.07,False,False,False,False,True,1,False,True,False,117,False,won
TXN103033,MERCH_ECOM_03,2025-01-07T05:00:00+00:00,unrecognized_transaction,959.69,False,False,False,True,True,6,False,False,False,174,False,won
TXN103034,MERCH_RETAIL_01,2025-05-28T22:00:00+00:00,subscription_cancelled,1447.46,True,False,True,True,False,9,False,False,False,33,False,lost
TXN103035,MERCH_RETAIL_01,2025-03-07T07:00:00+00:00,duplicate_charge,2160.17,True,True,False,True,True,2,True,False,False,115,False,lost
TXN103036,MERCH_RETAIL_01,2025-04-13T07:00:00+00:00,subscription_cancelled,3326.64,True,True,False,True,False,3,False,False,False,78,False,lost
TXN103037,MERCH_RETAIL_01,2025-01-20T15:00:00+00:00,item_not_received,4062.69,False,True,True,True,True,6,True,False,False,161,True,lost
TXN103038,MERCH_SAAS_02,2025-03-09T02:00:00+00:00,unrecognized_transaction,2328.16,True,False,False,False,False,4,True,False,False,113,False,lost
TXN103039,MERCH_SAAS_02,2025-04-28T07:00:00+00:00,unrecognized_transaction,3764.75,True,False,False,True,False,7,True,False,False,63,False,lost
TXN103040,MERCH_RETAIL_01,2025-01-29T07:00:00+00:00,item_not_received,5122.27,False,False,False,True,True,3,True,False,False,152,False,lost
TXN103041,MERCH_ECOM_03,2025-01-06T18:00:00+00:00,subscription_cancelled,3356.55,False,False,False,True,True,2,True,False,True,175,False,lost
TXN103042,MERCH_SAAS_02,2025-06-21T13:00:00+00:00,unrecognized_transaction,2545.04,True,True,True,True,True,4,True,False,False,9,False,won
TXN103043,MERCH_ECOM_03,2025-04-18T05:00:00+00:00,item_not_as_described,348.25,False,False,False,False,True,1,False,False,False,73,False,lost
TXN103044,MERCH_RETAIL_01,2025-05-22T00:00:00+00:00,item_not_received,2980.3,False,False,False,True,True,1,True,False,False,39,False,lost
TXN103045,MERCH_SAAS_02,2025-05-21T17:00:00+00:00,item_not_as_described,5029.29,False,False,False,False,True,6,True,False,False,40,False,won
TXN103046,MERCH_DIGITAL_04,2025-01-13T08:00:00+00:00,item_not_received,4736.65,True,True,True,True,True,3,False,False,False,168,False,won
TXN103047,MERCH_RETAIL_01,2025-02-15T15:00:00+00:00,item_not_received,6269.85,True,True,True,False,False,4,False,False,False,135,False,lost
TXN103048,MERCH_ECOM_03,2025-05-01T09:00:00+00:00,unrecognized_transaction,100.1,True,False,True,False,True,5,False,False,False,60,False,lost
TXN103049,MERCH_RETAIL_01,2025-05-29T17:00:00+00:00,item_not_received,2959.91,True,True,True,True,False,3,True,False,False,32,False,won
TXN103050,MERCH_SAAS_02,2025-04-08T20:00:00+00:00,item_not_received,640.36,False,False,False,False,True,4,True,False,False,83,False,lost
TXN103051,MERCH_RETAIL_01,2025-06-03T04:00:00+00:00,unrecognized_transaction,1336.06,True,False,False,True,False,5,True,False,False,27,False,won
TXN103052,MERCH_RETAIL_01,2025-03-19T15:00:00+00:00,unrecognized_transaction,1946.38,True,False,True,True,True,5,True,False,False,103,False,won
TXN103053,MERCH_RETAIL_01,2025-02-15T19:00:00+00:00,duplicate_charge,1608.85,True,False,False,False,True,5,False,False,False,135,False,lost
TXN103054,MERCH_RETAIL_01,2025-05-11T18:00:00+00:00,unrecognized_transaction,2882.77,True,True,True,False,True,5,True,False,False,50,False,lost
TXN103055,MERCH_RETAIL_01,2025-01-06T00:00:00+00:00,item_not_as_described,1714.04,True,True,True,True,True,0,False,False,False,175,False,lost
TXN103056,MERCH_ECOM_03,2025-06-09T06:00:00+00:00,unrecognized_transaction,1173.93,True,True,False,True,True,1,False,False,False,21,False,lost
TXN103057,MERCH_ECOM_03,2025-05-19T00:00:00+00:00,item_not_received,1393.12,False,False,False,True,False,2,True,False,False,42,False,lost
TXN103058,MERCH_SAAS_02,2025-04-03T13:00:00+00:00,duplicate_charge,2666.19,True,False,True,False,True,5,True,True,False,88,False,won
TXN103059,MERCH_RETAIL_01,2025-04-03T01:00:00+00:00,item_not_received,5617.28,True,True,False,False,False,1,False,False,False,88,False,lost
TXN103060,MERCH_SAAS_02,2025-04-15T05:00:00+00:00,unrecognized_transaction,1496.01,False,False,False,True,False,3,False,False,False,76,False,lost
TXN103061,MERCH_RETAIL_01,2025-03-10T11:00:00+00:00,unrecognized_transaction,3480.62,True,True,True,False,True,5,True,False,False,112,False,won
TXN103062,MERCH_SAAS_02,2025-05-24T19:00:00+00:00,item_not_received,444.38,False,False,False,True,True,2,False,False,False,37,False,lost
TXN103063,MERCH_RETAIL_01,2025-05-20T17:00:00+00:00,unrecognized_transaction,2072.81,False,False,False,True,False,2,True,False,False,41,False,lost
TXN103064,MERCH_SAAS_02,2025-06-02T14:00:00+00:00,unrecognized_transaction,615.11,False,False,False,False,True,2,False,False,False,28,False,lost
TXN103065,MERCH_RETAIL_01,2025-02-08T23:00:00+00:00,subscription_cancelled,1428.57,True,True,True,True,False,5,True,False,False,142,False,lost
TXN103066,MERCH_ECOM_03,2025-01-27T13:00:00+00:00,unrecognized_transaction,5675.29,False,False,False,True,True,1,False,False,False,154,False,won
TXN103067,MERCH_ECOM_03,2025-06-08T13:00:00+00:00,item_not_as_described,490.92,False,False,False,True,True,5,False,False,False,22,False,won
TXN103068,MERCH_DIGITAL_04,2025-04-03T17:00:00+00:00,item_not_received,473.16,True,True,False,True,True,2,True,False,False,88,False,won
TXN103069,MERCH_ECOM_03,2025-06-22T21:00:00+00:00,item_not_received,1048.55,True,True,False,True,True,3,True,False,False,8,False,lost
TXN103070,MERCH_SAAS_02,2025-03-28T08:00:00+00:00,unrecognized_transaction,2344.79,False,False,False,True,True,2,True,False,False,94,False,won
TXN103071,MERCH_SAAS_02,2025-05-10T15:00:00+00:00,item_not_received,4551.31,False,False,False,True,False,3,False,False,False,51,False,won
TXN103072,MERCH_ECOM_03,2025-02-12T22:00:00+00:00,subscription_cancelled,4160.43,False,False,False,True,True,3,True,False,True,138,False,won
TXN103073,MERCH_RETAIL_01,2025-02-04T21:00:00+00:00,unrecognized_transaction,4710.05,False,False,False,True,True,5,False,False,False,146,False,won
TXN103074,MERCH_SAAS_02,2025-01-04T20:00:00+00:00,item_not_as_described,4256.39,True,True,True,False,True,7,False,False,False,177,False,lost
TXN103075,MERCH_ECOM_03,2025-04-04T17:00:00+00:00,item_not_as_described,1244.35,False,False,False,False,True,1,False,False,False,87,False,lost
TXN103076,MERCH_SAAS_02,2025-03-03T13:00:00+00:00,unrecognized_transaction,2825.68,False,False,False,True,False,8,True,False,False,119,False,lost
TXN103077,MERCH_SAAS_02,2025-06-26T08:00:00+00:00,duplicate_charge,4548.29,True,True,True,True,True,0,True,False,False,4,False,lost
TXN103078,MERCH_RETAIL_01,2025-04-01T00:00:00+00:00,unrecognized_transaction,3671.4,True,True,False,True,True,5,False,False,False,90,False,won
TXN103079,MERCH_ECOM_03,2025-05-01T04:00:00+00:00,subscription_cancelled,4393.43,False,False,False,True,True,4,True,False,True,60,False,won
TXN103080,MERCH_RETAIL_01,2025-01-03T11:00:00+00:00,item_not_received,2813.89,False,False,False,True,False,3,True,False,False,178,False,lost
TXN103081,MERCH_ECOM_03,2025-04-16T23:00:00+00:00,unrecognized_transaction,2997.22,True,True,False,True,False,3,True,False,False,75,False,won
TXN103082,MERCH_RETAIL_01,2025-06-09T10:00:00+00:00,unrecognized_transaction,4330.65,False,False,False,False,True,3,False,False,False,21,False,won
TXN103083,MERCH_ECOM_03,2025-05-06T23:00:00+00:00,item_not_received,2427.47,False,False,False,False,True,3,False,False,False,55,False,lost
TXN103084,MERCH_RETAIL_01,2025-06-28T00:00:00+00:00,unrecognized_transaction,2397.33,True,True,False,True,False,2,True,False,False,2,False,lost
TXN103085,MERCH_SAAS_02,2025-06-23T13:00:00+00:00,unrecognized_transaction,953.22,True,True,False,True,False,3,True,False,False,7,False,lost
TXN103086,MERCH_RETAIL_01,2025-06-07T08:00:00+00:00,item_not_received,1591.39,True,True,True,True,True,3,True,False,False,23,False,won
TXN103087,MERCH_SAAS_02,2025-02-27T05:00:00+00:00,unrecognized_transaction,2310.2,True,True,True,True,True,4,False,False,False,123,False,won
TXN103088,MERCH_ECOM_03,2025-05-09T20:00:00+00:00,duplicate_charge,895.66,False,False,False,True,True,4,False,False,False,52,False,lost
TXN103089,MERCH_SAAS_02,2025-04-30T20:00:00+00:00,duplicate_charge,2193.86,False,False,False,False,True,6,False,False,False,61,False,lost
TXN103090,MERCH_SAAS_02,2025-02-01T06:00:00+00:00,item_not_received,9366.33,True,True,True,False,True,2,True,False,False,149,False,won
TXN103091,MERCH_ECOM_03,2025-05-31T02:00:00+00:00,item_not_as_described,2857.93,True,True,True,True,True,1,False,False,False,30,False,lost
TXN103092,MERCH_RETAIL_01,2025-01-06T18:00:00+00:00,duplicate_charge,5403.67,True,True,False,True,True,4,True,True,False,175,False,lost
TXN103093,MERCH_ECOM_03,2025-01-12T09:00:00+00:00,subscription_cancelled,1567.57,False,False,False,True,True,2,False,False,True,169,False,won
TXN103094,MERCH_RETAIL_01,2025-01-07T15:00:00+00:00,item_not_as_described,2026.67,True,True,False,True,False,1,True,False,False,174,False,lost
TXN103095,MERCH_ECOM_03,2025-04-15T17:00:00+00:00,item_not_received,2444.23,False,False,False,True,True,3,False,False,False,76,False,lost
TXN103096,MERCH_RETAIL_01,2025-05-10T02:00:00+00:00,unrecognized_transaction,4430.03,False,False,False,True,True,5,False,False,False,51,False,won
TXN103097,MERCH_ECOM_03,2025-02-15T17:00:00+00:00,item_not_received,635.76,False,False,False,True,True,3,False,False,False,135,False,lost
TXN103098,MERCH_SAAS_02,2025-03-07T06:00:00+00:00,item_not_received,3100.58,False,False,False,False,True,3,False,False,False,115,False,lost
TXN103099,MERCH_RETAIL_01,2025-03-25T09:00:00+00:00,duplicate_charge,4070.5,True,True,False,True,True,4,True,True,False,97,False,lost
TXN103100,MERCH_ECOM_03,2025-06-01T16:00:00+00:00,unrecognized_transaction,7137.11,True,True,False,False,True,5,False,False,False,29,False,lost
TXN103101,MERCH_SAAS_02,2025-05-27T15:00:00+00:00,item_not_as_described,1546.4,True,True,False,False,True,4,True,False,False,34,False,won
TXN103102,MERCH_SAAS_02,2025-04-22T07:00:00+00:00,item_not_received,2062.87,True,True,True,True,True,1,True,False,False,69,False,lost
TXN103103,MERCH_SAAS_02,2025-02-09T05:00:00+00:00,item_not_received,2694.25,True,True,True,False,True,4,False,False,False,141,False,won
TXN103104,MERCH_RETAIL_01,2025-06-17T02:00:00+00:00,unrecognized_transaction,3680.67,True,False,True,True,False,5,True,False,False,13,False,won
TXN103105,MERCH_RETAIL_01,2025-04-18T05:00:00+00:00,duplicate_charge,3740.07,True,True,True,True,True,4,False,False,False,73,False,lost
TXN103106,MERCH_ECOM_03,2025-05-20T22:00:00+00:00,item_not_as_described,531.45,True,False,True,False,True,1,False,False,False,41,False,lost
TXN103107,MERCH_RETAIL_01,2025-03-17T21:00:00+00:00,unrecognized_transaction,693.62,False,False,False,False,True,6,True,False,False,105,False,won
TXN103108,MERCH_ECOM_03,2025-04-23T07:00:00+00:00,item_not_received,1718.97,True,True,True,True,False,7,True,False,False,68,False,won
TXN103109,MERCH_RETAIL_01,2025-02-19T07:00:00+00:00,item_not_received,2523.13,True,True,False,True,False,4,True,False,False,131,False,won
TXN103110,MERCH_SAAS_02,2025-04-16T06:00:00+00:00,item_not_received,744.44,True,True,True,True,False,6,False,False,False,75,False,won
TXN103111,MERCH_RETAIL_01,2025-02-14T16:00:00+00:00,item_not_received,4615.08,True,False,False,False,True,5,True,False,False,136,False,lost
TXN103112,MERCH_RETAIL_01,2025-05-20T16:00:00+00:00,duplicate_charge,3609.93,True,True,True,True,True,5,False,True,False,41,False,won
TXN103113,MERCH_DIGITAL_04,2025-01-07T16:00:00+00:00,item_not_as_described,1502.45,False,False,False,True,True,1,False,False,False,174,False,lost
TXN103114,MERCH_RETAIL_01,2025-05-22T20:00:00+00:00,duplicate_charge,4098.84,True,True,False,True,False,2,False,True,False,39,False,won
TXN103115,MERCH_SAAS_02,2025-01-25T21:00:00+00:00,item_not_received,1473.85,False,False,False,False,True,6,False,False,False,156,False,won
TXN103116,MERCH_RETAIL_01,2025-06-25T14:00:00+00:00,subscription_cancelled,1371.08,False,False,False,True,False,4,False,False,False,5,False,won
TXN103117,MERCH_ECOM_03,2025-02-17T07:00:00+00:00,subscription_cancelled,2808.91,True,True,False,True,True,2,False,False,False,133,False,lost
TXN103118,MERCH_RETAIL_01,2025-02-25T13:00:00+00:00,item_not_as_described,9429.22,True,True,True,True,True,4,True,False,False,125,False,won
TXN103119,MERCH_SAAS_02,2025-06-14T06:00:00+00:00,item_not_as_described,4575.06,True,True,True,False,True,4,False,False,False,16,False,won
TXN103120,MERCH_ECOM_03,2025-03-22T22:00:00+00:00,duplicate_charge,6344.87,True,True,False,True,True,3,True,True,False,100,False,won
TXN103121,MERCH_RETAIL_01,2025-05-02T11:00:00+00:00,duplicate_charge,1796.57,True,True,False,True,True,6,True,True,False,59,False,won
TXN103122,MERCH_RETAIL_01,2025-06-21T17:00:00+00:00,duplicate_charge,2341.51,False,False,False,True,True,5,False,True,False,9,False,won
TXN103123,MERCH_ECOM_03,2025-02-17T14:00:00+00:00,item_not_received,2249.82,False,False,False,True,True,2,True,False,False,133,False,lost
TXN103124,MERCH_ECOM_03,2025-06-10T01:00:00+00:00,duplicate_charge,6933.57,True,True,False,True,False,3,False,False,False,20,False,won
TXN103125,MERCH_RETAIL_01,2025-05-17T17:00:00+00:00,unrecognized_transaction,344.11,False,False,False,False,False,3,False,False,False,44,False,lost
TXN103126,MERCH_SAAS_02,2025-02-28T14:00:00+00:00,subscription_cancelled,9784.16,True,True,False,False,False,1,False,False,True,122,False,won
TXN103127,MERCH_SAAS_02,2025-05-04T05:00:00+00:00,item_not_as_described,961.79,True,True,True,True,False,1,True,False,False,57,False,lost
TXN103128,MERCH_ECOM_03,2025-05-03T05:00:00+00:00,item_not_as_described,1449.69,True,True,False,True,True,3,True,False,False,58,False,won
TXN103129,MERCH_RETAIL_01,2025-03-23T14:00:00+00:00,duplicate_charge,1572.73,True,True,False,True,True,3,True,False,False,99,False,lost
TXN103130,MERCH_ECOM_03,2025-06-11T03:00:00+00:00,item_not_received,2608.52,False,False,False,True,True,7,True,False,False,19,False,lost
TXN103131,MERCH_ECOM_03,2025-05-30T20:00:00+00:00,subscription_cancelled,845.29,True,True,True,True,True,7,True,False,False,31,False,lost
TXN103132,MERCH_ECOM_03,2025-05-18T16:00:00+00:00,unrecognized_transaction,2281.72,False,False,False,True,True,4,False,False,False,43,False,won
TXN103133,MERCH_SAAS_02,2025-01-18T20:00:00+00:00,item_not_received,4031.85,True,False,True,True,False,1,True,False,False,163,False,lost
TXN103134,MERCH_ECOM_03,2025-03-10T10:00:00+00:00,item_not_received,3850.44,True,True,True,True,False,5,True,False,False,112,False,won
TXN103135,MERCH_DIGITAL_04,2025-06-02T02:00:00+00:00,item_not_received,2672.43,True,False,True,False,True,3,True,False,False,28,False,won
TXN103136,MERCH_DIGITAL_04,2025-06-03T23:00:00+00:00,subscription_cancelled,1814.72,True,True,True,False,True,3,False,False,True,27,False,won
TXN103137,MERCH_RETAIL_01,2025-02-20T10:00:00+00:00,item_not_received,3558.43,True,True,False,True,False,1,True,False,False,130,False,lost
TXN103138,MERCH_ECOM_03,2025-03-07T15:00:00+00:00,unrecognized_transaction,5816.97,True,True,True,True,True,1,True,False,False,115,False,lost
TXN103139,MERCH_SAAS_02,2025-03-10T18:00:00+00:00,subscription_cancelled,1887.44,True,False,False,True,True,0,False,False,False,112,False,lost
TXN103140,MERCH_RETAIL_01,2025-01-22T11:00:00+00:00,item_not_as_described,2487.47,False,False,False,False,True,2,True,False,False,159,False,won
TXN103141,MERCH_SAAS_02,2025-02-24T11:00:00+00:00,item_not_received,6344.41,False,False,False,True,True,3,True,False,False,126,False,lost
TXN103142,MERCH_RETAIL_01,2025-06-04T19:00:00+00:00,item_not_received,5563.64,True,False,False,True,True,3,True,False,False,26,False,lost
TXN103143,MERCH_DIGITAL_04,2025-06-27T19:00:00+00:00,subscription_cancelled,298.42,True,True,True,True,True,4,False,False,False,3,False,lost
TXN103144,MERCH_RETAIL_01,2025-01-05T20:00:00+00:00,item_not_received,2993.09,False,False,False,False,True,3,True,False,False,176,False,lost
TXN103145,MERCH_SAAS_02,2025-05-07T15:00:00+00:00,unrecognized_transaction,4770.95,True,True,True,True,True,1,False,False,False,54,False,won
TXN103146,MERCH_RETAIL_01,2025-01-13T13:00:00+00:00,duplicate_charge,4014.2,True,True,True,False,False,5,True,True,False,168,False,won
TXN103147,MERCH_SAAS_02,2025-01-02T03:00:00+00:00,item_not_received,4998.95,False,False,False,False,True,2,True,False,False,179,False,lost
TXN103148,MERCH_RETAIL_01,2025-03-22T04:00:00+00:00,subscription_cancelled,1486.47,False,False,False,False,False,6,False,False,False,100,False,lost
TXN103149,MERCH_ECOM_03,2025-01-29T06:00:00+00:00,item_not_received,1306.34,True,True,True,True,True,3,False,False,False,152,False,won
TXN103150,MERCH_RETAIL_01,2025-01-18T02:00:00+00:00,item_not_received,273.9,True,True,True,True,True,4,True,False,False,163,False,won
TXN103151,MERCH_SAAS_02,2025-04-27T00:00:00+00:00,item_not_received,3618.24,False,False,False,False,True,2,False,False,False,64,False,lost
TXN103152,MERCH_ECOM_03,2025-03-29T07:00:00+00:00,duplicate_charge,3175.56,False,False,False,True,False,4,False,True,False,93,False,won
TXN103153,MERCH_RETAIL_01,2025-05-29T22:00:00+00:00,duplicate_charge,2287.32,True,True,False,False,False,4,False,True,False,32,False,won
TXN103154,MERCH_ECOM_03,2025-06-02T13:00:00+00:00,duplicate_charge,4772.24,True,True,False,False,True,2,True,True,False,28,False,won
TXN103155,MERCH_RETAIL_01,2025-01-15T23:00:00+00:00,subscription_cancelled,3671.81,True,True,False,True,True,5,False,False,True,166,False,won
TXN103156,MERCH_SAAS_02,2025-03-10T18:00:00+00:00,subscription_cancelled,5711.06,True,True,True,False,False,3,True,False,False,112,False,lost
TXN103157,MERCH_RETAIL_01,2025-03-19T13:00:00+00:00,subscription_cancelled,1178.99,True,True,False,True,True,6,False,False,False,103,False,lost
TXN103158,MERCH_ECOM_03,2025-04-09T11:00:00+00:00,item_not_received,2029.02,True,False,True,True,True,8,False,False,False,82,False,won
TXN103159,MERCH_RETAIL_01,2025-04-15T04:00:00+00:00,item_not_received,2940.39,False,False,False,True,True,3,False,False,False,76,False,lost
TXN103160,MERCH_RETAIL_01,2025-03-07T04:00:00+00:00,item_not_received,4396.27,True,True,True,False,True,5,False,False,False,115,False,won
TXN103161,MERCH_RETAIL_01,2025-04-18T04:00:00+00:00,item_not_received,4043.59,False,False,False,False,False,4,False,False,False,73,False,lost
TXN103162,MERCH_SAAS_02,2025-04-25T00:00:00+00:00,item_not_received,855.3,True,True,True,True,True,2,False,False,False,66,False,won
TXN103163,MERCH_SAAS_02,2025-03-28T20:00:00+00:00,unrecognized_transaction,969.33,False,False,False,False,True,4,True,False,False,94,False,lost
TXN103164,MERCH_SAAS_02,2025-01-16T04:00:00+00:00,item_not_received,2156.14,True,True,True,False,False,2,True,False,False,165,False,won
TXN103165,MERCH_ECOM_03,2025-03-29T11:00:00+00:00,subscription_cancelled,1520.04,False,False,False,False,True,2,False,False,True,93,False,won
TXN103166,MERCH_RETAIL_01,2025-02-07T04:00:00+00:00,duplicate_charge,743.75,False,False,False,True,False,4,False,False,False,143,False,lost
TXN103167,MERCH_ECOM_03,2025-03-07T03:00:00+00:00,item_not_received,3454.58,True,True,True,True,True,3,False,False,False,115,False,won
TXN103168,MERCH_RETAIL_01,2025-06-25T16:00:00+00:00,item_not_received,1920.26,True,True,False,True,True,6,False,False,False,5,False,won
TXN103169,MERCH_ECOM_03,2025-01-11T20:00:00+00:00,item_not_received,4032.89,True,True,True,True,True,4,True,False,False,170,False,won
TXN103170,MERCH_DIGITAL_04,2025-01-31T14:00:00+00:00,item_not_received,2316.24,False,True,True,False,False,2,False,False,False,150,True,won
TXN103171,MERCH_ECOM_03,2025-02-05T07:00:00+00:00,subscription_cancelled,2698.08,True,True,True,True,False,6,False,False,True,145,False,won
TXN103172,MERCH_SAAS_02,2025-06-26T16:00:00+00:00,unrecognized_transaction,2329.77,False,False,False,True,True,8,False,False,False,4,False,won
TXN103173,MERCH_ECOM_03,2025-05-03T08:00:00+00:00,item_not_received,3887.57,True,True,False,True,True,6,True,False,False,58,False,won
TXN103174,MERCH_RETAIL_01,2025-06-09T04:00:00+00:00,unrecognized_transaction,2060.65,True,False,False,True,True,2,True,False,False,21,False,won
TXN103175,MERCH_RETAIL_01,2025-02-22T00:00:00+00:00,item_not_received,3092.76,True,True,False,True,True,4,True,False,False,128,False,lost
TXN103176,MERCH_RETAIL_01,2025-06-24T11:00:00+00:00,duplicate_charge,1828.55,False,False,False,True,True,2,False,True,False,6,False,won
TXN103177,MERCH_ECOM_03,2025-06-11T02:00:00+00:00,item_not_received,3070.75,False,False,True,False,True,3,False,False,False,19,True,won
TXN103178,MERCH_RETAIL_01,2025-03-05T11:00:00+00:00,subscription_cancelled,734.28,False,False,False,True,True,3,True,False,False,117,False,lost
TXN103179,MERCH_RETAIL_01,2025-03-08T21:00:00+00:00,duplicate_charge,5009.05,False,False,False,True,True,3,False,False,False,114,False,lost
TXN103180,MERCH_ECOM_03,2025-01-21T03:00:00+00:00,unrecognized_transaction,866.77,True,True,False,False,True,1,True,False,False,160,False,lost
TXN103181,MERCH_RETAIL_01,2025-02-20T15:00:00+00:00,item_not_received,2244.71,True,True,True,True,True,1,True,False,False,130,False,won
TXN103182,MERCH_SAAS_02,2025-03-26T23:00:00+00:00,unrecognized_transaction,2531.94,False,False,False,True,False,6,False,False,False,96,False,lost
TXN103183,MERCH_RETAIL_01,2025-03-03T03:00:00+00:00,subscription_cancelled,3476.12,True,True,False,True,True,8,False,False,False,119,False,won
TXN103184,MERCH_RETAIL_01,2025-05-10T03:00:00+00:00,item_not_as_described,2655.4,False,False,False,True,False,5,True,False,False,51,False,won
TXN103185,MERCH_RETAIL_01,2025-03-27T09:00:00+00:00,duplicate_charge,3660.21,False,False,False,True,False,5,False,True,False,95,False,won
TXN103186,MERCH_SAAS_02,2025-04-16T09:00:00+00:00,item_not_received,4148.49,False,False,False,False,False,3,False,False,False,75,False,lost
TXN103187,MERCH_RETAIL_01,2025-02-07T10:00:00+00:00,item_not_received,2976.56,False,False,False,True,True,3,False,False,False,143,False,lost
TXN103188,MERCH_SAAS_02,2025-04-25T10:00:00+00:00,duplicate_charge,3672.52,True,False,False,True,False,5,False,True,False,66,False,won
TXN103189,MERCH_RETAIL_01,2025-02-24T22:00:00+00:00,unrecognized_transaction,1692.53,True,True,False,True,False,6,False,False,False,126,False,lost
TXN103190,MERCH_RETAIL_01,2025-03-02T20:00:00+00:00,item_not_as_described,2227.33,True,True,True,False,False,3,True,False,False,120,False,won
TXN103191,MERCH_RETAIL_01,2025-06-29T04:00:00+00:00,unrecognized_transaction,3212.76,False,False,False,True,True,1,True,False,False,1,False,won
TXN103192,MERCH_RETAIL_01,2025-05-31T18:00:00+00:00,duplicate_charge,201.47,True,True,True,True,True,6,True,True,False,30,False,won
TXN103193,MERCH_ECOM_03,2025-03-11T11:00:00+00:00,duplicate_charge,6232.95,True,True,True,True,True,3,False,True,False,111,False,won
TXN103194,MERCH_SAAS_02,2025-03-24T22:00:00+00:00,duplicate_charge,2105.23,True,True,True,True,True,3,False,True,False,98,False,won
TXN103195,MERCH_SAAS_02,2025-04-08T03:00:00+00:00,item_not_received,58.64,False,False,False,True,False,8,True,False,False,83,False,lost
TXN103196,MERCH_ECOM_03,2025-04-19T04:00:00+00:00,item_not_received,1844.9,True,False,False,True,True,4,False,False,False,72,False,won
TXN103197,MERCH_RETAIL_01,2025-01-27T23:00:00+00:00,unrecognized_transaction,1524.72,True,True,True,True,True,4,True,False,False,154,False,won
TXN103198,MERCH_SAAS_02,2025-03-21T08:00:00+00:00,item_not_as_described,2998.77,True,True,False,True,False,1,False,False,False,101,False,lost
TXN103199,MERCH_SAAS_02,2025-03-08T18:00:00+00:00,unrecognized_transaction,1115.74,True,True,True,True,False,1,True,False,False,114,False,lost
TXN103200,MERCH_ECOM_03,2025-03-01T00:00:00+00:00,subscription_cancelled,1528.83,False,False,True,True,True,7,True,False,False,121,True,lost
TXN103201,MERCH_ECOM_03,2025-02-08T21:00:00+00:00,item_not_received,6759.56,True,True,True,True,True,4,False,False,False,142,False,won
TXN103202,MERCH_RETAIL_01,2025-06-14T19:00:00+00:00,duplicate_charge,693.37,True,True,False,True,True,2,False,True,False,16,False,won
TXN103203,MERCH_SAAS_02,2025-01-03T05:00:00+00:00,item_not_received,2272.46,False,False,False,True,True,3,False,False,False,178,False,lost
TXN103204,MERCH_RETAIL_01,2025-01-02T18:00:00+00:00,item_not_received,1302.67,False,False,True,True,True,2,False,False,False,179,True,won
TXN103205,MERCH_ECOM_03,2025-05-13T04:00:00+00:00,item_not_received,2983.19,True,True,True,False,True,4,False,False,False,48,False,won
TXN103206,MERCH_RETAIL_01,2025-06-01T10:00:00+00:00,item_not_received,652.21,False,False,False,True,True,6,False,False,False,29,False,lost
TXN103207,MERCH_SAAS_02,2025-03-01T09:00:00+00:00,item_not_received,425.68,True,True,True,True,True,4,False,False,False,121,False,won
TXN103208,MERCH_RETAIL_01,2025-03-08T09:00:00+00:00,subscription_cancelled,1403.54,True,True,False,True,True,3,True,False,False,114,False,won
TXN103209,MERCH_SAAS_02,2025-01-15T11:00:00+00:00,item_not_received,3616.73,False,False,False,True,True,1,False,False,False,166,False,lost
TXN103210,MERCH_RETAIL_01,2025-01-21T04:00:00+00:00,unrecognized_transaction,974.73,True,True,True,False,True,3,True,False,False,160,False,lost
TXN103211,MERCH_RETAIL_01,2025-03-10T16:00:00+00:00,item_not_received,4106.4,True,True,True,False,False,8,False,False,False,112,False,won
TXN103212,MERCH_DIGITAL_04,2025-05-14T12:00:00+00:00,unrecognized_transaction,876.95,False,False,False,True,True,3,True,False,False,47,False,won
TXN103213,MERCH_RETAIL_01,2025-03-27T17:00:00+00:00,item_not_as_described,2840.78,False,False,False,True,False,0,False,False,False,95,False,won
TXN103214,MERCH_RETAIL_01,2025-03-24T08:00:00+00:00,item_not_received,663.92,True,True,False,True,True,4,True,False,False,98,False,won
TXN103215,MERCH_RETAIL_01,2025-03-16T18:00:00+00:00,unrecognized_transaction,2732.76,True,True,True,False,True,3,True,False,False,106,False,won
TXN103216,MERCH_RETAIL_01,2025-04-13T16:00:00+00:00,item_not_received,2230.65,False,False,False,True,True,3,True,False,False,78,False,lost
TXN103217,MERCH_DIGITAL_04,2025-03-06T14:00:00+00:00,duplicate_charge,1181.21,True,True,True,True,True,5,True,True,False,116,False,won
TXN103218,MERCH_SAAS_02,2025-03-29T08:00:00+00:00,unrecognized_transaction,3905.06,False,False,False,False,True,4,True,False,False,93,False,won
TXN103219,MERCH_RETAIL_01,2025-01-20T04:00:00+00:00,item_not_received,3773.62,True,True,False,True,True,2,False,False,False,161,False,won
TXN103220,MERCH_SAAS_02,2025-02-09T02:00:00+00:00,item_not_as_described,456.61,True,True,True,True,False,1,True,False,False,141,False,won
TXN103221,MERCH_SAAS_02,2025-05-14T10:00:00+00:00,duplicate_charge,2027.61,False,False,False,True,False,1,False,False,False,47,False,lost
TXN103222,MERCH_RETAIL_01,2025-05-23T02:00:00+00:00,item_not_received,1493.88,True,True,True,True,True,1,True,False,False,38,False,won
TXN103223,MERCH_ECOM_03,2025-02-26T07:00:00+00:00,duplicate_charge,1987.42,False,False,False,False,True,3,True,True,False,124,False,won
TXN103224,MERCH_SAAS_02,2025-01-10T04:00:00+00:00,item_not_received,4098.62,True,True,True,False,True,4,True,False,False,171,False,won
TXN103225,MERCH_RETAIL_01,2025-03-19T01:00:00+00:00,item_not_received,6278.21,False,False,False,True,False,1,False,False,False,103,False,lost
TXN103226,MERCH_SAAS_02,2025-01-26T22:00:00+00:00,item_not_received,1075.98,True,False,True,True,True,2,False,False,False,155,False,won
TXN103227,MERCH_ECOM_03,2025-05-03T03:00:00+00:00,unrecognized_transaction,1120.05,True,True,False,False,True,8,False,False,False,58,False,won
TXN103228,MERCH_ECOM_03,2025-01-15T23:00:00+00:00,unrecognized_transaction,3205.11,True,True,True,True,True,3,False,False,False,166,False,won
TXN103229,MERCH_ECOM_03,2025-02-15T05:00:00+00:00,item_not_as_described,4276.77,True,True,True,True,True,0,False,False,False,135,False,lost
TXN103230,MERCH_SAAS_02,2025-06-04T07:00:00+00:00,item_not_received,1600.12,True,True,False,False,True,2,False,False,False,26,False,won
TXN103231,MERCH_RETAIL_01,2025-01-19T15:00:00+00:00,duplicate_charge,3973.39,False,False,False,False,True,5,False,True,False,162,False,won
TXN103232,MERCH_RETAIL_01,2025-02-14T21:00:00+00:00,unrecognized_transaction,2677.43,False,False,False,True,False,4,True,False,False,136,False,lost
TXN103233,MERCH_SAAS_02,2025-04-03T21:00:00+00:00,item_not_received,3102.55,False,False,False,True,True,4,False,False,False,88,False,lost
TXN103234,MERCH_RETAIL_01,2025-01-27T16:00:00+00:00,item_not_as_described,6348.14,True,True,False,True,False,4,False,False,False,154,False,lost
TXN103235,MERCH_RETAIL_01,2025-04-10T05:00:00+00:00,item_not_as_described,4045.63,False,False,False,False,False,1,True,False,False,81,False,lost
TXN103236,MERCH_DIGITAL_04,2025-01-22T23:00:00+00:00,item_not_received,720.4,True,True,True,False,True,3,False,False,False,159,False,won
TXN103237,MERCH_RETAIL_01,2025-04-17T00:00:00+00:00,item_not_received,4710.05,True,True,False,True,False,6,False,False,False,74,False,won
TXN103238,MERCH_ECOM_03,2025-03-29T09:00:00+00:00,item_not_received,2312.98,True,False,False,False,True,2,False,False,False,93,False,lost
TXN103239,MERCH_RETAIL_01,2025-04-20T16:00:00+00:00,item_not_received,3325.96,True,True,True,True,False,3,True,False,False,71,False,won
TXN103240,MERCH_RETAIL_01,2025-03-21T01:00:00+00:00,duplicate_charge,804.94,False,False,False,False,False,5,False,False,False,101,False,lost
TXN103241,MERCH_ECOM_03,2025-06-21T20:00:00+00:00,unrecognized_transaction,2621.59,True,True,False,False,True,3,True,False,False,9,False,lost
TXN103242,MERCH_RETAIL_01,2025-05-20T00:00:00+00:00,subscription_cancelled,1016.25,True,False,False,True,True,3,False,False,True,41,False,won
TXN103243,MERCH_SAAS_02,2025-03-01T00:00:00+00:00,item_not_received,998.27,False,False,False,True,True,9,True,False,False,121,False,won
TXN103244,MERCH_RETAIL_01,2025-02-02T20:00:00+00:00,unrecognized_transaction,2429.36,True,True,False,True,False,4,False,False,False,148,False,won
TXN103245,MERCH_SAAS_02,2025-05-03T16:00:00+00:00,item_not_as_described,1181.64,True,False,False,True,False,2,False,False,False,58,False,lost
TXN103246,MERCH_RETAIL_01,2025-02-06T16:00:00+00:00,subscription_cancelled,2336.74,False,False,False,True,True,1,True,False,True,144,False,lost
TXN103247,MERCH_RETAIL_01,2025-03-03T20:00:00+00:00,item_not_as_described,2354.94,False,False,False,True,True,2,True,False,False,119,False,lost
TXN103248,MERCH_RETAIL_01,2025-05-18T07:00:00+00:00,unrecognized_transaction,3565.47,False,False,False,True,True,2,False,False,False,43,False,lost
TXN103249,MERCH_RETAIL_01,2025-06-11T04:00:00+00:00,item_not_as_described,6687.56,False,False,False,True,True,3,True,False,False,19,False,won
TXN103250,MERCH_DIGITAL_04,2025-02-07T12:00:00+00:00,unrecognized_transaction,3919.3,True,False,True,False,True,4,True,False,False,143,False,won
TXN103251,MERCH_ECOM_03,2025-06-23T15:00:00+00:00,item_not_received,936.51,True,True,False,False,True,3,True,False,False,7,False,won
TXN103252,MERCH_SAAS_02,2025-01-18T21:00:00+00:00,item_not_as_described,411.84,False,False,True,True,True,4,False,False,False,163,True,lost
TXN103253,MERCH_RETAIL_01,2025-02-19T15:00:00+00:00,unrecognized_transaction,864.09,False,True,True,True,True,2,False,False,False,131,True,won
TXN103254,MERCH_ECOM_03,2025-01-05T21:00:00+00:00,item_not_received,4894.83,False,False,False,True,True,1,True,False,False,176,False,won
TXN103255,MERCH_SAAS_02,2025-01-25T11:00:00+00:00,item_not_received,1347.4,False,False,False,True,True,5,False,False,False,156,False,lost
TXN103256,MERCH_RETAIL_01,2025-02-19T12:00:00+00:00,item_not_as_described,883.08,True,True,True,True,False,4,True,False,False,131,False,lost
TXN103257,MERCH_SAAS_02,2025-04-04T07:00:00+00:00,unrecognized_transaction,1756.22,True,True,True,False,False,2,True,False,False,87,False,lost
TXN103258,MERCH_ECOM_03,2025-05-24T18:00:00+00:00,subscription_cancelled,4603.59,True,False,True,False,True,2,True,False,True,37,False,lost
TXN103259,MERCH_RETAIL_01,2025-02-21T02:00:00+00:00,item_not_as_described,5050.86,False,False,False,False,False,1,True,False,False,129,False,won
TXN103260,MERCH_SAAS_02,2025-04-21T04:00:00+00:00,subscription_cancelled,2036.68,False,False,False,False,True,5,True,False,True,70,False,won
TXN103261,MERCH_SAAS_02,2025-03-09T20:00:00+00:00,unrecognized_transaction,3968.89,True,False,False,False,True,3,True,False,False,113,False,lost
TXN103262,MERCH_RETAIL_01,2025-01-27T04:00:00+00:00,duplicate_charge,1454.75,True,True,False,True,True,5,False,True,False,154,False,won
TXN103263,MERCH_RETAIL_01,2025-03-13T16:00:00+00:00,item_not_received,1809.73,False,True,True,True,True,4,True,False,False,109,True,won
TXN103264,MERCH_SAAS_02,2025-04-27T10:00:00+00:00,duplicate_charge,726.28,True,True,True,True,True,2,True,True,False,64,False,lost
TXN103265,MERCH_RETAIL_01,2025-05-18T08:00:00+00:00,unrecognized_transaction,1902.13,True,True,True,True,False,5,True,False,False,43,False,lost
TXN103266,MERCH_SAAS_02,2025-02-28T01:00:00+00:00,duplicate_charge,4471.88,True,True,False,False,True,2,False,True,False,122,False,won
TXN103267,MERCH_SAAS_02,2025-06-26T01:00:00+00:00,duplicate_charge,739.79,False,False,False,True,False,3,True,True,False,4,False,won
TXN103268,MERCH_SAAS_02,2025-03-05T08:00:00+00:00,item_not_received,2329.4,False,False,False,True,False,1,False,False,False,117,False,lost
TXN103269,MERCH_ECOM_03,2025-04-19T13:00:00+00:00,duplicate_charge,1564.73,True,True,True,True,True,5,False,True,False,72,False,won
TXN103270,MERCH_RETAIL_01,2025-06-07T19:00:00+00:00,item_not_received,763.76,False,False,False,False,False,5,False,False,False,23,False,lost
TXN103271,MERCH_SAAS_02,2025-02-13T06:00:00+00:00,subscription_cancelled,3227.88,True,True,False,True,True,3,False,False,False,137,False,lost
TXN103272,MERCH_SAAS_02,2025-01-19T00:00:00+00:00,subscription_cancelled,2776.72,False,False,False,True,True,5,False,False,True,162,False,lost
TXN103273,MERCH_ECOM_03,2025-06-28T23:00:00+00:00,subscription_cancelled,1917.41,True,True,False,True,True,5,False,False,False,2,False,won
TXN103274,MERCH_SAAS_02,2025-06-27T23:00:00+00:00,item_not_as_described,1297.99,True,True,False,False,False,4,False,False,False,3,False,lost
TXN103275,MERCH_DIGITAL_04,2025-02-24T03:00:00+00:00,item_not_received,4624.0,True,True,True,True,True,8,False,False,False,126,False,won
TXN103276,MERCH_RETAIL_01,2025-02-17T10:00:00+00:00,duplicate_charge,3195.02,False,False,False,False,False,0,True,True,False,133,False,lost
TXN103277,MERCH_RETAIL_01,2025-01-23T06:00:00+00:00,item_not_as_described,1514.26,False,False,False,True,True,3,False,False,False,158,False,lost
TXN103278,MERCH_RETAIL_01,2025-04-12T17:00:00+00:00,duplicate_charge,2920.06,True,True,True,False,True,4,True,False,False,79,False,lost
TXN103279,MERCH_ECOM_03,2025-02-06T12:00:00+00:00,item_not_received,2849.76,True,False,False,False,True,5,False,False,False,144,False,won
TXN103280,MERCH_SAAS_02,2025-06-17T09:00:00+00:00,item_not_as_described,4162.04,False,False,False,True,True,1,False,False,False,13,False,lost
TXN103281,MERCH_DIGITAL_04,2025-05-29T08:00:00+00:00,unrecognized_transaction,1492.25,False,False,False,True,True,5,True,False,False,32,False,won
TXN103282,MERCH_SAAS_02,2025-06-13T03:00:00+00:00,duplicate_charge,1547.34,True,True,True,True,True,6,False,True,False,17,False,won
TXN103283,MERCH_RETAIL_01,2025-02-27T12:00:00+00:00,item_not_received,1947.2,False,False,False,True,True,4,False,False,False,123,False,lost
TXN103284,MERCH_DIGITAL_04,2025-02-06T10:00:00+00:00,item_not_as_described,1636.58,True,True,False,True,True,3,True,False,False,144,False,won
TXN103285,MERCH_SAAS_02,2025-02-01T22:00:00+00:00,item_not_received,8211.8,False,False,False,True,True,2,False,False,False,149,False,lost
TXN103286,MERCH_ECOM_03,2025-04-10T22:00:00+00:00,unrecognized_transaction,1350.27,True,True,False,False,True,3,True,False,False,81,False,lost
TXN103287,MERCH_ECOM_03,2025-04-04T10:00:00+00:00,duplicate_charge,2687.48,False,False,False,True,True,5,False,False,False,87,False,lost
TXN103288,MERCH_DIGITAL_04,2025-06-19T20:00:00+00:00,duplicate_charge,1831.13,False,False,False,True,False,7,False,True,False,11,False,won
TXN103289,MERCH_DIGITAL_04,2025-06-22T20:00:00+00:00,duplicate_charge,1293.7,True,True,True,False,True,1,True,False,False,8,False,won
TXN103290,MERCH_SAAS_02,2025-01-19T04:00:00+00:00,subscription_cancelled,948.68,True,False,False,True,True,9,False,False,True,162,False,won
TXN103291,MERCH_RETAIL_01,2025-02-11T08:00:00+00:00,item_not_received,3315.36,False,False,False,False,True,3,False,False,False,139,False,lost
TXN103292,MERCH_SAAS_02,2025-05-04T21:00:00+00:00,unrecognized_transaction,2110.06,True,True,True,False,True,5,True,False,False,57,False,lost
TXN103293,MERCH_RETAIL_01,2025-01-29T21:00:00+00:00,item_not_as_described,2042.07,False,False,False,False,True,4,True,False,False,152,False,won
TXN103294,MERCH_RETAIL_01,2025-03-08T17:00:00+00:00,subscription_cancelled,4019.53,True,True,False,False,True,3,False,False,False,114,False,lost
TXN103295,MERCH_RETAIL_01,2025-01-04T23:00:00+00:00,unrecognized_transaction,640.63,True,True,False,False,True,4,False,False,False,177,False,won
TXN103296,MERCH_SAAS_02,2025-02-07T14:00:00+00:00,item_not_as_described,4349.6,True,False,True,True,True,0,False,False,False,143,False,lost
TXN103297,MERCH_RETAIL_01,2025-04-18T13:00:00+00:00,duplicate_charge,773.03,True,True,False,True,True,5,True,True,False,73,False,won
TXN103298,MERCH_RETAIL_01,2025-06-22T12:00:00+00:00,item_not_received,569.54,True,True,True,True,True,5,True,False,False,8,False,won
TXN103299,MERCH_SAAS_02,2025-02-15T02:00:00+00:00,unrecognized_transaction,1770.59,True,True,True,True,True,2,False,False,False,135,False,won
TXN103300,MERCH_DIGITAL_04,2025-05-29T02:00:00+00:00,item_not_received,1670.76,False,False,False,True,True,8,True,False,False,32,False,lost
TXN103301,MERCH_ECOM_03,2025-01-23T11:00:00+00:00,item_not_as_described,775.81,True,True,False,True,True,2,True,False,False,158,False,lost
TXN103302,MERCH_SAAS_02,2025-06-18T13:00:00+00:00,item_not_received,175.99,True,True,False,True,True,5,False,False,False,12,False,won
TXN103303,MERCH_RETAIL_01,2025-01-17T01:00:00+00:00,item_not_received,3377.12,False,False,False,True,False,4,True,False,False,164,False,lost
TXN103304,MERCH_RETAIL_01,2025-01-25T22:00:00+00:00,duplicate_charge,2993.47,False,False,False,True,True,5,True,True,False,156,False,won
TXN103305,MERCH_SAAS_02,2025-06-16T15:00:00+00:00,duplicate_charge,775.66,False,False,False,True,True,3,False,True,False,14,False,won
TXN103306,MERCH_ECOM_03,2025-01-19T12:00:00+00:00,item_not_received,2281.08,False,False,False,True,False,3,True,False,False,162,False,lost
TXN103307,MERCH_RETAIL_01,2025-05-23T06:00:00+00:00,item_not_as_described,1935.29,True,True,False,True,False,1,True,False,False,38,False,won
TXN103308,MERCH_RETAIL_01,2025-04-10T01:00:00+00:00,duplicate_charge,1406.94,True,True,True,True,True,2,True,False,False,81,False,lost
TXN103309,MERCH_SAAS_02,2025-02-05T14:00:00+00:00,unrecognized_transaction,4285.16,True,True,False,False,False,6,False,False,False,145,False,lost
TXN103310,MERCH_SAAS_02,2025-05-22T13:00:00+00:00,subscription_cancelled,927.85,False,False,False,False,True,3,True,False,False,39,False,lost
TXN103311,MERCH_RETAIL_01,2025-02-25T05:00:00+00:00,item_not_received,1775.6,True,True,True,False,False,5,False,False,False,125,False,won
TXN103312,MERCH_DIGITAL_04,2025-03-24T21:00:00+00:00,item_not_received,2599.82,True,False,False,True,False,6,True,False,False,98,False,lost
TXN103313,MERCH_ECOM_03,2025-06-24T02:00:00+00:00,item_not_received,2502.78,False,False,False,True,False,3,False,False,False,6,False,won
TXN103314,MERCH_SAAS_02,2025-05-13T03:00:00+00:00,unrecognized_transaction,530.15,True,True,False,True,True,7,False,False,False,48,False,lost
TXN103315,MERCH_RETAIL_01,2025-01-06T14:00:00+00:00,item_not_received,1462.48,True,True,True,True,True,3,False,False,False,175,False,won
TXN103316,MERCH_SAAS_02,2025-04-22T11:00:00+00:00,unrecognized_transaction,2707.94,True,True,True,True,True,6,False,False,False,69,False,won
TXN103317,MERCH_RETAIL_01,2025-05-11T21:00:00+00:00,unrecognized_transaction,11919.81,True,False,True,False,True,6,False,False,False,50,False,lost
TXN103318,MERCH_RETAIL_01,2025-03-09T06:00:00+00:00,unrecognized_transaction,426.05,True,True,False,False,True,1,False,False,False,113,False,lost
TXN103319,MERCH_DIGITAL_04,2025-05-21T07:00:00+00:00,item_not_as_described,5305.91,True,True,False,False,True,2,False,False,False,40,False,won
TXN103320,MERCH_RETAIL_01,2025-04-19T02:00:00+00:00,duplicate_charge,9690.52,True,True,False,True,False,4,False,True,False,72,False,won
TXN103321,MERCH_SAAS_02,2025-06-27T23:00:00+00:00,duplicate_charge,767.62,False,False,False,False,True,5,False,False,False,3,False,lost
TXN103322,MERCH_DIGITAL_04,2025-06-14T00:00:00+00:00,item_not_received,338.48,True,False,True,False,True,7,True,False,False,16,False,won
TXN103323,MERCH_ECOM_03,2025-04-22T08:00:00+00:00,duplicate_charge,1184.18,True,True,True,True,True,1,False,True,False,69,False,won
TXN103324,MERCH_SAAS_02,2025-05-15T21:00:00+00:00,item_not_received,1848.84,False,False,True,True,False,4,False,False,False,46,True,won
TXN103325,MERCH_RETAIL_01,2025-02-23T16:00:00+00:00,unrecognized_transaction,2578.47,True,True,False,True,True,3,True,False,False,127,False,lost
TXN103326,MERCH_SAAS_02,2025-03-07T01:00:00+00:00,duplicate_charge,2205.31,False,False,False,True,True,3,True,True,False,115,False,lost
TXN103327,MERCH_SAAS_02,2025-05-20T19:00:00+00:00,item_not_received,3672.47,True,False,False,True,True,5,True,False,False,41,False,won
TXN103328,MERCH_ECOM_03,2025-04-13T08:00:00+00:00,unrecognized_transaction,853.3,False,False,False,True,True,3,False,False,False,78,False,won
TXN103329,MERCH_SAAS_02,2025-03-07T14:00:00+00:00,subscription_cancelled,1373.91,False,False,False,False,True,7,False,False,True,115,False,lost
TXN103330,MERCH_SAAS_02,2025-06-09T13:00:00+00:00,duplicate_charge,1639.44,False,False,False,True,True,2,False,True,False,21,False,lost
TXN103331,MERCH_DIGITAL_04,2025-02-26T23:00:00+00:00,unrecognized_transaction,1401.11,True,True,True,True,False,2,True,False,False,124,False,lost
TXN103332,MERCH_RETAIL_01,2025-05-30T15:00:00+00:00,item_not_received,636.55,False,False,False,True,False,3,False,False,False,31,False,won
TXN103333,MERCH_SAAS_02,2025-06-09T16:00:00+00:00,item_not_as_described,2333.09,True,True,True,True,True,2,True,False,False,21,False,won
TXN103334,MERCH_SAAS_02,2025-02-23T19:00:00+00:00,subscription_cancelled,2799.12,True,True,False,True,True,5,False,False,False,127,False,won
TXN103335,MERCH_RETAIL_01,2025-06-20T01:00:00+00:00,item_not_received,8631.17,True,True,False,True,False,1,False,False,False,10,False,won
TXN103336,MERCH_RETAIL_01,2025-06-08T06:00:00+00:00,item_not_received,2769.3,False,False,False,True,False,7,False,False,False,22,False,lost
TXN103337,MERCH_RETAIL_01,2025-01-06T00:00:00+00:00,item_not_received,4563.75,True,False,True,False,True,1,True,False,False,175,False,lost
TXN103338,MERCH_RETAIL_01,2025-04-12T03:00:00+00:00,item_not_as_described,3759.54,True,True,False,True,True,3,False,False,False,79,False,lost
TXN103339,MERCH_ECOM_03,2025-01-14T07:00:00+00:00,item_not_received,1299.01,False,False,False,False,True,6,False,False,False,167,False,lost
TXN103340,MERCH_RETAIL_01,2025-03-26T00:00:00+00:00,item_not_as_described,1879.42,False,False,False,True,True,2,False,False,False,96,False,lost
TXN103341,MERCH_RETAIL_01,2025-01-10T17:00:00+00:00,duplicate_charge,1977.17,False,False,False,True,True,2,False,True,False,171,False,won
TXN103342,MERCH_ECOM_03,2025-04-14T01:00:00+00:00,item_not_received,2059.56,True,True,False,False,False,1,False,False,False,77,False,won
TXN103343,MERCH_SAAS_02,2025-05-05T05:00:00+00:00,item_not_received,4671.6,True,True,True,True,True,3,False,False,False,56,False,won
TXN103344,MERCH_RETAIL_01,2025-03-14T06:00:00+00:00,unrecognized_transaction,1988.46,True,True,False,True,True,5,True,False,False,108,False,won
TXN103345,MERCH_ECOM_03,2025-01-25T17:00:00+00:00,subscription_cancelled,1794.7,True,False,False,False,True,1,True,False,True,156,False,won
TXN103346,MERCH_SAAS_02,2025-06-02T03:00:00+00:00,item_not_received,1291.27,False,False,False,True,True,1,True,False,False,28,False,won
TXN103347,MERCH_ECOM_03,2025-06-18T15:00:00+00:00,unrecognized_transaction,862.4,False,False,False,False,True,7,True,False,False,12,False,won
TXN103348,MERCH_ECOM_03,2025-02-20T16:00:00+00:00,item_not_received,1351.94,True,True,True,False,True,7,False,False,False,130,False,won
TXN103349,MERCH_ECOM_03,2025-03-19T17:00:00+00:00,subscription_cancelled,1276.04,True,False,False,True,True,3,True,False,False,103,False,lost
TXN103350,MERCH_RETAIL_01,2025-02-04T09:00:00+00:00,item_not_received,1153.48,True,True,True,True,False,4,True,False,False,146,False,won
TXN103351,MERCH_ECOM_03,2025-03-13T10:00:00+00:00,item_not_as_described,968.01,True,False,True,True,True,7,False,False,False,109,False,won
TXN103352,MERCH_RETAIL_01,2025-06-04T04:00:00+00:00,item_not_received,6614.75,True,True,True,True,False,3,True,False,False,26,False,won
TXN103353,MERCH_ECOM_03,2025-02-20T20:00:00+00:00,item_not_received,1636.73,True,True,True,False,False,5,True,False,False,130,False,lost
TXN103354,MERCH_RETAIL_01,2025-02-19T19:00:00+00:00,duplicate_charge,1599.37,False,False,True,True,True,7,True,False,False,131,True,lost
TXN103355,MERCH_DIGITAL_04,2025-01-24T00:00:00+00:00,unrecognized_transaction,462.81,False,False,False,False,False,4,True,False,False,157,False,won
TXN103356,MERCH_SAAS_02,2025-05-19T19:00:00+00:00,item_not_received,4466.34,True,True,True,True,True,4,False,False,False,42,False,won
TXN103357,MERCH_SAAS_02,2025-04-17T07:00:00+00:00,item_not_received,1950.89,True,True,False,True,True,7,True,False,False,74,False,won
TXN103358,MERCH_SAAS_02,2025-04-26T14:00:00+00:00,item_not_received,2332.22,True,True,False,False,False,6,False,False,False,65,False,won
TXN103359,MERCH_SAAS_02,2025-02-27T11:00:00+00:00,duplicate_charge,1785.14,True,False,False,False,False,3,False,False,False,123,False,lost
TXN103360,MERCH_ECOM_03,2025-05-06T02:00:00+00:00,item_not_received,4977.85,True,True,True,True,False,5,True,False,False,55,False,won
TXN103361,MERCH_ECOM_03,2025-05-28T06:00:00+00:00,duplicate_charge,1332.69,False,False,False,True,True,10,False,True,False,33,False,won
TXN103362,MERCH_ECOM_03,2025-01-30T15:00:00+00:00,unrecognized_transaction,1727.57,True,True,False,True,True,4,False,False,False,151,False,lost
TXN103363,MERCH_ECOM_03,2025-02-27T21:00:00+00:00,item_not_received,3086.93,False,False,False,False,True,2,True,False,False,123,False,lost
TXN103364,MERCH_SAAS_02,2025-01-14T03:00:00+00:00,unrecognized_transaction,2851.45,True,True,False,True,False,6,False,False,False,167,False,won
TXN103365,MERCH_SAAS_02,2025-01-30T01:00:00+00:00,item_not_received,1103.75,True,True,True,False,True,4,False,False,False,151,False,lost
TXN103366,MERCH_ECOM_03,2025-02-21T13:00:00+00:00,item_not_received,2210.31,True,True,False,False,True,2,False,False,False,129,False,won
TXN103367,MERCH_ECOM_03,2025-06-27T21:00:00+00:00,item_not_received,547.44,False,False,False,True,True,1,True,False,False,3,False,lost
TXN103368,MERCH_RETAIL_01,2025-04-21T07:00:00+00:00,item_not_received,1732.74,True,False,True,True,True,4,False,False,False,70,False,lost
TXN103369,MERCH_RETAIL_01,2025-01-13T16:00:00+00:00,item_not_received,1576.17,True,True,True,False,True,2,True,False,False,168,False,won
TXN103370,MERCH_SAAS_02,2025-03-09T22:00:00+00:00,unrecognized_transaction,1775.23,True,True,False,True,True,2,True,False,False,113,False,won
TXN103371,MERCH_DIGITAL_04,2025-03-30T04:00:00+00:00,unrecognized_transaction,3482.88,False,False,False,True,True,2,False,False,False,92,False,lost
TXN103372,MERCH_ECOM_03,2025-03-31T02:00:00+00:00,unrecognized_transaction,518.01,False,False,False,True,True,5,False,False,False,91,False,won
TXN103373,MERCH_RETAIL_01,2025-05-17T05:00:00+00:00,item_not_received,1141.72,True,True,True,False,True,6,False,False,False,44,False,won
TXN103374,MERCH_RETAIL_01,2025-04-24T20:00:00+00:00,duplicate_charge,1784.07,False,False,False,True,True,4,True,True,False,67,False,won
TXN103375,MERCH_ECOM_03,2025-04-16T17:00:00+00:00,unrecognized_transaction,3669.71,True,True,True,True,True,1,False,False,False,75,False,lost
TXN103376,MERCH_ECOM_03,2025-04-11T14:00:00+00:00,item_not_as_described,2001.85,False,False,False,True,False,1,True,False,False,80,False,won
TXN103377,MERCH_SAAS_02,2025-04-13T09:00:00+00:00,item_not_received,3299.13,True,True,False,False,False,6,False,False,False,78,False,won
TXN103378,MERCH_ECOM_03,2025-02-04T03:00:00+00:00,duplicate_charge,2117.12,False,False,False,True,True,1,False,True,False,146,False,lost
TXN103379,MERCH_RETAIL_01,2025-03-02T06:00:00+00:00,subscription_cancelled,4395.02,True,True,True,False,True,2,False,False,False,120,False,lost
TXN103380,MERCH_ECOM_03,2025-04-20T01:00:00+00:00,item_not_as_described,2327.8,False,False,False,True,False,6,True,False,False,71,False,won
TXN103381,MERCH_SAAS_02,2025-02-19T17:00:00+00:00,unrecognized_transaction,1462.7,False,False,False,False,False,4,False,False,False,131,False,lost
TXN103382,MERCH_SAAS_02,2025-03-27T02:00:00+00:00,item_not_received,953.38,True,True,True,False,True,5,True,False,False,95,False,won
TXN103383,MERCH_SAAS_02,2025-04-26T20:00:00+00:00,unrecognized_transaction,4797.81,False,False,False,True,True,4,True,False,False,65,False,won
TXN103384,MERCH_ECOM_03,2025-02-10T00:00:00+00:00,unrecognized_transaction,2846.6,False,False,False,False,False,2,False,False,False,140,False,lost
TXN103385,MERCH_SAAS_02,2025-03-14T21:00:00+00:00,item_not_received,1485.87,True,True,False,False,True,2,False,False,False,108,False,lost
TXN103386,MERCH_ECOM_03,2025-02-10T19:00:00+00:00,unrecognized_transaction,3491.21,False,False,False,True,False,5,False,False,False,140,False,lost
TXN103387,MERCH_RETAIL_01,2025-03-12T03:00:00+00:00,item_not_as_described,3881.66,True,True,True,False,True,7,False,False,False,110,False,lost
TXN103388,MERCH_SAAS_02,2025-02-02T04:00:00+00:00,item_not_received,2513.19,False,False,False,True,True,2,True,False,False,148,False,lost
TXN103389,MERCH_RETAIL_01,2025-01-30T01:00:00+00:00,item_not_as_described,5022.81,False,False,False,False,False,4,True,False,False,151,False,won
TXN103390,MERCH_ECOM_03,2025-04-22T19:00:00+00:00,unrecognized_transaction,1422.2,True,False,True,False,True,4,False,False,False,69,False,lost
TXN103391,MERCH_SAAS_02,2025-05-12T10:00:00+00:00,duplicate_charge,6317.0,False,False,False,True,True,8,True,True,False,49,False,won
TXN103392,MERCH_ECOM_03,2025-01-16T05:00:00+00:00,duplicate_charge,3763.9,True,False,False,True,False,4,False,False,False,165,False,lost
TXN103393,MERCH_ECOM_03,2025-04-20T23:00:00+00:00,item_not_received,4340.24,True,True,False,True,True,2,True,False,False,71,False,won
TXN103394,MERCH_RETAIL_01,2025-04-23T13:00:00+00:00,duplicate_charge,1428.24,True,True,True,False,False,4,True,True,False,68,False,won
TXN103395,MERCH_SAAS_02,2025-06-24T05:00:00+00:00,unrecognized_transaction,2720.79,True,False,False,True,True,4,True,False,False,6,False,won
TXN103396,MERCH_ECOM_03,2025-04-18T03:00:00+00:00,subscription_cancelled,79.35,True,True,True,False,False,2,False,False,True,73,False,won
TXN103397,MERCH_RETAIL_01,2025-05-02T00:00:00+00:00,subscription_cancelled,1358.82,True,True,True,True,True,4,False,False,False,59,False,lost
TXN103398,MERCH_RETAIL_01,2025-04-01T01:00:00+00:00,duplicate_charge,1730.29,False,True,True,False,False,1,True,True,False,90,True,lost
TXN103399,MERCH_SAAS_02,2025-04-08T10:00:00+00:00,item_not_received,3291.67,False,False,False,True,True,1,False,False,False,83,False,lost
TXN103400,MERCH_SAAS_02,2025-04-30T22:00:00+00:00,item_not_received,2986.13,True,True,True,True,False,2,True,False,False,61,False,won
TXN103401,MERCH_RETAIL_01,2025-04-14T12:00:00+00:00,unrecognized_transaction,2396.38,True,True,False,True,True,3,False,False,False,77,False,lost
TXN103402,MERCH_RETAIL_01,2025-05-10T18:00:00+00:00,item_not_received,1077.59,True,True,False,True,True,3,True,False,False,51,False,lost
TXN103403,MERCH_ECOM_03,2025-01-10T00:00:00+00:00,item_not_received,2023.82,False,False,False,False,True,1,False,False,False,171,False,lost
TXN103404,MERCH_ECOM_03,2025-01-29T23:00:00+00:00,duplicate_charge,1102.63,False,False,False,True,False,4,False,True,False,152,False,won
TXN103405,MERCH_SAAS_02,2025-02-09T03:00:00+00:00,item_not_as_described,959.69,False,False,False,False,True,3,True,False,False,141,False,won
TXN103406,MERCH_ECOM_03,2025-04-01T03:00:00+00:00,subscription_cancelled,2627.04,False,False,False,True,True,7,True,False,False,90,False,lost
TXN103407,MERCH_RETAIL_01,2025-05-06T01:00:00+00:00,item_not_received,444.54,True,True,True,False,False,4,False,False,False,55,False,won
TXN103408,MERCH_DIGITAL_04,2025-04-29T12:00:00+00:00,duplicate_charge,1691.81,True,True,False,True,True,5,True,True,False,62,False,won
TXN103409,MERCH_SAAS_02,2025-01-21T02:00:00+00:00,item_not_as_described,4627.33,True,False,False,False,True,1,True,False,False,160,False,lost
TXN103410,MERCH_ECOM_03,2025-02-14T13:00:00+00:00,item_not_as_described,1206.51,False,False,False,True,True,4,False,False,False,136,False,lost
TXN103411,MERCH_RETAIL_01,2025-06-23T05:00:00+00:00,item_not_received,5524.04,True,False,False,True,True,2,False,False,False,7,False,won
TXN103412,MERCH_SAAS_02,2025-01-28T23:00:00+00:00,unrecognized_transaction,484.15,True,True,False,True,True,3,False,False,False,153,False,won
TXN103413,MERCH_RETAIL_01,2025-02-02T06:00:00+00:00,item_not_as_described,349.39,True,True,False,True,True,5,False,False,False,148,False,lost
TXN103414,MERCH_SAAS_02,2025-03-11T14:00:00+00:00,item_not_received,1680.08,True,True,True,True,True,2,True,False,False,111,False,won
TXN103415,MERCH_RETAIL_01,2025-03-29T04:00:00+00:00,duplicate_charge,2410.31,True,True,True,False,True,0,True,False,False,93,False,lost
TXN103416,MERCH_RETAIL_01,2025-03-15T01:00:00+00:00,item_not_received,827.39,True,True,False,True,True,2,False,False,False,107,False,won
TXN103417,MERCH_ECOM_03,2025-03-02T16:00:00+00:00,item_not_received,956.41,True,True,False,True,False,2,True,False,False,120,False,won
TXN103418,MERCH_RETAIL_01,2025-06-14T07:00:00+00:00,unrecognized_transaction,1049.45,True,True,True,True,True,2,True,False,False,16,False,won
TXN103419,MERCH_DIGITAL_04,2025-01-16T19:00:00+00:00,item_not_received,3328.6,False,False,False,False,False,5,False,False,False,165,False,lost
TXN103420,MERCH_SAAS_02,2025-02-28T21:00:00+00:00,item_not_received,3291.1,True,True,False,False,False,9,False,False,False,122,False,won
TXN103421,MERCH_ECOM_03,2025-03-12T08:00:00+00:00,item_not_as_described,2601.26,False,False,False,True,True,6,False,False,False,110,False,lost
TXN103422,MERCH_RETAIL_01,2025-06-01T17:00:00+00:00,item_not_as_described,1797.16,False,False,False,True,True,7,False,False,False,29,False,lost
TXN103423,MERCH_RETAIL_01,2025-01-21T03:00:00+00:00,unrecognized_transaction,421.64,True,True,False,True,True,0,False,False,False,160,False,lost
TXN103424,MERCH_SAAS_02,2025-01-11T03:00:00+00:00,item_not_as_described,940.32,True,False,False,True,True,9,False,False,False,170,False,lost
TXN103425,MERCH_SAAS_02,2025-03-27T12:00:00+00:00,subscription_cancelled,2988.19,True,True,True,True,True,5,True,False,False,95,False,lost
TXN103426,MERCH_ECOM_03,2025-01-13T07:00:00+00:00,subscription_cancelled,1803.4,True,True,True,True,True,1,False,False,True,168,False,won
TXN103427,MERCH_ECOM_03,2025-03-29T20:00:00+00:00,unrecognized_transaction,2936.55,False,False,False,True,False,5,True,False,False,93,False,lost
TXN103428,MERCH_RETAIL_01,2025-06-05T16:00:00+00:00,unrecognized_transaction,3495.45,True,True,True,True,False,4,False,False,False,25,False,lost
TXN103429,MERCH_RETAIL_01,2025-05-21T07:00:00+00:00,unrecognized_transaction,422.47,True,True,True,True,True,9,False,False,False,40,False,won
TXN103430,MERCH_RETAIL_01,2025-03-25T10:00:00+00:00,unrecognized_transaction,1944.21,True,True,True,True,True,1,False,False,False,97,False,won
TXN103431,MERCH_RETAIL_01,2025-06-05T03:00:00+00:00,subscription_cancelled,1668.76,True,True,True,True,True,4,True,False,True,25,False,won
TXN103432,MERCH_ECOM_03,2025-05-31T00:00:00+00:00,item_not_received,2083.27,True,False,True,True,True,3,False,False,False,30,False,lost
TXN103433,MERCH_RETAIL_01,2025-04-08T00:00:00+00:00,item_not_received,3134.67,False,False,False,False,True,6,False,False,False,83,False,lost
TXN103434,MERCH_RETAIL_01,2025-01-29T09:00:00+00:00,item_not_received,757.49,True,True,False,True,True,4,False,False,False,152,False,won
TXN103435,MERCH_RETAIL_01,2025-03-07T02:00:00+00:00,unrecognized_transaction,2490.31,True,True,False,True,False,4,False,False,False,115,False,lost
TXN103436,MERCH_DIGITAL_04,2025-06-24T00:00:00+00:00,unrecognized_transaction,718.73,False,False,False,True,True,8,False,False,False,6,False,lost
TXN103437,MERCH_ECOM_03,2025-05-15T21:00:00+00:00,item_not_received,5727.45,False,True,True,True,True,2,True,False,False,46,True,lost
TXN103438,MERCH_ECOM_03,2025-02-12T19:00:00+00:00,item_not_as_described,1988.64,True,True,True,True,True,6,True,False,False,138,False,won
TXN103439,MERCH_SAAS_02,2025-03-07T19:00:00+00:00,duplicate_charge,1284.1,False,False,False,False,True,2,False,True,False,115,False,won
TXN103440,MERCH_RETAIL_01,2025-04-27T08:00:00+00:00,item_not_received,1253.68,True,True,False,False,True,2,True,False,False,64,False,lost
TXN103441,MERCH_RETAIL_01,2025-02-24T13:00:00+00:00,item_not_received,7834.86,True,True,True,True,True,6,False,False,False,126,False,won
TXN103442,MERCH_ECOM_03,2025-06-16T16:00:00+00:00,unrecognized_transaction,5429.95,False,False,False,False,True,3,True,False,False,14,False,won
TXN103443,MERCH_SAAS_02,2025-04-08T13:00:00+00:00,item_not_as_described,1508.58,True,False,False,False,True,5,False,False,False,83,False,lost
TXN103444,MERCH_SAAS_02,2025-03-11T05:00:00+00:00,unrecognized_transaction,497.07,False,False,False,True,True,2,False,False,False,111,False,lost
TXN103445,MERCH_ECOM_03,2025-01-29T14:00:00+00:00,duplicate_charge,1495.64,True,True,True,False,True,2,True,False,False,152,False,lost
TXN103446,MERCH_DIGITAL_04,2025-04-19T10:00:00+00:00,item_not_as_described,2434.83,True,True,True,True,True,4,True,False,False,72,False,won
TXN103447,MERCH_RETAIL_01,2025-03-25T02:00:00+00:00,item_not_received,1466.77,True,True,True,True,True,6,True,False,False,97,False,won
TXN103448,MERCH_RETAIL_01,2025-05-19T12:00:00+00:00,unrecognized_transaction,5859.69,False,False,True,True,True,1,False,False,False,42,True,lost
TXN103449,MERCH_ECOM_03,2025-02-19T23:00:00+00:00,item_not_received,4171.96,False,False,False,True,False,4,False,False,False,131,False,lost
TXN103450,MERCH_SAAS_02,2025-02-21T17:00:00+00:00,item_not_as_described,5286.87,True,False,True,True,False,2,True,False,False,129,False,won
TXN103451,MERCH_ECOM_03,2025-02-08T03:00:00+00:00,item_not_as_described,193.94,False,False,False,True,False,8,False,False,False,142,False,lost
TXN103452,MERCH_SAAS_02,2025-06-10T11:00:00+00:00,unrecognized_transaction,2392.96,True,True,True,True,True,6,True,False,False,20,False,won
TXN103453,MERCH_RETAIL_01,2025-06-10T15:00:00+00:00,item_not_received,2308.77,False,False,False,True,False,4,True,False,False,20,False,lost
TXN103454,MERCH_SAAS_02,2025-03-23T05:00:00+00:00,item_not_received,3360.02,True,False,True,False,True,1,False,False,False,99,False,won
TXN103455,MERCH_RETAIL_01,2025-04-03T18:00:00+00:00,item_not_as_described,2183.64,False,False,False,True,False,5,False,False,False,88,False,won
TXN103456,MERCH_RETAIL_01,2025-05-11T18:00:00+00:00,item_not_received,1771.98,True,True,True,False,False,2,False,False,False,50,False,won
TXN103457,MERCH_ECOM_03,2025-05-25T13:00:00+00:00,unrecognized_transaction,400.67,True,False,False,False,True,5,True,False,False,36,False,lost
TXN103458,MERCH_SAAS_02,2025-03-29T13:00:00+00:00,item_not_as_described,3498.42,False,False,False,False,True,8,True,False,False,93,False,won
TXN103459,MERCH_ECOM_03,2025-05-22T16:00:00+00:00,item_not_as_described,3705.81,True,False,True,False,True,5,False,False,False,39,False,won
TXN103460,MERCH_ECOM_03,2025-03-30T13:00:00+00:00,duplicate_charge,2446.82,True,True,True,True,False,4,True,False,False,92,False,lost
TXN103461,MERCH_RETAIL_01,2025-01-07T09:00:00+00:00,subscription_cancelled,1969.77,True,True,True,False,True,4,False,False,False,174,False,lost
TXN103462,MERCH_ECOM_03,2025-05-26T10:00:00+00:00,item_not_received,2218.15,True,True,True,True,True,1,False,False,False,35,False,won
TXN103463,MERCH_SAAS_02,2025-04-09T03:00:00+00:00,unrecognized_transaction,5806.6,False,False,False,True,True,3,False,False,False,82,False,won
TXN103464,MERCH_DIGITAL_04,2025-03-22T20:00:00+00:00,item_not_as_described,5059.94,True,False,True,True,True,4,False,False,False,100,False,lost
TXN103465,MERCH_SAAS_02,2025-05-16T09:00:00+00:00,unrecognized_transaction,2030.96,True,False,False,True,False,4,False,False,False,45,False,lost
TXN103466,MERCH_ECOM_03,2025-05-20T16:00:00+00:00,item_not_as_described,2887.36,True,True,True,True,True,2,False,False,False,41,False,lost
TXN103467,MERCH_SAAS_02,2025-01-13T05:00:00+00:00,item_not_as_described,2019.38,True,True,False,True,False,5,False,False,False,168,False,lost
TXN103468,MERCH_DIGITAL_04,2025-01-30T09:00:00+00:00,item_not_as_described,5727.75,False,False,False,False,True,5,False,False,False,151,False,lost
TXN103469,MERCH_RETAIL_01,2025-02-07T21:00:00+00:00,unrecognized_transaction,1564.47,True,False,False,False,True,7,False,False,False,143,False,lost
TXN103470,MERCH_SAAS_02,2025-02-15T02:00:00+00:00,unrecognized_transaction,1611.56,True,True,False,False,True,7,False,False,False,135,False,lost
TXN103471,MERCH_ECOM_03,2025-04-02T06:00:00+00:00,item_not_received,3347.06,True,True,True,False,True,1,False,False,False,89,False,won
TXN103472,MERCH_SAAS_02,2025-04-05T07:00:00+00:00,unrecognized_transaction,687.92,True,True,True,False,True,4,False,False,False,86,False,lost
TXN103473,MERCH_SAAS_02,2025-04-19T07:00:00+00:00,item_not_received,3693.62,True,True,True,True,False,4,True,False,False,72,False,won
TXN103474,MERCH_SAAS_02,2025-02-12T15:00:00+00:00,item_not_received,1292.0,True,True,True,True,True,5,True,False,False,138,False,won
TXN103475,MERCH_SAAS_02,2025-05-18T08:00:00+00:00,item_not_as_described,5874.44,True,False,True,True,False,5,True,False,False,43,False,won
TXN103476,MERCH_ECOM_03,2025-01-31T01:00:00+00:00,duplicate_charge,2055.83,False,False,False,False,True,4,False,True,False,150,False,lost
TXN103477,MERCH_SAAS_02,2025-02-19T04:00:00+00:00,unrecognized_transaction,3239.07,False,True,True,True,True,4,False,False,False,131,True,won
TXN103478,MERCH_RETAIL_01,2025-02-24T17:00:00+00:00,subscription_cancelled,1299.08,False,True,True,False,True,3,False,False,True,126,True,won
TXN103479,MERCH_DIGITAL_04,2025-03-30T15:00:00+00:00,item_not_received,2992.58,False,False,False,True,True,6,True,False,False,92,False,lost
TXN103480,MERCH_SAAS_02,2025-05-20T23:00:00+00:00,item_not_received,1594.73,False,False,False,True,True,5,True,False,False,41,False,lost
TXN103481,MERCH_RETAIL_01,2025-03-03T02:00:00+00:00,duplicate_charge,4879.68,True,True,True,False,False,6,True,True,False,119,False,won
TXN103482,MERCH_DIGITAL_04,2025-06-04T20:00:00+00:00,item_not_as_described,2659.71,True,True,False,True,True,3,False,False,False,26,False,lost
TXN103483,MERCH_RETAIL_01,2025-03-23T02:00:00+00:00,duplicate_charge,3076.96,True,True,False,True,True,2,True,False,False,99,False,lost
TXN103484,MERCH_RETAIL_01,2025-06-23T08:00:00+00:00,subscription_cancelled,4327.2,True,True,True,True,True,4,False,False,True,7,False,won
TXN103485,MERCH_SAAS_02,2025-02-23T18:00:00+00:00,unrecognized_transaction,2514.1,True,False,False,True,False,5,False,False,False,127,False,lost
TXN103486,MERCH_DIGITAL_04,2025-03-22T02:00:00+00:00,duplicate_charge,2093.3,False,False,False,True,False,5,True,True,False,100,False,won
TXN103487,MERCH_RETAIL_01,2025-01-23T08:00:00+00:00,unrecognized_transaction,881.43,True,False,True,True,False,0,False,False,False,158,False,lost
TXN103488,MERCH_SAAS_02,2025-03-17T10:00:00+00:00,subscription_cancelled,4239.9,False,False,False,True,True,3,False,False,True,105,False,won
TXN103489,MERCH_RETAIL_01,2025-03-02T18:00:00+00:00,unrecognized_transaction,403.24,True,True,False,True,True,1,False,False,False,120,False,lost
TXN103490,MERCH_ECOM_03,2025-06-25T18:00:00+00:00,item_not_received,2389.78,False,False,False,True,True,2,False,False,False,5,False,lost
TXN103491,MERCH_ECOM_03,2025-04-25T07:00:00+00:00,duplicate_charge,2271.36,False,False,False,True,True,4,False,False,False,66,False,lost
TXN103492,MERCH_RETAIL_01,2025-06-26T10:00:00+00:00,subscription_cancelled,8375.73,True,True,False,False,False,3,False,False,True,4,False,won
TXN103493,MERCH_ECOM_03,2025-03-31T21:00:00+00:00,item_not_as_described,1452.96,True,True,False,True,True,5,False,False,False,91,False,won
TXN103494,MERCH_RETAIL_01,2025-01-22T00:00:00+00:00,item_not_as_described,2182.37,True,True,False,True,True,5,True,False,False,159,False,lost
TXN103495,MERCH_RETAIL_01,2025-04-24T18:00:00+00:00,item_not_received,266.25,False,False,False,True,False,2,False,False,False,67,False,lost
TXN103496,MERCH_SAAS_02,2025-05-03T14:00:00+00:00,unrecognized_transaction,1112.55,False,False,False,False,True,5,False,False,False,58,False,won
TXN103497,MERCH_SAAS_02,2025-04-25T22:00:00+00:00,duplicate_charge,6353.54,False,False,True,True,True,6,False,True,False,66,True,won
TXN103498,MERCH_ECOM_03,2025-05-04T19:00:00+00:00,unrecognized_transaction,6698.68,True,True,False,True,False,3,False,False,False,57,False,won
TXN103499,MERCH_SAAS_02,2025-04-07T22:00:00+00:00,subscription_cancelled,3310.42,False,False,True,True,True,3,False,False,True,84,True,won
TXN103500,MERCH_ECOM_03,2025-01-08T10:00:00+00:00,subscription_cancelled,1451.89,True,True,False,False,True,6,True,False,False,173,False,lost
TXN103501,MERCH_ECOM_03,2025-01-21T01:00:00+00:00,item_not_received,2431.33,False,False,False,True,True,2,False,False,False,160,False,lost
TXN103502,MERCH_RETAIL_01,2025-02-05T22:00:00+00:00,item_not_as_described,7124.18,True,True,False,True,True,5,False,False,False,145,False,lost
TXN103503,MERCH_RETAIL_01,2025-04-15T09:00:00+00:00,duplicate_charge,2152.14,True,True,False,True,False,4,False,True,False,76,False,won
TXN103504,MERCH_RETAIL_01,2025-01-09T17:00:00+00:00,duplicate_charge,5599.59,True,False,True,True,False,5,True,True,False,172,False,won
TXN103505,MERCH_SAAS_02,2025-02-06T01:00:00+00:00,item_not_received,133.91,True,True,False,True,True,0,False,False,False,144,False,lost
TXN103506,MERCH_SAAS_02,2025-04-18T10:00:00+00:00,item_not_received,474.11,True,False,False,True,True,7,False,False,False,73,False,lost
TXN103507,MERCH_RETAIL_01,2025-04-12T01:00:00+00:00,duplicate_charge,6051.69,True,False,True,True,False,4,True,True,False,79,False,won
TXN103508,MERCH_RETAIL_01,2025-06-06T16:00:00+00:00,item_not_received,802.85,False,False,False,True,True,2,True,False,False,24,False,lost
TXN103509,MERCH_RETAIL_01,2025-04-02T20:00:00+00:00,item_not_received,7203.02,False,True,True,True,False,8,False,False,False,89,True,won
TXN103510,MERCH_ECOM_03,2025-01-05T22:00:00+00:00,item_not_received,1539.33,True,True,True,True,False,4,False,False,False,176,False,won
TXN103511,MERCH_RETAIL_01,2025-02-11T21:00:00+00:00,unrecognized_transaction,1402.05,True,True,True,True,True,6,True,False,False,139,False,won
TXN103512,MERCH_RETAIL_01,2025-06-07T15:00:00+00:00,duplicate_charge,4414.33,True,True,True,True,False,7,False,True,False,23,False,won
TXN103513,MERCH_SAAS_02,2025-05-18T18:00:00+00:00,item_not_received,2135.31,True,True,True,True,False,3,True,False,False,43,False,lost
TXN103514,MERCH_RETAIL_01,2025-02-25T22:00:00+00:00,subscription_cancelled,1511.84,True,True,True,True,True,3,False,False,False,125,False,lost
TXN103515,MERCH_ECOM_03,2025-02-11T15:00:00+00:00,duplicate_charge,942.28,True,True,True,True,True,8,True,True,False,139,False,won
TXN103516,MERCH_RETAIL_01,2025-04-22T04:00:00+00:00,unrecognized_transaction,4426.47,True,True,True,True,True,3,False,False,False,69,False,won
TXN103517,MERCH_ECOM_03,2025-05-29T01:00:00+00:00,item_not_received,3923.71,True,True,True,False,True,5,True,False,False,32,False,won
TXN103518,MERCH_ECOM_03,2025-03-26T10:00:00+00:00,item_not_received,974.29,False,False,False,False,True,3,False,False,False,96,False,lost
TXN103519,MERCH_SAAS_02,2025-03-19T17:00:00+00:00,item_not_as_described,2495.74,True,True,True,True,True,3,True,False,False,103,False,won
TXN103520,MERCH_RETAIL_01,2025-03-08T17:00:00+00:00,item_not_received,2848.6,True,True,False,True,False,5,False,False,False,114,False,won
TXN103521,MERCH_RETAIL_01,2025-04-16T02:00:00+00:00,unrecognized_transaction,419.66,False,False,True,True,True,2,True,False,False,75,True,won
TXN103522,MERCH_ECOM_03,2025-06-02T09:00:00+00:00,item_not_received,2492.1,True,True,True,True,False,4,False,False,False,28,False,lost
TXN103523,MERCH_SAAS_02,2025-06-19T20:00:00+00:00,item_not_received,135.64,False,False,False,False,False,2,True,False,False,11,False,lost
TXN103524,MERCH_SAAS_02,2025-01-05T14:00:00+00:00,item_not_received,5787.59,False,False,False,True,False,2,False,False,False,176,False,lost
TXN103525,MERCH_SAAS_02,2025-06-20T01:00:00+00:00,item_not_received,482.37,False,False,False,False,False,4,True,False,False,10,False,lost
TXN103526,MERCH_DIGITAL_04,2025-01-05T21:00:00+00:00,subscription_cancelled,3146.9,False,False,False,True,True,2,True,False,True,176,False,won
TXN103527,MERCH_ECOM_03,2025-02-16T17:00:00+00:00,duplicate_charge,1076.32,False,False,False,True,False,1,True,True,False,134,False,won
TXN103528,MERCH_ECOM_03,2025-01-27T17:00:00+00:00,subscription_cancelled,1494.15,True,True,False,True,True,5,True,False,False,154,False,won
TXN103529,MERCH_ECOM_03,2025-02-05T17:00:00+00:00,duplicate_charge,2812.96,True,True,True,True,True,3,True,True,False,145,False,lost
TXN103530,MERCH_SAAS_02,2025-02-24T11:00:00+00:00,item_not_received,1034.21,False,False,False,True,True,3,False,False,False,126,False,lost
TXN103531,MERCH_DIGITAL_04,2025-02-16T15:00:00+00:00,unrecognized_transaction,1450.67,True,True,False,False,True,4,False,False,False,134,False,lost
TXN103532,MERCH_DIGITAL_04,2025-06-10T15:00:00+00:00,item_not_as_described,1779.92,False,False,False,False,False,5,True,False,False,20,False,won
TXN103533,MERCH_ECOM_03,2025-05-29T01:00:00+00:00,item_not_received,231.04,True,False,False,False,True,4,False,False,False,32,False,lost
TXN103534,MERCH_RETAIL_01,2025-01-18T11:00:00+00:00,item_not_received,4917.24,False,False,False,True,True,3,False,False,False,163,False,lost
TXN103535,MERCH_ECOM_03,2025-04-12T06:00:00+00:00,duplicate_charge,774.9,False,False,False,True,False,1,True,True,False,79,False,won
TXN103536,MERCH_RETAIL_01,2025-06-18T13:00:00+00:00,item_not_received,3094.8,True,True,False,True,True,8,False,False,False,12,False,won
TXN103537,MERCH_RETAIL_01,2025-05-26T10:00:00+00:00,item_not_received,1856.38,True,True,True,True,True,0,True,False,False,35,False,won
TXN103538,MERCH_DIGITAL_04,2025-03-09T15:00:00+00:00,item_not_as_described,2401.33,True,False,False,False,True,3,True,False,False,113,False,won
TXN103539,MERCH_SAAS_02,2025-02-27T15:00:00+00:00,item_not_as_described,766.88,False,False,False,True,True,4,True,False,False,123,False,won
TXN103540,MERCH_DIGITAL_04,2025-03-26T19:00:00+00:00,item_not_received,7014.17,False,True,True,True,True,2,False,False,False,96,True,won
TXN103541,MERCH_RETAIL_01,2025-03-28T19:00:00+00:00,item_not_as_described,1834.97,False,False,False,True,True,4,True,False,False,94,False,won
TXN103542,MERCH_DIGITAL_04,2025-06-26T13:00:00+00:00,item_not_received,1967.51,True,False,False,False,True,5,True,False,False,4,False,lost
TXN103543,MERCH_RETAIL_01,2025-03-06T23:00:00+00:00,item_not_received,864.64,True,False,True,True,False,1,True,False,False,116,False,won
TXN103544,MERCH_RETAIL_01,2025-02-15T22:00:00+00:00,subscription_cancelled,3793.96,False,False,False,True,False,0,False,False,True,135,False,lost
TXN103545,MERCH_RETAIL_01,2025-01-12T11:00:00+00:00,duplicate_charge,792.78,False,False,False,True,True,6,False,True,False,169,False,lost
TXN103546,MERCH_SAAS_02,2025-02-27T20:00:00+00:00,duplicate_charge,1917.13,True,True,True,True,False,7,True,False,False,123,False,lost
TXN103547,MERCH_ECOM_03,2025-02-06T13:00:00+00:00,duplicate_charge,5618.49,True,True,False,False,False,2,False,True,False,144,False,lost
TXN103548,MERCH_RETAIL_01,2025-03-30T11:00:00+00:00,subscription_cancelled,3107.31,True,True,True,False,True,3,True,False,False,92,False,lost
TXN103549,MERCH_DIGITAL_04,2025-01-31T17:00:00+00:00,item_not_as_described,1555.35,True,True,False,False,True,6,True,False,False,150,False,lost
TXN103550,MERCH_SAAS_02,2025-05-25T03:00:00+00:00,item_not_as_described,289.69,False,False,False,True,True,3,False,False,False,36,False,lost
TXN103551,MERCH_ECOM_03,2025-01-12T09:00:00+00:00,item_not_received,1592.85,True,True,False,True,False,3,False,False,False,169,False,won
TXN103552,MERCH_DIGITAL_04,2025-06-06T10:00:00+00:00,subscription_cancelled,2934.42,False,False,False,False,False,2,True,False,True,24,False,won
TXN103553,MERCH_SAAS_02,2025-02-14T15:00:00+00:00,duplicate_charge,1610.12,True,True,True,False,True,5,True,False,False,136,False,lost
TXN103554,MERCH_RETAIL_01,2025-05-12T01:00:00+00:00,unrecognized_transaction,3202.94,False,True,True,False,True,3,True,False,False,49,True,lost
TXN103555,MERCH_ECOM_03,2025-03-15T09:00:00+00:00,duplicate_charge,1730.0,True,True,False,True,False,4,True,True,False,107,False,won
TXN103556,MERCH_ECOM_03,2025-01-14T05:00:00+00:00,item_not_received,3472.84,True,False,True,True,True,2,True,False,False,167,False,won
TXN103557,MERCH_SAAS_02,2025-05-05T03:00:00+00:00,unrecognized_transaction,472.57,True,True,True,False,True,5,False,False,False,56,False,lost
TXN103558,MERCH_SAAS_02,2025-06-13T02:00:00+00:00,subscription_cancelled,2268.26,True,True,True,False,False,1,False,False,False,17,False,lost
TXN103559,MERCH_SAAS_02,2025-05-24T17:00:00+00:00,subscription_cancelled,1485.31,False,False,False,True,True,5,True,False,True,37,False,won
TXN103560,MERCH_SAAS_02,2025-05-05T21:00:00+00:00,unrecognized_transaction,1125.28,False,False,False,True,True,3,True,False,False,56,False,won
TXN103561,MERCH_RETAIL_01,2025-02-21T20:00:00+00:00,unrecognized_transaction,2232.76,False,False,False,False,True,4,False,False,False,129,False,lost
TXN103562,MERCH_ECOM_03,2025-05-02T13:00:00+00:00,unrecognized_transaction,2233.7,True,True,True,True,False,4,False,False,False,59,False,lost
TXN103563,MERCH_SAAS_02,2025-03-10T13:00:00+00:00,duplicate_charge,3850.45,True,True,True,True,True,7,False,True,False,112,False,won
TXN103564,MERCH_RETAIL_01,2025-03-03T12:00:00+00:00,subscription_cancelled,1502.7,True,True,True,False,True,2,True,False,False,119,False,lost
TXN103565,MERCH_RETAIL_01,2025-02-15T01:00:00+00:00,item_not_received,1977.19,True,True,True,True,False,2,True,False,False,135,False,won
TXN103566,MERCH_DIGITAL_04,2025-02-11T13:00:00+00:00,item_not_as_described,5712.02,True,False,False,False,True,5,False,False,False,139,False,lost
TXN103567,MERCH_SAAS_02,2025-02-24T21:00:00+00:00,item_not_received,2911.89,False,False,False,True,False,3,False,False,False,126,False,lost
TXN103568,MERCH_ECOM_03,2025-06-26T15:00:00+00:00,duplicate_charge,2050.07,True,True,True,True,False,2,False,True,False,4,False,won
TXN103569,MERCH_RETAIL_01,2025-04-07T15:00:00+00:00,duplicate_charge,3226.53,True,True,True,True,True,5,True,False,False,84,False,lost
TXN103570,MERCH_DIGITAL_04,2025-02-04T08:00:00+00:00,subscription_cancelled,847.32,True,True,True,False,True,5,False,False,False,146,False,won
TXN103571,MERCH_SAAS_02,2025-03-17T11:00:00+00:00,item_not_received,1788.77,True,True,True,True,True,2,True,False,False,105,False,lost
TXN103572,MERCH_RETAIL_01,2025-02-04T14:00:00+00:00,item_not_as_described,5127.32,False,False,False,True,True,3,False,False,False,146,False,lost
TXN103573,MERCH_DIGITAL_04,2025-05-03T12:00:00+00:00,item_not_as_described,1856.48,True,True,False,False,True,5,True,False,False,58,False,won
TXN103574,MERCH_SAAS_02,2025-05-29T06:00:00+00:00,item_not_received,2095.88,False,False,False,True,True,5,True,False,False,32,False,lost
TXN103575,MERCH_RETAIL_01,2025-06-27T00:00:00+00:00,unrecognized_transaction,1923.15,True,True,True,True,True,5,True,False,False,3,False,won
TXN103576,MERCH_RETAIL_01,2025-01-16T16:00:00+00:00,unrecognized_transaction,2466.93,True,True,True,False,False,3,False,False,False,165,False,lost
TXN103577,MERCH_RETAIL_01,2025-01-29T02:00:00+00:00,item_not_as_described,1436.93,False,False,False,False,True,3,False,False,False,152,False,lost
TXN103578,MERCH_ECOM_03,2025-01-27T22:00:00+00:00,unrecognized_transaction,2884.43,False,False,False,False,True,5,True,False,False,154,False,lost
TXN103579,MERCH_SAAS_02,2025-03-27T00:00:00+00:00,item_not_as_described,2597.93,True,True,False,False,True,5,False,False,False,95,False,lost
TXN103580,MERCH_SAAS_02,2025-05-21T20:00:00+00:00,item_not_received,2941.62,True,True,True,False,True,6,True,False,False,40,False,won
TXN103581,MERCH_RETAIL_01,2025-02-19T23:00:00+00:00,subscription_cancelled,3156.73,True,True,False,True,True,4,True,False,False,131,False,lost
TXN103582,MERCH_RETAIL_01,2025-04-07T10:00:00+00:00,item_not_received,3370.4,False,False,False,True,True,7,True,False,False,84,False,lost
TXN103583,MERCH_RETAIL_01,2025-01-09T20:00:00+00:00,unrecognized_transaction,4209.61,False,False,False,True,False,2,False,False,False,172,False,lost
TXN103584,MERCH_RETAIL_01,2025-04-06T04:00:00+00:00,item_not_received,1564.95,False,False,False,True,True,5,False,False,False,85,False,lost
TXN103585,MERCH_RETAIL_01,2025-06-16T02:00:00+00:00,unrecognized_transaction,1301.76,True,True,False,True,False,5,True,False,False,14,False,won
TXN103586,MERCH_ECOM_03,2025-03-05T02:00:00+00:00,unrecognized_transaction,1246.32,True,True,False,False,True,4,True,False,False,117,False,lost
TXN103587,MERCH_RETAIL_01,2025-02-12T00:00:00+00:00,item_not_received,1072.96,False,False,False,False,True,3,True,False,False,138,False,lost
TXN103588,MERCH_ECOM_03,2025-05-27T07:00:00+00:00,item_not_received,5760.48,False,False,False,False,False,7,False,False,False,34,False,lost
TXN103589,MERCH_RETAIL_01,2025-01-08T12:00:00+00:00,item_not_received,747.16,True,True,False,True,True,2,True,False,False,173,False,lost
TXN103590,MERCH_RETAIL_01,2025-04-18T19:00:00+00:00,unrecognized_transaction,1154.7,True,True,True,True,True,3,False,False,False,73,False,won
TXN103591,MERCH_SAAS_02,2025-03-31T08:00:00+00:00,item_not_received,2030.28,True,True,True,True,True,2,False,False,False,91,False,won
TXN103592,MERCH_RETAIL_01,2025-04-26T12:00:00+00:00,duplicate_charge,1510.22,True,True,False,False,False,2,False,True,False,65,False,won
TXN103593,MERCH_RETAIL_01,2025-04-30T03:00:00+00:00,subscription_cancelled,1457.29,True,True,False,False,True,1,False,False,False,61,False,lost
TXN103594,MERCH_SAAS_02,2025-04-08T22:00:00+00:00,unrecognized_transaction,5398.26,False,True,True,True,True,4,True,False,False,83,True,won
TXN103595,MERCH_RETAIL_01,2025-05-31T22:00:00+00:00,item_not_received,5829.2,False,False,False,True,True,7,True,False,False,30,False,lost
TXN103596,MERCH_RETAIL_01,2025-05-12T03:00:00+00:00,unrecognized_transaction,6765.54,False,False,False,False,True,3,False,False,False,49,False,lost
TXN103597,MERCH_RETAIL_01,2025-06-26T20:00:00+00:00,item_not_as_described,1037.33,False,False,False,True,False,1,True,False,False,4,False,won
TXN103598,MERCH_RETAIL_01,2025-05-01T09:00:00+00:00,item_not_as_described,1647.25,True,True,True,True,True,2,False,False,False,60,False,lost
TXN103599,MERCH_ECOM_03,2025-05-12T07:00:00+00:00,item_not_as_described,1715.25,True,True,True,False,True,6,True,False,False,49,False,won
TXN103600,MERCH_DIGITAL_04,2025-02-07T13:00:00+00:00,duplicate_charge,1810.68,False,False,False,True,True,3,False,True,False,143,False,won
TXN103601,MERCH_ECOM_03,2025-02-08T05:00:00+00:00,subscription_cancelled,4617.49,False,False,False,True,True,5,False,False,True,142,False,won
TXN103602,MERCH_DIGITAL_04,2025-06-21T20:00:00+00:00,duplicate_charge,1292.08,True,True,True,True,True,5,False,True,False,9,False,lost
TXN103603,MERCH_RETAIL_01,2025-01-08T10:00:00+00:00,unrecognized_transaction,1967.09,True,False,False,True,False,4,False,False,False,173,False,won
TXN103604,MERCH_RETAIL_01,2025-06-04T07:00:00+00:00,item_not_received,5508.16,False,False,False,True,False,2,True,False,False,26,False,lost
TXN103605,MERCH_RETAIL_01,2025-06-22T14:00:00+00:00,subscription_cancelled,5100.89,False,False,False,True,True,6,False,False,False,8,False,lost
TXN103606,MERCH_DIGITAL_04,2025-06-05T05:00:00+00:00,unrecognized_transaction,2104.98,False,True,True,False,False,1,True,False,False,25,True,lost
TXN103607,MERCH_SAAS_02,2025-03-23T10:00:00+00:00,unrecognized_transaction,764.44,True,False,False,True,False,4,True,False,False,99,False,won
TXN103608,MERCH_RETAIL_01,2025-04-28T11:00:00+00:00,item_not_received,787.38,False,False,False,True,True,2,False,False,False,63,False,lost
TXN103609,MERCH_RETAIL_01,2025-06-04T08:00:00+00:00,unrecognized_transaction,3693.6,True,True,False,True,True,2,False,False,False,26,False,won
TXN103610,MERCH_SAAS_02,2025-06-16T16:00:00+00:00,item_not_as_described,7110.74,True,True,False,True,False,4,True,False,False,14,False,lost
TXN103611,MERCH_RETAIL_01,2025-05-30T14:00:00+00:00,unrecognized_transaction,1347.92,True,True,True,True,True,1,False,False,False,31,False,won
TXN103612,MERCH_SAAS_02,2025-02-06T10:00:00+00:00,unrecognized_transaction,3617.04,True,True,True,True,False,2,True,False,False,144,False,lost
TXN103613,MERCH_ECOM_03,2025-01-22T19:00:00+00:00,duplicate_charge,10497.64,True,False,False,False,True,3,False,False,False,159,False,lost
TXN103614,MERCH_DIGITAL_04,2025-04-13T09:00:00+00:00,item_not_received,1737.03,True,True,True,False,True,6,False,False,False,78,False,won
TXN103615,MERCH_SAAS_02,2025-05-21T16:00:00+00:00,subscription_cancelled,2515.55,False,False,False,True,True,3,True,False,False,40,False,lost
TXN103616,MERCH_SAAS_02,2025-06-10T07:00:00+00:00,subscription_cancelled,1065.17,True,False,False,True,True,2,False,False,False,20,False,lost
TXN103617,MERCH_RETAIL_01,2025-06-23T23:00:00+00:00,item_not_as_described,3962.42,False,False,False,True,True,3,False,False,False,7,False,won
TXN103618,MERCH_RETAIL_01,2025-04-07T07:00:00+00:00,item_not_received,2617.16,True,True,True,True,False,3,False,False,False,84,False,won
TXN103619,MERCH_ECOM_03,2025-06-23T12:00:00+00:00,duplicate_charge,883.04,True,True,False,False,False,2,False,False,False,7,False,lost
TXN103620,MERCH_RETAIL_01,2025-04-18T03:00:00+00:00,item_not_received,1963.67,True,False,False,False,False,3,False,False,False,73,False,lost
TXN103621,MERCH_ECOM_03,2025-06-21T16:00:00+00:00,subscription_cancelled,1025.43,False,False,False,False,True,4,False,False,True,9,False,won
TXN103622,MERCH_SAAS_02,2025-01-03T09:00:00+00:00,unrecognized_transaction,1700.45,False,False,False,False,True,6,False,False,False,178,False,lost
TXN103623,MERCH_RETAIL_01,2025-05-16T05:00:00+00:00,item_not_received,3450.24,True,True,True,True,True,2,True,False,False,45,False,won
TXN103624,MERCH_RETAIL_01,2025-03-21T00:00:00+00:00,item_not_as_described,1060.55,True,False,False,True,True,3,False,False,False,101,False,lost
TXN103625,MERCH_RETAIL_01,2025-04-08T01:00:00+00:00,duplicate_charge,5306.81,False,False,False,False,True,6,True,False,False,83,False,lost
TXN103626,MERCH_ECOM_03,2025-03-03T12:00:00+00:00,duplicate_charge,4436.84,True,True,False,True,True,6,False,True,False,119,False,won
TXN103627,MERCH_DIGITAL_04,2025-05-30T05:00:00+00:00,subscription_cancelled,2360.24,False,False,False,True,True,4,True,False,False,31,False,lost
TXN103628,MERCH_RETAIL_01,2025-04-02T11:00:00+00:00,unrecognized_transaction,4087.54,False,False,False,False,True,2,False,False,False,89,False,lost
TXN103629,MERCH_RETAIL_01,2025-01-19T12:00:00+00:00,unrecognized_transaction,3009.6,False,False,False,True,True,3,False,False,False,162,False,lost
TXN103630,MERCH_SAAS_02,2025-02-23T06:00:00+00:00,subscription_cancelled,2311.05,False,False,False,True,False,4,True,False,True,127,False,won
TXN103631,MERCH_SAAS_02,2025-01-18T06:00:00+00:00,item_not_received,2554.61,False,False,False,True,True,2,False,False,False,163,False,lost
TXN103632,MERCH_SAAS_02,2025-05-22T03:00:00+00:00,subscription_cancelled,777.39,False,False,False,True,False,1,True,False,False,39,False,lost
TXN103633,MERCH_RETAIL_01,2025-01-27T13:00:00+00:00,duplicate_charge,1914.31,True,True,False,True,True,4,False,True,False,154,False,won
TXN103634,MERCH_RETAIL_01,2025-04-24T02:00:00+00:00,item_not_received,914.95,False,False,False,True,True,1,True,False,False,67,False,lost
TXN103635,MERCH_RETAIL_01,2025-05-06T04:00:00+00:00,item_not_received,3436.8,False,False,False,False,True,6,False,False,False,55,False,lost
TXN103636,MERCH_SAAS_02,2025-06-07T20:00:00+00:00,duplicate_charge,4920.39,False,False,False,True,False,5,False,True,False,23,False,won
TXN103637,MERCH_ECOM_03,2025-01-11T13:00:00+00:00,item_not_as_described,359.91,True,True,False,True,True,3,False,False,False,170,False,lost
TXN103638,MERCH_ECOM_03,2025-02-09T00:00:00+00:00,item_not_received,2453.41,False,False,False,True,True,3,False,False,False,141,False,lost
TXN103639,MERCH_ECOM_03,2025-06-14T15:00:00+00:00,item_not_as_described,3927.58,True,True,False,True,False,7,False,False,False,16,False,won
TXN103640,MERCH_RETAIL_01,2025-03-28T04:00:00+00:00,subscription_cancelled,2342.15,False,False,False,True,True,6,True,False,False,94,False,lost
TXN103641,MERCH_ECOM_03,2025-04-07T23:00:00+00:00,unrecognized_transaction,1851.53,True,False,False,False,False,2,True,False,False,84,False,lost
TXN103642,MERCH_ECOM_03,2025-01-23T03:00:00+00:00,item_not_as_described,6084.55,False,False,False,True,True,2,True,False,False,158,False,lost
TXN103643,MERCH_RETAIL_01,2025-02-23T08:00:00+00:00,item_not_received,808.45,True,True,False,True,True,2,True,False,False,127,False,won
TXN103644,MERCH_RETAIL_01,2025-05-23T06:00:00+00:00,duplicate_charge,6286.86,True,False,True,True,True,3,False,True,False,38,False,lost
TXN103645,MERCH_SAAS_02,2025-03-14T02:00:00+00:00,unrecognized_transaction,1309.12,True,True,True,True,True,3,False,False,False,108,False,won
TXN103646,MERCH_SAAS_02,2025-04-13T09:00:00+00:00,unrecognized_transaction,5902.62,True,True,False,True,True,4,True,False,False,78,False,won
TXN103647,MERCH_SAAS_02,2025-03-02T01:00:00+00:00,unrecognized_transaction,4296.17,True,True,False,False,True,4,True,False,False,120,False,lost
TXN103648,MERCH_DIGITAL_04,2025-06-03T19:00:00+00:00,item_not_received,3980.27,True,True,True,True,False,7,False,False,False,27,False,won
TXN103649,MERCH_SAAS_02,2025-01-09T22:00:00+00:00,duplicate_charge,3397.68,False,False,False,True,True,1,True,False,False,172,False,lost
TXN103650,MERCH_RETAIL_01,2025-04-20T23:00:00+00:00,item_not_received,3267.71,True,True,True,True,True,6,False,False,False,71,False,won
TXN103651,MERCH_RETAIL_01,2025-02-04T07:00:00+00:00,item_not_received,5444.8,True,True,True,True,True,2,False,False,False,146,False,won
TXN103652,MERCH_SAAS_02,2025-04-13T06:00:00+00:00,unrecognized_transaction,1194.86,True,False,False,True,False,5,True,False,False,78,False,lost
TXN103653,MERCH_SAAS_02,2025-02-20T04:00:00+00:00,item_not_received,1986.1,True,True,False,True,False,7,True,False,False,130,False,won
TXN103654,MERCH_RETAIL_01,2025-04-10T19:00:00+00:00,item_not_as_described,3200.18,True,True,False,True,False,0,False,False,False,81,False,lost
TXN103655,MERCH_ECOM_03,2025-06-05T19:00:00+00:00,duplicate_charge,1384.69,True,True,False,False,True,2,False,True,False,25,False,lost
TXN103656,MERCH_ECOM_03,2025-01-11T04:00:00+00:00,unrecognized_transaction,3956.77,False,False,False,True,True,4,False,False,False,170,False,won
TXN103657,MERCH_RETAIL_01,2025-05-24T14:00:00+00:00,unrecognized_transaction,343.31,True,False,True,True,False,2,True,False,False,37,False,lost
TXN103658,MERCH_ECOM_03,2025-05-20T23:00:00+00:00,duplicate_charge,3332.3,False,False,False,True,False,1,True,False,False,41,False,lost
TXN103659,MERCH_ECOM_03,2025-01-27T05:00:00+00:00,item_not_as_described,1927.35,False,False,False,True,True,4,True,False,False,154,False,won
TXN103660,MERCH_SAAS_02,2025-03-16T16:00:00+00:00,duplicate_charge,1316.1,True,False,True,True,True,3,True,True,False,106,False,won
TXN103661,MERCH_ECOM_03,2025-05-27T16:00:00+00:00,item_not_as_described,1047.78,False,False,False,True,True,4,True,False,False,34,False,won
TXN103662,MERCH_RETAIL_01,2025-06-26T22:00:00+00:00,unrecognized_transaction,4835.03,True,True,False,True,True,8,True,False,False,4,False,won
TXN103663,MERCH_RETAIL_01,2025-06-01T02:00:00+00:00,unrecognized_transaction,1892.33,True,True,True,True,True,2,False,False,False,29,False,won
TXN103664,MERCH_RETAIL_01,2025-03-28T23:00:00+00:00,unrecognized_transaction,9393.23,True,True,True,False,True,0,False,False,False,94,False,won
TXN103665,MERCH_SAAS_02,2025-01-04T20:00:00+00:00,unrecognized_transaction,2647.27,True,True,False,False,True,3,False,False,False,177,False,lost
TXN103666,MERCH_RETAIL_01,2025-02-10T12:00:00+00:00,duplicate_charge,748.38,True,True,True,True,True,6,False,False,False,140,False,lost
TXN103667,MERCH_RETAIL_01,2025-01-31T17:00:00+00:00,duplicate_charge,5613.35,True,True,True,False,True,6,False,True,False,150,False,lost
TXN103668,MERCH_DIGITAL_04,2025-03-09T08:00:00+00:00,duplicate_charge,4913.93,True,True,False,True,True,5,True,False,False,113,False,won
TXN103669,MERCH_RETAIL_01,2025-02-22T08:00:00+00:00,subscription_cancelled,280.72,True,True,False,True,False,3,False,False,False,128,False,lost
TXN103670,MERCH_ECOM_03,2025-03-12T23:00:00+00:00,item_not_received,1596.1,False,False,False,False,True,5,True,False,False,110,False,lost
TXN103671,MERCH_RETAIL_01,2025-06-17T07:00:00+00:00,unrecognized_transaction,3940.91,False,True,True,True,True,3,False,False,False,13,True,lost
TXN103672,MERCH_RETAIL_01,2025-06-03T06:00:00+00:00,item_not_received,1790.74,False,False,False,False,True,3,True,False,False,27,False,won
TXN103673,MERCH_RETAIL_01,2025-04-03T21:00:00+00:00,item_not_received,2545.16,True,True,True,False,True,5,True,False,False,88,False,won
TXN103674,MERCH_SAAS_02,2025-06-04T05:00:00+00:00,item_not_as_described,663.31,True,True,True,True,True,6,True,False,False,26,False,won
TXN103675,MERCH_SAAS_02,2025-06-19T06:00:00+00:00,item_not_received,879.61,True,False,True,True,False,4,False,False,False,11,False,won
TXN103676,MERCH_SAAS_02,2025-03-09T09:00:00+00:00,item_not_as_described,916.34,True,False,False,False,True,6,False,False,False,113,False,lost
TXN103677,MERCH_RETAIL_01,2025-01-07T18:00:00+00:00,unrecognized_transaction,1111.48,True,True,False,True,False,1,True,False,False,174,False,won
TXN103678,MERCH_DIGITAL_04,2025-02-27T16:00:00+00:00,unrecognized_transaction,3103.44,True,True,True,True,False,5,False,False,False,123,False,lost
TXN103679,MERCH_ECOM_03,2025-05-08T02:00:00+00:00,unrecognized_transaction,1553.2,False,False,False,True,True,3,True,False,False,53,False,won
TXN103680,MERCH_RETAIL_01,2025-06-08T20:00:00+00:00,item_not_received,4453.47,False,False,False,True,True,3,False,False,False,22,False,lost
TXN103681,MERCH_SAAS_02,2025-02-22T15:00:00+00:00,subscription_cancelled,3399.94,False,False,False,True,False,5,False,False,False,128,False,lost
TXN103682,MERCH_DIGITAL_04,2025-01-24T21:00:00+00:00,subscription_cancelled,3118.09,False,False,False,False,True,4,False,False,True,157,False,lost
TXN103683,MERCH_ECOM_03,2025-04-21T20:00:00+00:00,item_not_as_described,1998.9,False,True,True,False,False,3,False,False,False,70,True,lost
TXN103684,MERCH_SAAS_02,2025-05-16T17:00:00+00:00,item_not_received,1296.12,True,True,False,True,False,3,False,False,False,45,False,lost
TXN103685,MERCH_ECOM_03,2025-03-19T00:00:00+00:00,item_not_received,5379.41,True,True,True,False,True,4,True,False,False,103,False,won
TXN103686,MERCH_RETAIL_01,2025-01-11T08:00:00+00:00,duplicate_charge,3808.13,False,False,False,False,True,2,True,True,False,170,False,lost
TXN103687,MERCH_RETAIL_01,2025-01-01T14:00:00+00:00,duplicate_charge,2639.76,True,False,True,False,False,2,False,True,False,180,False,lost
TXN103688,MERCH_RETAIL_01,2025-04-21T06:00:00+00:00,duplicate_charge,1141.18,False,False,False,True,True,2,False,True,False,70,False,won
TXN103689,MERCH_SAAS_02,2025-06-17T13:00:00+00:00,duplicate_charge,6843.57,False,False,False,True,True,3,False,True,False,13,False,lost
TXN103690,MERCH_RETAIL_01,2025-05-14T09:00:00+00:00,item_not_received,1811.51,False,False,False,True,False,3,True,False,False,47,False,lost
TXN103691,MERCH_RETAIL_01,2025-03-22T01:00:00+00:00,item_not_as_described,1355.61,True,True,False,False,False,4,False,False,False,100,False,lost
TXN103692,MERCH_SAAS_02,2025-04-11T03:00:00+00:00,item_not_received,832.99,False,False,False,True,True,2,True,False,False,80,False,lost
TXN103693,MERCH_RETAIL_01,2025-06-29T06:00:00+00:00,item_not_received,3377.91,False,False,False,True,True,1,False,False,False,1,False,lost
TXN103694,MERCH_SAAS_02,2025-04-20T13:00:00+00:00,item_not_received,2781.14,True,True,True,False,False,5,False,False,False,71,False,won
TXN103695,MERCH_DIGITAL_04,2025-02-11T23:00:00+00:00,subscription_cancelled,278.92,True,False,True,True,True,1,True,False,True,139,False,won
TXN103696,MERCH_RETAIL_01,2025-01-02T02:00:00+00:00,item_not_as_described,1832.99,True,False,True,True,False,1,True,False,False,179,False,won
TXN103697,MERCH_ECOM_03,2025-03-27T10:00:00+00:00,item_not_received,2337.34,False,False,False,False,False,1,False,False,False,95,False,lost
TXN103698,MERCH_ECOM_03,2025-03-16T10:00:00+00:00,subscription_cancelled,2580.88,False,False,False,True,True,2,True,False,False,106,False,lost
TXN103699,MERCH_ECOM_03,2025-05-12T14:00:00+00:00,duplicate_charge,1123.45,True,True,False,True,True,2,True,True,False,49,False,won
TXN103700,MERCH_SAAS_02,2025-03-08T03:00:00+00:00,duplicate_charge,3368.3,True,True,True,False,False,2,False,False,False,114,False,lost
TXN103701,MERCH_SAAS_02,2025-04-19T10:00:00+00:00,duplicate_charge,1012.21,True,True,True,True,False,5,False,False,False,72,False,lost
TXN103702,MERCH_RETAIL_01,2025-02-26T23:00:00+00:00,item_not_received,3955.07,True,True,False,True,False,3,False,False,False,124,False,won
TXN103703,MERCH_ECOM_03,2025-01-09T13:00:00+00:00,item_not_received,5010.1,False,False,False,True,True,2,True,False,False,172,False,lost
TXN103704,MERCH_ECOM_03,2025-05-28T22:00:00+00:00,unrecognized_transaction,3008.35,True,True,True,True,True,3,False,False,False,33,False,won
TXN103705,MERCH_RETAIL_01,2025-03-23T21:00:00+00:00,duplicate_charge,3397.19,True,True,False,True,False,1,False,True,False,99,False,won
TXN103706,MERCH_RETAIL_01,2025-05-20T23:00:00+00:00,unrecognized_transaction,3716.62,True,True,False,True,True,4,True,False,False,41,False,won
TXN103707,MERCH_ECOM_03,2025-03-10T20:00:00+00:00,duplicate_charge,643.16,True,True,False,True,True,4,True,False,False,112,False,lost
TXN103708,MERCH_ECOM_03,2025-02-06T14:00:00+00:00,item_not_received,1510.35,False,False,False,False,False,0,False,False,False,144,False,lost
TXN103709,MERCH_RETAIL_01,2025-02-09T12:00:00+00:00,duplicate_charge,908.7,False,False,False,True,False,7,True,True,False,141,False,won
TXN103710,MERCH_DIGITAL_04,2025-04-15T22:00:00+00:00,item_not_as_described,1023.84,False,False,False,True,True,6,True,False,False,76,False,lost
TXN103711,MERCH_SAAS_02,2025-04-03T18:00:00+00:00,item_not_as_described,1274.48,True,True,False,False,True,0,False,False,False,88,False,lost
TXN103712,MERCH_RETAIL_01,2025-03-05T21:00:00+00:00,unrecognized_transaction,2678.13,True,True,False,False,True,1,True,False,False,117,False,lost
TXN103713,MERCH_DIGITAL_04,2025-02-19T11:00:00+00:00,subscription_cancelled,3980.65,False,False,False,True,True,7,False,False,True,131,False,won
TXN103714,MERCH_RETAIL_01,2025-01-11T01:00:00+00:00,unrecognized_transaction,7526.38,True,True,True,True,False,3,False,False,False,170,False,lost
TXN103715,MERCH_DIGITAL_04,2025-06-14T00:00:00+00:00,item_not_received,2460.53,False,False,False,True,True,2,False,False,False,16,False,lost
TXN103716,MERCH_RETAIL_01,2025-02-23T13:00:00+00:00,item_not_received,297.81,False,False,False,True,True,3,True,False,False,127,False,lost
TXN103717,MERCH_SAAS_02,2025-02-08T17:00:00+00:00,subscription_cancelled,1857.16,False,False,False,False,True,3,False,False,True,142,False,won
TXN103718,MERCH_RETAIL_01,2025-06-24T22:00:00+00:00,duplicate_charge,3635.64,True,True,True,True,True,3,True,True,False,6,False,won
TXN103719,MERCH_ECOM_03,2025-03-31T02:00:00+00:00,unrecognized_transaction,126.79,True,True,True,False,False,3,True,False,False,91,False,lost
TXN103720,MERCH_RETAIL_01,2025-05-23T02:00:00+00:00,unrecognized_transaction,1621.48,False,False,False,False,True,2,True,False,False,38,False,lost
TXN103721,MERCH_ECOM_03,2025-01-25T11:00:00+00:00,item_not_received,2240.63,True,True,True,False,True,1,False,False,False,156,False,won
TXN103722,MERCH_SAAS_02,2025-06-11T10:00:00+00:00,subscription_cancelled,2271.78,True,False,True,True,True,1,True,False,False,19,False,lost
TXN103723,MERCH_ECOM_03,2025-03-17T08:00:00+00:00,unrecognized_transaction,743.97,True,False,False,False,False,3,True,False,False,105,False,lost
TXN103724,MERCH_SAAS_02,2025-03-11T21:00:00+00:00,item_not_received,4349.75,False,False,False,True,True,3,False,False,False,111,False,lost
TXN103725,MERCH_ECOM_03,2025-04-11T12:00:00+00:00,item_not_received,1412.29,True,True,True,True,True,5,False,False,False,80,False,won
TXN103726,MERCH_DIGITAL_04,2025-03-25T10:00:00+00:00,unrecognized_transaction,3917.02,True,False,True,True,False,2,False,False,False,97,False,lost
TXN103727,MERCH_SAAS_02,2025-06-25T10:00:00+00:00,item_not_as_described,1602.54,False,False,False,False,True,6,False,False,False,5,False,won
TXN103728,MERCH_RETAIL_01,2025-05-17T08:00:00+00:00,item_not_received,5386.07,True,False,True,False,True,1,False,False,False,44,False,won
TXN103729,MERCH_SAAS_02,2025-05-28T12:00:00+00:00,item_not_as_described,4353.5,True,True,False,True,True,3,False,False,False,33,False,lost
TXN103730,MERCH_ECOM_03,2025-02-27T10:00:00+00:00,item_not_received,1236.62,True,False,True,False,False,3,False,False,False,123,False,won
TXN103731,MERCH_SAAS_02,2025-06-16T10:00:00+00:00,item_not_received,3790.84,True,True,True,True,False,1,False,False,False,14,False,lost
TXN103732,MERCH_ECOM_03,2025-04-28T00:00:00+00:00,subscription_cancelled,4462.5,False,False,False,True,True,2,False,False,True,63,False,won
TXN103733,MERCH_ECOM_03,2025-06-01T16:00:00+00:00,unrecognized_transaction,1870.42,False,False,False,True,True,4,True,False,False,29,False,won
TXN103734,MERCH_RETAIL_01,2025-01-31T20:00:00+00:00,unrecognized_transaction,4111.22,True,False,False,False,False,3,True,False,False,150,False,lost
TXN103735,MERCH_RETAIL_01,2025-03-26T03:00:00+00:00,item_not_received,2634.42,True,True,False,False,True,4,True,False,False,96,False,won
TXN103736,MERCH_RETAIL_01,2025-02-11T07:00:00+00:00,item_not_as_described,2286.0,True,False,True,True,True,1,True,False,False,139,False,won
TXN103737,MERCH_RETAIL_01,2025-01-28T04:00:00+00:00,unrecognized_transaction,4511.1,False,False,False,False,True,2,False,False,False,153,False,lost
TXN103738,MERCH_ECOM_03,2025-06-12T14:00:00+00:00,unrecognized_transaction,1757.87,False,False,False,True,True,3,False,False,False,18,False,won
TXN103739,MERCH_RETAIL_01,2025-01-05T21:00:00+00:00,subscription_cancelled,1704.41,True,True,False,True,True,5,False,False,True,176,False,won
TXN103740,MERCH_RETAIL_01,2025-04-29T04:00:00+00:00,item_not_as_described,6242.84,True,True,False,False,True,4,True,False,False,62,False,won
TXN103741,MERCH_ECOM_03,2025-02-27T22:00:00+00:00,item_not_received,574.51,False,False,True,True,True,4,True,False,False,123,True,won
TXN103742,MERCH_RETAIL_01,2025-03-11T07:00:00+00:00,unrecognized_transaction,1047.32,True,True,True,True,True,5,True,False,False,111,False,won
TXN103743,MERCH_RETAIL_01,2025-01-04T08:00:00+00:00,subscription_cancelled,498.08,False,False,False,False,True,5,False,False,True,177,False,lost
TXN103744,MERCH_RETAIL_01,2025-02-16T00:00:00+00:00,item_not_received,775.47,True,True,False,False,False,3,False,False,False,134,False,won
TXN103745,MERCH_ECOM_03,2025-05-27T16:00:00+00:00,subscription_cancelled,2061.22,False,False,False,True,False,1,False,False,True,34,False,won
TXN103746,MERCH_RETAIL_01,2025-01-01T00:00:00+00:00,subscription_cancelled,3007.6,True,True,False,False,True,3,True,False,False,180,False,lost
TXN103747,MERCH_SAAS_02,2025-04-19T19:00:00+00:00,item_not_received,5597.65,True,True,True,True,False,3,False,False,False,72,False,won
TXN103748,MERCH_ECOM_03,2025-05-05T13:00:00+00:00,unrecognized_transaction,480.79,True,False,False,True,True,7,True,False,False,56,False,won
TXN103749,MERCH_RETAIL_01,2025-05-24T19:00:00+00:00,item_not_received,3702.31,False,False,False,True,True,6,False,False,False,37,False,lost
TXN103750,MERCH_ECOM_03,2025-03-01T21:00:00+00:00,duplicate_charge,4418.83,True,True,False,False,True,2,False,True,False,121,False,won
TXN103751,MERCH_ECOM_03,2025-03-13T01:00:00+00:00,item_not_received,2245.35,True,True,False,False,False,7,False,False,False,109,False,lost
TXN103752,MERCH_SAAS_02,2025-05-22T18:00:00+00:00,duplicate_charge,1854.08,True,True,True,False,False,4,False,True,False,39,False,won
TXN103753,MERCH_ECOM_03,2025-02-26T09:00:00+00:00,unrecognized_transaction,2639.06,False,False,False,False,True,3,True,False,False,124,False,lost
TXN103754,MERCH_ECOM_03,2025-03-31T16:00:00+00:00,duplicate_charge,1583.74,True,True,False,True,True,4,False,True,False,91,False,won
TXN103755,MERCH_DIGITAL_04,2025-02-07T02:00:00+00:00,duplicate_charge,1838.28,True,True,True,True,True,6,False,True,False,143,False,won
TXN103756,MERCH_RETAIL_01,2025-04-14T01:00:00+00:00,item_not_received,2863.3,False,False,False,False,False,4,False,False,False,77,False,lost
TXN103757,MERCH_SAAS_02,2025-03-21T15:00:00+00:00,item_not_received,1529.65,True,True,False,True,True,4,False,False,False,101,False,lost
TXN103758,MERCH_RETAIL_01,2025-01-03T19:00:00+00:00,unrecognized_transaction,1850.71,True,True,True,True,False,7,False,False,False,178,False,lost
TXN103759,MERCH_SAAS_02,2025-04-28T20:00:00+00:00,duplicate_charge,1195.52,True,False,False,True,True,3,True,True,False,63,False,won
TXN103760,MERCH_SAAS_02,2025-05-29T23:00:00+00:00,item_not_received,3867.87,False,False,False,False,True,3,True,False,False,32,False,lost
TXN103761,MERCH_ECOM_03,2025-03-01T08:00:00+00:00,duplicate_charge,1054.59,True,True,True,True,True,3,False,True,False,121,False,lost
TXN103762,MERCH_SAAS_02,2025-06-10T18:00:00+00:00,item_not_received,1195.35,False,False,False,True,True,5,False,False,False,20,False,lost
TXN103763,MERCH_RETAIL_01,2025-01-02T15:00:00+00:00,item_not_received,2035.62,True,False,False,True,True,5,True,False,False,179,False,lost
TXN103764,MERCH_RETAIL_01,2025-04-14T07:00:00+00:00,item_not_received,1146.59,True,False,True,True,False,7,False,False,False,77,False,won
TXN103765,MERCH_RETAIL_01,2025-05-27T14:00:00+00:00,item_not_received,1461.04,True,False,True,True,True,1,False,False,False,34,False,won
TXN103766,MERCH_RETAIL_01,2025-02-06T04:00:00+00:00,duplicate_charge,3865.73,True,True,True,False,True,6,False,False,False,144,False,lost
TXN103767,MERCH_RETAIL_01,2025-01-10T20:00:00+00:00,unrecognized_transaction,1758.97,False,False,False,True,True,4,False,False,False,171,False,lost
TXN103768,MERCH_ECOM_03,2025-03-02T21:00:00+00:00,subscription_cancelled,1613.67,True,False,False,False,False,1,False,False,True,120,False,won
TXN103769,MERCH_SAAS_02,2025-06-19T11:00:00+00:00,unrecognized_transaction,2502.09,True,False,False,False,False,2,False,False,False,11,False,lost
TXN103770,MERCH_RETAIL_01,2025-06-20T18:00:00+00:00,item_not_received,954.92,True,True,False,False,True,5,True,False,False,10,False,won
TXN103771,MERCH_DIGITAL_04,2025-04-08T02:00:00+00:00,item_not_received,4947.16,True,False,False,True,True,4,False,False,False,83,False,won
TXN103772,MERCH_ECOM_03,2025-06-04T14:00:00+00:00,duplicate_charge,1736.08,True,True,True,True,True,5,True,True,False,26,False,won
TXN103773,MERCH_RETAIL_01,2025-06-09T14:00:00+00:00,item_not_as_described,2623.19,True,True,True,True,True,1,True,False,False,21,False,lost
TXN103774,MERCH_SAAS_02,2025-06-27T10:00:00+00:00,unrecognized_transaction,2595.04,False,False,False,False,True,5,False,False,False,3,False,won
TXN103775,MERCH_RETAIL_01,2025-06-11T04:00:00+00:00,item_not_as_described,2312.16,True,True,False,True,True,6,True,False,False,19,False,won
TXN103776,MERCH_RETAIL_01,2025-04-01T16:00:00+00:00,unrecognized_transaction,2047.43,False,False,False,True,False,8,True,False,False,90,False,lost
TXN103777,MERCH_DIGITAL_04,2025-02-10T10:00:00+00:00,subscription_cancelled,2155.14,False,False,False,True,True,4,False,False,False,140,False,lost
TXN103778,MERCH_ECOM_03,2025-06-26T12:00:00+00:00,item_not_received,2385.49,True,True,False,False,True,2,True,False,False,4,False,won
TXN103779,MERCH_SAAS_02,2025-06-11T14:00:00+00:00,item_not_received,1807.5,True,True,False,False,False,2,False,False,False,19,False,won
TXN103780,MERCH_RETAIL_01,2025-05-12T22:00:00+00:00,item_not_as_described,2325.66,False,False,False,False,True,2,False,False,False,49,False,lost
TXN103781,MERCH_RETAIL_01,2025-01-04T03:00:00+00:00,subscription_cancelled,1304.88,False,False,False,True,True,7,False,False,False,177,False,won
TXN103782,MERCH_ECOM_03,2025-02-13T22:00:00+00:00,item_not_received,1985.66,True,True,False,False,True,5,True,False,False,137,False,lost
TXN103783,MERCH_SAAS_02,2025-03-11T14:00:00+00:00,item_not_received,3397.11,False,False,False,True,True,4,True,False,False,111,False,lost
TXN103784,MERCH_SAAS_02,2025-06-20T14:00:00+00:00,unrecognized_transaction,2526.98,True,False,True,True,True,4,True,False,False,10,False,won
TXN103785,MERCH_ECOM_03,2025-05-02T22:00:00+00:00,item_not_as_described,158.36,False,False,False,True,True,4,True,False,False,59,False,won
TXN103786,MERCH_RETAIL_01,2025-02-11T16:00:00+00:00,unrecognized_transaction,1774.92,True,True,True,False,True,3,True,False,False,139,False,lost
TXN103787,MERCH_SAAS_02,2025-03-06T11:00:00+00:00,unrecognized_transaction,2193.07,False,False,False,True,True,2,False,False,False,116,False,lost
TXN103788,MERCH_DIGITAL_04,2025-03-10T14:00:00+00:00,duplicate_charge,2126.48,False,False,False,True,True,6,True,True,False,112,False,won
TXN103789,MERCH_ECOM_03,2025-05-10T21:00:00+00:00,item_not_as_described,2433.2,True,True,True,True,True,4,False,False,False,51,False,lost
TXN103790,MERCH_ECOM_03,2025-01-28T11:00:00+00:00,unrecognized_transaction,969.77,False,False,True,False,False,4,True,False,False,153,True,lost
TXN103791,MERCH_DIGITAL_04,2025-02-08T02:00:00+00:00,item_not_received,2308.86,True,True,True,True,True,4,False,False,False,142,False,won
TXN103792,MERCH_RETAIL_01,2025-05-18T06:00:00+00:00,unrecognized_transaction,336.29,True,True,True,True,True,1,True,False,False,43,False,won
TXN103793,MERCH_SAAS_02,2025-01-24T05:00:00+00:00,item_not_received,312.33,True,True,False,True,True,7,False,False,False,157,False,won
TXN103794,MERCH_ECOM_03,2025-02-04T01:00:00+00:00,unrecognized_transaction,876.24,True,True,True,True,False,4,False,False,False,146,False,won
TXN103795,MERCH_SAAS_02,2025-04-10T00:00:00+00:00,item_not_received,626.02,True,False,True,True,True,10,False,False,False,81,False,won
TXN103796,MERCH_ECOM_03,2025-03-04T19:00:00+00:00,duplicate_charge,2228.79,False,False,False,True,True,5,False,True,False,118,False,won
TXN103797,MERCH_RETAIL_01,2025-04-16T12:00:00+00:00,unrecognized_transaction,1452.1,True,True,True,True,True,4,True,False,False,75,False,won
TXN103798,MERCH_RETAIL_01,2025-02-03T07:00:00+00:00,unrecognized_transaction,1698.94,True,True,False,False,False,3,True,False,False,147,False,won
TXN103799,MERCH_SAAS_02,2025-06-04T16:00:00+00:00,item_not_as_described,418.74,True,True,False,True,False,5,True,False,False,26,False,won
TXN103800,MERCH_ECOM_03,2025-01-16T15:00:00+00:00,item_not_as_described,2301.39,False,False,False,False,True,8,False,False,False,165,False,lost
TXN103801,MERCH_ECOM_03,2025-02-28T12:00:00+00:00,item_not_received,3642.83,False,False,False,True,True,1,False,False,False,122,False,lost
TXN103802,MERCH_SAAS_02,2025-04-09T10:00:00+00:00,subscription_cancelled,951.14,False,False,False,False,True,2,True,False,False,82,False,lost
TXN103803,MERCH_SAAS_02,2025-04-11T19:00:00+00:00,unrecognized_transaction,1655.92,True,True,True,True,True,4,False,False,False,80,False,won
TXN103804,MERCH_RETAIL_01,2025-06-03T12:00:00+00:00,unrecognized_transaction,2983.53,False,False,False,False,True,5,True,False,False,27,False,lost
TXN103805,MERCH_RETAIL_01,2025-03-22T17:00:00+00:00,unrecognized_transaction,1378.24,True,True,True,False,True,0,False,False,False,100,False,lost
TXN103806,MERCH_RETAIL_01,2025-02-02T21:00:00+00:00,item_not_received,1381.14,True,False,False,True,False,5,True,False,False,148,False,lost
TXN103807,MERCH_SAAS_02,2025-06-16T11:00:00+00:00,unrecognized_transaction,5713.44,True,True,True,True,True,3,True,False,False,14,False,won
TXN103808,MERCH_RETAIL_01,2025-01-03T00:00:00+00:00,item_not_received,1773.14,False,False,True,False,False,1,False,False,False,178,True,lost
TXN103809,MERCH_RETAIL_01,2025-05-11T04:00:00+00:00,item_not_received,1491.42,True,True,True,True,False,2,True,False,False,50,False,lost
TXN103810,MERCH_SAAS_02,2025-04-06T02:00:00+00:00,item_not_as_described,5858.79,True,True,True,False,True,7,False,False,False,85,False,lost
TXN103811,MERCH_SAAS_02,2025-03-10T12:00:00+00:00,unrecognized_transaction,6158.31,False,False,False,True,False,3,True,False,False,112,False,lost
TXN103812,MERCH_RETAIL_01,2025-06-06T12:00:00+00:00,item_not_received,3078.14,True,False,True,True,True,0,True,False,False,24,False,won
TXN103813,MERCH_DIGITAL_04,2025-02-06T20:00:00+00:00,unrecognized_transaction,4348.03,False,True,True,False,False,3,False,False,False,144,True,lost
TXN103814,MERCH_ECOM_03,2025-03-10T04:00:00+00:00,item_not_received,858.95,True,True,False,True,True,3,False,False,False,112,False,lost
TXN103815,MERCH_RETAIL_01,2025-04-17T17:00:00+00:00,duplicate_charge,1182.47,True,True,False,True,True,5,False,False,False,74,False,lost
TXN103816,MERCH_ECOM_03,2025-05-04T12:00:00+00:00,duplicate_charge,1620.58,False,False,False,False,True,5,True,False,False,57,False,won
TXN103817,MERCH_SAAS_02,2025-01-24T20:00:00+00:00,unrecognized_transaction,659.66,False,False,False,True,False,3,False,False,False,157,False,lost
TXN103818,MERCH_SAAS_02,2025-02-16T14:00:00+00:00,unrecognized_transaction,1533.78,True,True,False,True,True,3,False,False,False,134,False,lost
TXN103819,MERCH_RETAIL_01,2025-05-01T20:00:00+00:00,duplicate_charge,4293.71,False,False,False,False,True,4,True,True,False,60,False,won
TXN103820,MERCH_ECOM_03,2025-04-10T09:00:00+00:00,item_not_received,2427.94,False,False,False,True,True,2,False,False,False,81,False,lost
TXN103821,MERCH_SAAS_02,2025-04-05T11:00:00+00:00,item_not_as_described,2530.29,True,True,False,True,True,2,True,False,False,86,False,won
TXN103822,MERCH_ECOM_03,2025-05-18T17:00:00+00:00,subscription_cancelled,5703.29,False,False,False,True,True,5,True,False,False,43,False,lost
TXN103823,MERCH_RETAIL_01,2025-05-23T11:00:00+00:00,item_not_received,1568.49,True,True,False,False,True,0,True,False,False,38,False,won
TXN103824,MERCH_SAAS_02,2025-04-12T03:00:00+00:00,item_not_received,2548.17,True,True,False,True,False,3,False,False,False,79,False,won
TXN103825,MERCH_RETAIL_01,2025-03-26T09:00:00+00:00,subscription_cancelled,4245.77,True,True,False,False,True,5,True,False,True,96,False,won
TXN103826,MERCH_ECOM_03,2025-05-11T14:00:00+00:00,item_not_received,323.58,True,True,False,True,False,4,True,False,False,50,False,won
TXN103827,MERCH_RETAIL_01,2025-01-31T03:00:00+00:00,item_not_as_described,872.55,True,True,True,True,False,2,True,False,False,150,False,lost
TXN103828,MERCH_RETAIL_01,2025-04-21T07:00:00+00:00,unrecognized_transaction,3376.76,True,True,False,True,True,2,False,False,False,70,False,won
TXN103829,MERCH_RETAIL_01,2025-03-01T16:00:00+00:00,item_not_as_described,2565.43,False,False,False,True,False,2,False,False,False,121,False,lost
TXN103830,MERCH_ECOM_03,2025-01-21T03:00:00+00:00,duplicate_charge,3232.54,True,True,False,False,False,5,True,True,False,160,False,won
TXN103831,MERCH_RETAIL_01,2025-02-24T04:00:00+00:00,item_not_received,11800.46,True,True,False,True,True,3,False,False,False,126,False,won
TXN103832,MERCH_ECOM_03,2025-03-27T08:00:00+00:00,unrecognized_transaction,4430.45,True,True,False,True,True,5,False,False,False,95,False,lost
TXN103833,MERCH_DIGITAL_04,2025-03-24T19:00:00+00:00,item_not_as_described,2523.53,False,False,False,False,False,4,True,False,False,98,False,won
TXN103834,MERCH_SAAS_02,2025-06-14T00:00:00+00:00,unrecognized_transaction,449.49,True,True,True,True,True,3,False,False,False,16,False,won
TXN103835,MERCH_RETAIL_01,2025-05-06T15:00:00+00:00,item_not_received,2144.55,False,True,True,True,True,4,False,False,False,55,True,won
TXN103836,MERCH_RETAIL_01,2025-03-29T11:00:00+00:00,item_not_received,2054.71,False,False,False,True,True,1,False,False,False,93,False,lost
TXN103837,MERCH_SAAS_02,2025-05-10T13:00:00+00:00,item_not_as_described,1531.21,True,True,False,False,True,4,False,False,False,51,False,lost
TXN103838,MERCH_ECOM_03,2025-01-12T21:00:00+00:00,item_not_received,2990.9,False,False,False,True,False,3,False,False,False,169,False,lost
TXN103839,MERCH_ECOM_03,2025-04-30T22:00:00+00:00,item_not_as_described,846.35,True,False,False,True,False,4,True,False,False,61,False,won
TXN103840,MERCH_RETAIL_01,2025-04-11T09:00:00+00:00,unrecognized_transaction,3275.84,True,True,True,False,False,3,True,False,False,80,False,lost
TXN103841,MERCH_RETAIL_01,2025-04-01T16:00:00+00:00,item_not_received,9004.52,False,False,False,True,True,4,True,False,False,90,False,lost
TXN103842,MERCH_DIGITAL_04,2025-01-14T05:00:00+00:00,duplicate_charge,917.26,True,True,False,True,True,5,False,True,False,167,False,won
TXN103843,MERCH_RETAIL_01,2025-02-05T07:00:00+00:00,unrecognized_transaction,2209.71,True,True,True,False,True,4,True,False,False,145,False,lost
TXN103844,MERCH_ECOM_03,2025-06-03T00:00:00+00:00,item_not_received,1185.38,True,False,False,False,True,5,False,False,False,27,False,won
TXN103845,MERCH_SAAS_02,2025-02-26T17:00:00+00:00,unrecognized_transaction,2642.34,True,True,True,True,True,3,False,False,False,124,False,won
TXN103846,MERCH_ECOM_03,2025-04-21T05:00:00+00:00,unrecognized_transaction,4591.5,True,True,True,True,True,3,True,False,False,70,False,won
TXN103847,MERCH_DIGITAL_04,2025-04-09T00:00:00+00:00,item_not_received,2776.48,True,False,False,True,True,8,False,False,False,82,False,won
TXN103848,MERCH_RETAIL_01,2025-06-28T13:00:00+00:00,item_not_received,1318.57,True,False,True,True,True,5,False,False,False,2,False,won
TXN103849,MERCH_ECOM_03,2025-02-16T23:00:00+00:00,duplicate_charge,2899.12,True,False,True,True,True,3,False,True,False,134,False,won
TXN103850,MERCH_ECOM_03,2025-02-19T09:00:00+00:00,item_not_as_described,1964.02,True,True,True,False,False,7,False,False,False,131,False,lost
TXN103851,MERCH_RETAIL_01,2025-03-31T01:00:00+00:00,item_not_received,3816.54,True,True,True,True,True,2,False,False,False,91,False,won
TXN103852,MERCH_ECOM_03,2025-04-26T06:00:00+00:00,item_not_received,2365.57,False,False,True,True,False,2,True,False,False,65,True,won
TXN103853,MERCH_DIGITAL_04,2025-02-22T08:00:00+00:00,item_not_received,2812.0,True,False,False,True,True,3,True,False,False,128,False,lost
TXN103854,MERCH_DIGITAL_04,2025-06-22T18:00:00+00:00,item_not_received,2201.47,True,True,False,True,True,2,False,False,False,8,False,won
TXN103855,MERCH_DIGITAL_04,2025-03-31T01:00:00+00:00,subscription_cancelled,4274.67,True,False,False,False,True,2,False,False,False,91,False,lost
TXN103856,MERCH_DIGITAL_04,2025-05-30T14:00:00+00:00,unrecognized_transaction,4915.7,False,False,False,True,True,3,False,False,False,31,False,won
TXN103857,MERCH_SAAS_02,2025-06-28T03:00:00+00:00,unrecognized_transaction,1430.32,False,False,False,True,False,3,True,False,False,2,False,lost
TXN103858,MERCH_ECOM_03,2025-02-21T05:00:00+00:00,item_not_as_described,3448.0,True,True,True,True,True,3,False,False,False,129,False,lost
TXN103859,MERCH_SAAS_02,2025-05-27T05:00:00+00:00,item_not_received,8485.51,True,True,True,True,True,1,True,False,False,34,False,won
TXN103860,MERCH_RETAIL_01,2025-06-23T12:00:00+00:00,duplicate_charge,712.65,True,False,False,True,True,3,False,False,False,7,False,lost
TXN103861,MERCH_SAAS_02,2025-03-08T18:00:00+00:00,unrecognized_transaction,5917.71,True,True,True,True,False,5,False,False,False,114,False,lost
TXN103862,MERCH_SAAS_02,2025-01-23T00:00:00+00:00,unrecognized_transaction,2102.33,True,True,False,False,False,3,False,False,False,158,False,won
TXN103863,MERCH_SAAS_02,2025-04-08T03:00:00+00:00,item_not_received,2991.83,False,False,False,False,False,2,True,False,False,83,False,won
TXN103864,MERCH_DIGITAL_04,2025-06-07T04:00:00+00:00,duplicate_charge,3557.08,True,False,False,False,True,3,False,True,False,23,False,won
TXN103865,MERCH_RETAIL_01,2025-06-24T17:00:00+00:00,unrecognized_transaction,2342.34,True,True,False,True,True,3,True,False,False,6,False,won
TXN103866,MERCH_ECOM_03,2025-01-19T18:00:00+00:00,item_not_as_described,2136.19,False,False,False,True,False,3,True,False,False,162,False,won
TXN103867,MERCH_ECOM_03,2025-06-06T22:00:00+00:00,item_not_as_described,2652.96,True,True,False,False,False,4,False,False,False,24,False,lost
TXN103868,MERCH_RETAIL_01,2025-04-28T12:00:00+00:00,duplicate_charge,1312.11,False,False,False,True,True,2,False,True,False,63,False,won
TXN103869,MERCH_ECOM_03,2025-06-19T11:00:00+00:00,item_not_received,755.09,True,True,False,True,True,3,False,False,False,11,False,won
TXN103870,MERCH_SAAS_02,2025-02-20T14:00:00+00:00,duplicate_charge,2483.14,False,False,False,True,False,1,True,True,False,130,False,won
TXN103871,MERCH_SAAS_02,2025-01-05T05:00:00+00:00,unrecognized_transaction,1930.14,True,True,True,True,True,2,False,False,False,176,False,won
TXN103872,MERCH_SAAS_02,2025-05-02T19:00:00+00:00,duplicate_charge,5200.81,True,True,True,False,True,1,False,True,False,59,False,won
TXN103873,MERCH_SAAS_02,2025-01-20T16:00:00+00:00,item_not_received,1615.69,True,True,False,True,False,4,False,False,False,161,False,lost
TXN103874,MERCH_RETAIL_01,2025-01-30T19:00:00+00:00,duplicate_charge,2303.46,False,False,False,True,True,6,False,True,False,151,False,won
TXN103875,MERCH_RETAIL_01,2025-01-17T13:00:00+00:00,duplicate_charge,459.49,False,False,False,True,True,1,False,False,False,164,False,lost
TXN103876,MERCH_DIGITAL_04,2025-03-22T06:00:00+00:00,duplicate_charge,5048.93,True,True,True,False,True,6,False,True,False,100,False,won
TXN103877,MERCH_SAAS_02,2025-05-25T11:00:00+00:00,subscription_cancelled,399.5,False,False,False,True,True,4,False,False,False,36,False,lost
TXN103878,MERCH_SAAS_02,2025-02-19T08:00:00+00:00,subscription_cancelled,1867.2,True,True,True,True,True,5,True,False,True,131,False,won
TXN103879,MERCH_RETAIL_01,2025-01-10T16:00:00+00:00,unrecognized_transaction,3204.97,False,False,False,False,True,6,False,False,False,171,False,lost
TXN103880,MERCH_RETAIL_01,2025-02-20T02:00:00+00:00,duplicate_charge,3673.76,True,True,False,True,True,3,False,True,False,130,False,won
TXN103881,MERCH_RETAIL_01,2025-06-10T20:00:00+00:00,subscription_cancelled,1496.11,True,False,False,True,True,3,False,False,False,20,False,lost
TXN103882,MERCH_RETAIL_01,2025-03-27T02:00:00+00:00,unrecognized_transaction,724.21,True,True,False,True,False,1,True,False,False,95,False,won
TXN103883,MERCH_DIGITAL_04,2025-06-04T05:00:00+00:00,unrecognized_transaction,4626.02,False,False,False,False,True,4,False,False,False,26,False,lost
TXN103884,MERCH_ECOM_03,2025-03-29T11:00:00+00:00,item_not_received,2794.34,True,True,True,True,False,3,True,False,False,93,False,won
TXN103885,MERCH_ECOM_03,2025-01-06T19:00:00+00:00,item_not_as_described,2945.65,True,True,False,True,True,4,True,False,False,175,False,won
TXN103886,MERCH_DIGITAL_04,2025-03-17T01:00:00+00:00,item_not_received,515.89,True,False,False,True,True,4,False,False,False,105,False,won
TXN103887,MERCH_ECOM_03,2025-04-18T03:00:00+00:00,duplicate_charge,4841.28,True,False,True,True,True,5,True,True,False,73,False,lost
TXN103888,MERCH_ECOM_03,2025-04-24T19:00:00+00:00,duplicate_charge,4676.49,True,True,True,True,True,3,True,False,False,67,False,lost
TXN103889,MERCH_SAAS_02,2025-06-29T13:00:00+00:00,item_not_as_described,218.06,True,True,True,False,False,4,False,False,False,1,False,won
TXN103890,MERCH_RETAIL_01,2025-05-06T14:00:00+00:00,item_not_received,1163.16,False,False,False,True,False,7,False,False,False,55,False,lost
TXN103891,MERCH_ECOM_03,2025-04-16T23:00:00+00:00,duplicate_charge,2459.71,True,False,True,False,True,6,True,True,False,75,False,won
TXN103892,MERCH_RETAIL_01,2025-04-14T06:00:00+00:00,item_not_received,861.13,True,False,False,True,True,1,True,False,False,77,False,won
TXN103893,MERCH_RETAIL_01,2025-05-26T08:00:00+00:00,item_not_received,1082.35,False,False,False,False,True,7,False,False,False,35,False,won
TXN103894,MERCH_ECOM_03,2025-03-06T03:00:00+00:00,unrecognized_transaction,2369.84,False,False,False,True,True,5,True,False,False,116,False,won
TXN103895,MERCH_RETAIL_01,2025-01-29T01:00:00+00:00,item_not_received,3939.09,True,True,False,True,False,5,True,False,False,152,False,lost
TXN103896,MERCH_ECOM_03,2025-05-02T04:00:00+00:00,subscription_cancelled,9129.33,False,False,False,False,True,2,True,False,True,59,False,won
TXN103897,MERCH_RETAIL_01,2025-02-16T05:00:00+00:00,subscription_cancelled,1102.15,True,True,False,True,True,3,False,False,False,134,False,lost
TXN103898,MERCH_DIGITAL_04,2025-02-26T00:00:00+00:00,item_not_received,2598.82,True,True,True,True,True,2,True,False,False,124,False,won
TXN103899,MERCH_ECOM_03,2025-05-07T05:00:00+00:00,item_not_as_described,3029.5,True,True,False,True,False,0,False,False,False,54,False,lost
TXN103900,MERCH_ECOM_03,2025-03-25T14:00:00+00:00,duplicate_charge,6331.96,False,False,False,True,True,3,False,True,False,97,False,won
TXN103901,MERCH_SAAS_02,2025-05-09T14:00:00+00:00,duplicate_charge,1862.58,False,False,False,True,True,7,False,True,False,52,False,won
TXN103902,MERCH_ECOM_03,2025-02-16T07:00:00+00:00,item_not_received,4081.74,False,False,False,True,False,1,True,False,False,134,False,lost
TXN103903,MERCH_RETAIL_01,2025-03-24T17:00:00+00:00,unrecognized_transaction,2393.85,False,False,False,True,True,4,True,False,False,98,False,won
TXN103904,MERCH_RETAIL_01,2025-06-08T09:00:00+00:00,unrecognized_transaction,992.3,True,True,False,True,True,2,True,False,False,22,False,won
TXN103905,MERCH_RETAIL_01,2025-03-21T18:00:00+00:00,item_not_received,7808.99,True,True,True,True,True,3,True,False,False,101,False,won
TXN103906,MERCH_DIGITAL_04,2025-03-14T18:00:00+00:00,item_not_received,1781.63,True,False,False,True,False,2,False,False,False,108,False,lost
TXN103907,MERCH_SAAS_02,2025-06-01T11:00:00+00:00,item_not_received,2047.04,False,False,False,True,False,6,True,False,False,29,False,lost
TXN103908,MERCH_SAAS_02,2025-04-05T04:00:00+00:00,unrecognized_transaction,1348.37,False,False,False,True,True,3,False,False,False,86,False,won
TXN103909,MERCH_RETAIL_01,2025-05-12T10:00:00+00:00,unrecognized_transaction,3860.76,False,False,False,True,True,3,False,False,False,49,False,won
TXN103910,MERCH_SAAS_02,2025-03-25T07:00:00+00:00,item_not_received,3378.69,False,False,False,True,False,3,False,False,False,97,False,lost
TXN103911,MERCH_SAAS_02,2025-05-08T16:00:00+00:00,item_not_received,1035.08,True,True,False,True,True,5,True,False,False,53,False,won
TXN103912,MERCH_SAAS_02,2025-05-06T19:00:00+00:00,item_not_as_described,1716.39,True,True,False,True,True,5,True,False,False,55,False,won
TXN103913,MERCH_DIGITAL_04,2025-05-07T01:00:00+00:00,item_not_as_described,1208.85,True,True,False,False,True,3,False,False,False,54,False,lost
TXN103914,MERCH_ECOM_03,2025-06-02T23:00:00+00:00,unrecognized_transaction,662.17,False,False,False,False,True,4,True,False,False,28,False,won
TXN103915,MERCH_RETAIL_01,2025-03-10T13:00:00+00:00,duplicate_charge,1058.2,True,False,True,True,True,6,False,True,False,112,False,won
TXN103916,MERCH_DIGITAL_04,2025-03-26T00:00:00+00:00,subscription_cancelled,5792.22,True,False,False,True,True,3,False,False,True,96,False,won
TXN103917,MERCH_RETAIL_01,2025-01-18T00:00:00+00:00,item_not_received,2158.05,True,True,False,True,True,8,False,False,False,163,False,won
TXN103918,MERCH_ECOM_03,2025-06-15T14:00:00+00:00,item_not_received,4126.54,True,True,False,False,True,5,True,False,False,15,False,won
TXN103919,MERCH_SAAS_02,2025-05-09T19:00:00+00:00,unrecognized_transaction,8562.75,True,True,True,True,True,3,True,False,False,52,False,won
TXN103920,MERCH_RETAIL_01,2025-01-17T12:00:00+00:00,item_not_as_described,1447.78,False,False,False,False,False,6,False,False,False,164,False,won
TXN103921,MERCH_SAAS_02,2025-05-14T19:00:00+00:00,item_not_received,3752.52,True,True,False,True,False,4,False,False,False,47,False,won
TXN103922,MERCH_RETAIL_01,2025-05-21T16:00:00+00:00,item_not_as_described,2496.39,True,True,False,True,True,4,True,False,False,40,False,won
TXN103923,MERCH_RETAIL_01,2025-03-05T20:00:00+00:00,item_not_received,657.16,False,False,False,True,False,2,True,False,False,117,False,lost
TXN103924,MERCH_RETAIL_01,2025-02-17T13:00:00+00:00,duplicate_charge,2801.03,True,True,False,False,False,6,False,True,False,133,False,won
TXN103925,MERCH_SAAS_02,2025-06-17T09:00:00+00:00,item_not_as_described,1129.69,True,True,True,False,True,5,False,False,False,13,False,lost
TXN103926,MERCH_RETAIL_01,2025-03-19T12:00:00+00:00,unrecognized_transaction,3651.25,True,False,False,True,True,3,True,False,False,103,False,won
TXN103927,MERCH_DIGITAL_04,2025-03-23T07:00:00+00:00,duplicate_charge,1602.28,True,True,False,False,True,4,True,True,False,99,False,won
TXN103928,MERCH_ECOM_03,2025-04-28T13:00:00+00:00,item_not_received,4663.44,True,True,True,True,False,3,True,False,False,63,False,won
TXN103929,MERCH_SAAS_02,2025-01-21T01:00:00+00:00,item_not_received,3322.27,True,False,True,True,True,2,True,False,False,160,False,lost
TXN103930,MERCH_ECOM_03,2025-01-11T04:00:00+00:00,unrecognized_transaction,3345.71,True,True,False,True,False,3,True,False,False,170,False,lost
TXN103931,MERCH_RETAIL_01,2025-04-21T02:00:00+00:00,duplicate_charge,6252.24,True,True,True,False,True,6,True,True,False,70,False,won
TXN103932,MERCH_SAAS_02,2025-03-24T18:00:00+00:00,item_not_as_described,5836.84,False,False,False,False,True,3,False,False,False,98,False,lost
TXN103933,MERCH_RETAIL_01,2025-05-15T16:00:00+00:00,duplicate_charge,8418.5,True,True,False,True,True,1,True,True,False,46,False,won
TXN103934,MERCH_SAAS_02,2025-04-01T13:00:00+00:00,item_not_as_described,2974.32,False,False,False,False,True,5,True,False,False,90,False,won
TXN103935,MERCH_RETAIL_01,2025-04-14T10:00:00+00:00,unrecognized_transaction,1664.83,False,False,False,True,True,4,False,False,False,77,False,won
TXN103936,MERCH_RETAIL_01,2025-03-26T03:00:00+00:00,item_not_as_described,4525.54,False,False,False,True,True,2,True,False,False,96,False,lost
TXN103937,MERCH_ECOM_03,2025-01-11T20:00:00+00:00,unrecognized_transaction,5846.5,True,True,True,True,True,5,False,False,False,170,False,lost
TXN103938,MERCH_ECOM_03,2025-04-19T00:00:00+00:00,unrecognized_transaction,531.39,False,False,False,True,False,5,True,False,False,72,False,lost
TXN103939,MERCH_ECOM_03,2025-03-31T15:00:00+00:00,item_not_as_described,2766.82,True,True,False,True,True,2,False,False,False,91,False,lost
TXN103940,MERCH_ECOM_03,2025-02-14T09:00:00+00:00,unrecognized_transaction,3061.68,True,False,False,True,True,4,False,False,False,136,False,won
TXN103941,MERCH_DIGITAL_04,2025-01-06T14:00:00+00:00,unrecognized_transaction,2881.89,True,False,False,True,False,10,True,False,False,175,False,lost
TXN103942,MERCH_SAAS_02,2025-04-13T18:00:00+00:00,item_not_received,2207.14,False,False,False,True,True,7,True,False,False,78,False,won
TXN103943,MERCH_DIGITAL_04,2025-01-31T01:00:00+00:00,unrecognized_transaction,2133.65,True,True,False,True,True,2,False,False,False,150,False,lost
TXN103944,MERCH_RETAIL_01,2025-06-25T14:00:00+00:00,item_not_received,2236.73,True,False,False,True,True,4,False,False,False,5,False,won
TXN103945,MERCH_SAAS_02,2025-06-13T02:00:00+00:00,unrecognized_transaction,3094.55,True,True,False,True,True,4,True,False,False,17,False,won
TXN103946,MERCH_SAAS_02,2025-02-23T02:00:00+00:00,item_not_received,3091.11,True,True,False,False,False,4,True,False,False,127,False,lost
TXN103947,MERCH_ECOM_03,2025-03-05T11:00:00+00:00,unrecognized_transaction,6206.01,False,False,False,False,True,5,False,False,False,117,False,won
TXN103948,MERCH_RETAIL_01,2025-01-16T10:00:00+00:00,item_not_received,2295.77,False,False,False,True,False,5,False,False,False,165,False,lost
TXN103949,MERCH_RETAIL_01,2025-06-13T06:00:00+00:00,unrecognized_transaction,6437.05,False,True,True,False,True,4,False,False,False,17,True,lost
TXN103950,MERCH_RETAIL_01,2025-03-21T20:00:00+00:00,duplicate_charge,907.7,True,True,False,True,False,5,True,True,False,101,False,won
TXN103951,MERCH_DIGITAL_04,2025-03-08T22:00:00+00:00,item_not_received,1947.81,True,False,False,True,True,4,False,False,False,114,False,won
TXN103952,MERCH_RETAIL_01,2025-02-03T09:00:00+00:00,unrecognized_transaction,720.19,False,False,False,True,True,4,True,False,False,147,False,won
TXN103953,MERCH_SAAS_02,2025-03-03T21:00:00+00:00,item_not_as_described,6537.63,False,False,False,False,False,4,True,False,False,119,False,lost
TXN103954,MERCH_RETAIL_01,2025-05-22T07:00:00+00:00,item_not_received,5861.75,True,False,False,True,True,6,True,False,False,39,False,won
TXN103955,MERCH_SAAS_02,2025-01-18T01:00:00+00:00,unrecognized_transaction,2684.88,False,False,False,False,True,3,True,False,False,163,False,lost
TXN103956,MERCH_ECOM_03,2025-02-03T23:00:00+00:00,item_not_as_described,3869.26,False,False,False,True,False,1,False,False,False,147,False,lost
TXN103957,MERCH_SAAS_02,2025-05-31T23:00:00+00:00,item_not_received,1940.33,False,False,False,True,True,7,False,False,False,30,False,won
TXN103958,MERCH_RETAIL_01,2025-02-13T13:00:00+00:00,unrecognized_transaction,2622.83,False,False,False,True,False,1,True,False,False,137,False,won
TXN103959,MERCH_SAAS_02,2025-06-12T12:00:00+00:00,subscription_cancelled,810.4,True,True,False,True,True,3,True,False,True,18,False,won
TXN103960,MERCH_RETAIL_01,2025-05-12T18:00:00+00:00,item_not_received,2380.97,True,True,False,True,False,4,False,False,False,49,False,won
TXN103961,MERCH_RETAIL_01,2025-05-30T06:00:00+00:00,item_not_as_described,2283.56,False,False,False,True,True,2,False,False,False,31,False,lost
TXN103962,MERCH_SAAS_02,2025-03-30T21:00:00+00:00,item_not_as_described,521.22,True,True,True,False,True,3,True,False,False,92,False,lost
TXN103963,MERCH_RETAIL_01,2025-02-17T01:00:00+00:00,item_not_as_described,4292.33,False,False,False,True,True,1,False,False,False,133,False,lost
TXN103964,MERCH_RETAIL_01,2025-04-19T21:00:00+00:00,duplicate_charge,2167.07,False,False,False,True,True,8,True,True,False,72,False,won
TXN103965,MERCH_RETAIL_01,2025-06-16T06:00:00+00:00,item_not_as_described,1747.68,True,False,True,True,True,5,True,False,False,14,False,won
TXN103966,MERCH_SAAS_02,2025-06-09T10:00:00+00:00,unrecognized_transaction,6186.0,True,False,False,False,True,4,True,False,False,21,False,won
TXN103967,MERCH_RETAIL_01,2025-04-25T06:00:00+00:00,item_not_received,1002.18,True,False,False,True,False,3,True,False,False,66,False,lost
TXN103968,MERCH_SAAS_02,2025-03-19T10:00:00+00:00,item_not_as_described,519.86,True,True,False,True,True,4,True,False,False,103,False,won
TXN103969,MERCH_ECOM_03,2025-03-30T18:00:00+00:00,item_not_received,1678.56,True,False,False,True,True,2,False,False,False,92,False,lost
TXN103970,MERCH_RETAIL_01,2025-06-24T15:00:00+00:00,item_not_as_described,964.52,False,False,True,True,True,2,False,False,False,6,True,lost
TXN103971,MERCH_DIGITAL_04,2025-04-05T04:00:00+00:00,unrecognized_transaction,949.03,False,False,False,True,True,2,True,False,False,86,False,won
TXN103972,MERCH_DIGITAL_04,2025-05-08T15:00:00+00:00,item_not_received,1309.56,True,True,False,True,True,4,False,False,False,53,False,won
TXN103973,MERCH_RETAIL_01,2025-06-17T22:00:00+00:00,item_not_as_described,2308.38,True,True,True,True,True,6,True,False,False,13,False,won
TXN103974,MERCH_RETAIL_01,2025-01-16T11:00:00+00:00,item_not_received,793.85,True,True,False,False,False,2,False,False,False,165,False,won
TXN103975,MERCH_RETAIL_01,2025-06-20T05:00:00+00:00,unrecognized_transaction,2208.74,True,True,True,False,True,5,False,False,False,10,False,won
TXN103976,MERCH_DIGITAL_04,2025-01-09T17:00:00+00:00,item_not_received,2213.18,True,False,True,True,False,3,False,False,False,172,False,won
TXN103977,MERCH_SAAS_02,2025-06-05T03:00:00+00:00,item_not_as_described,1219.23,False,False,False,False,True,7,False,False,False,25,False,lost
TXN103978,MERCH_RETAIL_01,2025-04-28T09:00:00+00:00,unrecognized_transaction,3300.97,True,False,True,False,False,4,False,False,False,63,False,won
TXN103979,MERCH_SAAS_02,2025-06-08T11:00:00+00:00,item_not_as_described,2986.83,False,False,False,False,True,8,True,False,False,22,False,won
TXN103980,MERCH_RETAIL_01,2025-01-31T22:00:00+00:00,item_not_as_described,1460.74,True,False,False,True,True,3,False,False,False,150,False,lost
TXN103981,MERCH_ECOM_03,2025-01-16T03:00:00+00:00,unrecognized_transaction,1005.21,True,True,False,True,True,2,False,False,False,165,False,won
TXN103982,MERCH_ECOM_03,2025-03-08T20:00:00+00:00,item_not_received,5463.06,True,False,False,True,True,2,False,False,False,114,False,lost
TXN103983,MERCH_RETAIL_01,2025-03-31T13:00:00+00:00,item_not_received,5378.88,False,False,False,True,False,1,True,False,False,91,False,won
TXN103984,MERCH_ECOM_03,2025-06-11T15:00:00+00:00,item_not_received,1612.16,True,False,False,True,True,1,False,False,False,19,False,lost
TXN103985,MERCH_RETAIL_01,2025-06-10T18:00:00+00:00,item_not_received,3859.67,False,False,False,True,True,5,False,False,False,20,False,lost
TXN103986,MERCH_RETAIL_01,2025-03-03T00:00:00+00:00,duplicate_charge,4693.38,False,False,False,True,True,4,True,True,False,119,False,won
TXN103987,MERCH_RETAIL_01,2025-06-24T23:00:00+00:00,item_not_received,3098.56,True,False,True,False,False,2,False,False,False,6,False,won
TXN103988,MERCH_RETAIL_01,2025-02-16T16:00:00+00:00,item_not_received,5017.06,False,False,False,True,True,4,True,False,False,134,False,lost
TXN103989,MERCH_SAAS_02,2025-01-25T03:00:00+00:00,unrecognized_transaction,6516.48,True,False,True,False,False,0,True,False,False,156,False,lost
TXN103990,MERCH_SAAS_02,2025-06-20T15:00:00+00:00,subscription_cancelled,3217.85,False,False,False,False,True,3,False,False,True,10,False,won
TXN103991,MERCH_RETAIL_01,2025-06-23T04:00:00+00:00,item_not_as_described,3293.95,True,True,True,False,True,4,False,False,False,7,False,won
TXN103992,MERCH_ECOM_03,2025-01-01T14:00:00+00:00,item_not_received,1384.77,True,True,True,False,True,5,True,False,False,180,False,won
TXN103993,MERCH_SAAS_02,2025-02-16T18:00:00+00:00,item_not_received,964.31,True,False,True,False,False,1,False,False,False,134,False,lost
TXN103994,MERCH_RETAIL_01,2025-01-08T15:00:00+00:00,duplicate_charge,2387.4,True,False,False,True,True,6,True,True,False,173,False,won
TXN103995,MERCH_ECOM_03,2025-06-28T20:00:00+00:00,unrecognized_transaction,673.39,False,False,False,True,True,3,True,False,False,2,False,won
TXN103996,MERCH_ECOM_03,2025-06-22T00:00:00+00:00,item_not_received,3200.34,True,True,True,True,True,5,False,False,False,8,False,won
TXN103997,MERCH_DIGITAL_04,2025-01-20T00:00:00+00:00,subscription_cancelled,2247.28,True,True,True,False,True,5,True,False,True,161,False,lost
TXN103998,MERCH_ECOM_03,2025-01-19T17:00:00+00:00,subscription_cancelled,1730.01,False,False,False,True,False,5,False,False,True,162,False,won
TXN103999,MERCH_DIGITAL_04,2025-05-19T22:00:00+00:00,subscription_cancelled,5645.72,True,False,False,False,True,3,False,False,True,42,False,won
TXN104000,MERCH_ECOM_03,2025-01-23T11:00:00+00:00,duplicate_charge,4674.97,True,True,True,True,True,5,True,True,False,158,False,won
TXN104001,MERCH_SAAS_02,2025-04-04T14:00:00+00:00,unrecognized_transaction,12035.39,False,False,False,False,True,2,False,False,False,87,False,lost
TXN104002,MERCH_ECOM_03,2025-03-07T23:00:00+00:00,unrecognized_transaction,1896.27,False,False,True,True,True,4,True,False,False,115,True,lost
TXN104003,MERCH_ECOM_03,2025-05-17T04:00:00+00:00,subscription_cancelled,2823.27,False,False,False,True,True,4,True,False,False,44,False,lost
TXN104004,MERCH_SAAS_02,2025-06-14T17:00:00+00:00,unrecognized_transaction,11396.41,True,True,True,True,True,6,True,False,False,16,False,won
TXN104005,MERCH_RETAIL_01,2025-04-15T15:00:00+00:00,unrecognized_transaction,750.27,True,True,True,False,False,3,False,False,False,76,False,lost
TXN104006,MERCH_SAAS_02,2025-04-12T05:00:00+00:00,item_not_received,1393.94,True,True,True,True,True,1,False,False,False,79,False,lost
TXN104007,MERCH_SAAS_02,2025-03-25T01:00:00+00:00,subscription_cancelled,745.93,True,False,False,True,True,7,True,False,True,97,False,won
TXN104008,MERCH_ECOM_03,2025-04-18T10:00:00+00:00,unrecognized_transaction,1152.93,True,True,False,False,True,4,True,False,False,73,False,lost
TXN104009,MERCH_RETAIL_01,2025-05-06T08:00:00+00:00,item_not_received,1838.9,True,True,False,False,False,7,True,False,False,55,False,won
TXN104010,MERCH_SAAS_02,2025-05-07T00:00:00+00:00,duplicate_charge,2384.41,True,True,False,False,True,5,True,True,False,54,False,won
TXN104011,MERCH_ECOM_03,2025-01-11T08:00:00+00:00,item_not_as_described,866.83,False,False,True,False,True,1,False,False,False,170,True,lost
TXN104012,MERCH_SAAS_02,2025-02-13T16:00:00+00:00,item_not_as_described,1620.3,False,False,False,False,True,8,True,False,False,137,False,won
TXN104013,MERCH_DIGITAL_04,2025-03-21T12:00:00+00:00,duplicate_charge,1509.64,False,True,True,False,False,2,False,True,False,101,True,won
TXN104014,MERCH_RETAIL_01,2025-02-28T16:00:00+00:00,item_not_received,2208.42,False,False,False,True,False,3,False,False,False,122,False,won
TXN104015,MERCH_SAAS_02,2025-01-09T14:00:00+00:00,duplicate_charge,3239.06,True,True,False,True,True,2,True,True,False,172,False,lost
TXN104016,MERCH_ECOM_03,2025-03-09T05:00:00+00:00,subscription_cancelled,4136.72,False,False,False,True,True,1,True,False,True,113,False,won
TXN104017,MERCH_RETAIL_01,2025-02-09T21:00:00+00:00,item_not_received,3057.1,True,False,False,False,True,2,False,False,False,141,False,won
TXN104018,MERCH_RETAIL_01,2025-01-07T02:00:00+00:00,unrecognized_transaction,6657.82,False,True,True,True,True,2,False,False,False,174,True,won
TXN104019,MERCH_RETAIL_01,2025-03-21T08:00:00+00:00,unrecognized_transaction,345.9,False,False,True,True,False,3,False,False,False,101,True,lost
TXN104020,MERCH_ECOM_03,2025-02-02T10:00:00+00:00,duplicate_charge,5154.67,True,True,True,True,True,2,True,True,False,148,False,won
TXN104021,MERCH_RETAIL_01,2025-03-25T17:00:00+00:00,item_not_received,1607.34,True,True,True,False,True,5,True,False,False,97,False,won
TXN104022,MERCH_RETAIL_01,2025-04-22T02:00:00+00:00,item_not_as_described,371.33,True,True,False,True,True,4,True,False,False,69,False,won
TXN104023,MERCH_ECOM_03,2025-01-25T05:00:00+00:00,item_not_received,3371.58,False,False,False,False,False,4,False,False,False,156,False,lost
TXN104024,MERCH_SAAS_02,2025-03-07T19:00:00+00:00,unrecognized_transaction,1037.67,True,True,False,False,True,3,False,False,False,115,False,lost
TXN104025,MERCH_DIGITAL_04,2025-04-21T20:00:00+00:00,unrecognized_transaction,4054.37,True,False,False,False,True,8,False,False,False,70,False,lost
TXN104026,MERCH_SAAS_02,2025-01-28T12:00:00+00:00,item_not_received,2482.49,False,False,False,False,True,6,False,False,False,153,False,lost
TXN104027,MERCH_RETAIL_01,2025-04-12T09:00:00+00:00,item_not_as_described,1673.04,True,True,True,False,True,3,False,False,False,79,False,lost
TXN104028,MERCH_SAAS_02,2025-05-22T23:00:00+00:00,item_not_received,1804.52,True,False,False,True,True,5,False,False,False,39,False,won
TXN104029,MERCH_ECOM_03,2025-06-02T11:00:00+00:00,unrecognized_transaction,2173.43,True,True,True,True,False,5,True,False,False,28,False,won
TXN104030,MERCH_RETAIL_01,2025-01-15T01:00:00+00:00,item_not_as_described,5340.47,True,True,True,False,True,1,True,False,False,166,False,lost
TXN104031,MERCH_SAAS_02,2025-02-27T16:00:00+00:00,subscription_cancelled,4699.49,True,True,False,True,False,3,False,False,True,123,False,lost
TXN104032,MERCH_RETAIL_01,2025-01-28T05:00:00+00:00,item_not_received,3863.42,False,False,False,True,True,1,False,False,False,153,False,lost
TXN104033,MERCH_SAAS_02,2025-04-01T10:00:00+00:00,duplicate_charge,5107.47,False,False,False,True,False,3,False,True,False,90,False,won
TXN104034,MERCH_SAAS_02,2025-03-03T20:00:00+00:00,item_not_received,1886.04,True,True,False,True,True,6,True,False,False,119,False,won
TXN104035,MERCH_RETAIL_01,2025-01-21T13:00:00+00:00,item_not_as_described,1914.09,True,True,False,True,True,5,False,False,False,160,False,lost
TXN104036,MERCH_SAAS_02,2025-01-19T12:00:00+00:00,item_not_as_described,627.11,True,False,False,False,True,3,True,False,False,162,False,lost
TXN104037,MERCH_SAAS_02,2025-04-12T14:00:00+00:00,item_not_as_described,280.29,True,True,False,False,False,5,False,False,False,79,False,lost
TXN104038,MERCH_RETAIL_01,2025-05-24T09:00:00+00:00,subscription_cancelled,4204.1,True,False,True,False,True,3,True,False,True,37,False,won
TXN104039,MERCH_SAAS_02,2025-03-28T18:00:00+00:00,item_not_received,5600.84,True,True,True,False,True,1,True,False,False,94,False,won
TXN104040,MERCH_RETAIL_01,2025-06-27T13:00:00+00:00,item_not_as_described,1096.33,False,False,False,True,True,5,False,False,False,3,False,won
TXN104041,MERCH_DIGITAL_04,2025-03-11T22:00:00+00:00,item_not_as_described,683.6,True,True,False,False,True,3,False,False,False,111,False,lost
TXN104042,MERCH_ECOM_03,2025-02-10T00:00:00+00:00,duplicate_charge,2407.21,False,False,False,True,True,1,False,True,False,140,False,won
TXN104043,MERCH_DIGITAL_04,2025-01-11T13:00:00+00:00,item_not_received,4141.34,True,False,False,False,False,3,True,False,False,170,False,lost
TXN104044,MERCH_SAAS_02,2025-03-31T10:00:00+00:00,item_not_as_described,4890.39,False,True,True,True,True,5,False,False,False,91,True,lost
TXN104045,MERCH_DIGITAL_04,2025-03-21T04:00:00+00:00,unrecognized_transaction,286.34,False,False,False,True,True,4,False,False,False,101,False,won
TXN104046,MERCH_SAAS_02,2025-01-31T22:00:00+00:00,subscription_cancelled,1187.64,True,False,False,False,True,1,False,False,True,150,False,lost
TXN104047,MERCH_RETAIL_01,2025-01-29T00:00:00+00:00,item_not_received,1936.34,True,True,True,False,True,4,True,False,False,152,False,won
TXN104048,MERCH_RETAIL_01,2025-04-09T10:00:00+00:00,item_not_as_described,990.45,True,False,True,False,True,6,True,False,False,82,False,won
TXN104049,MERCH_RETAIL_01,2025-06-09T19:00:00+00:00,duplicate_charge,2198.55,True,True,False,False,True,3,True,True,False,21,False,won
TXN104050,MERCH_ECOM_03,2025-05-26T18:00:00+00:00,duplicate_charge,1670.99,True,True,False,True,True,7,True,False,False,35,False,lost
TXN104051,MERCH_RETAIL_01,2025-06-14T12:00:00+00:00,unrecognized_transaction,1301.08,False,False,False,True,True,4,True,False,False,16,False,won
TXN104052,MERCH_SAAS_02,2025-06-06T18:00:00+00:00,item_not_received,1723.02,True,True,True,True,False,1,False,False,False,24,False,won
TXN104053,MERCH_ECOM_03,2025-02-23T14:00:00+00:00,duplicate_charge,1867.06,False,False,False,True,True,3,False,True,False,127,False,won
TXN104054,MERCH_RETAIL_01,2025-02-23T00:00:00+00:00,item_not_received,2740.85,True,False,False,True,True,4,False,False,False,127,False,won
TXN104055,MERCH_SAAS_02,2025-03-17T00:00:00+00:00,unrecognized_transaction,1927.51,True,True,False,False,True,3,False,False,False,105,False,lost
TXN104056,MERCH_RETAIL_01,2025-03-23T16:00:00+00:00,unrecognized_transaction,2437.04,True,True,False,True,False,2,False,False,False,99,False,lost
TXN104057,MERCH_SAAS_02,2025-01-05T05:00:00+00:00,duplicate_charge,449.86,False,False,False,False,True,3,True,False,False,176,False,lost
TXN104058,MERCH_RETAIL_01,2025-01-11T20:00:00+00:00,item_not_received,2402.37,False,False,False,True,True,2,False,False,False,170,False,lost
TXN104059,MERCH_RETAIL_01,2025-04-04T19:00:00+00:00,duplicate_charge,3637.19,True,True,False,True,True,5,False,True,False,87,False,won
TXN104060,MERCH_RETAIL_01,2025-03-18T02:00:00+00:00,item_not_as_described,2247.27,True,True,True,False,True,6,True,False,False,104,False,won
TXN104061,MERCH_SAAS_02,2025-04-20T17:00:00+00:00,item_not_received,3037.35,True,True,True,False,True,5,False,False,False,71,False,won
TXN104062,MERCH_ECOM_03,2025-03-24T02:00:00+00:00,item_not_as_described,2695.67,True,False,True,True,True,4,False,False,False,98,False,won
TXN104063,MERCH_ECOM_03,2025-02-27T18:00:00+00:00,item_not_received,1786.05,False,False,False,True,False,2,False,False,False,123,False,lost
TXN104064,MERCH_SAAS_02,2025-05-15T11:00:00+00:00,subscription_cancelled,772.05,True,True,False,False,True,4,True,False,True,46,False,won
TXN104065,MERCH_SAAS_02,2025-06-10T19:00:00+00:00,unrecognized_transaction,1323.6,False,False,False,True,False,1,True,False,False,20,False,lost
TXN104066,MERCH_ECOM_03,2025-01-27T10:00:00+00:00,item_not_received,1659.7,False,False,False,False,True,3,False,False,False,154,False,lost
TXN104067,MERCH_SAAS_02,2025-04-24T15:00:00+00:00,item_not_as_described,1290.91,False,False,False,False,True,5,True,False,False,67,False,won
TXN104068,MERCH_ECOM_03,2025-05-21T19:00:00+00:00,unrecognized_transaction,3400.85,False,False,False,True,True,2,False,False,False,40,False,won
TXN104069,MERCH_RETAIL_01,2025-01-24T22:00:00+00:00,unrecognized_transaction,4037.68,False,False,False,True,True,3,True,False,False,157,False,won
TXN104070,MERCH_ECOM_03,2025-04-11T01:00:00+00:00,duplicate_charge,1092.64,True,True,False,True,True,3,True,True,False,80,False,won
TXN104071,MERCH_ECOM_03,2025-04-25T18:00:00+00:00,unrecognized_transaction,2985.51,True,False,True,False,True,3,True,False,False,66,False,lost
TXN104072,MERCH_RETAIL_01,2025-04-28T06:00:00+00:00,unrecognized_transaction,1280.12,False,False,False,False,False,1,False,False,False,63,False,lost
TXN104073,MERCH_RETAIL_01,2025-02-05T13:00:00+00:00,item_not_as_described,3377.78,True,True,False,True,True,7,True,False,False,145,False,won
TXN104074,MERCH_ECOM_03,2025-02-25T02:00:00+00:00,item_not_received,2811.64,False,False,False,True,False,1,False,False,False,125,False,lost
TXN104075,MERCH_RETAIL_01,2025-01-26T23:00:00+00:00,duplicate_charge,1651.64,True,False,True,True,True,3,False,True,False,155,False,won
TXN104076,MERCH_RETAIL_01,2025-05-23T18:00:00+00:00,unrecognized_transaction,914.72,True,True,False,True,True,2,False,False,False,38,False,won
TXN104077,MERCH_DIGITAL_04,2025-02-23T01:00:00+00:00,duplicate_charge,845.7,True,True,True,True,True,5,False,True,False,127,False,won
TXN104078,MERCH_RETAIL_01,2025-01-13T12:00:00+00:00,unrecognized_transaction,2550.0,False,False,False,False,False,6,False,False,False,168,False,lost
TXN104079,MERCH_RETAIL_01,2025-06-07T21:00:00+00:00,item_not_received,2160.83,True,True,False,True,True,3,False,False,False,23,False,won
TXN104080,MERCH_DIGITAL_04,2025-01-19T05:00:00+00:00,item_not_as_described,1781.68,True,True,False,True,True,5,True,False,False,162,False,won
TXN104081,MERCH_RETAIL_01,2025-03-07T19:00:00+00:00,item_not_received,1149.16,False,False,False,True,False,4,True,False,False,115,False,lost
TXN104082,MERCH_RETAIL_01,2025-01-30T17:00:00+00:00,duplicate_charge,5050.81,True,False,True,True,True,2,False,True,False,151,False,lost
TXN104083,MERCH_SAAS_02,2025-01-30T21:00:00+00:00,unrecognized_transaction,1748.31,True,True,False,False,True,1,False,False,False,151,False,won
TXN104084,MERCH_RETAIL_01,2025-02-03T16:00:00+00:00,item_not_as_described,481.88,False,False,False,True,False,7,True,False,False,147,False,won
TXN104085,MERCH_DIGITAL_04,2025-06-29T15:00:00+00:00,item_not_received,762.74,False,False,False,True,True,4,True,False,False,1,False,won
TXN104086,MERCH_SAAS_02,2025-03-02T19:00:00+00:00,unrecognized_transaction,3726.99,True,True,False,True,False,3,False,False,False,120,False,lost
TXN104087,MERCH_RETAIL_01,2025-02-10T20:00:00+00:00,duplicate_charge,2185.6,False,False,False,True,False,10,False,True,False,140,False,won
TXN104088,MERCH_RETAIL_01,2025-05-17T17:00:00+00:00,unrecognized_transaction,822.51,True,True,True,False,False,2,False,False,False,44,False,lost
TXN104089,MERCH_ECOM_03,2025-06-19T15:00:00+00:00,item_not_received,2247.55,True,True,True,True,True,2,True,False,False,11,False,won
TXN104090,MERCH_SAAS_02,2025-05-19T05:00:00+00:00,unrecognized_transaction,1895.19,True,True,True,True,True,4,True,False,False,42,False,won
TXN104091,MERCH_ECOM_03,2025-02-09T20:00:00+00:00,item_not_received,2586.46,True,True,False,True,False,8,False,False,False,141,False,won
TXN104092,MERCH_SAAS_02,2025-03-12T11:00:00+00:00,subscription_cancelled,1367.46,True,False,False,True,True,3,False,False,True,110,False,won
TXN104093,MERCH_RETAIL_01,2025-03-06T19:00:00+00:00,duplicate_charge,2222.83,True,True,False,True,True,3,False,True,False,116,False,won
TXN104094,MERCH_SAAS_02,2025-06-22T18:00:00+00:00,unrecognized_transaction,4019.25,False,False,False,True,True,1,False,False,False,8,False,won
TXN104095,MERCH_RETAIL_01,2025-06-03T16:00:00+00:00,item_not_as_described,2338.15,False,True,True,True,False,0,True,False,False,27,True,won
TXN104096,MERCH_DIGITAL_04,2025-02-16T05:00:00+00:00,unrecognized_transaction,851.99,False,False,False,True,True,8,False,False,False,134,False,won
TXN104097,MERCH_ECOM_03,2025-03-19T03:00:00+00:00,item_not_received,2599.19,False,False,False,True,True,3,False,False,False,103,False,lost
TXN104098,MERCH_SAAS_02,2025-01-30T16:00:00+00:00,subscription_cancelled,3269.21,True,True,False,False,True,6,False,False,True,151,False,won
TXN104099,MERCH_RETAIL_01,2025-05-16T10:00:00+00:00,item_not_received,438.95,False,False,False,False,True,2,True,False,False,45,False,lost
TXN104100,MERCH_DIGITAL_04,2025-02-17T09:00:00+00:00,item_not_received,1715.89,True,True,True,True,True,5,False,False,False,133,False,won
TXN104101,MERCH_RETAIL_01,2025-01-19T01:00:00+00:00,subscription_cancelled,1613.75,True,True,False,True,False,4,False,False,False,162,False,lost
TXN104102,MERCH_RETAIL_01,2025-04-14T04:00:00+00:00,duplicate_charge,1869.98,True,False,False,False,False,0,False,True,False,77,False,won
TXN104103,MERCH_RETAIL_01,2025-02-28T21:00:00+00:00,item_not_as_described,2644.83,True,True,True,True,False,3,False,False,False,122,False,won
TXN104104,MERCH_SAAS_02,2025-02-02T00:00:00+00:00,subscription_cancelled,1724.01,True,True,True,True,False,5,True,False,False,148,False,lost
TXN104105,MERCH_SAAS_02,2025-06-25T08:00:00+00:00,item_not_received,1761.72,False,False,False,True,True,4,True,False,False,5,False,lost
TXN104106,MERCH_ECOM_03,2025-03-27T17:00:00+00:00,item_not_received,1361.38,True,True,False,True,True,2,True,False,False,95,False,won
TXN104107,MERCH_RETAIL_01,2025-02-08T12:00:00+00:00,duplicate_charge,4935.08,True,True,True,True,False,5,True,True,False,142,False,won
TXN104108,MERCH_SAAS_02,2025-03-12T14:00:00+00:00,duplicate_charge,3840.55,True,True,True,True,True,5,False,True,False,110,False,won
TXN104109,MERCH_SAAS_02,2025-05-23T17:00:00+00:00,duplicate_charge,3381.41,False,False,False,True,True,7,False,True,False,38,False,won
TXN104110,MERCH_ECOM_03,2025-03-01T13:00:00+00:00,subscription_cancelled,308.81,False,False,True,False,True,9,True,False,True,121,True,won
TXN104111,MERCH_RETAIL_01,2025-02-01T14:00:00+00:00,item_not_as_described,5846.53,False,False,False,True,True,4,True,False,False,149,False,won
TXN104112,MERCH_DIGITAL_04,2025-05-07T22:00:00+00:00,unrecognized_transaction,4576.9,False,False,False,False,True,0,True,False,False,54,False,lost
TXN104113,MERCH_RETAIL_01,2025-06-29T13:00:00+00:00,item_not_as_described,1519.09,True,True,True,False,False,2,False,False,False,1,False,lost
TXN104114,MERCH_RETAIL_01,2025-04-18T14:00:00+00:00,item_not_as_described,2048.68,False,False,False,True,True,5,True,False,False,73,False,won
TXN104115,MERCH_ECOM_03,2025-03-23T21:00:00+00:00,duplicate_charge,1089.45,True,True,True,True,True,4,True,True,False,99,False,won
TXN104116,MERCH_SAAS_02,2025-02-09T09:00:00+00:00,unrecognized_transaction,2193.84,False,False,False,True,True,6,False,False,False,141,False,won
TXN104117,MERCH_SAAS_02,2025-04-27T06:00:00+00:00,item_not_received,3698.99,True,True,False,True,True,4,False,False,False,64,False,won
TXN104118,MERCH_RETAIL_01,2025-01-28T03:00:00+00:00,item_not_as_described,1522.73,False,False,False,True,True,2,True,False,False,153,False,lost
TXN104119,MERCH_SAAS_02,2025-05-17T15:00:00+00:00,item_not_received,3673.8,True,True,True,False,True,3,False,False,False,44,False,won
TXN104120,MERCH_DIGITAL_04,2025-03-16T10:00:00+00:00,duplicate_charge,1347.05,True,True,True,True,False,4,True,False,False,106,False,lost
TXN104121,MERCH_RETAIL_01,2025-04-09T21:00:00+00:00,duplicate_charge,4930.12,True,True,False,True,False,7,False,True,False,82,False,lost
TXN104122,MERCH_RETAIL_01,2025-06-01T11:00:00+00:00,subscription_cancelled,6487.04,False,False,False,False,False,5,False,False,True,29,False,lost
TXN104123,MERCH_RETAIL_01,2025-05-03T07:00:00+00:00,unrecognized_transaction,4354.37,False,False,False,False,True,3,False,False,False,58,False,lost
TXN104124,MERCH_RETAIL_01,2025-05-09T13:00:00+00:00,item_not_as_described,4369.48,False,False,False,False,True,2,False,False,False,52,False,lost
TXN104125,MERCH_ECOM_03,2025-01-31T15:00:00+00:00,item_not_received,1654.12,True,True,True,True,True,2,True,False,False,150,False,won
TXN104126,MERCH_RETAIL_01,2025-02-09T08:00:00+00:00,item_not_received,1401.64,True,True,True,True,True,0,True,False,False,141,False,won
TXN104127,MERCH_RETAIL_01,2025-06-27T05:00:00+00:00,duplicate_charge,3032.03,True,True,True,True,False,2,False,True,False,3,False,won
TXN104128,MERCH_SAAS_02,2025-01-25T04:00:00+00:00,duplicate_charge,696.03,True,False,False,False,True,4,True,True,False,156,False,lost
TXN104129,MERCH_RETAIL_01,2025-02-02T21:00:00+00:00,item_not_received,257.99,True,True,True,True,False,6,False,False,False,148,False,won
TXN104130,MERCH_SAAS_02,2025-01-06T22:00:00+00:00,duplicate_charge,6441.24,True,False,False,True,True,2,True,False,False,175,False,lost
TXN104131,MERCH_SAAS_02,2025-03-05T17:00:00+00:00,item_not_received,3914.39,True,True,True,True,True,5,True,False,False,117,False,won
TXN104132,MERCH_RETAIL_01,2025-01-25T15:00:00+00:00,subscription_cancelled,3363.37,True,True,True,True,True,5,True,False,True,156,False,won
TXN104133,MERCH_ECOM_03,2025-05-02T18:00:00+00:00,item_not_received,2346.42,True,True,True,True,True,2,False,False,False,59,False,won
TXN104134,MERCH_SAAS_02,2025-01-11T15:00:00+00:00,unrecognized_transaction,1340.41,True,True,False,True,False,3,True,False,False,170,False,lost
TXN104135,MERCH_RETAIL_01,2025-06-08T07:00:00+00:00,subscription_cancelled,1085.69,False,False,False,False,False,1,True,False,True,22,False,lost
TXN104136,MERCH_SAAS_02,2025-03-01T11:00:00+00:00,item_not_as_described,2494.4,True,False,False,False,False,2,True,False,False,121,False,won
TXN104137,MERCH_DIGITAL_04,2025-03-01T23:00:00+00:00,item_not_as_described,1934.88,False,False,False,False,True,4,False,False,False,121,False,lost
TXN104138,MERCH_SAAS_02,2025-06-16T19:00:00+00:00,item_not_received,1269.4,True,False,False,False,False,3,False,False,False,14,False,won
TXN104139,MERCH_DIGITAL_04,2025-06-28T22:00:00+00:00,subscription_cancelled,1274.36,True,False,True,True,False,0,False,False,True,2,False,won
TXN104140,MERCH_RETAIL_01,2025-05-07T10:00:00+00:00,item_not_as_described,217.6,True,True,True,False,False,2,False,False,False,54,False,lost
TXN104141,MERCH_ECOM_03,2025-01-31T05:00:00+00:00,item_not_as_described,1876.05,True,True,True,True,True,4,True,False,False,150,False,won
TXN104142,MERCH_RETAIL_01,2025-04-12T05:00:00+00:00,item_not_received,1219.04,True,True,False,True,True,4,True,False,False,79,False,won
TXN104143,MERCH_SAAS_02,2025-06-08T02:00:00+00:00,subscription_cancelled,1101.4,False,False,False,True,False,6,True,False,False,22,False,lost
TXN104144,MERCH_ECOM_03,2025-06-17T11:00:00+00:00,unrecognized_transaction,5783.59,True,True,True,False,True,3,False,False,False,13,False,lost
TXN104145,MERCH_ECOM_03,2025-06-03T14:00:00+00:00,subscription_cancelled,349.21,True,True,True,True,True,3,False,False,True,27,False,lost
TXN104146,MERCH_RETAIL_01,2025-06-01T03:00:00+00:00,duplicate_charge,3133.94,False,False,False,False,True,7,False,True,False,29,False,won
TXN104147,MERCH_RETAIL_01,2025-03-17T12:00:00+00:00,duplicate_charge,3686.17,False,False,False,True,True,2,False,False,False,105,False,lost
TXN104148,MERCH_ECOM_03,2025-04-12T05:00:00+00:00,item_not_received,1945.07,True,True,False,False,False,2,False,False,False,79,False,won
TXN104149,MERCH_ECOM_03,2025-03-15T07:00:00+00:00,duplicate_charge,1864.27,True,False,True,True,False,2,False,True,False,107,False,won
TXN104150,MERCH_ECOM_03,2025-03-03T02:00:00+00:00,item_not_received,3213.5,True,True,False,False,False,2,False,False,False,119,False,won
TXN104151,MERCH_RETAIL_01,2025-02-09T18:00:00+00:00,duplicate_charge,2867.68,True,True,False,True,True,3,True,True,False,141,False,won
TXN104152,MERCH_DIGITAL_04,2025-03-11T20:00:00+00:00,item_not_as_described,2346.65,True,False,True,True,True,2,True,False,False,111,False,won
TXN104153,MERCH_ECOM_03,2025-04-10T09:00:00+00:00,unrecognized_transaction,4976.72,True,True,False,True,False,2,True,False,False,81,False,lost
TXN104154,MERCH_RETAIL_01,2025-03-23T16:00:00+00:00,duplicate_charge,1144.08,True,False,False,False,False,4,False,False,False,99,False,lost
TXN104155,MERCH_DIGITAL_04,2025-04-29T00:00:00+00:00,duplicate_charge,2076.84,True,False,True,True,True,2,True,True,False,62,False,won
TXN104156,MERCH_ECOM_03,2025-04-20T17:00:00+00:00,unrecognized_transaction,3765.45,False,False,False,True,False,0,False,False,False,71,False,lost
TXN104157,MERCH_RETAIL_01,2025-05-28T14:00:00+00:00,unrecognized_transaction,1206.26,True,True,True,False,True,5,True,False,False,33,False,lost
TXN104158,MERCH_SAAS_02,2025-02-09T21:00:00+00:00,item_not_as_described,1350.09,True,False,False,True,True,3,False,False,False,141,False,lost
TXN104159,MERCH_ECOM_03,2025-01-20T10:00:00+00:00,unrecognized_transaction,3426.05,True,True,False,True,True,1,True,False,False,161,False,won
TXN104160,MERCH_RETAIL_01,2025-01-11T08:00:00+00:00,item_not_received,1943.5,True,True,False,False,True,5,False,False,False,170,False,won
TXN104161,MERCH_ECOM_03,2025-01-18T02:00:00+00:00,item_not_received,2171.92,True,True,False,False,True,4,False,False,False,163,False,lost
TXN104162,MERCH_SAAS_02,2025-01-15T17:00:00+00:00,unrecognized_transaction,2939.55,True,True,False,True,True,1,True,False,False,166,False,lost
TXN104163,MERCH_ECOM_03,2025-05-02T06:00:00+00:00,item_not_as_described,504.19,True,True,True,True,True,4,True,False,False,59,False,won
TXN104164,MERCH_ECOM_03,2025-05-14T00:00:00+00:00,item_not_received,3338.44,True,True,True,True,True,5,True,False,False,47,False,won
TXN104165,MERCH_ECOM_03,2025-02-18T17:00:00+00:00,duplicate_charge,243.16,False,True,True,False,True,0,True,False,False,132,True,lost
TXN104166,MERCH_SAAS_02,2025-04-28T03:00:00+00:00,duplicate_charge,1760.24,False,False,False,True,True,1,True,False,False,63,False,lost
TXN104167,MERCH_RETAIL_01,2025-02-13T00:00:00+00:00,duplicate_charge,1651.67,True,True,False,True,True,2,False,True,False,137,False,won
TXN104168,MERCH_RETAIL_01,2025-02-01T01:00:00+00:00,item_not_received,2995.38,True,True,False,True,False,9,True,False,False,149,False,lost
TXN104169,MERCH_RETAIL_01,2025-06-06T12:00:00+00:00,item_not_as_described,1033.77,True,True,True,False,False,4,False,False,False,24,False,won
TXN104170,MERCH_ECOM_03,2025-04-10T11:00:00+00:00,item_not_received,3835.9,True,True,False,True,True,3,False,False,False,81,False,won
TXN104171,MERCH_RETAIL_01,2025-02-17T15:00:00+00:00,item_not_received,2923.89,True,True,False,True,True,2,True,False,False,133,False,won
TXN104172,MERCH_RETAIL_01,2025-04-21T15:00:00+00:00,unrecognized_transaction,1910.12,True,True,False,True,True,2,False,False,False,70,False,lost
TXN104173,MERCH_RETAIL_01,2025-06-09T16:00:00+00:00,subscription_cancelled,3231.53,False,False,False,False,True,2,False,False,False,21,False,lost
TXN104174,MERCH_ECOM_03,2025-04-12T23:00:00+00:00,item_not_received,249.47,True,True,False,False,True,3,False,False,False,79,False,won
TXN104175,MERCH_RETAIL_01,2025-04-14T05:00:00+00:00,duplicate_charge,5636.13,True,True,False,True,True,3,False,False,False,77,False,lost
TXN104176,MERCH_ECOM_03,2025-05-11T09:00:00+00:00,item_not_as_described,2618.86,False,False,False,True,False,5,True,False,False,50,False,won
TXN104177,MERCH_ECOM_03,2025-03-25T17:00:00+00:00,duplicate_charge,2376.08,True,False,False,False,False,4,False,True,False,97,False,lost
TXN104178,MERCH_DIGITAL_04,2025-05-28T11:00:00+00:00,item_not_received,4593.46,True,True,False,True,True,1,True,False,False,33,False,won
TXN104179,MERCH_ECOM_03,2025-03-14T05:00:00+00:00,unrecognized_transaction,246.51,False,False,False,False,True,2,True,False,False,108,False,lost
TXN104180,MERCH_ECOM_03,2025-01-04T08:00:00+00:00,duplicate_charge,4817.2,True,True,True,True,True,4,True,True,False,177,False,won
TXN104181,MERCH_RETAIL_01,2025-04-14T03:00:00+00:00,item_not_received,1846.45,True,True,True,True,True,3,False,False,False,77,False,lost
TXN104182,MERCH_RETAIL_01,2025-06-19T13:00:00+00:00,subscription_cancelled,3548.46,True,True,True,False,True,3,True,False,True,11,False,won
TXN104183,MERCH_RETAIL_01,2025-04-08T18:00:00+00:00,unrecognized_transaction,1572.35,True,True,False,False,True,3,True,False,False,83,False,lost
TXN104184,MERCH_SAAS_02,2025-05-11T23:00:00+00:00,subscription_cancelled,1098.24,True,False,True,True,False,6,False,False,False,50,False,lost
TXN104185,MERCH_RETAIL_01,2025-05-19T22:00:00+00:00,item_not_received,777.99,True,True,True,True,True,1,True,False,False,42,False,won
TXN104186,MERCH_DIGITAL_04,2025-05-15T20:00:00+00:00,unrecognized_transaction,3603.16,True,False,True,True,True,3,False,False,False,46,False,won
TXN104187,MERCH_RETAIL_01,2025-03-03T22:00:00+00:00,item_not_as_described,4883.35,False,True,True,False,True,4,False,False,False,119,True,lost
TXN104188,MERCH_RETAIL_01,2025-04-30T07:00:00+00:00,duplicate_charge,2841.02,True,True,False,True,False,3,False,True,False,61,False,won
TXN104189,MERCH_RETAIL_01,2025-01-25T18:00:00+00:00,item_not_received,4048.17,False,False,False,True,True,4,False,False,False,156,False,lost
TXN104190,MERCH_RETAIL_01,2025-04-08T17:00:00+00:00,item_not_received,5303.5,True,True,False,False,True,6,True,False,False,83,False,won
TXN104191,MERCH_SAAS_02,2025-01-19T09:00:00+00:00,item_not_as_described,2961.52,False,False,False,True,True,2,True,False,False,162,False,lost
TXN104192,MERCH_SAAS_02,2025-04-01T13:00:00+00:00,unrecognized_transaction,403.37,False,False,False,True,False,1,False,False,False,90,False,lost
TXN104193,MERCH_RETAIL_01,2025-06-10T13:00:00+00:00,unrecognized_transaction,2739.56,True,True,False,False,False,4,False,False,False,20,False,lost
TXN104194,MERCH_DIGITAL_04,2025-05-26T11:00:00+00:00,unrecognized_transaction,2535.76,True,True,True,True,True,0,False,False,False,35,False,lost
TXN104195,MERCH_ECOM_03,2025-04-04T22:00:00+00:00,item_not_as_described,1761.82,False,False,False,True,False,2,True,False,False,87,False,won
TXN104196,MERCH_RETAIL_01,2025-05-27T12:00:00+00:00,item_not_received,2792.57,True,True,True,False,True,6,False,False,False,34,False,won
TXN104197,MERCH_RETAIL_01,2025-04-13T14:00:00+00:00,unrecognized_transaction,6126.43,False,False,False,True,True,2,True,False,False,78,False,lost
TXN104198,MERCH_DIGITAL_04,2025-06-26T06:00:00+00:00,unrecognized_transaction,2248.07,False,False,False,True,True,2,True,False,False,4,False,won
TXN104199,MERCH_RETAIL_01,2025-05-30T05:00:00+00:00,item_not_received,866.95,True,False,True,True,True,2,False,False,False,31,False,won
TXN104200,MERCH_ECOM_03,2025-01-03T17:00:00+00:00,item_not_as_described,3919.44,True,True,False,True,True,2,True,False,False,178,False,lost
TXN104201,MERCH_RETAIL_01,2025-03-22T14:00:00+00:00,unrecognized_transaction,1186.2,True,True,False,False,False,4,True,False,False,100,False,lost
TXN104202,MERCH_RETAIL_01,2025-01-23T03:00:00+00:00,subscription_cancelled,622.11,False,False,False,True,False,3,False,False,False,158,False,lost
TXN104203,MERCH_DIGITAL_04,2025-04-18T09:00:00+00:00,subscription_cancelled,2361.65,False,False,False,True,True,2,True,False,False,73,False,lost
TXN104204,MERCH_SAAS_02,2025-06-21T06:00:00+00:00,item_not_received,1358.8,False,False,False,False,False,1,False,False,False,9,False,lost
TXN104205,MERCH_SAAS_02,2025-01-30T22:00:00+00:00,item_not_received,6490.44,True,True,True,True,False,6,True,False,False,151,False,won
TXN104206,MERCH_RETAIL_01,2025-06-25T06:00:00+00:00,unrecognized_transaction,1655.63,True,True,True,True,True,3,True,False,False,5,False,won
TXN104207,MERCH_SAAS_02,2025-01-11T09:00:00+00:00,item_not_received,2864.05,False,False,False,False,True,2,True,False,False,170,False,lost
TXN104208,MERCH_SAAS_02,2025-06-15T16:00:00+00:00,unrecognized_transaction,1857.92,False,False,False,True,True,3,True,False,False,15,False,won
TXN104209,MERCH_SAAS_02,2025-01-28T14:00:00+00:00,subscription_cancelled,861.44,True,True,False,True,True,0,False,False,True,153,False,won
TXN104210,MERCH_RETAIL_01,2025-02-23T00:00:00+00:00,unrecognized_transaction,2194.25,False,False,False,False,False,5,True,False,False,127,False,lost
TXN104211,MERCH_RETAIL_01,2025-04-02T01:00:00+00:00,subscription_cancelled,2464.95,False,False,False,True,False,6,True,False,False,89,False,won
TXN104212,MERCH_RETAIL_01,2025-06-06T15:00:00+00:00,duplicate_charge,443.14,False,False,False,True,False,6,False,True,False,24,False,lost
TXN104213,MERCH_RETAIL_01,2025-05-20T10:00:00+00:00,unrecognized_transaction,1612.52,True,True,True,True,True,3,True,False,False,41,False,won
TXN104214,MERCH_SAAS_02,2025-05-04T06:00:00+00:00,item_not_received,1422.64,True,True,True,False,False,2,False,False,False,57,False,won
TXN104215,MERCH_RETAIL_01,2025-02-22T19:00:00+00:00,subscription_cancelled,6990.72,False,False,False,True,True,5,True,False,False,128,False,lost
TXN104216,MERCH_RETAIL_01,2025-04-12T13:00:00+00:00,unrecognized_transaction,4106.34,True,True,False,True,True,3,True,False,False,79,False,lost
TXN104217,MERCH_SAAS_02,2025-02-19T13:00:00+00:00,duplicate_charge,1762.6,False,False,False,True,True,4,False,True,False,131,False,won
TXN104218,MERCH_SAAS_02,2025-04-18T00:00:00+00:00,duplicate_charge,2349.45,False,False,False,True,True,1,False,True,False,73,False,won
TXN104219,MERCH_DIGITAL_04,2025-03-24T01:00:00+00:00,item_not_as_described,2040.74,True,True,False,True,False,4,False,False,False,98,False,lost
TXN104220,MERCH_ECOM_03,2025-03-25T01:00:00+00:00,item_not_as_described,2390.6,True,True,False,True,True,2,False,False,False,97,False,won
TXN104221,MERCH_ECOM_03,2025-04-12T22:00:00+00:00,item_not_received,1097.69,True,True,False,True,True,2,False,False,False,79,False,won
TXN104222,MERCH_RETAIL_01,2025-03-19T13:00:00+00:00,item_not_received,1273.76,False,False,False,False,True,3,True,False,False,103,False,lost
TXN104223,MERCH_DIGITAL_04,2025-02-12T04:00:00+00:00,item_not_received,6069.71,True,False,False,True,True,6,False,False,False,138,False,lost
TXN104224,MERCH_RETAIL_01,2025-04-27T12:00:00+00:00,unrecognized_transaction,4629.75,True,True,False,False,True,4,False,False,False,64,False,lost
TXN104225,MERCH_DIGITAL_04,2025-01-20T18:00:00+00:00,item_not_as_described,4114.4,False,False,False,True,True,5,True,False,False,161,False,lost
TXN104226,MERCH_RETAIL_01,2025-01-01T02:00:00+00:00,item_not_as_described,1701.01,True,True,False,True,True,5,True,False,False,180,False,won
TXN104227,MERCH_RETAIL_01,2025-03-19T09:00:00+00:00,item_not_received,3274.71,True,True,False,False,True,4,True,False,False,103,False,won
TXN104228,MERCH_ECOM_03,2025-06-14T15:00:00+00:00,duplicate_charge,1146.5,True,True,True,True,True,5,True,False,False,16,False,won
TXN104229,MERCH_ECOM_03,2025-04-06T00:00:00+00:00,item_not_received,4358.97,False,True,True,True,True,4,True,False,False,85,True,won
TXN104230,MERCH_ECOM_03,2025-06-17T15:00:00+00:00,item_not_as_described,1533.41,False,False,False,False,False,4,False,False,False,13,False,won
TXN104231,MERCH_RETAIL_01,2025-01-12T11:00:00+00:00,item_not_received,2568.24,True,True,True,True,True,3,False,False,False,169,False,lost
TXN104232,MERCH_ECOM_03,2025-01-09T00:00:00+00:00,subscription_cancelled,550.2,True,False,False,True,True,3,False,False,False,172,False,lost
TXN104233,MERCH_SAAS_02,2025-05-12T19:00:00+00:00,unrecognized_transaction,4185.99,True,True,True,True,False,6,False,False,False,49,False,lost
TXN104234,MERCH_RETAIL_01,2025-02-12T18:00:00+00:00,item_not_as_described,4659.6,False,False,False,True,False,2,False,False,False,138,False,lost
TXN104235,MERCH_ECOM_03,2025-03-10T19:00:00+00:00,duplicate_charge,2158.1,False,False,False,True,True,9,False,True,False,112,False,won
TXN104236,MERCH_RETAIL_01,2025-04-22T17:00:00+00:00,duplicate_charge,4021.77,False,False,False,True,False,1,False,True,False,69,False,won
TXN104237,MERCH_DIGITAL_04,2025-02-02T16:00:00+00:00,item_not_as_described,1875.42,True,True,True,False,True,3,False,False,False,148,False,won
TXN104238,MERCH_RETAIL_01,2025-01-30T20:00:00+00:00,unrecognized_transaction,2461.68,False,False,False,True,True,4,False,False,False,151,False,won
TXN104239,MERCH_ECOM_03,2025-05-08T15:00:00+00:00,unrecognized_transaction,4268.03,False,False,False,True,False,4,False,False,False,53,False,lost
TXN104240,MERCH_RETAIL_01,2025-03-24T03:00:00+00:00,unrecognized_transaction,2530.08,False,False,False,True,True,4,False,False,False,98,False,won
TXN104241,MERCH_ECOM_03,2025-05-06T05:00:00+00:00,item_not_received,1932.08,True,True,False,True,False,5,False,False,False,55,False,lost
TXN104242,MERCH_RETAIL_01,2025-01-22T17:00:00+00:00,subscription_cancelled,1678.12,False,False,False,False,True,2,False,False,False,159,False,lost
TXN104243,MERCH_DIGITAL_04,2025-01-09T10:00:00+00:00,item_not_received,1312.83,True,True,False,True,True,1,True,False,False,172,False,lost
TXN104244,MERCH_RETAIL_01,2025-03-29T06:00:00+00:00,unrecognized_transaction,1655.43,False,False,False,False,True,4,True,False,False,93,False,won
TXN104245,MERCH_SAAS_02,2025-03-14T22:00:00+00:00,subscription_cancelled,4712.55,False,True,True,True,True,3,False,False,True,108,True,won
TXN104246,MERCH_ECOM_03,2025-06-21T00:00:00+00:00,unrecognized_transaction,10961.06,True,True,False,False,True,3,False,False,False,9,False,lost
TXN104247,MERCH_DIGITAL_04,2025-03-13T11:00:00+00:00,item_not_received,302.73,True,True,True,True,True,1,False,False,False,109,False,won
TXN104248,MERCH_SAAS_02,2025-03-14T17:00:00+00:00,duplicate_charge,2050.68,False,False,False,True,False,2,False,True,False,108,False,won
TXN104249,MERCH_DIGITAL_04,2025-04-04T11:00:00+00:00,subscription_cancelled,2546.72,True,False,True,False,True,2,True,False,False,87,False,lost
TXN104250,MERCH_RETAIL_01,2025-05-31T15:00:00+00:00,unrecognized_transaction,4390.83,False,False,False,True,False,4,False,False,False,30,False,won
TXN104251,MERCH_SAAS_02,2025-02-28T15:00:00+00:00,unrecognized_transaction,1011.22,True,True,True,True,False,3,True,False,False,122,False,lost
TXN104252,MERCH_RETAIL_01,2025-02-03T23:00:00+00:00,item_not_as_described,5065.39,True,True,True,True,True,3,True,False,False,147,False,lost
TXN104253,MERCH_RETAIL_01,2025-01-31T11:00:00+00:00,duplicate_charge,1708.08,False,False,False,True,True,8,True,True,False,150,False,won
TXN104254,MERCH_SAAS_02,2025-03-18T15:00:00+00:00,duplicate_charge,2294.53,True,True,True,False,True,6,True,True,False,104,False,won
TXN104255,MERCH_ECOM_03,2025-01-08T03:00:00+00:00,duplicate_charge,1024.81,False,False,False,True,True,3,False,True,False,173,False,won
TXN104256,MERCH_RETAIL_01,2025-05-11T01:00:00+00:00,unrecognized_transaction,2177.53,True,True,False,True,True,2,False,False,False,50,False,lost
TXN104257,MERCH_DIGITAL_04,2025-05-13T12:00:00+00:00,unrecognized_transaction,1730.0,True,True,True,True,True,1,True,False,False,48,False,lost
TXN104258,MERCH_RETAIL_01,2025-03-06T17:00:00+00:00,item_not_received,1381.94,True,True,False,False,False,3,True,False,False,116,False,lost
TXN104259,MERCH_DIGITAL_04,2025-01-22T00:00:00+00:00,item_not_received,1981.92,True,True,True,False,True,0,False,False,False,159,False,won
TXN104260,MERCH_DIGITAL_04,2025-05-22T09:00:00+00:00,subscription_cancelled,2711.62,False,False,False,True,True,2,True,False,True,39,False,won
TXN104261,MERCH_RETAIL_01,2025-01-09T10:00:00+00:00,subscription_cancelled,879.8,True,True,False,True,True,3,True,False,True,172,False,won
TXN104262,MERCH_ECOM_03,2025-03-05T14:00:00+00:00,item_not_received,9066.99,False,False,False,True,False,6,True,False,False,117,False,lost
TXN104263,MERCH_RETAIL_01,2025-05-23T10:00:00+00:00,item_not_received,6704.3,True,True,False,True,True,2,True,False,False,38,False,won
TXN104264,MERCH_RETAIL_01,2025-01-07T15:00:00+00:00,item_not_received,1690.29,False,False,False,True,True,3,False,False,False,174,False,lost
TXN104265,MERCH_RETAIL_01,2025-01-23T01:00:00+00:00,item_not_received,493.01,True,False,True,True,True,3,False,False,False,158,False,won
TXN104266,MERCH_ECOM_03,2025-03-03T16:00:00+00:00,duplicate_charge,965.31,True,True,True,True,True,4,False,True,False,119,False,won
TXN104267,MERCH_DIGITAL_04,2025-04-05T10:00:00+00:00,unrecognized_transaction,787.39,False,False,False,True,True,5,True,False,False,86,False,lost
TXN104268,MERCH_SAAS_02,2025-02-21T07:00:00+00:00,subscription_cancelled,3075.53,True,True,True,True,True,2,False,False,True,129,False,won
TXN104269,MERCH_RETAIL_01,2025-04-08T10:00:00+00:00,item_not_as_described,405.9,True,True,True,True,True,5,True,False,False,83,False,won
TXN104270,MERCH_ECOM_03,2025-06-15T21:00:00+00:00,item_not_received,2084.89,False,False,False,True,False,0,True,False,False,15,False,lost
TXN104271,MERCH_RETAIL_01,2025-01-06T15:00:00+00:00,unrecognized_transaction,4639.82,True,True,True,False,True,2,False,False,False,175,False,lost
TXN104272,MERCH_SAAS_02,2025-06-09T13:00:00+00:00,duplicate_charge,5230.7,True,True,True,True,True,3,False,True,False,21,False,won
TXN104273,MERCH_RETAIL_01,2025-06-09T07:00:00+00:00,duplicate_charge,3606.19,False,False,False,True,True,5,True,False,False,21,False,won
TXN104274,MERCH_SAAS_02,2025-03-18T08:00:00+00:00,unrecognized_transaction,1619.28,True,True,False,True,True,4,True,False,False,104,False,won
TXN104275,MERCH_RETAIL_01,2025-02-11T21:00:00+00:00,item_not_received,715.19,True,True,True,False,True,6,False,False,False,139,False,won
TXN104276,MERCH_RETAIL_01,2025-05-04T07:00:00+00:00,duplicate_charge,1896.4,True,False,False,True,True,2,False,True,False,57,False,won
TXN104277,MERCH_ECOM_03,2025-03-07T12:00:00+00:00,duplicate_charge,1596.04,False,False,False,True,True,3,False,True,False,115,False,won
TXN104278,MERCH_RETAIL_01,2025-01-31T21:00:00+00:00,item_not_received,3104.96,True,True,True,False,False,6,True,False,False,150,False,lost
TXN104279,MERCH_ECOM_03,2025-05-21T19:00:00+00:00,unrecognized_transaction,2987.07,True,True,False,True,True,2,True,False,False,40,False,lost
TXN104280,MERCH_ECOM_03,2025-06-04T11:00:00+00:00,item_not_as_described,1325.23,True,True,True,True,False,5,True,False,False,26,False,won
TXN104281,MERCH_SAAS_02,2025-03-11T22:00:00+00:00,item_not_received,3055.75,False,False,False,True,True,3,True,False,False,111,False,lost
TXN104282,MERCH_RETAIL_01,2025-02-06T07:00:00+00:00,item_not_as_described,3446.77,False,False,False,False,True,4,False,False,False,144,False,lost
TXN104283,MERCH_ECOM_03,2025-05-19T17:00:00+00:00,item_not_as_described,761.7,True,True,False,False,False,9,True,False,False,42,False,won
TXN104284,MERCH_RETAIL_01,2025-03-31T13:00:00+00:00,item_not_as_described,3433.24,False,False,False,False,True,3,False,False,False,91,False,lost
TXN104285,MERCH_RETAIL_01,2025-04-20T16:00:00+00:00,item_not_as_described,4609.71,True,True,False,False,False,1,True,False,False,71,False,won
TXN104286,MERCH_RETAIL_01,2025-03-05T19:00:00+00:00,unrecognized_transaction,2709.89,False,False,False,True,False,1,False,False,False,117,False,lost
TXN104287,MERCH_ECOM_03,2025-01-24T10:00:00+00:00,duplicate_charge,2624.4,False,False,False,False,True,4,False,False,False,157,False,lost
TXN104288,MERCH_RETAIL_01,2025-03-09T04:00:00+00:00,unrecognized_transaction,2782.95,True,True,False,True,True,2,True,False,False,113,False,won
TXN104289,MERCH_RETAIL_01,2025-03-17T11:00:00+00:00,item_not_as_described,1004.4,True,True,False,True,True,3,False,False,False,105,False,lost
TXN104290,MERCH_DIGITAL_04,2025-01-14T20:00:00+00:00,item_not_received,8218.52,False,False,False,True,True,5,True,False,False,167,False,lost
TXN104291,MERCH_DIGITAL_04,2025-06-29T03:00:00+00:00,unrecognized_transaction,6557.23,True,True,True,False,False,2,True,False,False,1,False,lost
TXN104292,MERCH_ECOM_03,2025-01-03T00:00:00+00:00,duplicate_charge,2830.62,False,False,False,True,True,3,True,True,False,178,False,won
TXN104293,MERCH_ECOM_03,2025-05-04T01:00:00+00:00,item_not_received,968.55,True,True,True,True,False,2,False,False,False,57,False,won
TXN104294,MERCH_RETAIL_01,2025-01-07T18:00:00+00:00,unrecognized_transaction,1703.63,True,True,False,True,True,4,True,False,False,174,False,won
TXN104295,MERCH_DIGITAL_04,2025-06-14T15:00:00+00:00,item_not_received,4026.8,True,False,False,True,True,3,True,False,False,16,False,won
TXN104296,MERCH_ECOM_03,2025-05-01T05:00:00+00:00,item_not_received,161.26,True,False,False,True,False,2,False,False,False,60,False,won
TXN104297,MERCH_SAAS_02,2025-02-23T12:00:00+00:00,item_not_received,3323.94,True,True,True,True,True,4,False,False,False,127,False,won
TXN104298,MERCH_RETAIL_01,2025-06-04T06:00:00+00:00,subscription_cancelled,1782.62,False,False,False,False,True,1,False,False,True,26,False,won
TXN104299,MERCH_ECOM_03,2025-02-27T05:00:00+00:00,item_not_as_described,1907.69,False,False,False,False,True,3,False,False,False,123,False,lost
TXN104300,MERCH_ECOM_03,2025-05-29T10:00:00+00:00,item_not_received,1485.89,True,True,True,False,True,6,True,False,False,32,False,won
TXN104301,MERCH_ECOM_03,2025-05-30T14:00:00+00:00,unrecognized_transaction,6405.37,True,True,False,False,True,5,True,False,False,31,False,won
TXN104302,MERCH_RETAIL_01,2025-06-10T22:00:00+00:00,item_not_as_described,4006.99,False,False,False,True,True,2,True,False,False,20,False,won
TXN104303,MERCH_DIGITAL_04,2025-06-02T03:00:00+00:00,unrecognized_transaction,3481.91,True,False,True,True,False,0,True,False,False,28,False,lost
TXN104304,MERCH_RETAIL_01,2025-03-28T05:00:00+00:00,subscription_cancelled,1531.24,False,True,True,False,True,2,True,False,True,94,True,lost
TXN104305,MERCH_RETAIL_01,2025-02-05T20:00:00+00:00,unrecognized_transaction,362.46,True,True,True,False,True,5,True,False,False,145,False,lost
TXN104306,MERCH_ECOM_03,2025-01-01T09:00:00+00:00,duplicate_charge,1119.84,True,False,False,False,True,2,True,True,False,180,False,won
TXN104307,MERCH_ECOM_03,2025-02-03T08:00:00+00:00,item_not_received,621.0,True,True,False,False,True,1,True,False,False,147,False,lost
TXN104308,MERCH_ECOM_03,2025-06-05T14:00:00+00:00,item_not_received,831.61,True,True,False,True,True,4,True,False,False,25,False,won
TXN104309,MERCH_SAAS_02,2025-06-01T10:00:00+00:00,item_not_as_described,4324.68,True,False,False,True,True,2,False,False,False,29,False,lost
TXN104310,MERCH_RETAIL_01,2025-06-03T08:00:00+00:00,item_not_received,432.22,False,False,False,True,False,2,True,False,False,27,False,lost
TXN104311,MERCH_DIGITAL_04,2025-04-18T19:00:00+00:00,item_not_received,698.78,False,False,False,False,True,3,True,False,False,73,False,lost
TXN104312,MERCH_SAAS_02,2025-01-08T01:00:00+00:00,duplicate_charge,1110.95,True,True,True,True,True,2,True,True,False,173,False,lost
TXN104313,MERCH_RETAIL_01,2025-01-22T04:00:00+00:00,item_not_received,1257.95,False,False,False,True,False,3,False,False,False,159,False,lost
TXN104314,MERCH_SAAS_02,2025-01-02T16:00:00+00:00,subscription_cancelled,5233.05,False,False,False,True,True,5,False,False,True,179,False,won
TXN104315,MERCH_ECOM_03,2025-01-18T21:00:00+00:00,item_not_received,3532.03,False,False,False,False,True,5,False,False,False,163,False,lost
TXN104316,MERCH_RETAIL_01,2025-02-28T06:00:00+00:00,unrecognized_transaction,4478.64,True,True,True,False,True,2,False,False,False,122,False,lost
TXN104317,MERCH_ECOM_03,2025-05-20T21:00:00+00:00,item_not_as_described,2049.55,True,True,True,False,False,2,True,False,False,41,False,won
TXN104318,MERCH_SAAS_02,2025-02-05T07:00:00+00:00,duplicate_charge,4003.24,True,True,True,True,False,3,False,True,False,145,False,won
TXN104319,MERCH_ECOM_03,2025-04-04T09:00:00+00:00,item_not_received,731.15,False,False,False,True,True,2,True,False,False,87,False,lost
TXN104320,MERCH_SAAS_02,2025-04-17T20:00:00+00:00,item_not_as_described,3182.9,True,True,False,True,True,4,False,False,False,74,False,lost
TXN104321,MERCH_RETAIL_01,2025-01-12T06:00:00+00:00,item_not_received,2737.73,True,True,False,True,False,5,True,False,False,169,False,won
TXN104322,MERCH_RETAIL_01,2025-02-18T11:00:00+00:00,subscription_cancelled,1132.25,False,False,False,True,False,4,True,False,True,132,False,won
TXN104323,MERCH_RETAIL_01,2025-06-12T15:00:00+00:00,item_not_received,2033.54,False,False,False,True,True,5,True,False,False,18,False,lost
TXN104324,MERCH_RETAIL_01,2025-05-28T00:00:00+00:00,item_not_received,3285.19,False,False,False,False,True,3,True,False,False,33,False,won
TXN104325,MERCH_DIGITAL_04,2025-05-31T12:00:00+00:00,item_not_received,6125.0,False,False,False,True,False,5,False,False,False,30,False,lost
TXN104326,MERCH_RETAIL_01,2025-05-22T15:00:00+00:00,subscription_cancelled,2572.56,True,True,False,True,True,3,False,False,False,39,False,lost
TXN104327,MERCH_ECOM_03,2025-01-12T05:00:00+00:00,duplicate_charge,3529.49,True,True,False,True,True,3,True,True,False,169,False,won
TXN104328,MERCH_RETAIL_01,2025-04-04T07:00:00+00:00,item_not_received,4927.5,False,False,False,False,True,1,False,False,False,87,False,lost
TXN104329,MERCH_ECOM_03,2025-04-18T19:00:00+00:00,duplicate_charge,2714.4,False,False,False,False,True,5,True,True,False,73,False,won
TXN104330,MERCH_RETAIL_01,2025-05-01T14:00:00+00:00,item_not_received,1927.09,False,False,False,True,False,1,False,False,False,60,False,lost
TXN104331,MERCH_DIGITAL_04,2025-01-27T09:00:00+00:00,item_not_received,3317.17,True,True,True,True,True,5,True,False,False,154,False,won
TXN104332,MERCH_RETAIL_01,2025-06-26T02:00:00+00:00,item_not_received,3260.89,False,False,False,False,True,0,False,False,False,4,False,lost
TXN104333,MERCH_DIGITAL_04,2025-01-31T07:00:00+00:00,subscription_cancelled,4633.46,True,False,False,True,True,5,True,False,True,150,False,won
TXN104334,MERCH_ECOM_03,2025-04-24T22:00:00+00:00,item_not_received,4060.05,False,False,False,True,False,0,False,False,False,67,False,lost
TXN104335,MERCH_ECOM_03,2025-03-14T15:00:00+00:00,unrecognized_transaction,1547.94,False,False,False,True,True,4,True,False,False,108,False,won
TXN104336,MERCH_RETAIL_01,2025-02-27T21:00:00+00:00,item_not_received,1829.86,True,True,True,False,False,5,True,False,False,123,False,won
TXN104337,MERCH_ECOM_03,2025-05-15T13:00:00+00:00,item_not_received,3014.28,True,True,True,False,True,5,True,False,False,46,False,won
TXN104338,MERCH_SAAS_02,2025-04-15T09:00:00+00:00,item_not_received,1295.9,True,True,True,False,True,6,False,False,False,76,False,won
TXN104339,MERCH_RETAIL_01,2025-03-01T21:00:00+00:00,item_not_received,2900.53,True,True,True,True,False,2,True,False,False,121,False,won
TXN104340,MERCH_RETAIL_01,2025-03-20T19:00:00+00:00,unrecognized_transaction,1894.2,False,False,False,True,True,1,True,False,False,102,False,won
TXN104341,MERCH_RETAIL_01,2025-01-25T17:00:00+00:00,unrecognized_transaction,2744.49,True,True,False,True,True,2,False,False,False,156,False,lost
TXN104342,MERCH_RETAIL_01,2025-03-25T07:00:00+00:00,item_not_as_described,3302.83,True,True,True,True,True,3,True,False,False,97,False,lost
TXN104343,MERCH_RETAIL_01,2025-03-06T13:00:00+00:00,item_not_as_described,1763.07,False,False,True,True,True,4,True,False,False,116,True,won
TXN104344,MERCH_DIGITAL_04,2025-03-26T03:00:00+00:00,unrecognized_transaction,687.63,True,False,False,False,True,6,False,False,False,96,False,lost
TXN104345,MERCH_RETAIL_01,2025-05-21T20:00:00+00:00,subscription_cancelled,1388.69,True,True,True,False,False,1,True,False,True,40,False,won
TXN104346,MERCH_DIGITAL_04,2025-06-26T09:00:00+00:00,item_not_received,1908.43,True,True,False,True,False,3,False,False,False,4,False,won
TXN104347,MERCH_RETAIL_01,2025-03-26T22:00:00+00:00,subscription_cancelled,4898.83,False,True,True,True,True,6,False,False,True,96,True,won
TXN104348,MERCH_ECOM_03,2025-04-02T03:00:00+00:00,duplicate_charge,6674.2,False,False,True,True,True,2,False,True,False,89,True,won
TXN104349,MERCH_RETAIL_01,2025-01-25T11:00:00+00:00,item_not_received,1831.65,False,False,False,True,True,3,True,False,False,156,False,won
TXN104350,MERCH_DIGITAL_04,2025-04-04T12:00:00+00:00,duplicate_charge,1149.45,True,True,False,False,True,5,False,False,False,87,False,lost
TXN104351,MERCH_SAAS_02,2025-02-10T08:00:00+00:00,item_not_received,923.77,True,True,True,False,True,4,True,False,False,140,False,won
TXN104352,MERCH_RETAIL_01,2025-04-07T14:00:00+00:00,item_not_as_described,1936.96,False,False,False,True,False,2,False,False,False,84,False,won
TXN104353,MERCH_ECOM_03,2025-01-07T12:00:00+00:00,item_not_as_described,3372.4,True,True,True,True,True,2,True,False,False,174,False,won
TXN104354,MERCH_SAAS_02,2025-04-28T09:00:00+00:00,duplicate_charge,2043.09,False,False,False,True,False,2,False,True,False,63,False,lost
TXN104355,MERCH_SAAS_02,2025-01-20T04:00:00+00:00,item_not_received,3363.96,True,True,False,True,True,4,True,False,False,161,False,lost
TXN104356,MERCH_SAAS_02,2025-05-25T13:00:00+00:00,item_not_as_described,3749.35,True,False,True,True,True,8,False,False,False,36,False,won
TXN104357,MERCH_DIGITAL_04,2025-06-14T01:00:00+00:00,item_not_as_described,2528.47,False,False,False,True,True,5,False,False,False,16,False,won
TXN104358,MERCH_DIGITAL_04,2025-03-16T10:00:00+00:00,item_not_received,1966.76,True,False,False,False,True,2,True,False,False,106,False,lost
TXN104359,MERCH_ECOM_03,2025-05-31T03:00:00+00:00,item_not_received,2703.17,False,False,False,True,True,4,True,False,False,30,False,lost
TXN104360,MERCH_ECOM_03,2025-04-28T07:00:00+00:00,duplicate_charge,317.57,True,True,True,False,True,4,True,True,False,63,False,lost
TXN104361,MERCH_RETAIL_01,2025-05-16T20:00:00+00:00,item_not_received,2121.47,True,True,False,False,True,2,False,False,False,45,False,won
TXN104362,MERCH_RETAIL_01,2025-05-29T04:00:00+00:00,subscription_cancelled,4464.51,False,False,False,True,True,2,False,False,True,32,False,won
TXN104363,MERCH_SAAS_02,2025-05-15T08:00:00+00:00,unrecognized_transaction,2722.16,False,False,False,True,True,3,False,False,False,46,False,won
TXN104364,MERCH_SAAS_02,2025-02-09T22:00:00+00:00,unrecognized_transaction,5657.47,True,True,True,True,False,4,True,False,False,141,False,won
TXN104365,MERCH_ECOM_03,2025-01-24T09:00:00+00:00,item_not_as_described,2336.43,True,True,True,True,True,5,False,False,False,157,False,lost
TXN104366,MERCH_RETAIL_01,2025-05-14T14:00:00+00:00,subscription_cancelled,1428.46,True,True,False,True,False,6,False,False,True,47,False,won
TXN104367,MERCH_SAAS_02,2025-02-14T23:00:00+00:00,subscription_cancelled,2676.53,False,False,False,False,True,2,False,False,False,136,False,lost
TXN104368,MERCH_RETAIL_01,2025-02-16T18:00:00+00:00,item_not_received,1540.76,True,True,True,True,True,3,True,False,False,134,False,won
TXN104369,MERCH_RETAIL_01,2025-01-20T18:00:00+00:00,item_not_received,2138.1,True,True,False,True,True,1,False,False,False,161,False,lost
TXN104370,MERCH_SAAS_02,2025-04-22T11:00:00+00:00,subscription_cancelled,4070.9,True,True,False,True,False,6,True,False,True,69,False,won
TXN104371,MERCH_RETAIL_01,2025-05-22T05:00:00+00:00,duplicate_charge,2841.6,True,True,False,True,True,2,False,True,False,39,False,won
TXN104372,MERCH_DIGITAL_04,2025-01-06T15:00:00+00:00,item_not_received,3141.02,False,False,False,False,True,3,True,False,False,175,False,lost
TXN104373,MERCH_ECOM_03,2025-01-07T03:00:00+00:00,duplicate_charge,3419.5,True,True,True,True,True,1,True,True,False,174,False,lost
TXN104374,MERCH_ECOM_03,2025-04-07T16:00:00+00:00,unrecognized_transaction,2589.67,True,False,False,True,True,4,True,False,False,84,False,won
TXN104375,MERCH_SAAS_02,2025-01-28T21:00:00+00:00,item_not_received,2168.01,True,True,True,True,True,3,False,False,False,153,False,won
TXN104376,MERCH_ECOM_03,2025-06-01T08:00:00+00:00,duplicate_charge,1995.1,False,False,False,True,False,5,False,False,False,29,False,lost
TXN104377,MERCH_DIGITAL_04,2025-03-05T21:00:00+00:00,subscription_cancelled,1670.09,False,False,False,True,True,1,True,False,True,117,False,won
TXN104378,MERCH_RETAIL_01,2025-01-04T15:00:00+00:00,duplicate_charge,917.31,False,True,True,True,False,2,True,True,False,177,True,won
TXN104379,MERCH_RETAIL_01,2025-04-16T11:00:00+00:00,item_not_received,2494.99,True,False,True,True,True,2,False,False,False,75,False,won
TXN104380,MERCH_RETAIL_01,2025-05-03T00:00:00+00:00,unrecognized_transaction,8212.77,True,True,True,True,True,2,False,False,False,58,False,won
TXN104381,MERCH_RETAIL_01,2025-01-02T05:00:00+00:00,duplicate_charge,2788.42,True,True,True,True,True,4,True,True,False,179,False,lost
TXN104382,MERCH_RETAIL_01,2025-01-20T19:00:00+00:00,duplicate_charge,1032.26,True,True,False,True,True,4,False,False,False,161,False,lost
TXN104383,MERCH_ECOM_03,2025-06-03T01:00:00+00:00,unrecognized_transaction,906.23,False,False,False,True,False,3,False,False,False,27,False,lost
TXN104384,MERCH_ECOM_03,2025-06-10T01:00:00+00:00,unrecognized_transaction,2172.95,True,True,False,True,False,7,True,False,False,20,False,lost
TXN104385,MERCH_RETAIL_01,2025-05-02T22:00:00+00:00,unrecognized_transaction,4582.47,True,True,True,True,True,5,True,False,False,59,False,won
TXN104386,MERCH_RETAIL_01,2025-03-02T16:00:00+00:00,item_not_as_described,2737.98,False,False,False,True,True,3,True,False,False,120,False,won
TXN104387,MERCH_RETAIL_01,2025-05-18T12:00:00+00:00,item_not_received,3208.9,True,True,False,True,True,1,False,False,False,43,False,lost
TXN104388,MERCH_ECOM_03,2025-03-10T11:00:00+00:00,duplicate_charge,6113.09,False,True,True,True,True,4,False,True,False,112,True,won
TXN104389,MERCH_RETAIL_01,2025-03-11T08:00:00+00:00,duplicate_charge,4172.36,True,True,False,True,True,2,False,True,False,111,False,won
TXN104390,MERCH_SAAS_02,2025-01-14T21:00:00+00:00,unrecognized_transaction,4514.76,False,False,False,True,True,4,False,False,False,167,False,lost
TXN104391,MERCH_SAAS_02,2025-02-18T10:00:00+00:00,item_not_received,7821.84,True,True,False,False,True,4,True,False,False,132,False,won
TXN104392,MERCH_RETAIL_01,2025-03-20T13:00:00+00:00,unrecognized_transaction,3573.15,False,False,False,True,True,7,False,False,False,102,False,won
TXN104393,MERCH_RETAIL_01,2025-01-12T08:00:00+00:00,item_not_as_described,3288.25,False,False,False,True,True,5,False,False,False,169,False,lost
TXN104394,MERCH_SAAS_02,2025-04-23T06:00:00+00:00,duplicate_charge,1329.07,True,True,False,False,True,2,False,True,False,68,False,won
TXN104395,MERCH_DIGITAL_04,2025-01-29T17:00:00+00:00,item_not_as_described,3239.31,True,True,False,True,True,4,True,False,False,152,False,won
TXN104396,MERCH_RETAIL_01,2025-04-15T06:00:00+00:00,item_not_received,1446.5,True,True,True,False,True,5,True,False,False,76,False,won
TXN104397,MERCH_ECOM_03,2025-03-25T05:00:00+00:00,duplicate_charge,3442.94,True,True,True,True,True,5,False,True,False,97,False,won
TXN104398,MERCH_RETAIL_01,2025-05-20T06:00:00+00:00,item_not_received,3403.66,False,False,False,False,False,1,True,False,False,41,False,lost
TXN104399,MERCH_RETAIL_01,2025-04-11T15:00:00+00:00,unrecognized_transaction,2514.71,True,True,True,False,True,2,True,False,False,80,False,lost
TXN104400,MERCH_ECOM_03,2025-05-04T09:00:00+00:00,subscription_cancelled,1617.69,True,True,False,False,False,10,True,False,False,57,False,won
TXN104401,MERCH_SAAS_02,2025-05-15T11:00:00+00:00,item_not_as_described,1374.08,True,True,True,False,True,4,False,False,False,46,False,lost
TXN104402,MERCH_RETAIL_01,2025-05-09T02:00:00+00:00,item_not_received,5143.91,True,True,False,True,True,2,False,False,False,52,False,lost
TXN104403,MERCH_SAAS_02,2025-03-05T06:00:00+00:00,unrecognized_transaction,2263.96,True,True,False,False,True,0,False,False,False,117,False,lost
TXN104404,MERCH_ECOM_03,2025-05-26T17:00:00+00:00,subscription_cancelled,1111.19,True,True,True,True,False,3,True,False,False,35,False,lost
TXN104405,MERCH_SAAS_02,2025-04-24T05:00:00+00:00,item_not_received,2614.77,True,True,False,True,True,5,False,False,False,67,False,won
TXN104406,MERCH_RETAIL_01,2025-01-09T20:00:00+00:00,item_not_received,4241.71,False,False,False,True,True,5,False,False,False,172,False,won
TXN104407,MERCH_ECOM_03,2025-05-22T00:00:00+00:00,item_not_received,2063.36,True,False,False,False,False,5,True,False,False,39,False,lost
TXN104408,MERCH_SAAS_02,2025-02-08T08:00:00+00:00,duplicate_charge,2296.64,True,False,False,True,False,3,True,False,False,142,False,lost
TXN104409,MERCH_ECOM_03,2025-05-28T07:00:00+00:00,unrecognized_transaction,1897.94,False,False,True,True,True,3,True,False,False,33,True,won
TXN104410,MERCH_SAAS_02,2025-06-26T13:00:00+00:00,item_not_received,216.38,False,False,False,True,True,4,True,False,False,4,False,lost
TXN104411,MERCH_RETAIL_01,2025-02-03T02:00:00+00:00,item_not_as_described,2767.78,True,True,False,False,True,3,True,False,False,147,False,lost
TXN104412,MERCH_ECOM_03,2025-01-27T16:00:00+00:00,item_not_as_described,566.86,True,True,False,True,False,1,False,False,False,154,False,lost
TXN104413,MERCH_ECOM_03,2025-05-26T22:00:00+00:00,subscription_cancelled,2836.72,False,False,False,False,False,5,False,False,True,35,False,won
TXN104414,MERCH_RETAIL_01,2025-05-09T02:00:00+00:00,item_not_received,600.95,True,False,False,True,True,9,False,False,False,52,False,won
TXN104415,MERCH_ECOM_03,2025-02-18T15:00:00+00:00,item_not_received,1184.83,True,True,True,True,True,3,True,False,False,132,False,won
TXN104416,MERCH_SAAS_02,2025-04-10T12:00:00+00:00,item_not_as_described,834.93,False,False,False,True,False,5,False,False,False,81,False,lost
TXN104417,MERCH_ECOM_03,2025-03-09T15:00:00+00:00,item_not_received,554.41,False,False,False,True,True,4,False,False,False,113,False,lost
TXN104418,MERCH_RETAIL_01,2025-05-15T13:00:00+00:00,unrecognized_transaction,2731.6,False,False,False,True,False,4,True,False,False,46,False,lost
TXN104419,MERCH_SAAS_02,2025-05-15T06:00:00+00:00,item_not_received,1538.56,False,False,True,True,False,7,False,False,False,46,True,won
TXN104420,MERCH_ECOM_03,2025-01-23T04:00:00+00:00,duplicate_charge,2636.02,True,False,False,True,False,4,True,True,False,158,False,won
TXN104421,MERCH_ECOM_03,2025-06-23T13:00:00+00:00,unrecognized_transaction,3835.96,True,True,True,True,True,3,False,False,False,7,False,won
TXN104422,MERCH_ECOM_03,2025-05-05T16:00:00+00:00,unrecognized_transaction,2477.92,False,False,False,False,True,2,True,False,False,56,False,lost
TXN104423,MERCH_RETAIL_01,2025-02-14T05:00:00+00:00,item_not_received,1522.0,True,False,False,False,True,5,True,False,False,136,False,lost
TXN104424,MERCH_RETAIL_01,2025-05-17T10:00:00+00:00,item_not_received,3414.27,True,True,True,True,True,1,False,False,False,44,False,won
TXN104425,MERCH_ECOM_03,2025-01-21T22:00:00+00:00,item_not_received,1926.86,True,True,False,True,True,1,True,False,False,160,False,lost
TXN104426,MERCH_RETAIL_01,2025-01-02T12:00:00+00:00,unrecognized_transaction,8658.25,True,False,False,False,True,5,True,False,False,179,False,lost
TXN104427,MERCH_RETAIL_01,2025-03-27T10:00:00+00:00,duplicate_charge,1604.56,True,False,True,True,False,7,False,False,False,95,False,lost
TXN104428,MERCH_RETAIL_01,2025-03-24T17:00:00+00:00,item_not_received,1098.97,True,False,True,True,True,4,False,False,False,98,False,won
TXN104429,MERCH_ECOM_03,2025-06-22T13:00:00+00:00,item_not_as_described,2944.66,True,False,False,False,True,7,False,False,False,8,False,won
TXN104430,MERCH_SAAS_02,2025-03-02T00:00:00+00:00,item_not_received,2199.57,True,False,False,True,True,5,False,False,False,120,False,won
TXN104431,MERCH_RETAIL_01,2025-06-25T06:00:00+00:00,item_not_received,10325.35,False,True,True,True,True,3,False,False,False,5,True,lost
TXN104432,MERCH_RETAIL_01,2025-02-02T11:00:00+00:00,unrecognized_transaction,3763.53,False,False,False,False,True,2,False,False,False,148,False,lost
TXN104433,MERCH_SAAS_02,2025-03-02T21:00:00+00:00,unrecognized_transaction,7343.96,True,True,False,True,True,6,False,False,False,120,False,won
TXN104434,MERCH_RETAIL_01,2025-02-16T21:00:00+00:00,unrecognized_transaction,2953.47,True,True,True,False,True,6,True,False,False,134,False,lost
TXN104435,MERCH_SAAS_02,2025-05-28T15:00:00+00:00,duplicate_charge,3734.06,True,True,True,False,False,5,False,True,False,33,False,won
TXN104436,MERCH_RETAIL_01,2025-06-02T06:00:00+00:00,unrecognized_transaction,2326.62,True,True,True,True,True,6,False,False,False,28,False,won
TXN104437,MERCH_ECOM_03,2025-01-02T20:00:00+00:00,item_not_as_described,2608.29,False,True,True,False,True,6,False,False,False,179,True,lost
TXN104438,MERCH_RETAIL_01,2025-01-26T23:00:00+00:00,subscription_cancelled,12447.27,False,False,False,True,True,3,True,False,False,155,False,lost
TXN104439,MERCH_DIGITAL_04,2025-03-22T09:00:00+00:00,unrecognized_transaction,1903.27,True,False,False,True,False,1,True,False,False,100,False,lost
TXN104440,MERCH_SAAS_02,2025-05-18T18:00:00+00:00,item_not_as_described,1235.7,True,False,False,True,False,5,False,False,False,43,False,lost
TXN104441,MERCH_RETAIL_01,2025-01-01T06:00:00+00:00,item_not_received,759.63,False,False,False,True,False,3,True,False,False,180,False,lost
TXN104442,MERCH_ECOM_03,2025-04-20T15:00:00+00:00,subscription_cancelled,2871.57,False,False,False,True,True,4,False,False,True,71,False,won
TXN104443,MERCH_ECOM_03,2025-06-29T21:00:00+00:00,duplicate_charge,1440.28,False,False,True,True,True,4,False,False,False,1,True,lost
TXN104444,MERCH_RETAIL_01,2025-02-27T16:00:00+00:00,item_not_received,3169.4,False,False,False,True,True,2,True,False,False,123,False,lost
TXN104445,MERCH_SAAS_02,2025-03-22T00:00:00+00:00,item_not_received,2216.93,False,False,False,True,True,2,True,False,False,100,False,won
TXN104446,MERCH_RETAIL_01,2025-06-07T16:00:00+00:00,duplicate_charge,5074.0,True,True,True,False,True,6,True,True,False,23,False,won
TXN104447,MERCH_ECOM_03,2025-02-20T18:00:00+00:00,unrecognized_transaction,4710.72,False,False,False,True,True,4,False,False,False,130,False,lost
TXN104448,MERCH_RETAIL_01,2025-04-05T04:00:00+00:00,item_not_received,5639.37,True,True,False,False,True,1,False,False,False,86,False,won
TXN104449,MERCH_SAAS_02,2025-06-01T11:00:00+00:00,unrecognized_transaction,1996.72,True,False,False,True,True,5,True,False,False,29,False,won
TXN104450,MERCH_RETAIL_01,2025-05-19T01:00:00+00:00,item_not_received,1313.37,True,False,False,False,True,1,False,False,False,42,False,lost
TXN104451,MERCH_DIGITAL_04,2025-01-27T19:00:00+00:00,duplicate_charge,1560.31,True,True,False,True,True,1,True,True,False,154,False,won
TXN104452,MERCH_ECOM_03,2025-06-17T03:00:00+00:00,item_not_as_described,1589.5,False,False,False,True,True,1,False,False,False,13,False,lost
TXN104453,MERCH_RETAIL_01,2025-03-23T03:00:00+00:00,item_not_received,4827.79,True,True,False,False,True,5,False,False,False,99,False,won
TXN104454,MERCH_RETAIL_01,2025-06-28T15:00:00+00:00,item_not_received,2061.05,True,True,False,True,True,1,True,False,False,2,False,won
TXN104455,MERCH_ECOM_03,2025-05-31T05:00:00+00:00,item_not_received,2046.57,True,True,True,True,True,3,True,False,False,30,False,won
TXN104456,MERCH_SAAS_02,2025-02-19T16:00:00+00:00,duplicate_charge,732.03,False,False,False,True,True,1,False,True,False,131,False,won
TXN104457,MERCH_RETAIL_01,2025-05-25T21:00:00+00:00,duplicate_charge,1836.33,True,True,True,False,True,3,False,False,False,36,False,lost
TXN104458,MERCH_DIGITAL_04,2025-01-24T17:00:00+00:00,item_not_received,2673.69,True,True,True,False,True,5,False,False,False,157,False,won
TXN104459,MERCH_RETAIL_01,2025-02-06T14:00:00+00:00,item_not_received,5507.19,False,False,False,True,True,5,True,False,False,144,False,won
TXN104460,MERCH_ECOM_03,2025-02-15T01:00:00+00:00,item_not_received,1115.9,True,True,False,True,True,5,True,False,False,135,False,won
TXN104461,MERCH_RETAIL_01,2025-03-21T16:00:00+00:00,item_not_as_described,3177.21,False,False,False,True,False,3,False,False,False,101,False,lost
TXN104462,MERCH_SAAS_02,2025-04-23T05:00:00+00:00,item_not_received,2407.71,False,False,False,False,False,6,False,False,False,68,False,lost
TXN104463,MERCH_RETAIL_01,2025-01-10T19:00:00+00:00,item_not_as_described,3546.51,False,False,False,True,True,2,True,False,False,171,False,lost
TXN104464,MERCH_DIGITAL_04,2025-04-27T01:00:00+00:00,duplicate_charge,2691.96,False,False,False,True,True,4,False,False,False,64,False,lost
TXN104465,MERCH_SAAS_02,2025-01-02T16:00:00+00:00,item_not_received,3604.7,True,True,False,True,True,8,True,False,False,179,False,lost
TXN104466,MERCH_SAAS_02,2025-02-12T11:00:00+00:00,item_not_received,3526.27,False,False,False,True,False,5,True,False,False,138,False,lost
TXN104467,MERCH_RETAIL_01,2025-05-14T02:00:00+00:00,duplicate_charge,309.39,False,False,False,True,True,4,True,True,False,47,False,won
TXN104468,MERCH_RETAIL_01,2025-06-21T15:00:00+00:00,item_not_as_described,2598.9,False,False,False,True,True,8,False,False,False,9,False,won
TXN104469,MERCH_RETAIL_01,2025-02-17T08:00:00+00:00,duplicate_charge,1845.91,False,False,False,True,True,6,True,True,False,133,False,lost
TXN104470,MERCH_RETAIL_01,2025-04-09T02:00:00+00:00,item_not_received,2361.17,True,False,True,False,True,7,True,False,False,82,False,won
TXN104471,MERCH_RETAIL_01,2025-03-24T16:00:00+00:00,subscription_cancelled,1645.36,True,True,False,True,True,5,False,False,True,98,False,won
TXN104472,MERCH_ECOM_03,2025-04-27T22:00:00+00:00,item_not_received,2435.75,True,True,True,True,False,6,True,False,False,64,False,won
TXN104473,MERCH_RETAIL_01,2025-02-17T17:00:00+00:00,item_not_as_described,6413.21,False,False,False,True,True,5,False,False,False,133,False,won
TXN104474,MERCH_SAAS_02,2025-01-20T01:00:00+00:00,subscription_cancelled,1441.03,False,False,False,True,False,2,False,False,False,161,False,lost
TXN104475,MERCH_ECOM_03,2025-04-19T21:00:00+00:00,subscription_cancelled,6670.39,True,False,False,True,True,2,True,False,True,72,False,lost
TXN104476,MERCH_SAAS_02,2025-01-10T21:00:00+00:00,item_not_received,1687.5,True,True,False,True,False,1,True,False,False,171,False,lost
TXN104477,MERCH_RETAIL_01,2025-05-12T00:00:00+00:00,subscription_cancelled,1069.3,False,False,False,True,True,2,False,False,False,49,False,lost
TXN104478,MERCH_RETAIL_01,2025-04-05T00:00:00+00:00,duplicate_charge,2482.82,False,False,False,False,True,6,True,True,False,86,False,won
TXN104479,MERCH_DIGITAL_04,2025-02-03T00:00:00+00:00,duplicate_charge,2014.84,False,True,True,False,False,1,False,True,False,147,True,lost
TXN104480,MERCH_ECOM_03,2025-01-04T13:00:00+00:00,item_not_received,3597.58,False,False,False,True,True,3,True,False,False,177,False,lost
TXN104481,MERCH_SAAS_02,2025-05-21T02:00:00+00:00,item_not_received,2942.23,True,True,False,True,False,6,True,False,False,40,False,won
TXN104482,MERCH_SAAS_02,2025-03-17T08:00:00+00:00,item_not_received,1086.91,True,True,True,True,True,3,False,False,False,105,False,won
TXN104483,MERCH_RETAIL_01,2025-06-23T21:00:00+00:00,item_not_received,731.11,True,True,True,False,True,4,True,False,False,7,False,won
TXN104484,MERCH_ECOM_03,2025-03-20T15:00:00+00:00,unrecognized_transaction,927.63,True,True,True,False,True,4,False,False,False,102,False,lost
TXN104485,MERCH_SAAS_02,2025-04-15T08:00:00+00:00,item_not_received,256.9,False,False,False,True,True,6,True,False,False,76,False,lost
TXN104486,MERCH_RETAIL_01,2025-03-02T13:00:00+00:00,subscription_cancelled,976.08,False,False,False,False,False,3,False,False,False,120,False,lost
TXN104487,MERCH_ECOM_03,2025-06-02T21:00:00+00:00,item_not_received,2538.87,True,True,False,True,False,3,False,False,False,28,False,won
TXN104488,MERCH_RETAIL_01,2025-05-13T17:00:00+00:00,item_not_as_described,1813.02,True,True,True,False,True,4,False,False,False,48,False,lost
TXN104489,MERCH_RETAIL_01,2025-01-27T15:00:00+00:00,item_not_received,3047.96,True,True,True,True,True,1,True,False,False,154,False,won
TXN104490,MERCH_RETAIL_01,2025-03-14T00:00:00+00:00,unrecognized_transaction,1880.25,False,False,False,False,False,2,False,False,False,108,False,lost
TXN104491,MERCH_DIGITAL_04,2025-03-10T18:00:00+00:00,item_not_received,5018.8,True,False,False,True,True,6,False,False,False,112,False,won
TXN104492,MERCH_SAAS_02,2025-03-20T21:00:00+00:00,subscription_cancelled,1583.19,True,False,False,False,True,4,False,False,False,102,False,lost
TXN104493,MERCH_ECOM_03,2025-06-22T07:00:00+00:00,subscription_cancelled,1839.57,True,False,False,True,True,2,False,False,False,8,False,lost
TXN104494,MERCH_RETAIL_01,2025-04-30T07:00:00+00:00,duplicate_charge,6202.7,True,False,True,False,False,2,True,True,False,61,False,lost
TXN104495,MERCH_ECOM_03,2025-01-28T14:00:00+00:00,item_not_received,2827.7,False,False,False,True,True,3,True,False,False,153,False,lost
TXN104496,MERCH_ECOM_03,2025-05-02T16:00:00+00:00,duplicate_charge,3760.88,True,True,False,True,True,5,True,True,False,59,False,won
TXN104497,MERCH_RETAIL_01,2025-06-21T19:00:00+00:00,unrecognized_transaction,918.66,True,True,False,True,True,4,False,False,False,9,False,won
TXN104498,MERCH_RETAIL_01,2025-05-24T19:00:00+00:00,duplicate_charge,737.28,True,True,True,False,True,7,False,True,False,37,False,won
TXN104499,MERCH_ECOM_03,2025-01-04T03:00:00+00:00,unrecognized_transaction,1150.32,True,True,False,True,True,2,False,False,False,177,False,lost
TXN104500,MERCH_SAAS_02,2025-06-07T09:00:00+00:00,item_not_as_described,655.28,True,False,False,True,True,4,False,False,False,23,False,won
TXN104501,MERCH_RETAIL_01,2025-05-11T17:00:00+00:00,duplicate_charge,642.07,True,True,False,False,False,2,False,True,False,50,False,won
TXN104502,MERCH_SAAS_02,2025-04-29T08:00:00+00:00,item_not_as_described,6087.8,True,True,False,True,False,3,True,False,False,62,False,won
TXN104503,MERCH_SAAS_02,2025-05-07T23:00:00+00:00,unrecognized_transaction,789.4,False,False,False,True,True,4,True,False,False,54,False,won
TXN104504,MERCH_RETAIL_01,2025-03-15T12:00:00+00:00,item_not_received,4491.32,False,False,False,False,True,1,False,False,False,107,False,lost
TXN104505,MERCH_ECOM_03,2025-01-17T19:00:00+00:00,item_not_received,681.92,False,False,False,True,True,1,True,False,False,164,False,lost
TXN104506,MERCH_DIGITAL_04,2025-05-22T12:00:00+00:00,duplicate_charge,3246.43,True,True,True,False,True,6,True,True,False,39,False,won
TXN104507,MERCH_SAAS_02,2025-01-18T01:00:00+00:00,unrecognized_transaction,1112.92,True,True,True,True,True,3,False,False,False,163,False,won
TXN104508,MERCH_ECOM_03,2025-03-09T23:00:00+00:00,item_not_received,2342.12,True,True,False,False,True,4,False,False,False,113,False,lost
TXN104509,MERCH_RETAIL_01,2025-06-21T05:00:00+00:00,duplicate_charge,3518.7,True,True,False,False,True,6,True,True,False,9,False,won
TXN104510,MERCH_RETAIL_01,2025-05-10T08:00:00+00:00,item_not_received,1837.4,True,True,True,True,True,1,False,False,False,51,False,lost
TXN104511,MERCH_ECOM_03,2025-04-30T12:00:00+00:00,item_not_received,1130.22,True,False,False,True,True,6,False,False,False,61,False,won
TXN104512,MERCH_DIGITAL_04,2025-03-19T14:00:00+00:00,item_not_received,6230.64,False,False,False,False,True,3,False,False,False,103,False,lost
TXN104513,MERCH_ECOM_03,2025-01-23T18:00:00+00:00,item_not_received,1276.87,True,True,False,True,False,4,False,False,False,158,False,won
TXN104514,MERCH_SAAS_02,2025-04-19T09:00:00+00:00,item_not_received,716.82,False,False,False,True,False,1,False,False,False,72,False,won
TXN104515,MERCH_DIGITAL_04,2025-01-30T14:00:00+00:00,item_not_received,1981.11,True,True,True,True,True,6,False,False,False,151,False,won
TXN104516,MERCH_SAAS_02,2025-03-21T22:00:00+00:00,duplicate_charge,3125.46,True,True,True,True,False,5,False,True,False,101,False,lost
TXN104517,MERCH_RETAIL_01,2025-05-19T15:00:00+00:00,unrecognized_transaction,1077.59,False,False,False,True,True,3,False,False,False,42,False,won
TXN104518,MERCH_SAAS_02,2025-02-26T19:00:00+00:00,duplicate_charge,632.54,False,False,False,False,False,2,False,True,False,124,False,won
TXN104519,MERCH_ECOM_03,2025-05-28T04:00:00+00:00,item_not_received,2677.52,True,True,True,True,True,2,False,False,False,33,False,won
TXN104520,MERCH_SAAS_02,2025-05-08T09:00:00+00:00,item_not_received,5921.41,False,False,True,True,True,4,False,False,False,53,True,lost
TXN104521,MERCH_ECOM_03,2025-05-11T18:00:00+00:00,item_not_received,1443.66,True,True,False,True,False,1,False,False,False,50,False,won
TXN104522,MERCH_RETAIL_01,2025-06-23T18:00:00+00:00,subscription_cancelled,4585.02,True,True,True,True,False,3,True,False,False,7,False,lost
TXN104523,MERCH_ECOM_03,2025-06-01T23:00:00+00:00,item_not_received,8197.06,True,True,True,True,True,8,False,False,False,29,False,won
TXN104524,MERCH_RETAIL_01,2025-02-23T08:00:00+00:00,item_not_received,4043.32,False,True,True,True,True,0,True,False,False,127,True,won
TXN104525,MERCH_DIGITAL_04,2025-02-21T06:00:00+00:00,item_not_as_described,6136.92,False,False,True,True,True,6,False,False,False,129,True,lost
TXN104526,MERCH_ECOM_03,2025-04-15T06:00:00+00:00,item_not_as_described,942.13,False,False,False,True,False,3,True,False,False,76,False,won
TXN104527,MERCH_ECOM_03,2025-04-22T23:00:00+00:00,unrecognized_transaction,1170.39,False,False,False,False,True,4,True,False,False,69,False,won
TXN104528,MERCH_SAAS_02,2025-01-15T08:00:00+00:00,item_not_received,1593.72,True,True,True,True,True,3,False,False,False,166,False,won
TXN104529,MERCH_SAAS_02,2025-04-28T14:00:00+00:00,unrecognized_transaction,2332.24,True,True,False,True,False,0,False,False,False,63,False,lost
TXN104530,MERCH_ECOM_03,2025-02-13T03:00:00+00:00,item_not_received,1838.35,False,False,False,False,True,2,False,False,False,137,False,lost
TXN104531,MERCH_ECOM_03,2025-05-17T17:00:00+00:00,unrecognized_transaction,3795.28,False,False,False,True,True,1,False,False,False,44,False,lost
TXN104532,MERCH_SAAS_02,2025-01-13T04:00:00+00:00,unrecognized_transaction,1288.82,False,False,False,True,True,4,True,False,False,168,False,lost
TXN104533,MERCH_RETAIL_01,2025-02-25T03:00:00+00:00,unrecognized_transaction,9161.04,True,True,True,True,True,1,True,False,False,125,False,won
TXN104534,MERCH_ECOM_03,2025-03-31T22:00:00+00:00,item_not_as_described,5426.46,True,True,True,True,True,2,True,False,False,91,False,won
TXN104535,MERCH_DIGITAL_04,2025-06-24T10:00:00+00:00,unrecognized_transaction,4727.68,True,False,True,True,True,6,False,False,False,6,False,won
TXN104536,MERCH_ECOM_03,2025-02-24T14:00:00+00:00,duplicate_charge,1804.58,False,False,False,True,True,4,False,True,False,126,False,lost
TXN104537,MERCH_SAAS_02,2025-06-07T18:00:00+00:00,unrecognized_transaction,1412.09,True,True,True,True,True,4,False,False,False,23,False,won
TXN104538,MERCH_RETAIL_01,2025-04-19T19:00:00+00:00,item_not_received,2000.0,False,True,True,False,False,4,False,False,False,72,True,won
TXN104539,MERCH_RETAIL_01,2025-01-15T16:00:00+00:00,duplicate_charge,5031.47,False,False,False,False,True,4,True,True,False,166,False,won
TXN104540,MERCH_SAAS_02,2025-02-10T00:00:00+00:00,unrecognized_transaction,2120.95,True,False,True,False,False,5,False,False,False,140,False,lost
TXN104541,MERCH_SAAS_02,2025-02-03T00:00:00+00:00,item_not_as_described,4624.93,True,True,True,True,True,2,False,False,False,147,False,lost
TXN104542,MERCH_ECOM_03,2025-04-20T17:00:00+00:00,unrecognized_transaction,5760.48,True,True,False,True,True,2,True,False,False,71,False,lost
TXN104543,MERCH_RETAIL_01,2025-03-11T00:00:00+00:00,item_not_as_described,3112.51,False,False,False,False,True,7,True,False,False,111,False,won
TXN104544,MERCH_SAAS_02,2025-06-06T01:00:00+00:00,unrecognized_transaction,540.09,False,False,False,True,True,6,False,False,False,24,False,won
TXN104545,MERCH_RETAIL_01,2025-02-11T15:00:00+00:00,item_not_received,2043.03,False,False,False,True,False,4,True,False,False,139,False,lost
TXN104546,MERCH_RETAIL_01,2025-03-16T11:00:00+00:00,item_not_received,6350.39,True,True,True,False,True,10,False,False,False,106,False,won
TXN104547,MERCH_SAAS_02,2025-06-22T22:00:00+00:00,item_not_received,2514.33,True,False,False,True,False,5,False,False,False,8,False,won
TXN104548,MERCH_RETAIL_01,2025-06-15T22:00:00+00:00,duplicate_charge,2189.47,True,True,True,True,True,2,True,True,False,15,False,won
TXN104549,MERCH_RETAIL_01,2025-01-20T06:00:00+00:00,item_not_received,3890.64,True,True,True,True,True,1,True,False,False,161,False,lost
TXN104550,MERCH_ECOM_03,2025-05-28T12:00:00+00:00,unrecognized_transaction,2841.5,True,True,True,True,False,5,False,False,False,33,False,lost
TXN104551,MERCH_ECOM_03,2025-03-07T07:00:00+00:00,item_not_received,2768.27,False,False,False,True,True,2,False,False,False,115,False,won
TXN104552,MERCH_ECOM_03,2025-01-12T17:00:00+00:00,unrecognized_transaction,4836.4,False,False,False,False,True,7,False,False,False,169,False,won
TXN104553,MERCH_ECOM_03,2025-04-14T19:00:00+00:00,item_not_received,1874.3,True,True,True,True,False,6,True,False,False,77,False,won
TXN104554,MERCH_ECOM_03,2025-06-16T22:00:00+00:00,duplicate_charge,108.6,False,False,False,True,False,3,False,True,False,14,False,won
TXN104555,MERCH_RETAIL_01,2025-03-21T09:00:00+00:00,unrecognized_transaction,2188.06,True,True,False,True,True,4,False,False,False,101,False,won
TXN104556,MERCH_DIGITAL_04,2025-04-17T20:00:00+00:00,item_not_received,6878.4,False,False,False,True,False,2,False,False,False,74,False,lost
TXN104557,MERCH_RETAIL_01,2025-05-21T18:00:00+00:00,item_not_received,3076.8,True,False,False,False,True,2,True,False,False,40,False,won
TXN104558,MERCH_RETAIL_01,2025-06-01T01:00:00+00:00,item_not_as_described,441.63,True,True,True,True,True,0,False,False,False,29,False,lost
TXN104559,MERCH_SAAS_02,2025-06-06T05:00:00+00:00,item_not_as_described,1737.57,True,True,False,True,True,4,True,False,False,24,False,won
TXN104560,MERCH_ECOM_03,2025-04-17T20:00:00+00:00,unrecognized_transaction,1967.65,True,True,False,False,True,3,False,False,False,74,False,lost
TXN104561,MERCH_DIGITAL_04,2025-01-23T09:00:00+00:00,item_not_received,703.59,True,True,False,False,False,4,True,False,False,158,False,won
TXN104562,MERCH_SAAS_02,2025-01-15T06:00:00+00:00,item_not_received,3173.25,True,True,True,True,False,3,False,False,False,166,False,won
TXN104563,MERCH_SAAS_02,2025-06-11T10:00:00+00:00,item_not_received,520.13,True,True,False,True,False,1,False,False,False,19,False,won
TXN104564,MERCH_RETAIL_01,2025-04-25T18:00:00+00:00,subscription_cancelled,241.21,False,False,False,False,True,4,True,False,False,66,False,lost
TXN104565,MERCH_RETAIL_01,2025-01-01T11:00:00+00:00,item_not_received,2555.46,True,False,False,True,True,2,True,False,False,180,False,lost
TXN104566,MERCH_SAAS_02,2025-02-14T20:00:00+00:00,unrecognized_transaction,3054.64,False,True,True,False,True,2,False,False,False,136,True,lost
TXN104567,MERCH_ECOM_03,2025-06-14T16:00:00+00:00,item_not_received,1849.12,False,False,False,True,True,0,False,False,False,16,False,won
TXN104568,MERCH_SAAS_02,2025-06-29T19:00:00+00:00,unrecognized_transaction,945.24,False,False,False,True,True,2,True,False,False,1,False,won
TXN104569,MERCH_RETAIL_01,2025-02-27T02:00:00+00:00,item_not_received,3120.62,True,True,True,True,False,3,True,False,False,123,False,won
TXN104570,MERCH_ECOM_03,2025-02-08T09:00:00+00:00,duplicate_charge,9327.41,True,True,False,True,False,3,True,True,False,142,False,won
TXN104571,MERCH_RETAIL_01,2025-03-02T08:00:00+00:00,item_not_as_described,486.04,True,True,True,True,True,5,False,False,False,120,False,lost
TXN104572,MERCH_ECOM_03,2025-05-16T20:00:00+00:00,item_not_received,262.73,True,True,True,True,False,5,False,False,False,45,False,won
TXN104573,MERCH_ECOM_03,2025-03-26T16:00:00+00:00,subscription_cancelled,2443.82,False,False,False,True,True,5,False,False,True,96,False,won
TXN104574,MERCH_RETAIL_01,2025-03-01T19:00:00+00:00,unrecognized_transaction,2869.71,False,False,False,True,True,3,False,False,False,121,False,lost
TXN104575,MERCH_SAAS_02,2025-05-16T06:00:00+00:00,unrecognized_transaction,798.56,True,True,True,True,True,2,False,False,False,45,False,won
TXN104576,MERCH_RETAIL_01,2025-02-27T05:00:00+00:00,subscription_cancelled,1936.83,True,True,False,True,True,3,False,False,True,123,False,won
TXN104577,MERCH_ECOM_03,2025-04-01T10:00:00+00:00,unrecognized_transaction,843.87,False,False,False,False,False,2,False,False,False,90,False,won
TXN104578,MERCH_SAAS_02,2025-03-25T14:00:00+00:00,item_not_received,962.85,False,False,False,True,True,2,False,False,False,97,False,lost
TXN104579,MERCH_ECOM_03,2025-03-25T18:00:00+00:00,item_not_received,2355.59,True,False,True,True,True,5,False,False,False,97,False,won
TXN104580,MERCH_SAAS_02,2025-02-27T11:00:00+00:00,subscription_cancelled,3090.14,False,False,False,False,True,3,True,False,False,123,False,lost
TXN104581,MERCH_DIGITAL_04,2025-05-07T15:00:00+00:00,duplicate_charge,2186.61,True,False,True,False,False,2,True,True,False,54,False,lost
TXN104582,MERCH_ECOM_03,2025-03-21T18:00:00+00:00,item_not_received,4252.0,False,False,False,True,False,6,True,False,False,101,False,won
TXN104583,MERCH_RETAIL_01,2025-05-07T16:00:00+00:00,item_not_received,4403.12,False,False,False,True,True,1,True,False,False,54,False,lost
TXN104584,MERCH_RETAIL_01,2025-02-11T02:00:00+00:00,unrecognized_transaction,1918.22,True,True,True,True,True,4,False,False,False,139,False,lost
TXN104585,MERCH_SAAS_02,2025-01-10T11:00:00+00:00,unrecognized_transaction,3600.53,False,False,False,True,True,1,True,False,False,171,False,won
TXN104586,MERCH_ECOM_03,2025-05-21T23:00:00+00:00,duplicate_charge,927.5,True,True,True,True,True,3,True,True,False,40,False,won
TXN104587,MERCH_RETAIL_01,2025-06-18T08:00:00+00:00,duplicate_charge,70.31,False,True,True,True,False,4,True,True,False,12,True,lost
TXN104588,MERCH_ECOM_03,2025-04-25T10:00:00+00:00,unrecognized_transaction,2146.34,True,True,True,True,True,2,True,False,False,66,False,lost
TXN104589,MERCH_SAAS_02,2025-03-01T23:00:00+00:00,item_not_received,4229.92,True,False,False,True,True,2,True,False,False,121,False,won
TXN104590,MERCH_RETAIL_01,2025-03-14T16:00:00+00:00,item_not_received,2330.57,True,True,False,True,False,9,True,False,False,108,False,won
TXN104591,MERCH_RETAIL_01,2025-06-13T15:00:00+00:00,item_not_received,2264.72,True,True,True,True,False,6,False,False,False,17,False,won
TXN104592,MERCH_ECOM_03,2025-03-19T16:00:00+00:00,item_not_received,3168.82,True,True,False,True,True,6,False,False,False,103,False,lost
TXN104593,MERCH_ECOM_03,2025-03-08T09:00:00+00:00,subscription_cancelled,3889.09,True,True,True,False,True,4,False,False,True,114,False,won
TXN104594,MERCH_ECOM_03,2025-01-27T16:00:00+00:00,subscription_cancelled,3647.24,True,True,True,False,True,1,False,False,False,154,False,lost
TXN104595,MERCH_ECOM_03,2025-06-07T06:00:00+00:00,item_not_as_described,1158.13,False,False,False,True,False,4,True,False,False,23,False,won
TXN104596,MERCH_SAAS_02,2025-06-28T05:00:00+00:00,duplicate_charge,1020.96,False,False,False,False,True,5,True,True,False,2,False,won
TXN104597,MERCH_ECOM_03,2025-02-07T02:00:00+00:00,duplicate_charge,701.61,True,False,False,False,True,3,True,False,False,143,False,lost
TXN104598,MERCH_RETAIL_01,2025-02-07T11:00:00+00:00,item_not_as_described,2311.44,False,True,True,False,True,4,True,False,False,143,True,lost
TXN104599,MERCH_SAAS_02,2025-06-09T02:00:00+00:00,item_not_as_described,503.99,True,False,False,True,True,4,False,False,False,21,False,won
TXN104600,MERCH_RETAIL_01,2025-04-18T20:00:00+00:00,duplicate_charge,803.06,True,False,False,False,False,4,True,True,False,73,False,won
TXN104601,MERCH_RETAIL_01,2025-03-03T17:00:00+00:00,item_not_received,1262.78,True,True,False,True,True,4,False,False,False,119,False,lost
TXN104602,MERCH_RETAIL_01,2025-03-05T04:00:00+00:00,duplicate_charge,2375.26,True,True,True,True,False,3,True,True,False,117,False,won
TXN104603,MERCH_SAAS_02,2025-06-29T03:00:00+00:00,subscription_cancelled,6600.57,False,False,False,True,True,5,False,False,False,1,False,won
TXN104604,MERCH_ECOM_03,2025-05-31T15:00:00+00:00,item_not_as_described,4497.09,True,True,True,True,True,0,False,False,False,30,False,lost
TXN104605,MERCH_RETAIL_01,2025-04-16T16:00:00+00:00,item_not_as_described,4256.98,False,False,True,True,False,5,True,False,False,75,True,won
TXN104606,MERCH_ECOM_03,2025-01-29T22:00:00+00:00,item_not_received,889.56,False,False,False,True,False,2,True,False,False,152,False,won
TXN104607,MERCH_ECOM_03,2025-04-18T03:00:00+00:00,subscription_cancelled,3484.63,True,True,False,False,True,6,False,False,True,73,False,won
TXN104608,MERCH_SAAS_02,2025-03-23T04:00:00+00:00,item_not_received,2301.58,True,True,True,True,True,3,False,False,False,99,False,won
TXN104609,MERCH_RETAIL_01,2025-02-08T10:00:00+00:00,item_not_received,3329.27,True,True,False,True,True,2,False,False,False,142,False,won
TXN104610,MERCH_ECOM_03,2025-04-24T11:00:00+00:00,item_not_as_described,2511.92,True,True,True,False,False,4,False,False,False,67,False,lost
TXN104611,MERCH_DIGITAL_04,2025-05-21T11:00:00+00:00,item_not_as_described,2259.1,False,False,False,True,False,3,False,False,False,40,False,lost
TXN104612,MERCH_RETAIL_01,2025-04-19T18:00:00+00:00,item_not_received,1326.36,False,False,False,True,True,4,False,False,False,72,False,won
TXN104613,MERCH_RETAIL_01,2025-05-01T02:00:00+00:00,unrecognized_transaction,282.93,False,False,False,True,False,2,True,False,False,60,False,lost
TXN104614,MERCH_RETAIL_01,2025-02-14T05:00:00+00:00,item_not_received,1836.37,True,True,True,True,False,4,True,False,False,136,False,won
TXN104615,MERCH_SAAS_02,2025-06-26T19:00:00+00:00,duplicate_charge,1389.43,False,False,False,False,True,4,True,True,False,4,False,won
TXN104616,MERCH_SAAS_02,2025-05-23T21:00:00+00:00,unrecognized_transaction,2595.98,True,True,False,True,True,5,False,False,False,38,False,won
TXN104617,MERCH_RETAIL_01,2025-06-23T12:00:00+00:00,duplicate_charge,1373.28,False,False,False,True,False,8,True,True,False,7,False,won
TXN104618,MERCH_RETAIL_01,2025-01-22T16:00:00+00:00,unrecognized_transaction,3559.09,True,True,True,False,True,1,True,False,False,159,False,lost
TXN104619,MERCH_RETAIL_01,2025-01-22T04:00:00+00:00,item_not_received,2581.16,True,False,True,False,True,2,False,False,False,159,False,lost
TXN104620,MERCH_RETAIL_01,2025-06-09T07:00:00+00:00,subscription_cancelled,1298.54,True,True,False,False,True,3,True,False,False,21,False,lost
TXN104621,MERCH_ECOM_03,2025-05-29T15:00:00+00:00,item_not_received,2598.12,False,False,False,False,False,3,False,False,False,32,False,lost
TXN104622,MERCH_RETAIL_01,2025-05-18T23:00:00+00:00,item_not_received,3100.94,True,True,True,True,True,1,False,False,False,43,False,won
TXN104623,MERCH_ECOM_03,2025-04-06T03:00:00+00:00,subscription_cancelled,1785.21,False,False,False,False,True,3,True,False,True,85,False,won
TXN104624,MERCH_SAAS_02,2025-02-24T18:00:00+00:00,duplicate_charge,4419.72,False,True,True,False,False,2,False,True,False,126,True,won
TXN104625,MERCH_SAAS_02,2025-03-19T18:00:00+00:00,item_not_as_described,2768.95,True,False,True,False,False,1,False,False,False,103,False,lost
TXN104626,MERCH_SAAS_02,2025-01-20T09:00:00+00:00,subscription_cancelled,3610.98,True,True,False,True,True,3,True,False,False,161,False,lost
TXN104627,MERCH_RETAIL_01,2025-06-20T15:00:00+00:00,item_not_received,2318.92,True,True,False,True,True,4,False,False,False,10,False,won
TXN104628,MERCH_ECOM_03,2025-03-29T13:00:00+00:00,item_not_as_described,1448.36,True,True,True,False,False,4,True,False,False,93,False,won
TXN104629,MERCH_RETAIL_01,2025-02-25T11:00:00+00:00,duplicate_charge,4365.32,False,False,False,False,True,4,False,False,False,125,False,lost
TXN104630,MERCH_SAAS_02,2025-06-18T05:00:00+00:00,unrecognized_transaction,3277.18,True,False,True,True,False,8,True,False,False,12,False,won
TXN104631,MERCH_RETAIL_01,2025-03-07T00:00:00+00:00,duplicate_charge,1028.86,True,True,True,False,False,4,True,True,False,115,False,won
TXN104632,MERCH_SAAS_02,2025-04-28T11:00:00+00:00,duplicate_charge,2095.17,True,True,True,True,False,4,True,False,False,63,False,lost
TXN104633,MERCH_RETAIL_01,2025-03-22T05:00:00+00:00,subscription_cancelled,1924.5,True,True,False,False,True,4,True,False,False,100,False,lost
TXN104634,MERCH_SAAS_02,2025-04-24T03:00:00+00:00,subscription_cancelled,4503.57,True,True,True,True,True,6,False,False,False,67,False,lost
TXN104635,MERCH_RETAIL_01,2025-01-14T14:00:00+00:00,unrecognized_transaction,3853.78,True,True,False,True,True,4,True,False,False,167,False,lost
TXN104636,MERCH_RETAIL_01,2025-05-08T12:00:00+00:00,item_not_as_described,2174.15,False,False,False,True,True,2,True,False,False,53,False,won
TXN104637,MERCH_RETAIL_01,2025-01-26T16:00:00+00:00,duplicate_charge,164.67,False,False,False,True,True,4,True,True,False,155,False,won
TXN104638,MERCH_DIGITAL_04,2025-04-15T06:00:00+00:00,item_not_received,1016.73,True,False,False,True,True,6,True,False,False,76,False,lost
TXN104639,MERCH_RETAIL_01,2025-03-02T15:00:00+00:00,item_not_received,1872.96,False,False,False,True,True,3,False,False,False,120,False,won
TXN104640,MERCH_DIGITAL_04,2025-06-28T09:00:00+00:00,item_not_received,2576.74,False,False,True,True,True,9,False,False,False,2,True,lost
TXN104641,MERCH_RETAIL_01,2025-06-23T06:00:00+00:00,item_not_as_described,2494.52,False,False,False,False,True,5,True,False,False,7,False,won
TXN104642,MERCH_RETAIL_01,2025-06-21T00:00:00+00:00,item_not_as_described,1083.55,False,False,False,True,True,3,False,False,False,9,False,won
TXN104643,MERCH_ECOM_03,2025-06-13T19:00:00+00:00,item_not_received,1021.14,True,True,True,True,False,0,False,False,False,17,False,won
TXN104644,MERCH_RETAIL_01,2025-02-05T11:00:00+00:00,duplicate_charge,4649.73,False,False,False,False,True,2,False,False,False,145,False,lost
TXN104645,MERCH_RETAIL_01,2025-06-28T10:00:00+00:00,item_not_received,3518.07,False,False,False,False,True,3,False,False,False,2,False,lost
TXN104646,MERCH_ECOM_03,2025-04-11T14:00:00+00:00,item_not_received,1221.04,True,False,True,False,True,3,True,False,False,80,False,lost
TXN104647,MERCH_RETAIL_01,2025-03-23T10:00:00+00:00,item_not_as_described,1136.86,True,True,True,True,False,4,True,False,False,99,False,lost
TXN104648,MERCH_SAAS_02,2025-06-17T19:00:00+00:00,item_not_as_described,7209.23,False,False,False,False,True,7,False,False,False,13,False,won
TXN104649,MERCH_ECOM_03,2025-03-02T12:00:00+00:00,item_not_received,2875.81,True,True,False,True,False,2,False,False,False,120,False,won
TXN104650,MERCH_ECOM_03,2025-03-31T16:00:00+00:00,item_not_received,2207.13,False,False,False,True,True,1,False,False,False,91,False,lost
TXN104651,MERCH_ECOM_03,2025-04-03T02:00:00+00:00,unrecognized_transaction,2429.98,False,False,False,False,True,6,False,False,False,88,False,won
TXN104652,MERCH_RETAIL_01,2025-02-11T13:00:00+00:00,item_not_received,2372.91,False,False,False,True,True,1,False,False,False,139,False,lost
TXN104653,MERCH_SAAS_02,2025-03-21T19:00:00+00:00,duplicate_charge,3545.62,False,False,False,True,False,3,False,True,False,101,False,won
TXN104654,MERCH_ECOM_03,2025-05-02T00:00:00+00:00,item_not_received,594.03,True,True,True,False,False,5,False,False,False,59,False,won
TXN104655,MERCH_SAAS_02,2025-01-04T04:00:00+00:00,item_not_received,2937.86,True,True,True,True,True,4,True,False,False,177,False,won
TXN104656,MERCH_RETAIL_01,2025-03-28T19:00:00+00:00,duplicate_charge,5429.33,True,True,True,False,False,5,True,True,False,94,False,lost
TXN104657,MERCH_DIGITAL_04,2025-05-02T16:00:00+00:00,unrecognized_transaction,869.56,True,False,True,True,True,3,False,False,False,59,False,lost
TXN104658,MERCH_RETAIL_01,2025-01-09T13:00:00+00:00,item_not_received,3961.87,True,False,False,False,False,3,False,False,False,172,False,lost
TXN104659,MERCH_ECOM_03,2025-06-20T15:00:00+00:00,duplicate_charge,1237.0,True,True,False,True,True,1,True,True,False,10,False,won
TXN104660,MERCH_SAAS_02,2025-05-20T23:00:00+00:00,item_not_received,636.44,False,False,False,True,True,4,False,False,False,41,False,lost
TXN104661,MERCH_SAAS_02,2025-01-27T05:00:00+00:00,duplicate_charge,3522.65,False,False,False,False,True,3,True,True,False,154,False,won
TXN104662,MERCH_RETAIL_01,2025-01-13T12:00:00+00:00,item_not_received,2062.78,False,False,False,True,False,1,False,False,False,168,False,lost
TXN104663,MERCH_RETAIL_01,2025-01-20T03:00:00+00:00,item_not_received,5772.21,False,False,False,False,True,3,False,False,False,161,False,lost
TXN104664,MERCH_RETAIL_01,2025-06-18T11:00:00+00:00,item_not_received,7033.62,True,True,True,True,True,0,True,False,False,12,False,won
TXN104665,MERCH_SAAS_02,2025-02-12T05:00:00+00:00,item_not_received,1586.99,True,True,False,False,False,3,True,False,False,138,False,won
TXN104666,MERCH_RETAIL_01,2025-03-01T01:00:00+00:00,duplicate_charge,1536.9,True,False,False,True,True,7,False,True,False,121,False,lost
TXN104667,MERCH_ECOM_03,2025-05-28T13:00:00+00:00,item_not_received,4748.19,True,True,False,True,True,3,True,False,False,33,False,won
TXN104668,MERCH_RETAIL_01,2025-06-13T18:00:00+00:00,unrecognized_transaction,4615.17,False,False,False,True,False,3,False,False,False,17,False,lost
TXN104669,MERCH_ECOM_03,2025-03-23T19:00:00+00:00,item_not_as_described,4218.72,True,False,False,True,True,3,False,False,False,99,False,lost
TXN104670,MERCH_ECOM_03,2025-02-19T06:00:00+00:00,item_not_received,4430.39,False,False,False,True,True,3,True,False,False,131,False,lost
TXN104671,MERCH_RETAIL_01,2025-03-03T12:00:00+00:00,item_not_as_described,1606.45,False,False,False,True,False,2,False,False,False,119,False,lost
TXN104672,MERCH_ECOM_03,2025-04-25T01:00:00+00:00,item_not_as_described,2956.6,True,False,True,False,True,4,True,False,False,66,False,won
TXN104673,MERCH_RETAIL_01,2025-03-29T07:00:00+00:00,subscription_cancelled,948.44,True,True,False,True,False,4,True,False,False,93,False,lost
TXN104674,MERCH_ECOM_03,2025-01-18T23:00:00+00:00,item_not_received,786.13,True,True,True,True,True,4,False,False,False,163,False,won
TXN104675,MERCH_SAAS_02,2025-06-19T21:00:00+00:00,item_not_received,522.02,False,False,False,True,False,3,False,False,False,11,False,lost
TXN104676,MERCH_RETAIL_01,2025-01-13T04:00:00+00:00,duplicate_charge,963.88,True,False,True,True,False,1,True,True,False,168,False,won
TXN104677,MERCH_RETAIL_01,2025-04-22T17:00:00+00:00,subscription_cancelled,570.91,False,False,False,True,True,4,False,False,True,69,False,won
TXN104678,MERCH_SAAS_02,2025-01-11T01:00:00+00:00,item_not_as_described,3253.98,True,True,False,True,True,2,False,False,False,170,False,lost
TXN104679,MERCH_ECOM_03,2025-03-30T18:00:00+00:00,item_not_received,2702.35,True,True,True,False,True,2,True,False,False,92,False,won
TXN104680,MERCH_SAAS_02,2025-05-12T04:00:00+00:00,duplicate_charge,1132.79,True,True,False,True,True,4,False,False,False,49,False,lost
TXN104681,MERCH_RETAIL_01,2025-04-29T19:00:00+00:00,unrecognized_transaction,2780.32,True,True,False,True,True,4,True,False,False,62,False,won
TXN104682,MERCH_RETAIL_01,2025-01-07T08:00:00+00:00,unrecognized_transaction,485.08,True,False,True,True,True,3,False,False,False,174,False,won
TXN104683,MERCH_SAAS_02,2025-05-22T19:00:00+00:00,subscription_cancelled,2000.45,False,False,False,False,True,4,False,False,True,39,False,won
TXN104684,MERCH_SAAS_02,2025-04-02T21:00:00+00:00,unrecognized_transaction,4136.08,True,True,False,True,True,1,False,False,False,89,False,lost
TXN104685,MERCH_ECOM_03,2025-05-07T07:00:00+00:00,unrecognized_transaction,3227.7,True,True,True,False,True,3,True,False,False,54,False,lost
TXN104686,MERCH_RETAIL_01,2025-05-04T08:00:00+00:00,duplicate_charge,1261.34,True,True,False,True,True,3,True,False,False,57,False,lost
TXN104687,MERCH_SAAS_02,2025-01-22T02:00:00+00:00,item_not_received,2061.44,True,True,True,True,False,1,True,False,False,159,False,lost
TXN104688,MERCH_ECOM_03,2025-03-20T13:00:00+00:00,duplicate_charge,201.04,True,False,True,True,False,4,False,True,False,102,False,won
TXN104689,MERCH_RETAIL_01,2025-06-02T07:00:00+00:00,item_not_received,3908.13,True,True,False,True,False,3,True,False,False,28,False,won
TXN104690,MERCH_RETAIL_01,2025-04-23T03:00:00+00:00,unrecognized_transaction,7552.08,True,True,True,False,True,4,False,False,False,68,False,lost
TXN104691,MERCH_ECOM_03,2025-04-15T00:00:00+00:00,unrecognized_transaction,725.1,False,False,False,False,True,3,True,False,False,76,False,lost
TXN104692,MERCH_ECOM_03,2025-05-18T08:00:00+00:00,duplicate_charge,412.97,False,False,False,True,False,8,True,True,False,43,False,won
TXN104693,MERCH_RETAIL_01,2025-05-23T18:00:00+00:00,item_not_received,739.12,True,True,False,True,True,2,False,False,False,38,False,lost
TXN104694,MERCH_ECOM_03,2025-03-13T18:00:00+00:00,unrecognized_transaction,1617.96,False,False,False,True,True,6,True,False,False,109,False,won
TXN104695,MERCH_DIGITAL_04,2025-05-25T18:00:00+00:00,unrecognized_transaction,1603.87,False,False,False,True,False,6,False,False,False,36,False,lost
TXN104696,MERCH_RETAIL_01,2025-01-27T23:00:00+00:00,item_not_received,2099.97,False,False,False,True,False,5,False,False,False,154,False,lost
TXN104697,MERCH_ECOM_03,2025-06-12T01:00:00+00:00,item_not_received,3099.79,False,False,False,True,True,3,False,False,False,18,False,lost
TXN104698,MERCH_ECOM_03,2025-02-08T05:00:00+00:00,item_not_received,3728.76,True,True,False,True,True,7,True,False,False,142,False,won
TXN104699,MERCH_RETAIL_01,2025-01-27T00:00:00+00:00,item_not_as_described,1643.61,False,False,False,True,True,4,True,False,False,154,False,lost
TXN104700,MERCH_RETAIL_01,2025-02-22T06:00:00+00:00,item_not_received,2166.21,False,False,False,False,True,6,True,False,False,128,False,won
TXN104701,MERCH_SAAS_02,2025-06-17T13:00:00+00:00,item_not_received,2859.34,True,True,True,False,False,3,True,False,False,13,False,won
TXN104702,MERCH_DIGITAL_04,2025-02-16T05:00:00+00:00,item_not_received,5103.94,True,True,False,True,True,2,True,False,False,134,False,lost
TXN104703,MERCH_RETAIL_01,2025-05-05T11:00:00+00:00,item_not_received,2228.62,False,False,False,False,True,0,True,False,False,56,False,lost
TXN104704,MERCH_SAAS_02,2025-06-06T20:00:00+00:00,unrecognized_transaction,4025.73,False,False,False,False,True,2,False,False,False,24,False,lost
TXN104705,MERCH_ECOM_03,2025-04-26T02:00:00+00:00,item_not_received,5188.72,True,True,False,True,False,5,False,False,False,65,False,won
TXN104706,MERCH_RETAIL_01,2025-06-07T09:00:00+00:00,item_not_received,4627.26,True,False,False,True,True,4,True,False,False,23,False,won
TXN104707,MERCH_SAAS_02,2025-01-28T00:00:00+00:00,unrecognized_transaction,3314.44,True,False,False,False,True,4,True,False,False,153,False,lost
TXN104708,MERCH_RETAIL_01,2025-01-21T11:00:00+00:00,unrecognized_transaction,2554.46,True,True,False,True,True,5,True,False,False,160,False,won
TXN104709,MERCH_DIGITAL_04,2025-03-29T17:00:00+00:00,item_not_received,1551.46,False,False,False,True,True,3,False,False,False,93,False,lost
TXN104710,MERCH_RETAIL_01,2025-01-01T05:00:00+00:00,unrecognized_transaction,3580.33,False,False,False,True,True,4,True,False,False,180,False,won
TXN104711,MERCH_RETAIL_01,2025-04-25T21:00:00+00:00,duplicate_charge,1973.04,True,False,True,False,True,8,False,True,False,66,False,lost
TXN104712,MERCH_DIGITAL_04,2025-02-11T07:00:00+00:00,duplicate_charge,9454.42,False,False,False,True,False,6,False,False,False,139,False,lost
TXN104713,MERCH_SAAS_02,2025-03-23T21:00:00+00:00,item_not_received,383.17,False,False,False,False,True,9,False,False,False,99,False,lost
TXN104714,MERCH_RETAIL_01,2025-03-20T01:00:00+00:00,duplicate_charge,636.02,True,True,True,True,True,3,True,False,False,102,False,won
TXN104715,MERCH_RETAIL_01,2025-01-25T08:00:00+00:00,unrecognized_transaction,4239.41,True,True,True,False,True,9,False,False,False,156,False,lost
TXN104716,MERCH_DIGITAL_04,2025-03-29T19:00:00+00:00,item_not_as_described,1720.35,True,True,False,False,True,8,False,False,False,93,False,lost
TXN104717,MERCH_RETAIL_01,2025-04-01T22:00:00+00:00,item_not_received,1233.97,True,True,True,True,False,6,False,False,False,90,False,won
TXN104718,MERCH_ECOM_03,2025-04-15T08:00:00+00:00,unrecognized_transaction,5398.31,False,False,False,True,True,1,False,False,False,76,False,lost
TXN104719,MERCH_RETAIL_01,2025-02-11T10:00:00+00:00,item_not_received,3813.92,False,False,False,True,False,3,True,False,False,139,False,lost
TXN104720,MERCH_ECOM_03,2025-03-09T03:00:00+00:00,unrecognized_transaction,4072.97,False,False,False,True,False,2,False,False,False,113,False,lost
TXN104721,MERCH_RETAIL_01,2025-05-06T04:00:00+00:00,unrecognized_transaction,4172.25,True,True,True,False,True,2,False,False,False,55,False,lost
TXN104722,MERCH_SAAS_02,2025-06-26T12:00:00+00:00,subscription_cancelled,2862.91,True,True,False,True,True,6,True,False,False,4,False,lost
TXN104723,MERCH_ECOM_03,2025-04-21T13:00:00+00:00,subscription_cancelled,526.19,True,True,False,True,True,4,True,False,True,70,False,won
TXN104724,MERCH_ECOM_03,2025-03-15T01:00:00+00:00,item_not_received,2703.37,True,True,False,True,True,1,True,False,False,107,False,lost
TXN104725,MERCH_RETAIL_01,2025-04-28T21:00:00+00:00,item_not_received,2021.87,True,True,True,True,True,1,True,False,False,63,False,won
TXN104726,MERCH_ECOM_03,2025-02-25T07:00:00+00:00,item_not_received,1540.13,False,False,False,True,True,4,False,False,False,125,False,lost
TXN104727,MERCH_SAAS_02,2025-04-21T19:00:00+00:00,item_not_received,677.13,False,False,False,True,True,4,False,False,False,70,False,lost
TXN104728,MERCH_ECOM_03,2025-01-21T21:00:00+00:00,duplicate_charge,1009.24,True,True,True,True,True,4,True,True,False,160,False,won
TXN104729,MERCH_SAAS_02,2025-04-04T11:00:00+00:00,item_not_as_described,1851.12,False,False,False,True,True,2,True,False,False,87,False,lost
TXN104730,MERCH_SAAS_02,2025-04-27T03:00:00+00:00,item_not_received,3355.62,False,False,False,True,False,2,True,False,False,64,False,lost
TXN104731,MERCH_ECOM_03,2025-06-08T08:00:00+00:00,unrecognized_transaction,8798.86,False,False,False,True,True,5,True,False,False,22,False,won
TXN104732,MERCH_RETAIL_01,2025-05-31T11:00:00+00:00,item_not_as_described,867.14,True,True,False,True,True,4,True,False,False,30,False,won
TXN104733,MERCH_SAAS_02,2025-05-16T02:00:00+00:00,subscription_cancelled,3381.14,True,False,False,True,True,1,True,False,True,45,False,lost
TXN104734,MERCH_SAAS_02,2025-03-28T22:00:00+00:00,unrecognized_transaction,2373.5,True,True,True,False,False,7,False,False,False,94,False,won
TXN104735,MERCH_RETAIL_01,2025-02-19T10:00:00+00:00,item_not_as_described,972.94,True,True,True,True,True,4,False,False,False,131,False,lost
TXN104736,MERCH_SAAS_02,2025-01-17T09:00:00+00:00,subscription_cancelled,4658.89,False,False,False,False,False,4,True,False,False,164,False,lost
TXN104737,MERCH_RETAIL_01,2025-03-11T03:00:00+00:00,item_not_received,2398.24,True,True,False,True,True,2,True,False,False,111,False,won
TXN104738,MERCH_RETAIL_01,2025-02-25T10:00:00+00:00,unrecognized_transaction,1202.47,True,True,False,False,False,4,False,False,False,125,False,lost
TXN104739,MERCH_RETAIL_01,2025-06-13T00:00:00+00:00,item_not_received,5600.0,False,False,False,True,False,3,True,False,False,17,False,lost
TXN104740,MERCH_ECOM_03,2025-03-17T14:00:00+00:00,item_not_received,2430.07,True,True,False,True,False,7,False,False,False,105,False,lost
TXN104741,MERCH_SAAS_02,2025-06-27T07:00:00+00:00,unrecognized_transaction,1285.92,False,False,False,False,False,3,False,False,False,3,False,won
TXN104742,MERCH_SAAS_02,2025-04-24T21:00:00+00:00,item_not_as_described,1961.44,False,False,False,True,True,2,False,False,False,67,False,lost
TXN104743,MERCH_RETAIL_01,2025-02-01T01:00:00+00:00,unrecognized_transaction,264.95,True,True,False,True,False,7,True,False,False,149,False,lost
TXN104744,MERCH_DIGITAL_04,2025-04-03T07:00:00+00:00,item_not_received,224.25,True,False,True,True,False,6,True,False,False,88,False,won
TXN104745,MERCH_SAAS_02,2025-02-22T08:00:00+00:00,item_not_received,2526.24,False,False,False,True,True,2,False,False,False,128,False,lost
TXN104746,MERCH_ECOM_03,2025-01-03T07:00:00+00:00,unrecognized_transaction,1349.0,True,True,False,True,False,3,True,False,False,178,False,lost
TXN104747,MERCH_SAAS_02,2025-02-25T22:00:00+00:00,unrecognized_transaction,3962.26,True,True,True,False,False,5,False,False,False,125,False,lost
TXN104748,MERCH_RETAIL_01,2025-04-24T16:00:00+00:00,item_not_as_described,2140.89,False,False,False,True,True,3,False,False,False,67,False,lost
TXN104749,MERCH_DIGITAL_04,2025-02-04T18:00:00+00:00,unrecognized_transaction,2168.0,True,True,True,True,True,5,True,False,False,146,False,won
TXN104750,MERCH_SAAS_02,2025-04-27T20:00:00+00:00,unrecognized_transaction,5472.47,False,False,False,True,False,6,True,False,False,64,False,lost
TXN104751,MERCH_SAAS_02,2025-04-12T06:00:00+00:00,duplicate_charge,1810.98,True,True,True,True,True,3,False,True,False,79,False,lost
TXN104752,MERCH_DIGITAL_04,2025-04-10T23:00:00+00:00,unrecognized_transaction,3203.09,True,False,False,True,True,2,True,False,False,81,False,won
TXN104753,MERCH_RETAIL_01,2025-01-26T14:00:00+00:00,item_not_as_described,2478.12,False,False,False,True,True,5,False,False,False,155,False,lost
TXN104754,MERCH_RETAIL_01,2025-05-12T02:00:00+00:00,item_not_as_described,160.5,True,True,True,False,False,3,False,False,False,49,False,won
TXN104755,MERCH_ECOM_03,2025-06-25T19:00:00+00:00,subscription_cancelled,960.74,False,False,True,True,True,2,False,False,False,5,True,lost
TXN104756,MERCH_RETAIL_01,2025-04-14T20:00:00+00:00,item_not_received,2045.28,True,True,False,False,False,0,True,False,False,77,False,won
TXN104757,MERCH_SAAS_02,2025-01-23T18:00:00+00:00,item_not_received,2680.25,False,False,False,True,True,2,True,False,False,158,False,lost
TXN104758,MERCH_RETAIL_01,2025-02-10T22:00:00+00:00,item_not_received,3226.85,True,True,False,False,True,4,True,False,False,140,False,lost
TXN104759,MERCH_DIGITAL_04,2025-04-16T09:00:00+00:00,unrecognized_transaction,3845.32,False,False,False,True,True,6,True,False,False,75,False,won
TXN104760,MERCH_RETAIL_01,2025-05-29T21:00:00+00:00,duplicate_charge,1247.95,False,False,False,False,True,2,True,False,False,32,False,won
TXN104761,MERCH_RETAIL_01,2025-05-15T20:00:00+00:00,subscription_cancelled,1657.27,True,True,False,False,True,3,True,False,True,46,False,won
TXN104762,MERCH_SAAS_02,2025-02-01T03:00:00+00:00,unrecognized_transaction,462.71,False,False,False,False,False,7,True,False,False,149,False,lost
TXN104763,MERCH_SAAS_02,2025-06-25T10:00:00+00:00,unrecognized_transaction,74.2,False,False,False,False,True,5,True,False,False,5,False,won
TXN104764,MERCH_ECOM_03,2025-01-03T02:00:00+00:00,item_not_received,1578.51,True,True,True,True,False,5,True,False,False,178,False,won
TXN104765,MERCH_RETAIL_01,2025-01-29T16:00:00+00:00,subscription_cancelled,1902.8,True,True,True,True,True,3,False,False,True,152,False,won
TXN104766,MERCH_ECOM_03,2025-04-11T14:00:00+00:00,duplicate_charge,2620.63,False,False,False,False,True,2,False,False,False,80,False,lost
TXN104767,MERCH_ECOM_03,2025-04-20T22:00:00+00:00,item_not_received,4296.39,False,False,False,False,True,4,False,False,False,71,False,lost
TXN104768,MERCH_SAAS_02,2025-01-24T02:00:00+00:00,item_not_received,4656.48,True,True,True,True,False,5,False,False,False,157,False,won
TXN104769,MERCH_ECOM_03,2025-04-21T20:00:00+00:00,unrecognized_transaction,1988.95,True,True,True,True,False,2,False,False,False,70,False,lost
TXN104770,MERCH_ECOM_03,2025-01-17T13:00:00+00:00,unrecognized_transaction,1612.06,False,False,False,True,False,1,False,False,False,164,False,lost
TXN104771,MERCH_SAAS_02,2025-06-12T02:00:00+00:00,unrecognized_transaction,3678.44,False,False,False,True,False,4,False,False,False,18,False,won
TXN104772,MERCH_RETAIL_01,2025-02-28T17:00:00+00:00,unrecognized_transaction,532.47,True,True,False,True,True,5,False,False,False,122,False,won
TXN104773,MERCH_ECOM_03,2025-01-11T06:00:00+00:00,subscription_cancelled,3392.75,True,True,False,True,True,6,False,False,False,170,False,lost
TXN104774,MERCH_SAAS_02,2025-04-27T15:00:00+00:00,item_not_as_described,113.71,False,False,False,False,True,3,False,False,False,64,False,lost
TXN104775,MERCH_RETAIL_01,2025-05-16T09:00:00+00:00,item_not_received,2329.08,False,False,False,True,True,2,True,False,False,45,False,lost
TXN104776,MERCH_RETAIL_01,2025-05-31T00:00:00+00:00,duplicate_charge,1978.62,True,True,True,True,False,6,False,True,False,30,False,won
TXN104777,MERCH_DIGITAL_04,2025-03-05T21:00:00+00:00,duplicate_charge,2969.31,False,False,False,False,False,5,False,True,False,117,False,won
TXN104778,MERCH_ECOM_03,2025-06-02T09:00:00+00:00,duplicate_charge,452.6,True,False,False,True,True,6,False,True,False,28,False,won
TXN104779,MERCH_DIGITAL_04,2025-05-30T12:00:00+00:00,item_not_as_described,723.87,False,False,False,True,True,4,False,False,False,31,False,won
TXN104780,MERCH_RETAIL_01,2025-03-27T08:00:00+00:00,subscription_cancelled,662.57,True,False,False,True,True,2,True,False,True,95,False,won
TXN104781,MERCH_SAAS_02,2025-04-27T18:00:00+00:00,duplicate_charge,3249.65,False,False,False,True,True,4,False,True,False,64,False,lost
TXN104782,MERCH_ECOM_03,2025-02-06T00:00:00+00:00,item_not_as_described,1835.63,False,False,False,False,True,5,False,False,False,144,False,lost
TXN104783,MERCH_RETAIL_01,2025-01-20T02:00:00+00:00,item_not_received,842.05,True,True,False,False,False,2,False,False,False,161,False,won
TXN104784,MERCH_RETAIL_01,2025-02-10T07:00:00+00:00,unrecognized_transaction,1006.15,False,False,True,False,True,4,True,False,False,140,True,lost
TXN104785,MERCH_RETAIL_01,2025-03-05T11:00:00+00:00,item_not_received,1115.07,False,False,False,False,True,5,False,False,False,117,False,lost
TXN104786,MERCH_ECOM_03,2025-05-31T00:00:00+00:00,item_not_received,2339.34,True,True,True,True,True,6,True,False,False,30,False,lost
TXN104787,MERCH_DIGITAL_04,2025-01-08T21:00:00+00:00,unrecognized_transaction,2553.04,False,False,False,True,True,4,False,False,False,173,False,lost
TXN104788,MERCH_RETAIL_01,2025-06-09T10:00:00+00:00,unrecognized_transaction,514.93,False,False,False,True,True,5,True,False,False,21,False,lost
TXN104789,MERCH_RETAIL_01,2025-03-22T07:00:00+00:00,duplicate_charge,1548.99,True,True,True,False,True,3,True,True,False,100,False,won
TXN104790,MERCH_RETAIL_01,2025-01-18T12:00:00+00:00,item_not_as_described,3565.99,False,False,False,True,True,6,False,False,False,163,False,lost
TXN104791,MERCH_RETAIL_01,2025-04-15T01:00:00+00:00,item_not_as_described,1607.26,True,True,True,True,False,7,False,False,False,76,False,won
TXN104792,MERCH_DIGITAL_04,2025-06-19T17:00:00+00:00,item_not_as_described,3885.94,True,True,True,True,True,1,False,False,False,11,False,lost
TXN104793,MERCH_RETAIL_01,2025-01-18T00:00:00+00:00,item_not_as_described,1560.1,True,True,False,False,True,1,True,False,False,163,False,lost
TXN104794,MERCH_SAAS_02,2025-06-26T03:00:00+00:00,item_not_received,1452.16,False,False,False,False,False,1,False,False,False,4,False,lost
TXN104795,MERCH_RETAIL_01,2025-02-07T03:00:00+00:00,unrecognized_transaction,695.42,False,False,False,True,True,5,False,False,False,143,False,won
TXN104796,MERCH_SAAS_02,2025-06-04T21:00:00+00:00,item_not_received,759.39,False,False,False,True,False,3,False,False,False,26,False,lost
TXN104797,MERCH_RETAIL_01,2025-03-05T03:00:00+00:00,item_not_received,7096.94,True,True,True,False,True,6,False,False,False,117,False,won
TXN104798,MERCH_RETAIL_01,2025-05-28T17:00:00+00:00,item_not_received,3219.23,True,True,True,True,True,3,False,False,False,33,False,won
TXN104799,MERCH_RETAIL_01,2025-01-07T01:00:00+00:00,unrecognized_transaction,2317.3,True,True,False,True,False,2,False,False,False,174,False,lost
TXN104800,MERCH_ECOM_03,2025-03-27T05:00:00+00:00,unrecognized_transaction,2813.7,True,True,True,False,True,6,False,False,False,95,False,won
TXN104801,MERCH_RETAIL_01,2025-06-28T23:00:00+00:00,item_not_as_described,2757.59,True,True,True,True,True,1,True,False,False,2,False,won
TXN104802,MERCH_ECOM_03,2025-01-25T00:00:00+00:00,duplicate_charge,1584.24,True,True,True,False,True,5,True,True,False,156,False,won
TXN104803,MERCH_SAAS_02,2025-04-22T14:00:00+00:00,duplicate_charge,1028.8,False,False,False,True,False,5,False,False,False,69,False,lost
TXN104804,MERCH_SAAS_02,2025-04-23T07:00:00+00:00,duplicate_charge,2439.92,True,True,True,True,True,3,False,True,False,68,False,won
TXN104805,MERCH_RETAIL_01,2025-04-01T03:00:00+00:00,unrecognized_transaction,1598.84,True,True,True,True,True,2,False,False,False,90,False,lost
TXN104806,MERCH_ECOM_03,2025-03-19T08:00:00+00:00,duplicate_charge,570.44,True,True,True,True,True,4,True,True,False,103,False,lost
TXN104807,MERCH_SAAS_02,2025-03-26T12:00:00+00:00,unrecognized_transaction,637.68,True,True,False,True,False,4,False,False,False,96,False,won
TXN104808,MERCH_RETAIL_01,2025-03-24T13:00:00+00:00,unrecognized_transaction,1928.67,True,True,False,False,True,2,False,False,False,98,False,lost
TXN104809,MERCH_RETAIL_01,2025-01-27T20:00:00+00:00,item_not_as_described,776.97,True,True,True,True,True,3,True,False,False,154,False,won
TXN104810,MERCH_RETAIL_01,2025-03-27T19:00:00+00:00,unrecognized_transaction,1501.65,False,False,False,True,True,4,True,False,False,95,False,won
TXN104811,MERCH_ECOM_03,2025-05-03T13:00:00+00:00,item_not_as_described,803.37,True,True,True,True,False,1,False,False,False,58,False,lost
TXN104812,MERCH_RETAIL_01,2025-02-07T21:00:00+00:00,item_not_as_described,1447.35,False,False,False,True,True,5,False,False,False,143,False,lost
TXN104813,MERCH_RETAIL_01,2025-05-31T20:00:00+00:00,duplicate_charge,2022.32,True,False,False,True,True,5,True,False,False,30,False,lost
TXN104814,MERCH_ECOM_03,2025-06-17T21:00:00+00:00,unrecognized_transaction,3430.03,True,True,True,True,True,0,True,False,False,13,False,won
TXN104815,MERCH_SAAS_02,2025-02-20T10:00:00+00:00,item_not_received,1953.24,True,True,False,True,False,7,False,False,False,130,False,lost
TXN104816,MERCH_RETAIL_01,2025-04-16T11:00:00+00:00,item_not_received,7192.15,True,False,True,False,True,8,False,False,False,75,False,lost
TXN104817,MERCH_RETAIL_01,2025-06-23T22:00:00+00:00,item_not_received,2121.12,True,False,True,True,True,2,False,False,False,7,False,won
TXN104818,MERCH_DIGITAL_04,2025-05-13T16:00:00+00:00,item_not_received,2095.19,False,False,False,False,True,4,True,False,False,48,False,lost
TXN104819,MERCH_SAAS_02,2025-02-15T08:00:00+00:00,unrecognized_transaction,1389.45,False,False,False,True,True,0,False,False,False,135,False,lost
TXN104820,MERCH_SAAS_02,2025-06-18T16:00:00+00:00,unrecognized_transaction,935.38,True,True,False,False,False,4,True,False,False,12,False,lost
TXN104821,MERCH_RETAIL_01,2025-05-20T14:00:00+00:00,unrecognized_transaction,1111.8,True,True,False,True,True,4,True,False,False,41,False,won
TXN104822,MERCH_ECOM_03,2025-03-28T05:00:00+00:00,item_not_received,5811.23,True,False,False,True,True,11,False,False,False,94,False,won
TXN104823,MERCH_RETAIL_01,2025-06-10T00:00:00+00:00,subscription_cancelled,521.44,False,False,False,True,True,3,True,False,True,20,False,won
TXN104824,MERCH_SAAS_02,2025-02-06T17:00:00+00:00,item_not_received,1396.71,True,True,True,True,True,6,True,False,False,144,False,won
TXN104825,MERCH_RETAIL_01,2025-01-24T23:00:00+00:00,duplicate_charge,3734.88,True,True,True,False,True,2,True,True,False,157,False,won
TXN104826,MERCH_RETAIL_01,2025-06-23T11:00:00+00:00,unrecognized_transaction,735.22,True,True,True,True,True,5,False,False,False,7,False,won
TXN104827,MERCH_RETAIL_01,2025-03-29T11:00:00+00:00,item_not_as_described,1827.88,True,True,False,True,True,2,True,False,False,93,False,won
TXN104828,MERCH_RETAIL_01,2025-05-08T20:00:00+00:00,unrecognized_transaction,2226.62,False,False,False,False,True,1,False,False,False,53,False,lost
TXN104829,MERCH_ECOM_03,2025-06-11T03:00:00+00:00,unrecognized_transaction,921.94,True,True,True,False,True,2,True,False,False,19,False,lost
TXN104830,MERCH_RETAIL_01,2025-06-24T11:00:00+00:00,item_not_received,1346.07,True,True,False,False,False,6,True,False,False,6,False,won
TXN104831,MERCH_RETAIL_01,2025-06-26T05:00:00+00:00,duplicate_charge,3181.84,True,True,False,True,True,5,False,True,False,4,False,won
TXN104832,MERCH_RETAIL_01,2025-05-12T15:00:00+00:00,item_not_received,3520.62,False,False,False,False,False,2,False,False,False,49,False,lost
TXN104833,MERCH_SAAS_02,2025-03-05T23:00:00+00:00,subscription_cancelled,3742.23,True,True,False,False,True,3,True,False,True,117,False,lost
TXN104834,MERCH_SAAS_02,2025-04-23T06:00:00+00:00,duplicate_charge,5718.78,True,True,True,True,True,9,False,True,False,68,False,won
TXN104835,MERCH_ECOM_03,2025-05-14T10:00:00+00:00,duplicate_charge,2478.79,True,False,True,True,False,5,False,False,False,47,False,lost
TXN104836,MERCH_RETAIL_01,2025-04-17T00:00:00+00:00,item_not_as_described,10519.85,True,True,False,True,True,2,False,False,False,74,False,lost
TXN104837,MERCH_SAAS_02,2025-02-12T05:00:00+00:00,subscription_cancelled,3446.17,True,True,True,True,True,4,True,False,True,138,False,won
TXN104838,MERCH_SAAS_02,2025-05-08T18:00:00+00:00,item_not_received,553.14,True,True,False,True,True,5,False,False,False,53,False,won
TXN104839,MERCH_ECOM_03,2025-06-04T13:00:00+00:00,item_not_received,5829.61,True,True,True,True,False,6,True,False,False,26,False,won
TXN104840,MERCH_RETAIL_01,2025-06-12T18:00:00+00:00,item_not_received,2399.5,True,True,False,True,False,4,True,False,False,18,False,won
TXN104841,MERCH_ECOM_03,2025-01-29T10:00:00+00:00,subscription_cancelled,1229.21,True,True,False,True,True,5,False,False,False,152,False,lost
TXN104842,MERCH_RETAIL_01,2025-04-12T06:00:00+00:00,item_not_as_described,2204.87,False,False,False,True,False,4,True,False,False,79,False,won
TXN104843,MERCH_DIGITAL_04,2025-04-19T00:00:00+00:00,duplicate_charge,4675.09,False,False,False,True,False,2,True,False,False,72,False,lost
TXN104844,MERCH_SAAS_02,2025-03-16T17:00:00+00:00,duplicate_charge,537.6,False,False,False,False,False,4,False,True,False,106,False,won
TXN104845,MERCH_SAAS_02,2025-01-22T09:00:00+00:00,unrecognized_transaction,1155.25,True,True,True,True,True,2,False,False,False,159,False,lost
TXN104846,MERCH_ECOM_03,2025-03-07T06:00:00+00:00,item_not_received,405.26,False,False,False,True,True,4,True,False,False,115,False,lost
TXN104847,MERCH_RETAIL_01,2025-05-28T07:00:00+00:00,unrecognized_transaction,2221.59,True,True,False,False,True,3,True,False,False,33,False,won
TXN104848,MERCH_ECOM_03,2025-01-22T23:00:00+00:00,item_not_received,1636.86,True,True,False,False,True,5,True,False,False,159,False,lost
TXN104849,MERCH_SAAS_02,2025-05-15T17:00:00+00:00,item_not_as_described,7219.18,True,True,False,True,False,8,False,False,False,46,False,lost
TXN104850,MERCH_ECOM_03,2025-05-18T21:00:00+00:00,item_not_received,1206.2,True,False,True,True,True,5,True,False,False,43,False,won
TXN104851,MERCH_ECOM_03,2025-05-13T18:00:00+00:00,item_not_received,1511.89,False,False,False,True,False,4,True,False,False,48,False,won
TXN104852,MERCH_SAAS_02,2025-02-26T05:00:00+00:00,duplicate_charge,1136.36,False,False,False,False,False,2,True,False,False,124,False,lost
TXN104853,MERCH_RETAIL_01,2025-02-07T18:00:00+00:00,item_not_received,2215.73,False,False,False,False,False,7,False,False,False,143,False,lost
TXN104854,MERCH_SAAS_02,2025-05-26T15:00:00+00:00,subscription_cancelled,1082.47,True,True,True,False,True,8,False,False,False,35,False,lost
TXN104855,MERCH_SAAS_02,2025-05-07T08:00:00+00:00,item_not_received,7037.54,True,True,True,True,True,3,True,False,False,54,False,won
TXN104856,MERCH_RETAIL_01,2025-03-09T02:00:00+00:00,item_not_received,3050.53,False,False,False,False,True,2,True,False,False,113,False,lost
TXN104857,MERCH_DIGITAL_04,2025-06-16T17:00:00+00:00,item_not_as_described,2032.44,True,True,True,False,True,3,True,False,False,14,False,lost
TXN104858,MERCH_SAAS_02,2025-04-08T19:00:00+00:00,item_not_received,1906.67,True,True,False,False,True,5,False,False,False,83,False,won
TXN104859,MERCH_ECOM_03,2025-04-09T13:00:00+00:00,unrecognized_transaction,1597.04,False,False,False,True,True,3,False,False,False,82,False,won
TXN104860,MERCH_RETAIL_01,2025-03-10T03:00:00+00:00,unrecognized_transaction,4413.12,False,False,False,True,True,4,False,False,False,112,False,won
TXN104861,MERCH_ECOM_03,2025-04-05T00:00:00+00:00,item_not_received,1712.1,True,True,False,False,True,7,False,False,False,86,False,won
TXN104862,MERCH_ECOM_03,2025-04-11T03:00:00+00:00,item_not_received,5693.8,False,False,False,True,True,3,False,False,False,80,False,lost
TXN104863,MERCH_ECOM_03,2025-01-23T14:00:00+00:00,subscription_cancelled,2229.13,True,True,True,True,True,3,True,False,True,158,False,lost
TXN104864,MERCH_RETAIL_01,2025-02-09T22:00:00+00:00,unrecognized_transaction,6180.88,True,False,True,True,True,3,True,False,False,141,False,won
TXN104865,MERCH_RETAIL_01,2025-05-18T13:00:00+00:00,subscription_cancelled,886.63,False,False,True,False,True,7,False,False,False,43,True,won
TXN104866,MERCH_ECOM_03,2025-04-20T03:00:00+00:00,item_not_as_described,2453.61,False,False,False,False,False,5,False,False,False,71,False,lost
TXN104867,MERCH_DIGITAL_04,2025-02-26T12:00:00+00:00,unrecognized_transaction,7016.85,True,True,False,False,False,3,False,False,False,124,False,lost
TXN104868,MERCH_DIGITAL_04,2025-02-19T01:00:00+00:00,item_not_received,2500.79,True,True,True,True,True,3,False,False,False,131,False,won
TXN104869,MERCH_SAAS_02,2025-03-20T15:00:00+00:00,item_not_as_described,3509.13,True,True,True,False,False,5,True,False,False,102,False,won
TXN104870,MERCH_ECOM_03,2025-04-09T05:00:00+00:00,unrecognized_transaction,1996.26,True,True,False,True,True,5,True,False,False,82,False,won
TXN104871,MERCH_ECOM_03,2025-04-13T12:00:00+00:00,subscription_cancelled,1276.38,False,False,True,False,True,7,False,False,False,78,True,lost
TXN104872,MERCH_SAAS_02,2025-02-19T03:00:00+00:00,unrecognized_transaction,1687.41,False,False,False,False,True,4,False,False,False,131,False,won
TXN104873,MERCH_ECOM_03,2025-04-10T19:00:00+00:00,subscription_cancelled,827.55,False,False,False,True,True,4,True,False,False,81,False,lost
TXN104874,MERCH_RETAIL_01,2025-02-10T09:00:00+00:00,unrecognized_transaction,5242.76,False,False,False,True,False,1,False,False,False,140,False,lost
TXN104875,MERCH_SAAS_02,2025-02-08T12:00:00+00:00,item_not_received,1152.29,True,True,False,False,True,3,True,False,False,142,False,won
TXN104876,MERCH_ECOM_03,2025-06-21T21:00:00+00:00,duplicate_charge,894.74,True,True,False,True,True,4,False,True,False,9,False,won
TXN104877,MERCH_RETAIL_01,2025-06-07T03:00:00+00:00,subscription_cancelled,839.4,True,True,True,True,False,0,True,False,False,23,False,lost
TXN104878,MERCH_DIGITAL_04,2025-02-19T03:00:00+00:00,item_not_as_described,1973.79,True,True,False,False,True,5,True,False,False,131,False,lost
TXN104879,MERCH_RETAIL_01,2025-01-03T04:00:00+00:00,item_not_received,4481.64,False,False,False,True,True,6,True,False,False,178,False,lost
TXN104880,MERCH_RETAIL_01,2025-04-19T01:00:00+00:00,unrecognized_transaction,2318.72,True,False,True,True,True,5,True,False,False,72,False,lost
TXN104881,MERCH_RETAIL_01,2025-04-21T14:00:00+00:00,duplicate_charge,2601.66,True,True,True,True,True,5,True,True,False,70,False,won
TXN104882,MERCH_ECOM_03,2025-04-18T10:00:00+00:00,unrecognized_transaction,1011.15,False,False,False,True,True,2,False,False,False,73,False,lost
TXN104883,MERCH_ECOM_03,2025-01-21T05:00:00+00:00,item_not_as_described,4249.2,True,True,True,True,False,3,False,False,False,160,False,lost
TXN104884,MERCH_ECOM_03,2025-02-04T21:00:00+00:00,duplicate_charge,2283.51,False,False,False,False,True,6,True,True,False,146,False,won
TXN104885,MERCH_SAAS_02,2025-06-29T15:00:00+00:00,item_not_received,1441.28,True,False,True,True,True,7,False,False,False,1,False,won
TXN104886,MERCH_SAAS_02,2025-05-17T14:00:00+00:00,unrecognized_transaction,218.77,True,True,True,True,True,1,True,False,False,44,False,won
TXN104887,MERCH_SAAS_02,2025-05-27T09:00:00+00:00,duplicate_charge,5197.62,False,False,False,True,True,4,True,False,False,34,False,lost
TXN104888,MERCH_RETAIL_01,2025-01-22T06:00:00+00:00,item_not_received,4233.12,True,False,True,True,True,4,True,False,False,159,False,lost
TXN104889,MERCH_RETAIL_01,2025-02-18T04:00:00+00:00,item_not_as_described,509.36,True,True,False,False,False,2,True,False,False,132,False,won
TXN104890,MERCH_RETAIL_01,2025-06-07T13:00:00+00:00,item_not_received,1706.03,False,False,False,False,False,1,True,False,False,23,False,lost
TXN104891,MERCH_SAAS_02,2025-03-12T21:00:00+00:00,subscription_cancelled,1041.95,True,False,True,True,True,0,False,False,False,110,False,lost
TXN104892,MERCH_ECOM_03,2025-04-23T00:00:00+00:00,item_not_as_described,5140.9,True,False,True,True,True,3,False,False,False,68,False,won
TXN104893,MERCH_ECOM_03,2025-01-08T21:00:00+00:00,unrecognized_transaction,3779.25,False,False,False,False,True,4,True,False,False,173,False,won
TXN104894,MERCH_RETAIL_01,2025-06-29T17:00:00+00:00,item_not_received,3068.72,True,True,True,True,False,5,True,False,False,1,False,won
TXN104895,MERCH_RETAIL_01,2025-05-17T21:00:00+00:00,item_not_received,2121.86,True,True,False,True,True,5,True,False,False,44,False,lost
TXN104896,MERCH_SAAS_02,2025-05-23T14:00:00+00:00,unrecognized_transaction,1961.91,False,False,False,False,True,2,False,False,False,38,False,lost
TXN104897,MERCH_ECOM_03,2025-02-06T04:00:00+00:00,item_not_as_described,749.08,True,False,True,True,True,5,True,False,False,144,False,won
TXN104898,MERCH_ECOM_03,2025-02-13T21:00:00+00:00,item_not_received,3246.28,True,True,True,True,True,1,True,False,False,137,False,won
TXN104899,MERCH_RETAIL_01,2025-06-03T14:00:00+00:00,unrecognized_transaction,1564.44,False,False,False,True,True,5,True,False,False,27,False,won
TXN104900,MERCH_ECOM_03,2025-03-19T17:00:00+00:00,item_not_received,5199.43,False,False,False,False,True,2,True,False,False,103,False,lost
TXN104901,MERCH_SAAS_02,2025-05-31T04:00:00+00:00,item_not_received,1417.06,False,False,False,False,True,1,True,False,False,30,False,lost
TXN104902,MERCH_SAAS_02,2025-01-05T05:00:00+00:00,duplicate_charge,3112.03,False,False,False,False,True,4,True,True,False,176,False,lost
TXN104903,MERCH_ECOM_03,2025-01-31T19:00:00+00:00,item_not_received,1738.92,True,False,False,False,False,7,True,False,False,150,False,won
TXN104904,MERCH_DIGITAL_04,2025-04-26T17:00:00+00:00,subscription_cancelled,2667.42,False,False,False,True,True,4,False,False,False,65,False,lost
TXN104905,MERCH_SAAS_02,2025-05-03T02:00:00+00:00,item_not_as_described,3448.65,True,True,True,True,False,3,True,False,False,58,False,won
TXN104906,MERCH_ECOM_03,2025-06-11T17:00:00+00:00,item_not_received,1507.67,True,True,False,True,True,4,False,False,False,19,False,won
TXN104907,MERCH_DIGITAL_04,2025-02-22T22:00:00+00:00,unrecognized_transaction,4019.35,False,False,False,True,True,2,False,False,False,128,False,lost
TXN104908,MERCH_RETAIL_01,2025-05-03T05:00:00+00:00,duplicate_charge,2546.12,True,True,True,True,True,3,False,True,False,58,False,lost
TXN104909,MERCH_RETAIL_01,2025-05-23T22:00:00+00:00,subscription_cancelled,1977.82,True,True,True,True,True,3,True,False,True,38,False,lost
TXN104910,MERCH_ECOM_03,2025-01-08T05:00:00+00:00,unrecognized_transaction,2187.49,False,False,False,True,True,5,False,False,False,173,False,lost
TXN104911,MERCH_RETAIL_01,2025-06-05T02:00:00+00:00,subscription_cancelled,1892.98,False,False,False,True,True,4,True,False,True,25,False,won
TXN104912,MERCH_RETAIL_01,2025-03-25T15:00:00+00:00,item_not_received,2241.32,True,True,False,True,True,6,True,False,False,97,False,lost
TXN104913,MERCH_ECOM_03,2025-03-28T08:00:00+00:00,duplicate_charge,1015.14,True,True,False,True,True,2,True,True,False,94,False,won
TXN104914,MERCH_ECOM_03,2025-05-01T07:00:00+00:00,item_not_received,3269.6,True,True,True,True,False,3,True,False,False,60,False,won
TXN104915,MERCH_RETAIL_01,2025-06-19T06:00:00+00:00,subscription_cancelled,1273.58,True,False,True,False,True,4,False,False,True,11,False,won
TXN104916,MERCH_SAAS_02,2025-01-10T02:00:00+00:00,duplicate_charge,5341.69,True,True,False,False,False,6,True,True,False,171,False,lost
TXN104917,MERCH_SAAS_02,2025-03-13T02:00:00+00:00,item_not_received,2455.99,True,False,False,False,True,0,False,False,False,109,False,lost
TXN104918,MERCH_ECOM_03,2025-03-09T01:00:00+00:00,unrecognized_transaction,3871.27,False,False,False,False,True,1,False,False,False,113,False,lost
TXN104919,MERCH_SAAS_02,2025-01-18T04:00:00+00:00,subscription_cancelled,4027.89,True,True,True,False,True,2,True,False,True,163,False,won
TXN104920,MERCH_RETAIL_01,2025-03-11T01:00:00+00:00,unrecognized_transaction,4469.24,False,False,False,False,True,5,True,False,False,111,False,won
TXN104921,MERCH_SAAS_02,2025-04-18T12:00:00+00:00,subscription_cancelled,488.69,False,False,False,False,True,3,False,False,False,73,False,lost
TXN104922,MERCH_ECOM_03,2025-06-15T10:00:00+00:00,unrecognized_transaction,2232.32,True,False,True,True,True,5,True,False,False,15,False,won
TXN104923,MERCH_ECOM_03,2025-05-23T17:00:00+00:00,unrecognized_transaction,8272.69,True,True,False,True,False,3,False,False,False,38,False,lost
TXN104924,MERCH_RETAIL_01,2025-02-17T09:00:00+00:00,subscription_cancelled,4624.63,False,False,True,True,False,3,False,False,True,133,True,won
TXN104925,MERCH_RETAIL_01,2025-02-25T18:00:00+00:00,item_not_received,848.26,True,True,True,True,False,3,False,False,False,125,False,won
TXN104926,MERCH_ECOM_03,2025-01-15T03:00:00+00:00,item_not_received,837.23,True,False,False,False,True,5,True,False,False,166,False,won
TXN104927,MERCH_RETAIL_01,2025-06-09T01:00:00+00:00,item_not_received,4015.08,False,False,False,True,True,2,True,False,False,21,False,lost
TXN104928,MERCH_ECOM_03,2025-03-06T14:00:00+00:00,item_not_received,4741.18,False,False,False,False,True,2,True,False,False,116,False,lost
TXN104929,MERCH_RETAIL_01,2025-03-20T15:00:00+00:00,item_not_received,1900.87,True,True,False,True,True,3,False,False,False,102,False,won
TXN104930,MERCH_SAAS_02,2025-02-23T09:00:00+00:00,unrecognized_transaction,2102.15,True,True,True,True,False,5,True,False,False,127,False,won
TXN104931,MERCH_RETAIL_01,2025-06-03T04:00:00+00:00,subscription_cancelled,1670.61,True,True,False,False,False,6,True,False,True,27,False,lost
TXN104932,MERCH_SAAS_02,2025-02-27T21:00:00+00:00,item_not_received,6260.53,True,True,False,True,False,2,False,False,False,123,False,won
TXN104933,MERCH_ECOM_03,2025-01-10T13:00:00+00:00,unrecognized_transaction,2606.18,True,True,False,False,False,3,True,False,False,171,False,won
TXN104934,MERCH_RETAIL_01,2025-04-24T07:00:00+00:00,item_not_as_described,572.34,True,True,False,True,False,5,True,False,False,67,False,won
TXN104935,MERCH_RETAIL_01,2025-03-04T10:00:00+00:00,item_not_as_described,2260.09,True,True,True,False,True,2,False,False,False,118,False,lost
TXN104936,MERCH_ECOM_03,2025-01-30T21:00:00+00:00,item_not_as_described,263.4,False,False,False,False,False,6,False,False,False,151,False,lost
TXN104937,MERCH_RETAIL_01,2025-06-06T16:00:00+00:00,item_not_as_described,3550.9,True,True,True,False,True,6,True,False,False,24,False,won
TXN104938,MERCH_RETAIL_01,2025-01-08T05:00:00+00:00,unrecognized_transaction,3953.03,True,True,False,False,True,4,False,False,False,173,False,lost
TXN104939,MERCH_SAAS_02,2025-02-12T02:00:00+00:00,item_not_received,999.21,False,False,False,True,True,3,True,False,False,138,False,lost
TXN104940,MERCH_RETAIL_01,2025-05-22T11:00:00+00:00,item_not_received,2599.28,True,True,True,False,False,5,False,False,False,39,False,won
TXN104941,MERCH_DIGITAL_04,2025-03-07T03:00:00+00:00,item_not_received,553.56,True,True,False,True,True,8,True,False,False,115,False,won
TXN104942,MERCH_ECOM_03,2025-03-13T00:00:00+00:00,unrecognized_transaction,1547.29,True,True,False,False,False,1,False,False,False,109,False,lost
TXN104943,MERCH_RETAIL_01,2025-02-22T03:00:00+00:00,unrecognized_transaction,835.58,False,False,False,True,False,3,True,False,False,128,False,lost
TXN104944,MERCH_SAAS_02,2025-01-10T11:00:00+00:00,duplicate_charge,597.44,False,False,False,True,False,4,False,False,False,171,False,lost
TXN104945,MERCH_ECOM_03,2025-02-04T08:00:00+00:00,item_not_as_described,1829.4,True,True,True,False,True,4,True,False,False,146,False,lost
TXN104946,MERCH_RETAIL_01,2025-06-24T20:00:00+00:00,item_not_received,4225.47,True,True,True,True,True,4,False,False,False,6,False,won
TXN104947,MERCH_SAAS_02,2025-05-16T22:00:00+00:00,item_not_received,1065.93,True,True,False,False,True,2,False,False,False,45,False,won
TXN104948,MERCH_RETAIL_01,2025-02-22T18:00:00+00:00,item_not_received,2735.56,True,True,False,True,False,3,False,False,False,128,False,lost
TXN104949,MERCH_SAAS_02,2025-04-03T02:00:00+00:00,unrecognized_transaction,1130.35,True,True,True,False,True,3,True,False,False,88,False,lost
TXN104950,MERCH_ECOM_03,2025-04-03T09:00:00+00:00,item_not_received,6154.18,False,False,False,True,False,5,True,False,False,88,False,lost
TXN104951,MERCH_RETAIL_01,2025-05-12T03:00:00+00:00,duplicate_charge,1094.07,False,False,False,False,True,6,True,True,False,49,False,won
TXN104952,MERCH_SAAS_02,2025-01-08T14:00:00+00:00,unrecognized_transaction,5045.56,True,False,True,True,True,3,True,False,False,173,False,won
TXN104953,MERCH_RETAIL_01,2025-04-21T07:00:00+00:00,unrecognized_transaction,2173.03,True,False,False,True,True,5,True,False,False,70,False,won
TXN104954,MERCH_ECOM_03,2025-02-12T23:00:00+00:00,duplicate_charge,611.56,True,True,False,True,True,0,False,True,False,138,False,lost
TXN104955,MERCH_ECOM_03,2025-02-22T23:00:00+00:00,duplicate_charge,9605.58,True,True,False,True,True,5,False,True,False,128,False,won
TXN104956,MERCH_SAAS_02,2025-02-09T20:00:00+00:00,subscription_cancelled,1133.26,False,False,False,True,True,1,False,False,True,141,False,won
TXN104957,MERCH_RETAIL_01,2025-02-12T18:00:00+00:00,item_not_received,2221.5,True,True,False,True,False,5,False,False,False,138,False,lost
TXN104958,MERCH_RETAIL_01,2025-04-14T05:00:00+00:00,duplicate_charge,5567.76,True,True,False,True,True,2,False,True,False,77,False,won
TXN104959,MERCH_SAAS_02,2025-01-21T11:00:00+00:00,duplicate_charge,1653.6,True,True,True,False,True,4,True,False,False,160,False,lost
TXN104960,MERCH_DIGITAL_04,2025-01-28T13:00:00+00:00,item_not_received,2756.65,True,True,False,True,True,7,True,False,False,153,False,lost
TXN104961,MERCH_ECOM_03,2025-01-14T20:00:00+00:00,item_not_as_described,5611.82,False,False,False,False,True,1,False,False,False,167,False,won
TXN104962,MERCH_SAAS_02,2025-05-22T04:00:00+00:00,duplicate_charge,599.02,False,False,False,True,True,5,False,True,False,39,False,won
TXN104963,MERCH_RETAIL_01,2025-06-12T20:00:00+00:00,item_not_as_described,824.41,True,True,False,True,False,0,True,False,False,18,False,won
TXN104964,MERCH_RETAIL_01,2025-03-30T13:00:00+00:00,item_not_received,5033.96,False,False,False,False,True,3,False,False,False,92,False,lost
TXN104965,MERCH_RETAIL_01,2025-02-01T02:00:00+00:00,item_not_received,703.11,True,True,False,False,True,4,True,False,False,149,False,won
TXN104966,MERCH_SAAS_02,2025-06-03T17:00:00+00:00,item_not_received,7986.63,True,True,False,True,True,2,True,False,False,27,False,lost
TXN104967,MERCH_DIGITAL_04,2025-01-15T22:00:00+00:00,item_not_received,5619.63,False,False,False,False,False,4,False,False,False,166,False,lost
TXN104968,MERCH_RETAIL_01,2025-02-06T16:00:00+00:00,item_not_received,420.22,True,True,True,False,False,6,False,False,False,144,False,won
TXN104969,MERCH_ECOM_03,2025-05-14T02:00:00+00:00,item_not_received,1464.91,True,True,True,False,True,1,False,False,False,47,False,won
TXN104970,MERCH_RETAIL_01,2025-03-20T08:00:00+00:00,unrecognized_transaction,1406.49,True,False,False,True,True,5,False,False,False,102,False,won
TXN104971,MERCH_SAAS_02,2025-02-21T19:00:00+00:00,unrecognized_transaction,1880.96,True,True,False,True,True,4,True,False,False,129,False,won
TXN104972,MERCH_ECOM_03,2025-02-23T03:00:00+00:00,item_not_as_described,2182.58,True,True,False,True,False,6,False,False,False,127,False,won
TXN104973,MERCH_SAAS_02,2025-05-28T02:00:00+00:00,unrecognized_transaction,1226.56,False,False,False,False,False,4,False,False,False,33,False,won
TXN104974,MERCH_ECOM_03,2025-03-17T23:00:00+00:00,subscription_cancelled,3588.12,True,True,False,True,True,4,False,False,True,105,False,won
TXN104975,MERCH_ECOM_03,2025-02-26T23:00:00+00:00,subscription_cancelled,1409.79,False,False,False,True,True,2,False,False,False,124,False,lost
TXN104976,MERCH_RETAIL_01,2025-01-16T17:00:00+00:00,unrecognized_transaction,1170.3,True,False,False,True,True,2,False,False,False,165,False,lost
TXN104977,MERCH_SAAS_02,2025-03-01T15:00:00+00:00,item_not_received,732.63,True,False,True,False,True,4,False,False,False,121,False,won
TXN104978,MERCH_SAAS_02,2025-04-18T14:00:00+00:00,item_not_received,7571.15,False,False,False,True,True,3,True,False,False,73,False,won
TXN104979,MERCH_RETAIL_01,2025-03-22T00:00:00+00:00,duplicate_charge,1402.19,False,False,False,True,True,4,True,True,False,100,False,lost
TXN104980,MERCH_RETAIL_01,2025-05-24T14:00:00+00:00,item_not_received,1225.62,True,True,True,False,True,3,True,False,False,37,False,lost
TXN104981,MERCH_SAAS_02,2025-06-15T16:00:00+00:00,duplicate_charge,1277.15,True,False,False,True,True,5,False,False,False,15,False,won
TXN104982,MERCH_ECOM_03,2025-06-06T21:00:00+00:00,item_not_received,2491.14,False,False,False,False,True,4,False,False,False,24,False,lost
TXN104983,MERCH_ECOM_03,2025-05-10T04:00:00+00:00,item_not_received,5295.94,True,True,True,False,False,8,False,False,False,51,False,won
TXN104984,MERCH_ECOM_03,2025-06-27T01:00:00+00:00,item_not_received,1991.53,True,True,False,False,False,3,True,False,False,3,False,won
TXN104985,MERCH_RETAIL_01,2025-06-22T15:00:00+00:00,unrecognized_transaction,6197.3,False,False,False,True,True,1,False,False,False,8,False,won
TXN104986,MERCH_SAAS_02,2025-06-23T12:00:00+00:00,unrecognized_transaction,1510.24,True,False,True,False,True,2,False,False,False,7,False,lost
TXN104987,MERCH_SAAS_02,2025-02-14T13:00:00+00:00,item_not_received,1927.81,True,True,False,False,False,3,False,False,False,136,False,lost
TXN104988,MERCH_DIGITAL_04,2025-01-23T08:00:00+00:00,duplicate_charge,1517.17,True,True,True,True,False,3,True,False,False,158,False,lost
TXN104989,MERCH_RETAIL_01,2025-02-04T07:00:00+00:00,duplicate_charge,1121.84,False,False,False,True,True,3,True,True,False,146,False,won
TXN104990,MERCH_SAAS_02,2025-04-01T02:00:00+00:00,duplicate_charge,4653.34,True,True,True,False,False,8,False,True,False,90,False,won
TXN104991,MERCH_ECOM_03,2025-06-04T08:00:00+00:00,duplicate_charge,973.57,True,False,True,True,False,3,False,True,False,26,False,won
TXN104992,MERCH_RETAIL_01,2025-04-03T09:00:00+00:00,duplicate_charge,2384.31,False,False,False,True,False,2,False,False,False,88,False,lost
TXN104993,MERCH_SAAS_02,2025-04-11T19:00:00+00:00,item_not_received,1575.42,True,True,True,True,True,3,False,False,False,80,False,won
TXN104994,MERCH_ECOM_03,2025-04-06T10:00:00+00:00,duplicate_charge,1596.64,True,True,True,False,True,6,True,True,False,85,False,won
TXN104995,MERCH_RETAIL_01,2025-04-04T08:00:00+00:00,item_not_received,562.93,True,True,True,True,False,6,False,False,False,87,False,won
TXN104996,MERCH_SAAS_02,2025-01-14T11:00:00+00:00,unrecognized_transaction,1777.28,True,False,True,True,True,3,True,False,False,167,False,won
TXN104997,MERCH_DIGITAL_04,2025-06-24T05:00:00+00:00,subscription_cancelled,1137.82,True,False,False,False,True,4,True,False,True,6,False,won
TXN104998,MERCH_RETAIL_01,2025-05-21T02:00:00+00:00,subscription_cancelled,2030.1,True,True,False,True,True,3,True,False,False,40,False,lost
TXN104999,MERCH_RETAIL_01,2025-05-14T20:00:00+00:00,item_not_as_described,1676.35,True,False,True,True,False,5,True,False,False,47,False,lost
