transaction_id,support_ticket_exists,resolution
TXN100000,False,no_ticket_filed
TXN100001,True,customer_contacted_resolved
TXN100002,True,customer_contacted_resolved
TXN100003,True,customer_contacted_resolved
TXN100004,True,customer_contacted_resolved
TXN100005,False,no_ticket_filed
TXN100006,False,no_ticket_filed
TXN100007,True,customer_contacted_resolved
TXN100008,False,no_ticket_filed
TXN100009,False,no_ticket_filed
TXN100010,True,customer_contacted_resolved
TXN100011,True,customer_contacted_resolved
TXN100012,False,no_ticket_filed
TXN100013,True,customer_contacted_resolved
TXN100014,False,no_ticket_filed
TXN100015,False,no_ticket_filed
TXN100016,False,no_ticket_filed
TXN100017,True,customer_contacted_resolved
TXN100018,True,customer_contacted_resolved
TXN100019,True,customer_contacted_resolved
TXN100020,True,customer_contacted_resolved
TXN100021,True,customer_contacted_resolved
TXN100022,True,customer_contacted_resolved
TXN100023,True,customer_contacted_resolved
TXN100024,True,customer_contacted_resolved
TXN100025,False,no_ticket_filed
TXN100026,False,no_ticket_filed
TXN100027,True,customer_contacted_resolved
TXN100028,True,customer_contacted_resolved
TXN100029,True,customer_contacted_resolved
TXN100030,True,customer_contacted_resolved
TXN100031,True,customer_contacted_resolved
TXN100032,True,customer_contacted_resolved
TXN100033,False,no_ticket_filed
TXN100034,True,customer_contacted_resolved
TXN100035,False,no_ticket_filed
TXN100036,False,no_ticket_filed
TXN100037,True,customer_contacted_resolved
TXN100038,False,no_ticket_filed
TXN100039,False,no_ticket_filed
TXN100040,True,customer_contacted_resolved
TXN100041,False,no_ticket_filed
TXN100042,True,customer_contacted_resolved
TXN100043,False,no_ticket_filed
TXN100044,False,no_ticket_filed
TXN100045,True,customer_contacted_resolved
TXN100046,False,no_ticket_filed
TXN100047,False,no_ticket_filed
TXN100048,True,customer_contacted_resolved
TXN100049,False,no_ticket_filed
TXN100050,True,customer_contacted_resolved
TXN100051,True,customer_contacted_resolved
TXN100052,False,no_ticket_filed
TXN100053,False,no_ticket_filed
TXN100054,True,customer_contacted_resolved
TXN100055,True,customer_contacted_resolved
TXN100056,False,no_ticket_filed
TXN100057,True,customer_contacted_resolved
TXN100058,True,customer_contacted_resolved
TXN100059,True,customer_contacted_resolved
TXN100060,False,no_ticket_filed
TXN100061,False,no_ticket_filed
TXN100062,False,no_ticket_filed
TXN100063,False,no_ticket_filed
TXN100064,True,customer_contacted_resolved
TXN100065,False,no_ticket_filed
TXN100066,False,no_ticket_filed
TXN100067,False,no_ticket_filed
TXN100068,True,customer_contacted_resolved
TXN100069,True,customer_contacted_resolved
TXN100070,True,customer_contacted_resolved
TXN100071,True,customer_contacted_resolved
TXN100072,True,customer_contacted_resolved
TXN100073,False,no_ticket_filed
TXN100074,True,customer_contacted_resolved
TXN100075,False,no_ticket_filed
TXN100076,False,no_ticket_filed
TXN100077,True,customer_contacted_resolved
TXN100078,True,customer_contacted_resolved
TXN100079,True,customer_contacted_resolved
TXN100080,True,customer_contacted_resolved
TXN100081,False,no_ticket_filed
TXN100082,True,customer_contacted_resolved
TXN100083,True,customer_contacted_resolved
TXN100084,True,customer_contacted_resolved
TXN100085,False,no_ticket_filed
TXN100086,False,no_ticket_filed
TXN100087,False,no_ticket_filed
TXN100088,True,customer_contacted_resolved
TXN100089,False,no_ticket_filed
TXN100090,False,no_ticket_filed
TXN100091,False,no_ticket_filed
TXN100092,True,customer_contacted_resolved
TXN100093,False,no_ticket_filed
TXN100094,True,customer_contacted_resolved
TXN100095,False,no_ticket_filed
TXN100096,False,no_ticket_filed
TXN100097,False,no_ticket_filed
TXN100098,True,customer_contacted_resolved
TXN100099,False,no_ticket_filed
TXN100100,False,no_ticket_filed
TXN100101,True,customer_contacted_resolved
TXN100102,False,no_ticket_filed
TXN100103,False,no_ticket_filed
TXN100104,False,no_ticket_filed
TXN100105,True,customer_contacted_resolved
TXN100106,False,no_ticket_filed
TXN100107,False,no_ticket_filed
TXN100108,True,customer_contacted_resolved
TXN100109,False,no_ticket_filed
TXN100110,False,no_ticket_filed
TXN100111,False,no_ticket_filed
TXN100112,True,customer_contacted_resolved
TXN100113,True,customer_contacted_resolved
TXN100114,False,no_ticket_filed
TXN100115,False,no_ticket_filed
TXN100116,True,customer_contacted_resolved
TXN100117,True,customer_contacted_resolved
TXN100118,True,customer_contacted_resolved
TXN100119,False,no_ticket_filed
TXN100120,True,customer_contacted_resolved
TXN100121,False,no_ticket_filed
TXN100122,True,customer_contacted_resolved
TXN100123,False,no_ticket_filed
TXN100124,False,no_ticket_filed
TXN100125,True,customer_contacted_resolved
TXN100126,False,no_ticket_filed
TXN100127,True,customer_contacted_resolved
TXN100128,True,customer_contacted_resolved
TXN100129,True,customer_contacted_resolved
TXN100130,False,no_ticket_filed
TXN100131,False,no_ticket_filed
TXN100132,True,customer_contacted_resolved
TXN100133,False,no_ticket_filed
TXN100134,True,customer_contacted_resolved
TXN100135,True,customer_contacted_resolved
TXN100136,False,no_ticket_filed
TXN100137,False,no_ticket_filed
TXN100138,True,customer_contacted_resolved
TXN100139,True,customer_contacted_resolved
TXN100140,False,no_ticket_filed
TXN100141,False,no_ticket_filed
TXN100142,True,customer_contacted_resolved
TXN100143,False,no_ticket_filed
TXN100144,False,no_ticket_filed
TXN100145,True,customer_contacted_resolved
TXN100146,False,no_ticket_filed
TXN100147,False,no_ticket_filed
TXN100148,False,no_ticket_filed
TXN100149,True,customer_contacted_resolved
TXN100150,True,customer_contacted_resolved
TXN100151,True,customer_contacted_resolved
TXN100152,True,customer_contacted_resolved
TXN100153,True,customer_contacted_resolved
TXN100154,True,customer_contacted_resolved
TXN100155,False,no_ticket_filed
TXN100156,True,customer_contacted_resolved
TXN100157,False,no_ticket_filed
TXN100158,True,customer_contacted_resolved
TXN100159,True,customer_contacted_resolved
TXN100160,False,no_ticket_filed
TXN100161,False,no_ticket_filed
TXN100162,True,customer_contacted_resolved
TXN100163,False,no_ticket_filed
TXN100164,False,no_ticket_filed
TXN100165,False,no_ticket_filed
TXN100166,True,customer_contacted_resolved
TXN100167,False,no_ticket_filed
TXN100168,False,no_ticket_filed
TXN100169,False,no_ticket_filed
TXN100170,False,no_ticket_filed
TXN100171,True,customer_contacted_resolved
TXN100172,True,customer_contacted_resolved
TXN100173,True,customer_contacted_resolved
TXN100174,True,customer_contacted_resolved
TXN100175,False,no_ticket_filed
TXN100176,True,customer_contacted_resolved
TXN100177,False,no_ticket_filed
TXN100178,True,customer_contacted_resolved
TXN100179,True,customer_contacted_resolved
TXN100180,False,no_ticket_filed
TXN100181,False,no_ticket_filed
TXN100182,True,customer_contacted_resolved
TXN100183,True,customer_contacted_resolved
TXN100184,True,customer_contacted_resolved
TXN100185,True,customer_contacted_resolved
TXN100186,True,customer_contacted_resolved
TXN100187,True,customer_contacted_resolved
TXN100188,False,no_ticket_filed
TXN100189,False,no_ticket_filed
TXN100190,True,customer_contacted_resolved
TXN100191,False,no_ticket_filed
TXN100192,True,customer_contacted_resolved
TXN100193,True,customer_contacted_resolved
TXN100194,False,no_ticket_filed
TXN100195,True,customer_contacted_resolved
TXN100196,False,no_ticket_filed
TXN100197,False,no_ticket_filed
TXN100198,False,no_ticket_filed
TXN100199,True,customer_contacted_resolved
TXN100200,False,no_ticket_filed
TXN100201,True,customer_contacted_resolved
TXN100202,False,no_ticket_filed
TXN100203,False,no_ticket_filed
TXN100204,False,no_ticket_filed
TXN100205,False,no_ticket_filed
TXN100206,False,no_ticket_filed
TXN100207,False,no_ticket_filed
TXN100208,True,customer_contacted_resolved
TXN100209,True,customer_contacted_resolved
TXN100210,True,customer_contacted_resolved
TXN100211,False,no_ticket_filed
TXN100212,True,customer_contacted_resolved
TXN100213,True,customer_contacted_resolved
TXN100214,False,no_ticket_filed
TXN100215,False,no_ticket_filed
TXN100216,False,no_ticket_filed
TXN100217,False,no_ticket_filed
TXN100218,True,customer_contacted_resolved
TXN100219,False,no_ticket_filed
TXN100220,True,customer_contacted_resolved
TXN100221,False,no_ticket_filed
TXN100222,True,customer_contacted_resolved
TXN100223,True,customer_contacted_resolved
TXN100224,False,no_ticket_filed
TXN100225,False,no_ticket_filed
TXN100226,True,customer_contacted_resolved
TXN100227,True,customer_contacted_resolved
TXN100228,True,customer_contacted_resolved
TXN100229,True,customer_contacted_resolved
TXN100230,True,customer_contacted_resolved
TXN100231,False,no_ticket_filed
TXN100232,True,customer_contacted_resolved
TXN100233,False,no_ticket_filed
TXN100234,False,no_ticket_filed
TXN100235,True,customer_contacted_resolved
TXN100236,True,customer_contacted_resolved
TXN100237,False,no_ticket_filed
TXN100238,True,customer_contacted_resolved
TXN100239,True,customer_contacted_resolved
TXN100240,True,customer_contacted_resolved
TXN100241,False,no_ticket_filed
TXN100242,True,customer_contacted_resolved
TXN100243,False,no_ticket_filed
TXN100244,True,customer_contacted_resolved
TXN100245,True,customer_contacted_resolved
TXN100246,True,customer_contacted_resolved
TXN100247,True,customer_contacted_resolved
TXN100248,False,no_ticket_filed
TXN100249,False,no_ticket_filed
TXN100250,False,no_ticket_filed
TXN100251,True,customer_contacted_resolved
TXN100252,True,customer_contacted_resolved
TXN100253,True,customer_contacted_resolved
TXN100254,False,no_ticket_filed
TXN100255,True,customer_contacted_resolved
TXN100256,False,no_ticket_filed
TXN100257,False,no_ticket_filed
TXN100258,False,no_ticket_filed
TXN100259,False,no_ticket_filed
TXN100260,True,customer_contacted_resolved
TXN100261,False,no_ticket_filed
TXN100262,False,no_ticket_filed
TXN100263,True,customer_contacted_resolved
TXN100264,True,customer_contacted_resolved
TXN100265,True,customer_contacted_resolved
TXN100266,True,customer_contacted_resolved
TXN100267,True,customer_contacted_resolved
TXN100268,False,no_ticket_filed
TXN100269,False,no_ticket_filed
TXN100270,True,customer_contacted_resolved
TXN100271,False,no_ticket_filed
TXN100272,True,customer_contacted_resolved
TXN100273,False,no_ticket_filed
TXN100274,False,no_ticket_filed
TXN100275,False,no_ticket_filed
TXN100276,False,no_ticket_filed
TXN100277,False,no_ticket_filed
TXN100278,False,no_ticket_filed
TXN100279,False,no_ticket_filed
TXN100280,False,no_ticket_filed
TXN100281,False,no_ticket_filed
TXN100282,False,no_ticket_filed
TXN100283,True,customer_contacted_resolved
TXN100284,False,no_ticket_filed
TXN100285,False,no_ticket_filed
TXN100286,True,customer_contacted_resolved
TXN100287,False,no_ticket_filed
TXN100288,True,customer_contacted_resolved
TXN100289,True,customer_contacted_resolved
TXN100290,True,customer_contacted_resolved
TXN100291,False,no_ticket_filed
TXN100292,False,no_ticket_filed
TXN100293,True,customer_contacted_resolved
TXN100294,False,no_ticket_filed
TXN100295,False,no_ticket_filed
TXN100296,True,customer_contacted_resolved
TXN100297,True,customer_contacted_resolved
TXN100298,False,no_ticket_filed
TXN100299,False,no_ticket_filed
TXN100300,False,no_ticket_filed
TXN100301,False,no_ticket_filed
TXN100302,False,no_ticket_filed
TXN100303,False,no_ticket_filed
TXN100304,True,customer_contacted_resolved
TXN100305,False,no_ticket_filed
TXN100306,False,no_ticket_filed
TXN100307,False,no_ticket_filed
TXN100308,False,no_ticket_filed
TXN100309,False,no_ticket_filed
TXN100310,False,no_ticket_filed
TXN100311,False,no_ticket_filed
TXN100312,True,customer_contacted_resolved
TXN100313,True,customer_contacted_resolved
TXN100314,False,no_ticket_filed
TXN100315,True,customer_contacted_resolved
TXN100316,False,no_ticket_filed
TXN100317,False,no_ticket_filed
TXN100318,True,customer_contacted_resolved
TXN100319,True,customer_contacted_resolved
TXN100320,False,no_ticket_filed
TXN100321,False,no_ticket_filed
TXN100322,False,no_ticket_filed
TXN100323,True,customer_contacted_resolved
TXN100324,True,customer_contacted_resolved
TXN100325,False,no_ticket_filed
TXN100326,True,customer_contacted_resolved
TXN100327,False,no_ticket_filed
TXN100328,False,no_ticket_filed
TXN100329,True,customer_contacted_resolved
TXN100330,False,no_ticket_filed
TXN100331,True,customer_contacted_resolved
TXN100332,False,no_ticket_filed
TXN100333,True,customer_contacted_resolved
TXN100334,True,customer_contacted_resolved
TXN100335,False,no_ticket_filed
TXN100336,True,customer_contacted_resolved
TXN100337,False,no_ticket_filed
TXN100338,True,customer_contacted_resolved
TXN100339,True,customer_contacted_resolved
TXN100340,True,customer_contacted_resolved
TXN100341,False,no_ticket_filed
TXN100342,True,customer_contacted_resolved
TXN100343,False,no_ticket_filed
TXN100344,False,no_ticket_filed
TXN100345,True,customer_contacted_resolved
TXN100346,True,customer_contacted_resolved
TXN100347,True,customer_contacted_resolved
TXN100348,True,customer_contacted_resolved
TXN100349,False,no_ticket_filed
TXN100350,True,customer_contacted_resolved
TXN100351,False,no_ticket_filed
TXN100352,False,no_ticket_filed
TXN100353,False,no_ticket_filed
TXN100354,False,no_ticket_filed
TXN100355,True,customer_contacted_resolved
TXN100356,False,no_ticket_filed
TXN100357,True,customer_contacted_resolved
TXN100358,False,no_ticket_filed
TXN100359,True,customer_contacted_resolved
TXN100360,True,customer_contacted_resolved
TXN100361,True,customer_contacted_resolved
TXN100362,False,no_ticket_filed
TXN100363,False,no_ticket_filed
TXN100364,False,no_ticket_filed
TXN100365,False,no_ticket_filed
TXN100366,False,no_ticket_filed
TXN100367,False,no_ticket_filed
TXN100368,True,customer_contacted_resolved
TXN100369,True,customer_contacted_resolved
TXN100370,True,customer_contacted_resolved
TXN100371,False,no_ticket_filed
TXN100372,False,no_ticket_filed
TXN100373,True,customer_contacted_resolved
TXN100374,True,customer_contacted_resolved
TXN100375,False,no_ticket_filed
TXN100376,True,customer_contacted_resolved
TXN100377,True,customer_contacted_resolved
TXN100378,False,no_ticket_filed
TXN100379,False,no_ticket_filed
TXN100380,True,customer_contacted_resolved
TXN100381,False,no_ticket_filed
TXN100382,True,customer_contacted_resolved
TXN100383,True,customer_contacted_resolved
TXN100384,True,customer_contacted_resolved
TXN100385,False,no_ticket_filed
TXN100386,True,customer_contacted_resolved
TXN100387,False,no_ticket_filed
TXN100388,False,no_ticket_filed
TXN100389,False,no_ticket_filed
TXN100390,False,no_ticket_filed
TXN100391,False,no_ticket_filed
TXN100392,False,no_ticket_filed
TXN100393,True,customer_contacted_resolved
TXN100394,False,no_ticket_filed
TXN100395,False,no_ticket_filed
TXN100396,False,no_ticket_filed
TXN100397,True,customer_contacted_resolved
TXN100398,False,no_ticket_filed
TXN100399,True,customer_contacted_resolved
TXN100400,True,customer_contacted_resolved
TXN100401,True,customer_contacted_resolved
TXN100402,False,no_ticket_filed
TXN100403,False,no_ticket_filed
TXN100404,False,no_ticket_filed
TXN100405,False,no_ticket_filed
TXN100406,True,customer_contacted_resolved
TXN100407,False,no_ticket_filed
TXN100408,False,no_ticket_filed
TXN100409,False,no_ticket_filed
TXN100410,True,customer_contacted_resolved
TXN100411,False,no_ticket_filed
TXN100412,True,customer_contacted_resolved
TXN100413,True,customer_contacted_resolved
TXN100414,True,customer_contacted_resolved
TXN100415,True,customer_contacted_resolved
TXN100416,True,customer_contacted_resolved
TXN100417,True,customer_contacted_resolved
TXN100418,False,no_ticket_filed
TXN100419,True,customer_contacted_resolved
TXN100420,False,no_ticket_filed
TXN100421,False,no_ticket_filed
TXN100422,False,no_ticket_filed
TXN100423,True,customer_contacted_resolved
TXN100424,False,no_ticket_filed
TXN100425,True,customer_contacted_resolved
TXN100426,False,no_ticket_filed
TXN100427,True,customer_contacted_resolved
TXN100428,True,customer_contacted_resolved
TXN100429,True,customer_contacted_resolved
TXN100430,False,no_ticket_filed
TXN100431,True,customer_contacted_resolved
TXN100432,False,no_ticket_filed
TXN100433,False,no_ticket_filed
TXN100434,True,customer_contacted_resolved
TXN100435,True,customer_contacted_resolved
TXN100436,False,no_ticket_filed
TXN100437,False,no_ticket_filed
TXN100438,True,customer_contacted_resolved
TXN100439,False,no_ticket_filed
TXN100440,False,no_ticket_filed
TXN100441,False,no_ticket_filed
TXN100442,True,customer_contacted_resolved
TXN100443,False,no_ticket_filed
TXN100444,False,no_ticket_filed
TXN100445,False,no_ticket_filed
TXN100446,True,customer_contacted_resolved
TXN100447,False,no_ticket_filed
TXN100448,True,customer_contacted_resolved
TXN100449,False,no_ticket_filed
TXN100450,False,no_ticket_filed
TXN100451,False,no_ticket_filed
TXN100452,False,no_ticket_filed
TXN100453,False,no_ticket_filed
TXN100454,False,no_ticket_filed
TXN100455,True,customer_contacted_resolved
TXN100456,False,no_ticket_filed
TXN100457,False,no_ticket_filed
TXN100458,True,customer_contacted_resolved
TXN100459,True,customer_contacted_resolved
TXN100460,False,no_ticket_filed
TXN100461,True,customer_contacted_resolved
TXN100462,True,customer_contacted_resolved
TXN100463,False,no_ticket_filed
TXN100464,True,customer_contacted_resolved
TXN100465,False,no_ticket_filed
TXN100466,True,customer_contacted_resolved
TXN100467,True,customer_contacted_resolved
TXN100468,False,no_ticket_filed
TXN100469,False,no_ticket_filed
TXN100470,True,customer_contacted_resolved
TXN100471,False,no_ticket_filed
TXN100472,True,customer_contacted_resolved
TXN100473,False,no_ticket_filed
TXN100474,True,customer_contacted_resolved
TXN100475,False,no_ticket_filed
TXN100476,False,no_ticket_filed
TXN100477,False,no_ticket_filed
TXN100478,False,no_ticket_filed
TXN100479,False,no_ticket_filed
TXN100480,True,customer_contacted_resolved
TXN100481,True,customer_contacted_resolved
TXN100482,False,no_ticket_filed
TXN100483,True,customer_contacted_resolved
TXN100484,True,customer_contacted_resolved
TXN100485,True,customer_contacted_resolved
TXN100486,True,customer_contacted_resolved
TXN100487,True,customer_contacted_resolved
TXN100488,False,no_ticket_filed
TXN100489,False,no_ticket_filed
TXN100490,True,customer_contacted_resolved
TXN100491,False,no_ticket_filed
TXN100492,True,customer_contacted_resolved
TXN100493,False,no_ticket_filed
TXN100494,True,customer_contacted_resolved
TXN100495,False,no_ticket_filed
TXN100496,True,customer_contacted_resolved
TXN100497,False,no_ticket_filed
TXN100498,True,customer_contacted_resolved
TXN100499,True,customer_contacted_resolved
TXN100500,False,no_ticket_filed
TXN100501,False,no_ticket_filed
TXN100502,False,no_ticket_filed
TXN100503,True,customer_contacted_resolved
TXN100504,True,customer_contacted_resolved
TXN100505,False,no_ticket_filed
TXN100506,True,customer_contacted_resolved
TXN100507,True,customer_contacted_resolved
TXN100508,True,customer_contacted_resolved
TXN100509,True,customer_contacted_resolved
TXN100510,False,no_ticket_filed
TXN100511,True,customer_contacted_resolved
TXN100512,False,no_ticket_filed
TXN100513,True,customer_contacted_resolved
TXN100514,False,no_ticket_filed
TXN100515,False,no_ticket_filed
TXN100516,True,customer_contacted_resolved
TXN100517,False,no_ticket_filed
TXN100518,True,customer_contacted_resolved
TXN100519,False,no_ticket_filed
TXN100520,True,customer_contacted_resolved
TXN100521,False,no_ticket_filed
TXN100522,False,no_ticket_filed
TXN100523,True,customer_contacted_resolved
TXN100524,False,no_ticket_filed
TXN100525,True,customer_contacted_resolved
TXN100526,True,customer_contacted_resolved
TXN100527,False,no_ticket_filed
TXN100528,True,customer_contacted_resolved
TXN100529,True,customer_contacted_resolved
TXN100530,False,no_ticket_filed
TXN100531,False,no_ticket_filed
TXN100532,False,no_ticket_filed
TXN100533,True,customer_contacted_resolved
TXN100534,False,no_ticket_filed
TXN100535,True,customer_contacted_resolved
TXN100536,False,no_ticket_filed
TXN100537,False,no_ticket_filed
TXN100538,True,customer_contacted_resolved
TXN100539,False,no_ticket_filed
TXN100540,True,customer_contacted_resolved
TXN100541,False,no_ticket_filed
TXN100542,False,no_ticket_filed
TXN100543,True,customer_contacted_resolved
TXN100544,True,customer_contacted_resolved
TXN100545,False,no_ticket_filed
TXN100546,False,no_ticket_filed
TXN100547,False,no_ticket_filed
TXN100548,True,customer_contacted_resolved
TXN100549,False,no_ticket_filed
TXN100550,True,customer_contacted_resolved
TXN100551,False,no_ticket_filed
TXN100552,False,no_ticket_filed
TXN100553,True,customer_contacted_resolved
TXN100554,False,no_ticket_filed
TXN100555,False,no_ticket_filed
TXN100556,False,no_ticket_filed
TXN100557,False,no_ticket_filed
TXN100558,False,no_ticket_filed
TXN100559,False,no_ticket_filed
TXN100560,False,no_ticket_filed
TXN100561,True,customer_contacted_resolved
TXN100562,True,customer_contacted_resolved
TXN100563,False,no_ticket_filed
TXN100564,False,no_ticket_filed
TXN100565,False,no_ticket_filed
TXN100566,False,no_ticket_filed
TXN100567,False,no_ticket_filed
TXN100568,False,no_ticket_filed
TXN100569,False,no_ticket_filed
TXN100570,False,no_ticket_filed
TXN100571,True,customer_contacted_resolved
TXN100572,False,no_ticket_filed
TXN100573,False,no_ticket_filed
TXN100574,False,no_ticket_filed
TXN100575,True,customer_contacted_resolved
TXN100576,False,no_ticket_filed
TXN100577,True,customer_contacted_resolved
TXN100578,True,customer_contacted_resolved
TXN100579,True,customer_contacted_resolved
TXN100580,False,no_ticket_filed
TXN100581,True,customer_contacted_resolved
TXN100582,False,no_ticket_filed
TXN100583,False,no_ticket_filed
TXN100584,False,no_ticket_filed
TXN100585,False,no_ticket_filed
TXN100586,True,customer_contacted_resolved
TXN100587,True,customer_contacted_resolved
TXN100588,False,no_ticket_filed
TXN100589,False,no_ticket_filed
TXN100590,False,no_ticket_filed
TXN100591,False,no_ticket_filed
TXN100592,True,customer_contacted_resolved
TXN100593,False,no_ticket_filed
TXN100594,True,customer_contacted_resolved
TXN100595,True,customer_contacted_resolved
TXN100596,False,no_ticket_filed
TXN100597,False,no_ticket_filed
TXN100598,False,no_ticket_filed
TXN100599,True,customer_contacted_resolved
TXN100600,False,no_ticket_filed
TXN100601,False,no_ticket_filed
TXN100602,False,no_ticket_filed
TXN100603,True,customer_contacted_resolved
TXN100604,True,customer_contacted_resolved
TXN100605,False,no_ticket_filed
TXN100606,False,no_ticket_filed
TXN100607,True,customer_contacted_resolved
TXN100608,False,no_ticket_filed
TXN100609,False,no_ticket_filed
TXN100610,False,no_ticket_filed
TXN100611,False,no_ticket_filed
TXN100612,False,no_ticket_filed
TXN100613,True,customer_contacted_resolved
TXN100614,True,customer_contacted_resolved
TXN100615,True,customer_contacted_resolved
TXN100616,True,customer_contacted_resolved
TXN100617,True,customer_contacted_resolved
TXN100618,False,no_ticket_filed
TXN100619,False,no_ticket_filed
TXN100620,False,no_ticket_filed
TXN100621,True,customer_contacted_resolved
TXN100622,False,no_ticket_filed
TXN100623,True,customer_contacted_resolved
TXN100624,False,no_ticket_filed
TXN100625,False,no_ticket_filed
TXN100626,False,no_ticket_filed
TXN100627,False,no_ticket_filed
TXN100628,False,no_ticket_filed
TXN100629,False,no_ticket_filed
TXN100630,False,no_ticket_filed
TXN100631,True,customer_contacted_resolved
TXN100632,False,no_ticket_filed
TXN100633,True,customer_contacted_resolved
TXN100634,False,no_ticket_filed
TXN100635,False,no_ticket_filed
TXN100636,False,no_ticket_filed
TXN100637,False,no_ticket_filed
TXN100638,False,no_ticket_filed
TXN100639,False,no_ticket_filed
TXN100640,False,no_ticket_filed
TXN100641,False,no_ticket_filed
TXN100642,False,no_ticket_filed
TXN100643,True,customer_contacted_resolved
TXN100644,False,no_ticket_filed
TXN100645,True,customer_contacted_resolved
TXN100646,False,no_ticket_filed
TXN100647,True,customer_contacted_resolved
TXN100648,False,no_ticket_filed
TXN100649,True,customer_contacted_resolved
TXN100650,False,no_ticket_filed
TXN100651,False,no_ticket_filed
TXN100652,False,no_ticket_filed
TXN100653,True,customer_contacted_resolved
TXN100654,False,no_ticket_filed
TXN100655,True,customer_contacted_resolved
TXN100656,False,no_ticket_filed
TXN100657,False,no_ticket_filed
TXN100658,False,no_ticket_filed
TXN100659,False,no_ticket_filed
TXN100660,False,no_ticket_filed
TXN100661,False,no_ticket_filed
TXN100662,False,no_ticket_filed
TXN100663,False,no_ticket_filed
TXN100664,True,customer_contacted_resolved
TXN100665,False,no_ticket_filed
TXN100666,False,no_ticket_filed
TXN100667,True,customer_contacted_resolved
TXN100668,True,customer_contacted_resolved
TXN100669,True,customer_contacted_resolved
TXN100670,False,no_ticket_filed
TXN100671,True,customer_contacted_resolved
TXN100672,True,customer_contacted_resolved
TXN100673,True,customer_contacted_resolved
TXN100674,True,customer_contacted_resolved
TXN100675,True,customer_contacted_resolved
TXN100676,False,no_ticket_filed
TXN100677,False,no_ticket_filed
TXN100678,False,no_ticket_filed
TXN100679,True,customer_contacted_resolved
TXN100680,False,no_ticket_filed
TXN100681,True,customer_contacted_resolved
TXN100682,True,customer_contacted_resolved
TXN100683,False,no_ticket_filed
TXN100684,False,no_ticket_filed
TXN100685,True,customer_contacted_resolved
TXN100686,False,no_ticket_filed
TXN100687,True,customer_contacted_resolved
TXN100688,False,no_ticket_filed
TXN100689,True,customer_contacted_resolved
TXN100690,False,no_ticket_filed
TXN100691,True,customer_contacted_resolved
TXN100692,False,no_ticket_filed
TXN100693,False,no_ticket_filed
TXN100694,False,no_ticket_filed
TXN100695,False,no_ticket_filed
TXN100696,False,no_ticket_filed
TXN100697,False,no_ticket_filed
TXN100698,False,no_ticket_filed
TXN100699,False,no_ticket_filed
TXN100700,False,no_ticket_filed
TXN100701,False,no_ticket_filed
TXN100702,True,customer_contacted_resolved
TXN100703,False,no_ticket_filed
TXN100704,False,no_ticket_filed
TXN100705,True,customer_contacted_resolved
TXN100706,False,no_ticket_filed
TXN100707,False,no_ticket_filed
TXN100708,False,no_ticket_filed
TXN100709,True,customer_contacted_resolved
TXN100710,False,no_ticket_filed
TXN100711,False,no_ticket_filed
TXN100712,True,customer_contacted_resolved
TXN100713,False,no_ticket_filed
TXN100714,False,no_ticket_filed
TXN100715,False,no_ticket_filed
TXN100716,True,customer_contacted_resolved
TXN100717,True,customer_contacted_resolved
TXN100718,False,no_ticket_filed
TXN100719,False,no_ticket_filed
TXN100720,False,no_ticket_filed
TXN100721,False,no_ticket_filed
TXN100722,False,no_ticket_filed
TXN100723,False,no_ticket_filed
TXN100724,False,no_ticket_filed
TXN100725,True,customer_contacted_resolved
TXN100726,False,no_ticket_filed
TXN100727,True,customer_contacted_resolved
TXN100728,True,customer_contacted_resolved
TXN100729,True,customer_contacted_resolved
TXN100730,False,no_ticket_filed
TXN100731,True,customer_contacted_resolved
TXN100732,False,no_ticket_filed
TXN100733,True,customer_contacted_resolved
TXN100734,False,no_ticket_filed
TXN100735,True,customer_contacted_resolved
TXN100736,False,no_ticket_filed
TXN100737,True,customer_contacted_resolved
TXN100738,True,customer_contacted_resolved
TXN100739,False,no_ticket_filed
TXN100740,True,customer_contacted_resolved
TXN100741,True,customer_contacted_resolved
TXN100742,False,no_ticket_filed
TXN100743,True,customer_contacted_resolved
TXN100744,False,no_ticket_filed
TXN100745,False,no_ticket_filed
TXN100746,False,no_ticket_filed
TXN100747,False,no_ticket_filed
TXN100748,True,customer_contacted_resolved
TXN100749,True,customer_contacted_resolved
TXN100750,False,no_ticket_filed
TXN100751,False,no_ticket_filed
TXN100752,True,customer_contacted_resolved
TXN100753,False,no_ticket_filed
TXN100754,True,customer_contacted_resolved
TXN100755,False,no_ticket_filed
TXN100756,True,customer_contacted_resolved
TXN100757,False,no_ticket_filed
TXN100758,True,customer_contacted_resolved
TXN100759,False,no_ticket_filed
TXN100760,True,customer_contacted_resolved
TXN100761,False,no_ticket_filed
TXN100762,False,no_ticket_filed
TXN100763,False,no_ticket_filed
TXN100764,True,customer_contacted_resolved
TXN100765,False,no_ticket_filed
TXN100766,True,customer_contacted_resolved
TXN100767,True,customer_contacted_resolved
TXN100768,False,no_ticket_filed
TXN100769,False,no_ticket_filed
TXN100770,True,customer_contacted_resolved
TXN100771,True,customer_contacted_resolved
TXN100772,False,no_ticket_filed
TXN100773,True,customer_contacted_resolved
TXN100774,False,no_ticket_filed
TXN100775,False,no_ticket_filed
TXN100776,True,customer_contacted_resolved
TXN100777,False,no_ticket_filed
TXN100778,True,customer_contacted_resolved
TXN100779,True,customer_contacted_resolved
TXN100780,True,customer_contacted_resolved
TXN100781,False,no_ticket_filed
TXN100782,True,customer_contacted_resolved
TXN100783,True,customer_contacted_resolved
TXN100784,True,customer_contacted_resolved
TXN100785,False,no_ticket_filed
TXN100786,False,no_ticket_filed
TXN100787,False,no_ticket_filed
TXN100788,True,customer_contacted_resolved
TXN100789,True,customer_contacted_resolved
TXN100790,False,no_ticket_filed
TXN100791,True,customer_contacted_resolved
TXN100792,False,no_ticket_filed
TXN100793,False,no_ticket_filed
TXN100794,False,no_ticket_filed
TXN100795,True,customer_contacted_resolved
TXN100796,False,no_ticket_filed
TXN100797,False,no_ticket_filed
TXN100798,True,customer_contacted_resolved
TXN100799,False,no_ticket_filed
TXN100800,False,no_ticket_filed
TXN100801,False,no_ticket_filed
TXN100802,True,customer_contacted_resolved
TXN100803,False,no_ticket_filed
TXN100804,True,customer_contacted_resolved
TXN100805,True,customer_contacted_resolved
TXN100806,True,customer_contacted_resolved
TXN100807,False,no_ticket_filed
TXN100808,False,no_ticket_filed
TXN100809,True,customer_contacted_resolved
TXN100810,False,no_ticket_filed
TXN100811,True,customer_contacted_resolved
TXN100812,False,no_ticket_filed
TXN100813,False,no_ticket_filed
TXN100814,False,no_ticket_filed
TXN100815,True,customer_contacted_resolved
TXN100816,True,customer_contacted_resolved
TXN100817,False,no_ticket_filed
TXN100818,True,customer_contacted_resolved
TXN100819,True,customer_contacted_resolved
TXN100820,True,customer_contacted_resolved
TXN100821,False,no_ticket_filed
TXN100822,True,customer_contacted_resolved
TXN100823,True,customer_contacted_resolved
TXN100824,True,customer_contacted_resolved
TXN100825,False,no_ticket_filed
TXN100826,False,no_ticket_filed
TXN100827,True,customer_contacted_resolved
TXN100828,False,no_ticket_filed
TXN100829,False,no_ticket_filed
TXN100830,True,customer_contacted_resolved
TXN100831,True,customer_contacted_resolved
TXN100832,True,customer_contacted_resolved
TXN100833,False,no_ticket_filed
TXN100834,False,no_ticket_filed
TXN100835,False,no_ticket_filed
TXN100836,False,no_ticket_filed
TXN100837,False,no_ticket_filed
TXN100838,False,no_ticket_filed
TXN100839,False,no_ticket_filed
TXN100840,False,no_ticket_filed
TXN100841,False,no_ticket_filed
TXN100842,True,customer_contacted_resolved
TXN100843,False,no_ticket_filed
TXN100844,True,customer_contacted_resolved
TXN100845,False,no_ticket_filed
TXN100846,False,no_ticket_filed
TXN100847,False,no_ticket_filed
TXN100848,True,customer_contacted_resolved
TXN100849,False,no_ticket_filed
TXN100850,True,customer_contacted_resolved
TXN100851,False,no_ticket_filed
TXN100852,False,no_ticket_filed
TXN100853,True,customer_contacted_resolved
TXN100854,True,customer_contacted_resolved
TXN100855,False,no_ticket_filed
TXN100856,True,customer_contacted_resolved
TXN100857,False,no_ticket_filed
TXN100858,False,no_ticket_filed
TXN100859,True,customer_contacted_resolved
TXN100860,True,customer_contacted_resolved
TXN100861,True,customer_contacted_resolved
TXN100862,True,customer_contacted_resolved
TXN100863,True,customer_contacted_resolved
TXN100864,False,no_ticket_filed
TXN100865,True,customer_contacted_resolved
TXN100866,True,customer_contacted_resolved
TXN100867,False,no_ticket_filed
TXN100868,True,customer_contacted_resolved
TXN100869,True,customer_contacted_resolved
TXN100870,True,customer_contacted_resolved
TXN100871,True,customer_contacted_resolved
TXN100872,True,customer_contacted_resolved
TXN100873,True,customer_contacted_resolved
TXN100874,False,no_ticket_filed
TXN100875,True,customer_contacted_resolved
TXN100876,False,no_ticket_filed
TXN100877,False,no_ticket_filed
TXN100878,False,no_ticket_filed
TXN100879,True,customer_contacted_resolved
TXN100880,False,no_ticket_filed
TXN100881,True,customer_contacted_resolved
TXN100882,False,no_ticket_filed
TXN100883,True,customer_contacted_resolved
TXN100884,True,customer_contacted_resolved
TXN100885,False,no_ticket_filed
TXN100886,False,no_ticket_filed
TXN100887,False,no_ticket_filed
TXN100888,False,no_ticket_filed
TXN100889,False,no_ticket_filed
TXN100890,False,no_ticket_filed
TXN100891,True,customer_contacted_resolved
TXN100892,False,no_ticket_filed
TXN100893,False,no_ticket_filed
TXN100894,True,customer_contacted_resolved
TXN100895,False,no_ticket_filed
TXN100896,False,no_ticket_filed
TXN100897,True,customer_contacted_resolved
TXN100898,True,customer_contacted_resolved
TXN100899,False,no_ticket_filed
TXN100900,True,customer_contacted_resolved
TXN100901,False,no_ticket_filed
TXN100902,False,no_ticket_filed
TXN100903,True,customer_contacted_resolved
TXN100904,False,no_ticket_filed
TXN100905,False,no_ticket_filed
TXN100906,True,customer_contacted_resolved
TXN100907,True,customer_contacted_resolved
TXN100908,False,no_ticket_filed
TXN100909,False,no_ticket_filed
TXN100910,False,no_ticket_filed
TXN100911,True,customer_contacted_resolved
TXN100912,False,no_ticket_filed
TXN100913,True,customer_contacted_resolved
TXN100914,False,no_ticket_filed
TXN100915,False,no_ticket_filed
TXN100916,False,no_ticket_filed
TXN100917,False,no_ticket_filed
TXN100918,False,no_ticket_filed
TXN100919,False,no_ticket_filed
TXN100920,False,no_ticket_filed
TXN100921,True,customer_contacted_resolved
TXN100922,True,customer_contacted_resolved
TXN100923,True,customer_contacted_resolved
TXN100924,False,no_ticket_filed
TXN100925,True,customer_contacted_resolved
TXN100926,False,no_ticket_filed
TXN100927,False,no_ticket_filed
TXN100928,True,customer_contacted_resolved
TXN100929,True,customer_contacted_resolved
TXN100930,True,customer_contacted_resolved
TXN100931,True,customer_contacted_resolved
TXN100932,False,no_ticket_filed
TXN100933,False,no_ticket_filed
TXN100934,False,no_ticket_filed
TXN100935,True,customer_contacted_resolved
TXN100936,True,customer_contacted_resolved
TXN100937,False,no_ticket_filed
TXN100938,True,customer_contacted_resolved
TXN100939,False,no_ticket_filed
TXN100940,False,no_ticket_filed
TXN100941,True,customer_contacted_resolved
TXN100942,False,no_ticket_filed
TXN100943,True,customer_contacted_resolved
TXN100944,False,no_ticket_filed
TXN100945,False,no_ticket_filed
TXN100946,True,customer_contacted_resolved
TXN100947,False,no_ticket_filed
TXN100948,False,no_ticket_filed
TXN100949,False,no_ticket_filed
TXN100950,True,customer_contacted_resolved
TXN100951,True,customer_contacted_resolved
TXN100952,False,no_ticket_filed
TXN100953,True,customer_contacted_resolved
TXN100954,True,customer_contacted_resolved
TXN100955,True,customer_contacted_resolved
TXN100956,False,no_ticket_filed
TXN100957,False,no_ticket_filed
TXN100958,False,no_ticket_filed
TXN100959,False,no_ticket_filed
TXN100960,False,no_ticket_filed
TXN100961,False,no_ticket_filed
TXN100962,True,customer_contacted_resolved
TXN100963,True,customer_contacted_resolved
TXN100964,True,customer_contacted_resolved
TXN100965,False,no_ticket_filed
TXN100966,False,no_ticket_filed
TXN100967,True,customer_contacted_resolved
TXN100968,True,customer_contacted_resolved
TXN100969,True,customer_contacted_resolved
TXN100970,True,customer_contacted_resolved
TXN100971,False,no_ticket_filed
TXN100972,False,no_ticket_filed
TXN100973,False,no_ticket_filed
TXN100974,True,customer_contacted_resolved
TXN100975,False,no_ticket_filed
TXN100976,True,customer_contacted_resolved
TXN100977,False,no_ticket_filed
TXN100978,True,customer_contacted_resolved
TXN100979,False,no_ticket_filed
TXN100980,False,no_ticket_filed
TXN100981,True,customer_contacted_resolved
TXN100982,False,no_ticket_filed
TXN100983,False,no_ticket_filed
TXN100984,False,no_ticket_filed
TXN100985,False,no_ticket_filed
TXN100986,True,customer_contacted_resolved
TXN100987,False,no_ticket_filed
TXN100988,False,no_ticket_filed
TXN100989,True,customer_contacted_resolved
TXN100990,True,customer_contacted_resolved
TXN100991,False,no_ticket_filed
TXN100992,False,no_ticket_filed
TXN100993,False,no_ticket_filed
TXN100994,False,no_ticket_filed
TXN100995,False,no_ticket_filed
TXN100996,False,no_ticket_filed
TXN100997,False,no_ticket_filed
TXN100998,False,no_ticket_filed
TXN100999,False,no_ticket_filed
TXN101000,True,customer_contacted_resolved
TXN101001,True,customer_contacted_resolved
TXN101002,False,no_ticket_filed
TXN101003,True,customer_contacted_resolved
TXN101004,False,no_ticket_filed
TXN101005,False,no_ticket_filed
TXN101006,True,customer_contacted_resolved
TXN101007,False,no_ticket_filed
TXN101008,True,customer_contacted_resolved
TXN101009,False,no_ticket_filed
TXN101010,False,no_ticket_filed
TXN101011,False,no_ticket_filed
TXN101012,True,customer_contacted_resolved
TXN101013,False,no_ticket_filed
TXN101014,True,customer_contacted_resolved
TXN101015,False,no_ticket_filed
TXN101016,False,no_ticket_filed
TXN101017,False,no_ticket_filed
TXN101018,True,customer_contacted_resolved
TXN101019,True,customer_contacted_resolved
TXN101020,False,no_ticket_filed
TXN101021,True,customer_contacted_resolved
TXN101022,False,no_ticket_filed
TXN101023,False,no_ticket_filed
TXN101024,True,customer_contacted_resolved
TXN101025,True,customer_contacted_resolved
TXN101026,False,no_ticket_filed
TXN101027,True,customer_contacted_resolved
TXN101028,False,no_ticket_filed
TXN101029,True,customer_contacted_resolved
TXN101030,True,customer_contacted_resolved
TXN101031,False,no_ticket_filed
TXN101032,True,customer_contacted_resolved
TXN101033,False,no_ticket_filed
TXN101034,False,no_ticket_filed
TXN101035,False,no_ticket_filed
TXN101036,False,no_ticket_filed
TXN101037,False,no_ticket_filed
TXN101038,False,no_ticket_filed
TXN101039,True,customer_contacted_resolved
TXN101040,False,no_ticket_filed
TXN101041,True,customer_contacted_resolved
TXN101042,True,customer_contacted_resolved
TXN101043,False,no_ticket_filed
TXN101044,True,customer_contacted_resolved
TXN101045,False,no_ticket_filed
TXN101046,False,no_ticket_filed
TXN101047,False,no_ticket_filed
TXN101048,True,customer_contacted_resolved
TXN101049,False,no_ticket_filed
TXN101050,True,customer_contacted_resolved
TXN101051,True,customer_contacted_resolved
TXN101052,True,customer_contacted_resolved
TXN101053,False,no_ticket_filed
TXN101054,False,no_ticket_filed
TXN101055,True,customer_contacted_resolved
TXN101056,False,no_ticket_filed
TXN101057,False,no_ticket_filed
TXN101058,False,no_ticket_filed
TXN101059,False,no_ticket_filed
TXN101060,False,no_ticket_filed
TXN101061,False,no_ticket_filed
TXN101062,False,no_ticket_filed
TXN101063,True,customer_contacted_resolved
TXN101064,False,no_ticket_filed
TXN101065,True,customer_contacted_resolved
TXN101066,False,no_ticket_filed
TXN101067,False,no_ticket_filed
TXN101068,False,no_ticket_filed
TXN101069,False,no_ticket_filed
TXN101070,False,no_ticket_filed
TXN101071,False,no_ticket_filed
TXN101072,True,customer_contacted_resolved
TXN101073,True,customer_contacted_resolved
TXN101074,True,customer_contacted_resolved
TXN101075,False,no_ticket_filed
TXN101076,False,no_ticket_filed
TXN101077,True,customer_contacted_resolved
TXN101078,False,no_ticket_filed
TXN101079,False,no_ticket_filed
TXN101080,False,no_ticket_filed
TXN101081,False,no_ticket_filed
TXN101082,False,no_ticket_filed
TXN101083,True,customer_contacted_resolved
TXN101084,False,no_ticket_filed
TXN101085,True,customer_contacted_resolved
TXN101086,False,no_ticket_filed
TXN101087,False,no_ticket_filed
TXN101088,True,customer_contacted_resolved
TXN101089,True,customer_contacted_resolved
TXN101090,False,no_ticket_filed
TXN101091,True,customer_contacted_resolved
TXN101092,False,no_ticket_filed
TXN101093,True,customer_contacted_resolved
TXN101094,False,no_ticket_filed
TXN101095,True,customer_contacted_resolved
TXN101096,False,no_ticket_filed
TXN101097,True,customer_contacted_resolved
TXN101098,True,customer_contacted_resolved
TXN101099,False,no_ticket_filed
TXN101100,True,customer_contacted_resolved
TXN101101,False,no_ticket_filed
TXN101102,False,no_ticket_filed
TXN101103,True,customer_contacted_resolved
TXN101104,False,no_ticket_filed
TXN101105,True,customer_contacted_resolved
TXN101106,False,no_ticket_filed
TXN101107,False,no_ticket_filed
TXN101108,False,no_ticket_filed
TXN101109,False,no_ticket_filed
TXN101110,False,no_ticket_filed
TXN101111,False,no_ticket_filed
TXN101112,False,no_ticket_filed
TXN101113,False,no_ticket_filed
TXN101114,True,customer_contacted_resolved
TXN101115,False,no_ticket_filed
TXN101116,False,no_ticket_filed
TXN101117,True,customer_contacted_resolved
TXN101118,False,no_ticket_filed
TXN101119,True,customer_contacted_resolved
TXN101120,True,customer_contacted_resolved
TXN101121,False,no_ticket_filed
TXN101122,False,no_ticket_filed
TXN101123,False,no_ticket_filed
TXN101124,False,no_ticket_filed
TXN101125,True,customer_contacted_resolved
TXN101126,True,customer_contacted_resolved
TXN101127,True,customer_contacted_resolved
TXN101128,True,customer_contacted_resolved
TXN101129,True,customer_contacted_resolved
TXN101130,True,customer_contacted_resolved
TXN101131,True,customer_contacted_resolved
TXN101132,False,no_ticket_filed
TXN101133,False,no_ticket_filed
TXN101134,False,no_ticket_filed
TXN101135,True,customer_contacted_resolved
TXN101136,True,customer_contacted_resolved
TXN101137,False,no_ticket_filed
TXN101138,True,customer_contacted_resolved
TXN101139,False,no_ticket_filed
TXN101140,False,no_ticket_filed
TXN101141,True,customer_contacted_resolved
TXN101142,False,no_ticket_filed
TXN101143,False,no_ticket_filed
TXN101144,True,customer_contacted_resolved
TXN101145,True,customer_contacted_resolved
TXN101146,True,customer_contacted_resolved
TXN101147,True,customer_contacted_resolved
TXN101148,False,no_ticket_filed
TXN101149,False,no_ticket_filed
TXN101150,True,customer_contacted_resolved
TXN101151,False,no_ticket_filed
TXN101152,True,customer_contacted_resolved
TXN101153,False,no_ticket_filed
TXN101154,False,no_ticket_filed
TXN101155,True,customer_contacted_resolved
TXN101156,False,no_ticket_filed
TXN101157,True,customer_contacted_resolved
TXN101158,False,no_ticket_filed
TXN101159,False,no_ticket_filed
TXN101160,True,customer_contacted_resolved
TXN101161,True,customer_contacted_resolved
TXN101162,False,no_ticket_filed
TXN101163,True,customer_contacted_resolved
TXN101164,False,no_ticket_filed
TXN101165,False,no_ticket_filed
TXN101166,False,no_ticket_filed
TXN101167,False,no_ticket_filed
TXN101168,False,no_ticket_filed
TXN101169,False,no_ticket_filed
TXN101170,True,customer_contacted_resolved
TXN101171,True,customer_contacted_resolved
TXN101172,True,customer_contacted_resolved
TXN101173,False,no_ticket_filed
TXN101174,False,no_ticket_filed
TXN101175,False,no_ticket_filed
TXN101176,True,customer_contacted_resolved
TXN101177,False,no_ticket_filed
TXN101178,False,no_ticket_filed
TXN101179,False,no_ticket_filed
TXN101180,False,no_ticket_filed
TXN101181,False,no_ticket_filed
TXN101182,True,customer_contacted_resolved
TXN101183,True,customer_contacted_resolved
TXN101184,False,no_ticket_filed
TXN101185,True,customer_contacted_resolved
TXN101186,True,customer_contacted_resolved
TXN101187,False,no_ticket_filed
TXN101188,True,customer_contacted_resolved
TXN101189,True,customer_contacted_resolved
TXN101190,True,customer_contacted_resolved
TXN101191,True,customer_contacted_resolved
TXN101192,True,customer_contacted_resolved
TXN101193,False,no_ticket_filed
TXN101194,True,customer_contacted_resolved
TXN101195,True,customer_contacted_resolved
TXN101196,False,no_ticket_filed
TXN101197,False,no_ticket_filed
TXN101198,False,no_ticket_filed
TXN101199,True,customer_contacted_resolved
TXN101200,False,no_ticket_filed
TXN101201,False,no_ticket_filed
TXN101202,False,no_ticket_filed
TXN101203,False,no_ticket_filed
TXN101204,False,no_ticket_filed
TXN101205,False,no_ticket_filed
TXN101206,False,no_ticket_filed
TXN101207,False,no_ticket_filed
TXN101208,True,customer_contacted_resolved
TXN101209,False,no_ticket_filed
TXN101210,True,customer_contacted_resolved
TXN101211,False,no_ticket_filed
TXN101212,True,customer_contacted_resolved
TXN101213,False,no_ticket_filed
TXN101214,False,no_ticket_filed
TXN101215,False,no_ticket_filed
TXN101216,False,no_ticket_filed
TXN101217,True,customer_contacted_resolved
TXN101218,True,customer_contacted_resolved
TXN101219,False,no_ticket_filed
TXN101220,True,customer_contacted_resolved
TXN101221,False,no_ticket_filed
TXN101222,True,customer_contacted_resolved
TXN101223,True,customer_contacted_resolved
TXN101224,False,no_ticket_filed
TXN101225,True,customer_contacted_resolved
TXN101226,False,no_ticket_filed
TXN101227,False,no_ticket_filed
TXN101228,False,no_ticket_filed
TXN101229,False,no_ticket_filed
TXN101230,True,customer_contacted_resolved
TXN101231,True,customer_contacted_resolved
TXN101232,False,no_ticket_filed
TXN101233,False,no_ticket_filed
TXN101234,True,customer_contacted_resolved
TXN101235,False,no_ticket_filed
TXN101236,False,no_ticket_filed
TXN101237,True,customer_contacted_resolved
TXN101238,True,customer_contacted_resolved
TXN101239,True,customer_contacted_resolved
TXN101240,False,no_ticket_filed
TXN101241,False,no_ticket_filed
TXN101242,False,no_ticket_filed
TXN101243,False,no_ticket_filed
TXN101244,False,no_ticket_filed
TXN101245,False,no_ticket_filed
TXN101246,False,no_ticket_filed
TXN101247,False,no_ticket_filed
TXN101248,True,customer_contacted_resolved
TXN101249,False,no_ticket_filed
TXN101250,True,customer_contacted_resolved
TXN101251,False,no_ticket_filed
TXN101252,False,no_ticket_filed
TXN101253,False,no_ticket_filed
TXN101254,True,customer_contacted_resolved
TXN101255,True,customer_contacted_resolved
TXN101256,False,no_ticket_filed
TXN101257,False,no_ticket_filed
TXN101258,False,no_ticket_filed
TXN101259,False,no_ticket_filed
TXN101260,True,customer_contacted_resolved
TXN101261,True,customer_contacted_resolved
TXN101262,True,customer_contacted_resolved
TXN101263,True,customer_contacted_resolved
TXN101264,True,customer_contacted_resolved
TXN101265,False,no_ticket_filed
TXN101266,False,no_ticket_filed
TXN101267,False,no_ticket_filed
TXN101268,False,no_ticket_filed
TXN101269,False,no_ticket_filed
TXN101270,True,customer_contacted_resolved
TXN101271,True,customer_contacted_resolved
TXN101272,True,customer_contacted_resolved
TXN101273,False,no_ticket_filed
TXN101274,False,no_ticket_filed
TXN101275,True,customer_contacted_resolved
TXN101276,True,customer_contacted_resolved
TXN101277,False,no_ticket_filed
TXN101278,False,no_ticket_filed
TXN101279,False,no_ticket_filed
TXN101280,True,customer_contacted_resolved
TXN101281,False,no_ticket_filed
TXN101282,False,no_ticket_filed
TXN101283,False,no_ticket_filed
TXN101284,True,customer_contacted_resolved
TXN101285,True,customer_contacted_resolved
TXN101286,False,no_ticket_filed
TXN101287,True,customer_contacted_resolved
TXN101288,False,no_ticket_filed
TXN101289,True,customer_contacted_resolved
TXN101290,True,customer_contacted_resolved
TXN101291,True,customer_contacted_resolved
TXN101292,True,customer_contacted_resolved
TXN101293,False,no_ticket_filed
TXN101294,False,no_ticket_filed
TXN101295,False,no_ticket_filed
TXN101296,True,customer_contacted_resolved
TXN101297,False,no_ticket_filed
TXN101298,False,no_ticket_filed
TXN101299,False,no_ticket_filed
TXN101300,True,customer_contacted_resolved
TXN101301,False,no_ticket_filed
TXN101302,True,customer_contacted_resolved
TXN101303,False,no_ticket_filed
TXN101304,False,no_ticket_filed
TXN101305,True,customer_contacted_resolved
TXN101306,True,customer_contacted_resolved
TXN101307,False,no_ticket_filed
TXN101308,True,customer_contacted_resolved
TXN101309,False,no_ticket_filed
TXN101310,False,no_ticket_filed
TXN101311,False,no_ticket_filed
TXN101312,False,no_ticket_filed
TXN101313,False,no_ticket_filed
TXN101314,False,no_ticket_filed
TXN101315,False,no_ticket_filed
TXN101316,False,no_ticket_filed
TXN101317,False,no_ticket_filed
TXN101318,True,customer_contacted_resolved
TXN101319,True,customer_contacted_resolved
TXN101320,True,customer_contacted_resolved
TXN101321,False,no_ticket_filed
TXN101322,False,no_ticket_filed
TXN101323,True,customer_contacted_resolved
TXN101324,True,customer_contacted_resolved
TXN101325,False,no_ticket_filed
TXN101326,True,customer_contacted_resolved
TXN101327,True,customer_contacted_resolved
TXN101328,False,no_ticket_filed
TXN101329,False,no_ticket_filed
TXN101330,False,no_ticket_filed
TXN101331,False,no_ticket_filed
TXN101332,False,no_ticket_filed
TXN101333,False,no_ticket_filed
TXN101334,True,customer_contacted_resolved
TXN101335,False,no_ticket_filed
TXN101336,True,customer_contacted_resolved
TXN101337,True,customer_contacted_resolved
TXN101338,False,no_ticket_filed
TXN101339,True,customer_contacted_resolved
TXN101340,True,customer_contacted_resolved
TXN101341,True,customer_contacted_resolved
TXN101342,True,customer_contacted_resolved
TXN101343,False,no_ticket_filed
TXN101344,True,customer_contacted_resolved
TXN101345,True,customer_contacted_resolved
TXN101346,True,customer_contacted_resolved
TXN101347,False,no_ticket_filed
TXN101348,True,customer_contacted_resolved
TXN101349,False,no_ticket_filed
TXN101350,True,customer_contacted_resolved
TXN101351,False,no_ticket_filed
TXN101352,True,customer_contacted_resolved
TXN101353,False,no_ticket_filed
TXN101354,True,customer_contacted_resolved
TXN101355,False,no_ticket_filed
TXN101356,False,no_ticket_filed
TXN101357,False,no_ticket_filed
TXN101358,True,customer_contacted_resolved
TXN101359,False,no_ticket_filed
TXN101360,False,no_ticket_filed
TXN101361,True,customer_contacted_resolved
TXN101362,True,customer_contacted_resolved
TXN101363,False,no_ticket_filed
TXN101364,True,customer_contacted_resolved
TXN101365,False,no_ticket_filed
TXN101366,False,no_ticket_filed
TXN101367,False,no_ticket_filed
TXN101368,False,no_ticket_filed
TXN101369,False,no_ticket_filed
TXN101370,True,customer_contacted_resolved
TXN101371,True,customer_contacted_resolved
TXN101372,True,customer_contacted_resolved
TXN101373,True,customer_contacted_resolved
TXN101374,False,no_ticket_filed
TXN101375,True,customer_contacted_resolved
TXN101376,True,customer_contacted_resolved
TXN101377,True,customer_contacted_resolved
TXN101378,True,customer_contacted_resolved
TXN101379,False,no_ticket_filed
TXN101380,True,customer_contacted_resolved
TXN101381,False,no_ticket_filed
TXN101382,False,no_ticket_filed
TXN101383,False,no_ticket_filed
TXN101384,True,customer_contacted_resolved
TXN101385,False,no_ticket_filed
TXN101386,False,no_ticket_filed
TXN101387,True,customer_contacted_resolved
TXN101388,False,no_ticket_filed
TXN101389,True,customer_contacted_resolved
TXN101390,True,customer_contacted_resolved
TXN101391,False,no_ticket_filed
TXN101392,True,customer_contacted_resolved
TXN101393,False,no_ticket_filed
TXN101394,False,no_ticket_filed
TXN101395,False,no_ticket_filed
TXN101396,False,no_ticket_filed
TXN101397,True,customer_contacted_resolved
TXN101398,False,no_ticket_filed
TXN101399,True,customer_contacted_resolved
TXN101400,True,customer_contacted_resolved
TXN101401,True,customer_contacted_resolved
TXN101402,True,customer_contacted_resolved
TXN101403,False,no_ticket_filed
TXN101404,False,no_ticket_filed
TXN101405,False,no_ticket_filed
TXN101406,True,customer_contacted_resolved
TXN101407,False,no_ticket_filed
TXN101408,True,customer_contacted_resolved
TXN101409,False,no_ticket_filed
TXN101410,False,no_ticket_filed
TXN101411,False,no_ticket_filed
TXN101412,True,customer_contacted_resolved
TXN101413,True,customer_contacted_resolved
TXN101414,False,no_ticket_filed
TXN101415,False,no_ticket_filed
TXN101416,True,customer_contacted_resolved
TXN101417,False,no_ticket_filed
TXN101418,True,customer_contacted_resolved
TXN101419,True,customer_contacted_resolved
TXN101420,False,no_ticket_filed
TXN101421,True,customer_contacted_resolved
TXN101422,False,no_ticket_filed
TXN101423,False,no_ticket_filed
TXN101424,False,no_ticket_filed
TXN101425,False,no_ticket_filed
TXN101426,True,customer_contacted_resolved
TXN101427,True,customer_contacted_resolved
TXN101428,False,no_ticket_filed
TXN101429,False,no_ticket_filed
TXN101430,True,customer_contacted_resolved
TXN101431,True,customer_contacted_resolved
TXN101432,False,no_ticket_filed
TXN101433,True,customer_contacted_resolved
TXN101434,True,customer_contacted_resolved
TXN101435,False,no_ticket_filed
TXN101436,True,customer_contacted_resolved
TXN101437,False,no_ticket_filed
TXN101438,True,customer_contacted_resolved
TXN101439,False,no_ticket_filed
TXN101440,True,customer_contacted_resolved
TXN101441,False,no_ticket_filed
TXN101442,False,no_ticket_filed
TXN101443,False,no_ticket_filed
TXN101444,False,no_ticket_filed
TXN101445,False,no_ticket_filed
TXN101446,True,customer_contacted_resolved
TXN101447,False,no_ticket_filed
TXN101448,False,no_ticket_filed
TXN101449,False,no_ticket_filed
TXN101450,True,customer_contacted_resolved
TXN101451,True,customer_contacted_resolved
TXN101452,True,customer_contacted_resolved
TXN101453,False,no_ticket_filed
TXN101454,True,customer_contacted_resolved
TXN101455,True,customer_contacted_resolved
TXN101456,True,customer_contacted_resolved
TXN101457,True,customer_contacted_resolved
TXN101458,True,customer_contacted_resolved
TXN101459,False,no_ticket_filed
TXN101460,True,customer_contacted_resolved
TXN101461,False,no_ticket_filed
TXN101462,True,customer_contacted_resolved
TXN101463,False,no_ticket_filed
TXN101464,True,customer_contacted_resolved
TXN101465,False,no_ticket_filed
TXN101466,False,no_ticket_filed
TXN101467,False,no_ticket_filed
TXN101468,False,no_ticket_filed
TXN101469,False,no_ticket_filed
TXN101470,False,no_ticket_filed
TXN101471,False,no_ticket_filed
TXN101472,False,no_ticket_filed
TXN101473,True,customer_contacted_resolved
TXN101474,True,customer_contacted_resolved
TXN101475,False,no_ticket_filed
TXN101476,True,customer_contacted_resolved
TXN101477,True,customer_contacted_resolved
TXN101478,False,no_ticket_filed
TXN101479,False,no_ticket_filed
TXN101480,True,customer_contacted_resolved
TXN101481,True,customer_contacted_resolved
TXN101482,False,no_ticket_filed
TXN101483,False,no_ticket_filed
TXN101484,False,no_ticket_filed
TXN101485,False,no_ticket_filed
TXN101486,True,customer_contacted_resolved
TXN101487,True,customer_contacted_resolved
TXN101488,False,no_ticket_filed
TXN101489,False,no_ticket_filed
TXN101490,False,no_ticket_filed
TXN101491,True,customer_contacted_resolved
TXN101492,True,customer_contacted_resolved
TXN101493,True,customer_contacted_resolved
TXN101494,False,no_ticket_filed
TXN101495,False,no_ticket_filed
TXN101496,True,customer_contacted_resolved
TXN101497,True,customer_contacted_resolved
TXN101498,True,customer_contacted_resolved
TXN101499,True,customer_contacted_resolved
TXN101500,False,no_ticket_filed
TXN101501,False,no_ticket_filed
TXN101502,True,customer_contacted_resolved
TXN101503,False,no_ticket_filed
TXN101504,True,customer_contacted_resolved
TXN101505,False,no_ticket_filed
TXN101506,False,no_ticket_filed
TXN101507,False,no_ticket_filed
TXN101508,True,customer_contacted_resolved
TXN101509,True,customer_contacted_resolved
TXN101510,False,no_ticket_filed
TXN101511,True,customer_contacted_resolved
TXN101512,True,customer_contacted_resolved
TXN101513,True,customer_contacted_resolved
TXN101514,False,no_ticket_filed
TXN101515,False,no_ticket_filed
TXN101516,False,no_ticket_filed
TXN101517,True,customer_contacted_resolved
TXN101518,False,no_ticket_filed
TXN101519,True,customer_contacted_resolved
TXN101520,False,no_ticket_filed
TXN101521,True,customer_contacted_resolved
TXN101522,False,no_ticket_filed
TXN101523,True,customer_contacted_resolved
TXN101524,True,customer_contacted_resolved
TXN101525,True,customer_contacted_resolved
TXN101526,False,no_ticket_filed
TXN101527,False,no_ticket_filed
TXN101528,False,no_ticket_filed
TXN101529,False,no_ticket_filed
TXN101530,True,customer_contacted_resolved
TXN101531,False,no_ticket_filed
TXN101532,True,customer_contacted_resolved
TXN101533,False,no_ticket_filed
TXN101534,True,customer_contacted_resolved
TXN101535,False,no_ticket_filed
TXN101536,True,customer_contacted_resolved
TXN101537,True,customer_contacted_resolved
TXN101538,False,no_ticket_filed
TXN101539,True,customer_contacted_resolved
TXN101540,True,customer_contacted_resolved
TXN101541,False,no_ticket_filed
TXN101542,True,customer_contacted_resolved
TXN101543,False,no_ticket_filed
TXN101544,True,customer_contacted_resolved
TXN101545,False,no_ticket_filed
TXN101546,True,customer_contacted_resolved
TXN101547,True,customer_contacted_resolved
TXN101548,False,no_ticket_filed
TXN101549,True,customer_contacted_resolved
TXN101550,False,no_ticket_filed
TXN101551,False,no_ticket_filed
TXN101552,False,no_ticket_filed
TXN101553,False,no_ticket_filed
TXN101554,False,no_ticket_filed
TXN101555,True,customer_contacted_resolved
TXN101556,False,no_ticket_filed
TXN101557,False,no_ticket_filed
TXN101558,False,no_ticket_filed
TXN101559,True,customer_contacted_resolved
TXN101560,True,customer_contacted_resolved
TXN101561,True,customer_contacted_resolved
TXN101562,False,no_ticket_filed
TXN101563,False,no_ticket_filed
TXN101564,False,no_ticket_filed
TXN101565,True,customer_contacted_resolved
TXN101566,True,customer_contacted_resolved
TXN101567,True,customer_contacted_resolved
TXN101568,False,no_ticket_filed
TXN101569,True,customer_contacted_resolved
TXN101570,True,customer_contacted_resolved
TXN101571,True,customer_contacted_resolved
TXN101572,False,no_ticket_filed
TXN101573,False,no_ticket_filed
TXN101574,True,customer_contacted_resolved
TXN101575,True,customer_contacted_resolved
TXN101576,True,customer_contacted_resolved
TXN101577,False,no_ticket_filed
TXN101578,False,no_ticket_filed
TXN101579,True,customer_contacted_resolved
TXN101580,False,no_ticket_filed
TXN101581,True,customer_contacted_resolved
TXN101582,True,customer_contacted_resolved
TXN101583,True,customer_contacted_resolved
TXN101584,True,customer_contacted_resolved
TXN101585,True,customer_contacted_resolved
TXN101586,True,customer_contacted_resolved
TXN101587,False,no_ticket_filed
TXN101588,False,no_ticket_filed
TXN101589,True,customer_contacted_resolved
TXN101590,True,customer_contacted_resolved
TXN101591,True,customer_contacted_resolved
TXN101592,False,no_ticket_filed
TXN101593,False,no_ticket_filed
TXN101594,True,customer_contacted_resolved
TXN101595,False,no_ticket_filed
TXN101596,False,no_ticket_filed
TXN101597,True,customer_contacted_resolved
TXN101598,True,customer_contacted_resolved
TXN101599,False,no_ticket_filed
TXN101600,True,customer_contacted_resolved
TXN101601,False,no_ticket_filed
TXN101602,True,customer_contacted_resolved
TXN101603,False,no_ticket_filed
TXN101604,True,customer_contacted_resolved
TXN101605,True,customer_contacted_resolved
TXN101606,False,no_ticket_filed
TXN101607,False,no_ticket_filed
TXN101608,True,customer_contacted_resolved
TXN101609,True,customer_contacted_resolved
TXN101610,True,customer_contacted_resolved
TXN101611,False,no_ticket_filed
TXN101612,True,customer_contacted_resolved
TXN101613,True,customer_contacted_resolved
TXN101614,True,customer_contacted_resolved
TXN101615,True,customer_contacted_resolved
TXN101616,True,customer_contacted_resolved
TXN101617,False,no_ticket_filed
TXN101618,True,customer_contacted_resolved
TXN101619,False,no_ticket_filed
TXN101620,True,customer_contacted_resolved
TXN101621,True,customer_contacted_resolved
TXN101622,False,no_ticket_filed
TXN101623,True,customer_contacted_resolved
TXN101624,False,no_ticket_filed
TXN101625,False,no_ticket_filed
TXN101626,False,no_ticket_filed
TXN101627,False,no_ticket_filed
TXN101628,False,no_ticket_filed
TXN101629,True,customer_contacted_resolved
TXN101630,False,no_ticket_filed
TXN101631,False,no_ticket_filed
TXN101632,True,customer_contacted_resolved
TXN101633,False,no_ticket_filed
TXN101634,False,no_ticket_filed
TXN101635,False,no_ticket_filed
TXN101636,True,customer_contacted_resolved
TXN101637,True,customer_contacted_resolved
TXN101638,True,customer_contacted_resolved
TXN101639,False,no_ticket_filed
TXN101640,False,no_ticket_filed
TXN101641,True,customer_contacted_resolved
TXN101642,False,no_ticket_filed
TXN101643,False,no_ticket_filed
TXN101644,False,no_ticket_filed
TXN101645,True,customer_contacted_resolved
TXN101646,False,no_ticket_filed
TXN101647,False,no_ticket_filed
TXN101648,True,customer_contacted_resolved
TXN101649,False,no_ticket_filed
TXN101650,False,no_ticket_filed
TXN101651,False,no_ticket_filed
TXN101652,False,no_ticket_filed
TXN101653,False,no_ticket_filed
TXN101654,False,no_ticket_filed
TXN101655,True,customer_contacted_resolved
TXN101656,False,no_ticket_filed
TXN101657,True,customer_contacted_resolved
TXN101658,False,no_ticket_filed
TXN101659,False,no_ticket_filed
TXN101660,False,no_ticket_filed
TXN101661,False,no_ticket_filed
TXN101662,True,customer_contacted_resolved
TXN101663,True,customer_contacted_resolved
TXN101664,True,customer_contacted_resolved
TXN101665,False,no_ticket_filed
TXN101666,False,no_ticket_filed
TXN101667,True,customer_contacted_resolved
TXN101668,False,no_ticket_filed
TXN101669,False,no_ticket_filed
TXN101670,True,customer_contacted_resolved
TXN101671,True,customer_contacted_resolved
TXN101672,False,no_ticket_filed
TXN101673,False,no_ticket_filed
TXN101674,False,no_ticket_filed
TXN101675,False,no_ticket_filed
TXN101676,False,no_ticket_filed
TXN101677,False,no_ticket_filed
TXN101678,True,customer_contacted_resolved
TXN101679,False,no_ticket_filed
TXN101680,False,no_ticket_filed
TXN101681,False,no_ticket_filed
TXN101682,False,no_ticket_filed
TXN101683,True,customer_contacted_resolved
TXN101684,True,customer_contacted_resolved
TXN101685,True,customer_contacted_resolved
TXN101686,False,no_ticket_filed
TXN101687,False,no_ticket_filed
TXN101688,False,no_ticket_filed
TXN101689,False,no_ticket_filed
TXN101690,True,customer_contacted_resolved
TXN101691,False,no_ticket_filed
TXN101692,False,no_ticket_filed
TXN101693,True,customer_contacted_resolved
TXN101694,False,no_ticket_filed
TXN101695,True,customer_contacted_resolved
TXN101696,False,no_ticket_filed
TXN101697,False,no_ticket_filed
TXN101698,False,no_ticket_filed
TXN101699,False,no_ticket_filed
TXN101700,False,no_ticket_filed
TXN101701,False,no_ticket_filed
TXN101702,False,no_ticket_filed
TXN101703,False,no_ticket_filed
TXN101704,False,no_ticket_filed
TXN101705,True,customer_contacted_resolved
TXN101706,True,customer_contacted_resolved
TXN101707,True,customer_contacted_resolved
TXN101708,True,customer_contacted_resolved
TXN101709,False,no_ticket_filed
TXN101710,True,customer_contacted_resolved
TXN101711,False,no_ticket_filed
TXN101712,False,no_ticket_filed
TXN101713,False,no_ticket_filed
TXN101714,True,customer_contacted_resolved
TXN101715,False,no_ticket_filed
TXN101716,True,customer_contacted_resolved
TXN101717,True,customer_contacted_resolved
TXN101718,False,no_ticket_filed
TXN101719,False,no_ticket_filed
TXN101720,True,customer_contacted_resolved
TXN101721,False,no_ticket_filed
TXN101722,True,customer_contacted_resolved
TXN101723,True,customer_contacted_resolved
TXN101724,False,no_ticket_filed
TXN101725,False,no_ticket_filed
TXN101726,False,no_ticket_filed
TXN101727,True,customer_contacted_resolved
TXN101728,False,no_ticket_filed
TXN101729,False,no_ticket_filed
TXN101730,False,no_ticket_filed
TXN101731,False,no_ticket_filed
TXN101732,False,no_ticket_filed
TXN101733,True,customer_contacted_resolved
TXN101734,True,customer_contacted_resolved
TXN101735,False,no_ticket_filed
TXN101736,False,no_ticket_filed
TXN101737,False,no_ticket_filed
TXN101738,False,no_ticket_filed
TXN101739,False,no_ticket_filed
TXN101740,True,customer_contacted_resolved
TXN101741,True,customer_contacted_resolved
TXN101742,True,customer_contacted_resolved
TXN101743,False,no_ticket_filed
TXN101744,False,no_ticket_filed
TXN101745,False,no_ticket_filed
TXN101746,False,no_ticket_filed
TXN101747,True,customer_contacted_resolved
TXN101748,False,no_ticket_filed
TXN101749,True,customer_contacted_resolved
TXN101750,False,no_ticket_filed
TXN101751,True,customer_contacted_resolved
TXN101752,False,no_ticket_filed
TXN101753,True,customer_contacted_resolved
TXN101754,True,customer_contacted_resolved
TXN101755,True,customer_contacted_resolved
TXN101756,False,no_ticket_filed
TXN101757,True,customer_contacted_resolved
TXN101758,False,no_ticket_filed
TXN101759,False,no_ticket_filed
TXN101760,True,customer_contacted_resolved
TXN101761,False,no_ticket_filed
TXN101762,False,no_ticket_filed
TXN101763,False,no_ticket_filed
TXN101764,True,customer_contacted_resolved
TXN101765,True,customer_contacted_resolved
TXN101766,False,no_ticket_filed
TXN101767,False,no_ticket_filed
TXN101768,False,no_ticket_filed
TXN101769,False,no_ticket_filed
TXN101770,False,no_ticket_filed
TXN101771,False,no_ticket_filed
TXN101772,False,no_ticket_filed
TXN101773,False,no_ticket_filed
TXN101774,False,no_ticket_filed
TXN101775,True,customer_contacted_resolved
TXN101776,True,customer_contacted_resolved
TXN101777,True,customer_contacted_resolved
TXN101778,False,no_ticket_filed
TXN101779,True,customer_contacted_resolved
TXN101780,True,customer_contacted_resolved
TXN101781,True,customer_contacted_resolved
TXN101782,True,customer_contacted_resolved
TXN101783,True,customer_contacted_resolved
TXN101784,True,customer_contacted_resolved
TXN101785,False,no_ticket_filed
TXN101786,True,customer_contacted_resolved
TXN101787,True,customer_contacted_resolved
TXN101788,True,customer_contacted_resolved
TXN101789,False,no_ticket_filed
TXN101790,True,customer_contacted_resolved
TXN101791,False,no_ticket_filed
TXN101792,True,customer_contacted_resolved
TXN101793,False,no_ticket_filed
TXN101794,False,no_ticket_filed
TXN101795,False,no_ticket_filed
TXN101796,True,customer_contacted_resolved
TXN101797,False,no_ticket_filed
TXN101798,False,no_ticket_filed
TXN101799,False,no_ticket_filed
TXN101800,True,customer_contacted_resolved
TXN101801,True,customer_contacted_resolved
TXN101802,False,no_ticket_filed
TXN101803,True,customer_contacted_resolved
TXN101804,True,customer_contacted_resolved
TXN101805,False,no_ticket_filed
TXN101806,False,no_ticket_filed
TXN101807,False,no_ticket_filed
TXN101808,False,no_ticket_filed
TXN101809,False,no_ticket_filed
TXN101810,False,no_ticket_filed
TXN101811,False,no_ticket_filed
TXN101812,True,customer_contacted_resolved
TXN101813,False,no_ticket_filed
TXN101814,True,customer_contacted_resolved
TXN101815,False,no_ticket_filed
TXN101816,False,no_ticket_filed
TXN101817,True,customer_contacted_resolved
TXN101818,False,no_ticket_filed
TXN101819,False,no_ticket_filed
TXN101820,False,no_ticket_filed
TXN101821,True,customer_contacted_resolved
TXN101822,False,no_ticket_filed
TXN101823,False,no_ticket_filed
TXN101824,False,no_ticket_filed
TXN101825,True,customer_contacted_resolved
TXN101826,False,no_ticket_filed
TXN101827,True,customer_contacted_resolved
TXN101828,True,customer_contacted_resolved
TXN101829,False,no_ticket_filed
TXN101830,True,customer_contacted_resolved
TXN101831,True,customer_contacted_resolved
TXN101832,False,no_ticket_filed
TXN101833,True,customer_contacted_resolved
TXN101834,False,no_ticket_filed
TXN101835,False,no_ticket_filed
TXN101836,True,customer_contacted_resolved
TXN101837,True,customer_contacted_resolved
TXN101838,False,no_ticket_filed
TXN101839,False,no_ticket_filed
TXN101840,False,no_ticket_filed
TXN101841,False,no_ticket_filed
TXN101842,False,no_ticket_filed
TXN101843,False,no_ticket_filed
TXN101844,True,customer_contacted_resolved
TXN101845,True,customer_contacted_resolved
TXN101846,True,customer_contacted_resolved
TXN101847,False,no_ticket_filed
TXN101848,False,no_ticket_filed
TXN101849,False,no_ticket_filed
TXN101850,False,no_ticket_filed
TXN101851,True,customer_contacted_resolved
TXN101852,False,no_ticket_filed
TXN101853,True,customer_contacted_resolved
TXN101854,True,customer_contacted_resolved
TXN101855,False,no_ticket_filed
TXN101856,True,customer_contacted_resolved
TXN101857,False,no_ticket_filed
TXN101858,False,no_ticket_filed
TXN101859,False,no_ticket_filed
TXN101860,True,customer_contacted_resolved
TXN101861,True,customer_contacted_resolved
TXN101862,False,no_ticket_filed
TXN101863,False,no_ticket_filed
TXN101864,False,no_ticket_filed
TXN101865,False,no_ticket_filed
TXN101866,True,customer_contacted_resolved
TXN101867,True,customer_contacted_resolved
TXN101868,False,no_ticket_filed
TXN101869,True,customer_contacted_resolved
TXN101870,True,customer_contacted_resolved
TXN101871,True,customer_contacted_resolved
TXN101872,True,customer_contacted_resolved
TXN101873,True,customer_contacted_resolved
TXN101874,True,customer_contacted_resolved
TXN101875,False,no_ticket_filed
TXN101876,False,no_ticket_filed
TXN101877,False,no_ticket_filed
TXN101878,False,no_ticket_filed
TXN101879,True,customer_contacted_resolved
TXN101880,False,no_ticket_filed
TXN101881,False,no_ticket_filed
TXN101882,False,no_ticket_filed
TXN101883,False,no_ticket_filed
TXN101884,True,customer_contacted_resolved
TXN101885,False,no_ticket_filed
TXN101886,True,customer_contacted_resolved
TXN101887,False,no_ticket_filed
TXN101888,False,no_ticket_filed
TXN101889,True,customer_contacted_resolved
TXN101890,False,no_ticket_filed
TXN101891,True,customer_contacted_resolved
TXN101892,False,no_ticket_filed
TXN101893,True,customer_contacted_resolved
TXN101894,False,no_ticket_filed
TXN101895,False,no_ticket_filed
TXN101896,True,customer_contacted_resolved
TXN101897,True,customer_contacted_resolved
TXN101898,False,no_ticket_filed
TXN101899,True,customer_contacted_resolved
TXN101900,True,customer_contacted_resolved
TXN101901,True,customer_contacted_resolved
TXN101902,True,customer_contacted_resolved
TXN101903,False,no_ticket_filed
TXN101904,True,customer_contacted_resolved
TXN101905,False,no_ticket_filed
TXN101906,False,no_ticket_filed
TXN101907,True,customer_contacted_resolved
TXN101908,False,no_ticket_filed
TXN101909,True,customer_contacted_resolved
TXN101910,False,no_ticket_filed
TXN101911,False,no_ticket_filed
TXN101912,True,customer_contacted_resolved
TXN101913,True,customer_contacted_resolved
TXN101914,False,no_ticket_filed
TXN101915,False,no_ticket_filed
TXN101916,False,no_ticket_filed
TXN101917,False,no_ticket_filed
TXN101918,False,no_ticket_filed
TXN101919,False,no_ticket_filed
TXN101920,True,customer_contacted_resolved
TXN101921,True,customer_contacted_resolved
TXN101922,False,no_ticket_filed
TXN101923,False,no_ticket_filed
TXN101924,False,no_ticket_filed
TXN101925,False,no_ticket_filed
TXN101926,False,no_ticket_filed
TXN101927,True,customer_contacted_resolved
TXN101928,False,no_ticket_filed
TXN101929,False,no_ticket_filed
TXN101930,False,no_ticket_filed
TXN101931,True,customer_contacted_resolved
TXN101932,False,no_ticket_filed
TXN101933,True,customer_contacted_resolved
TXN101934,True,customer_contacted_resolved
TXN101935,True,customer_contacted_resolved
TXN101936,True,customer_contacted_resolved
TXN101937,True,customer_contacted_resolved
TXN101938,False,no_ticket_filed
TXN101939,True,customer_contacted_resolved
TXN101940,True,customer_contacted_resolved
TXN101941,False,no_ticket_filed
TXN101942,False,no_ticket_filed
TXN101943,False,no_ticket_filed
TXN101944,True,customer_contacted_resolved
TXN101945,False,no_ticket_filed
TXN101946,True,customer_contacted_resolved
TXN101947,False,no_ticket_filed
TXN101948,True,customer_contacted_resolved
TXN101949,False,no_ticket_filed
TXN101950,False,no_ticket_filed
TXN101951,False,no_ticket_filed
TXN101952,False,no_ticket_filed
TXN101953,False,no_ticket_filed
TXN101954,False,no_ticket_filed
TXN101955,False,no_ticket_filed
TXN101956,False,no_ticket_filed
TXN101957,True,customer_contacted_resolved
TXN101958,False,no_ticket_filed
TXN101959,True,customer_contacted_resolved
TXN101960,False,no_ticket_filed
TXN101961,False,no_ticket_filed
TXN101962,False,no_ticket_filed
TXN101963,True,customer_contacted_resolved
TXN101964,True,customer_contacted_resolved
TXN101965,False,no_ticket_filed
TXN101966,True,customer_contacted_resolved
TXN101967,False,no_ticket_filed
TXN101968,True,customer_contacted_resolved
TXN101969,False,no_ticket_filed
TXN101970,False,no_ticket_filed
TXN101971,False,no_ticket_filed
TXN101972,True,customer_contacted_resolved
TXN101973,True,customer_contacted_resolved
TXN101974,True,customer_contacted_resolved
TXN101975,False,no_ticket_filed
TXN101976,False,no_ticket_filed
TXN101977,True,customer_contacted_resolved
TXN101978,False,no_ticket_filed
TXN101979,True,customer_contacted_resolved
TXN101980,True,customer_contacted_resolved
TXN101981,False,no_ticket_filed
TXN101982,True,customer_contacted_resolved
TXN101983,False,no_ticket_filed
TXN101984,False,no_ticket_filed
TXN101985,True,customer_contacted_resolved
TXN101986,False,no_ticket_filed
TXN101987,False,no_ticket_filed
TXN101988,False,no_ticket_filed
TXN101989,True,customer_contacted_resolved
TXN101990,True,customer_contacted_resolved
TXN101991,False,no_ticket_filed
TXN101992,False,no_ticket_filed
TXN101993,False,no_ticket_filed
TXN101994,True,customer_contacted_resolved
TXN101995,False,no_ticket_filed
TXN101996,False,no_ticket_filed
TXN101997,False,no_ticket_filed
TXN101998,False,no_ticket_filed
TXN101999,True,customer_contacted_resolved
TXN102000,True,customer_contacted_resolved
TXN102001,True,customer_contacted_resolved
TXN102002,True,customer_contacted_resolved
TXN102003,True,customer_contacted_resolved
TXN102004,False,no_ticket_filed
TXN102005,True,customer_contacted_resolved
TXN102006,True,customer_contacted_resolved
TXN102007,True,customer_contacted_resolved
TXN102008,False,no_ticket_filed
TXN102009,False,no_ticket_filed
TXN102010,True,customer_contacted_resolved
TXN102011,False,no_ticket_filed
TXN102012,False,no_ticket_filed
TXN102013,False,no_ticket_filed
TXN102014,True,customer_contacted_resolved
TXN102015,True,customer_contacted_resolved
TXN102016,True,customer_contacted_resolved
TXN102017,False,no_ticket_filed
TXN102018,False,no_ticket_filed
TXN102019,False,no_ticket_filed
TXN102020,True,customer_contacted_resolved
TXN102021,True,customer_contacted_resolved
TXN102022,True,customer_contacted_resolved
TXN102023,False,no_ticket_filed
TXN102024,False,no_ticket_filed
TXN102025,True,customer_contacted_resolved
TXN102026,False,no_ticket_filed
TXN102027,True,customer_contacted_resolved
TXN102028,False,no_ticket_filed
TXN102029,False,no_ticket_filed
TXN102030,True,customer_contacted_resolved
TXN102031,True,customer_contacted_resolved
TXN102032,False,no_ticket_filed
TXN102033,False,no_ticket_filed
TXN102034,False,no_ticket_filed
TXN102035,True,customer_contacted_resolved
TXN102036,False,no_ticket_filed
TXN102037,True,customer_contacted_resolved
TXN102038,False,no_ticket_filed
TXN102039,True,customer_contacted_resolved
TXN102040,False,no_ticket_filed
TXN102041,False,no_ticket_filed
TXN102042,True,customer_contacted_resolved
TXN102043,True,customer_contacted_resolved
TXN102044,True,customer_contacted_resolved
TXN102045,False,no_ticket_filed
TXN102046,True,customer_contacted_resolved
TXN102047,True,customer_contacted_resolved
TXN102048,False,no_ticket_filed
TXN102049,True,customer_contacted_resolved
TXN102050,True,customer_contacted_resolved
TXN102051,False,no_ticket_filed
TXN102052,True,customer_contacted_resolved
TXN102053,False,no_ticket_filed
TXN102054,False,no_ticket_filed
TXN102055,False,no_ticket_filed
TXN102056,False,no_ticket_filed
TXN102057,True,customer_contacted_resolved
TXN102058,False,no_ticket_filed
TXN102059,True,customer_contacted_resolved
TXN102060,False,no_ticket_filed
TXN102061,True,customer_contacted_resolved
TXN102062,False,no_ticket_filed
TXN102063,False,no_ticket_filed
TXN102064,False,no_ticket_filed
TXN102065,False,no_ticket_filed
TXN102066,True,customer_contacted_resolved
TXN102067,True,customer_contacted_resolved
TXN102068,True,customer_contacted_resolved
TXN102069,False,no_ticket_filed
TXN102070,False,no_ticket_filed
TXN102071,True,customer_contacted_resolved
TXN102072,True,customer_contacted_resolved
TXN102073,False,no_ticket_filed
TXN102074,False,no_ticket_filed
TXN102075,False,no_ticket_filed
TXN102076,True,customer_contacted_resolved
TXN102077,True,customer_contacted_resolved
TXN102078,False,no_ticket_filed
TXN102079,False,no_ticket_filed
TXN102080,False,no_ticket_filed
TXN102081,True,customer_contacted_resolved
TXN102082,False,no_ticket_filed
TXN102083,False,no_ticket_filed
TXN102084,True,customer_contacted_resolved
TXN102085,False,no_ticket_filed
TXN102086,False,no_ticket_filed
TXN102087,True,customer_contacted_resolved
TXN102088,True,customer_contacted_resolved
TXN102089,False,no_ticket_filed
TXN102090,True,customer_contacted_resolved
TXN102091,True,customer_contacted_resolved
TXN102092,False,no_ticket_filed
TXN102093,True,customer_contacted_resolved
TXN102094,False,no_ticket_filed
TXN102095,False,no_ticket_filed
TXN102096,False,no_ticket_filed
TXN102097,True,customer_contacted_resolved
TXN102098,False,no_ticket_filed
TXN102099,False,no_ticket_filed
TXN102100,False,no_ticket_filed
TXN102101,True,customer_contacted_resolved
TXN102102,True,customer_contacted_resolved
TXN102103,False,no_ticket_filed
TXN102104,True,customer_contacted_resolved
TXN102105,True,customer_contacted_resolved
TXN102106,False,no_ticket_filed
TXN102107,False,no_ticket_filed
TXN102108,False,no_ticket_filed
TXN102109,False,no_ticket_filed
TXN102110,True,customer_contacted_resolved
TXN102111,True,customer_contacted_resolved
TXN102112,False,no_ticket_filed
TXN102113,True,customer_contacted_resolved
TXN102114,True,customer_contacted_resolved
TXN102115,True,customer_contacted_resolved
TXN102116,False,no_ticket_filed
TXN102117,True,customer_contacted_resolved
TXN102118,True,customer_contacted_resolved
TXN102119,False,no_ticket_filed
TXN102120,False,no_ticket_filed
TXN102121,False,no_ticket_filed
TXN102122,True,customer_contacted_resolved
TXN102123,True,customer_contacted_resolved
TXN102124,False,no_ticket_filed
TXN102125,False,no_ticket_filed
TXN102126,True,customer_contacted_resolved
TXN102127,True,customer_contacted_resolved
TXN102128,False,no_ticket_filed
TXN102129,False,no_ticket_filed
TXN102130,False,no_ticket_filed
TXN102131,False,no_ticket_filed
TXN102132,False,no_ticket_filed
TXN102133,False,no_ticket_filed
TXN102134,False,no_ticket_filed
TXN102135,True,customer_contacted_resolved
TXN102136,False,no_ticket_filed
TXN102137,False,no_ticket_filed
TXN102138,False,no_ticket_filed
TXN102139,False,no_ticket_filed
TXN102140,False,no_ticket_filed
TXN102141,False,no_ticket_filed
TXN102142,True,customer_contacted_resolved
TXN102143,False,no_ticket_filed
TXN102144,False,no_ticket_filed
TXN102145,False,no_ticket_filed
TXN102146,False,no_ticket_filed
TXN102147,True,customer_contacted_resolved
TXN102148,False,no_ticket_filed
TXN102149,False,no_ticket_filed
TXN102150,True,customer_contacted_resolved
TXN102151,False,no_ticket_filed
TXN102152,False,no_ticket_filed
TXN102153,False,no_ticket_filed
TXN102154,True,customer_contacted_resolved
TXN102155,False,no_ticket_filed
TXN102156,True,customer_contacted_resolved
TXN102157,True,customer_contacted_resolved
TXN102158,False,no_ticket_filed
TXN102159,True,customer_contacted_resolved
TXN102160,True,customer_contacted_resolved
TXN102161,False,no_ticket_filed
TXN102162,False,no_ticket_filed
TXN102163,True,customer_contacted_resolved
TXN102164,False,no_ticket_filed
TXN102165,False,no_ticket_filed
TXN102166,False,no_ticket_filed
TXN102167,True,customer_contacted_resolved
TXN102168,False,no_ticket_filed
TXN102169,True,customer_contacted_resolved
TXN102170,True,customer_contacted_resolved
TXN102171,False,no_ticket_filed
TXN102172,False,no_ticket_filed
TXN102173,False,no_ticket_filed
TXN102174,True,customer_contacted_resolved
TXN102175,False,no_ticket_filed
TXN102176,False,no_ticket_filed
TXN102177,False,no_ticket_filed
TXN102178,True,customer_contacted_resolved
TXN102179,False,no_ticket_filed
TXN102180,False,no_ticket_filed
TXN102181,True,customer_contacted_resolved
TXN102182,False,no_ticket_filed
TXN102183,True,customer_contacted_resolved
TXN102184,True,customer_contacted_resolved
TXN102185,False,no_ticket_filed
TXN102186,False,no_ticket_filed
TXN102187,False,no_ticket_filed
TXN102188,True,customer_contacted_resolved
TXN102189,False,no_ticket_filed
TXN102190,False,no_ticket_filed
TXN102191,False,no_ticket_filed
TXN102192,True,customer_contacted_resolved
TXN102193,True,customer_contacted_resolved
TXN102194,True,customer_contacted_resolved
TXN102195,True,customer_contacted_resolved
TXN102196,False,no_ticket_filed
TXN102197,False,no_ticket_filed
TXN102198,True,customer_contacted_resolved
TXN102199,True,customer_contacted_resolved
TXN102200,True,customer_contacted_resolved
TXN102201,True,customer_contacted_resolved
TXN102202,False,no_ticket_filed
TXN102203,True,customer_contacted_resolved
TXN102204,True,customer_contacted_resolved
TXN102205,True,customer_contacted_resolved
TXN102206,False,no_ticket_filed
TXN102207,True,customer_contacted_resolved
TXN102208,True,customer_contacted_resolved
TXN102209,False,no_ticket_filed
TXN102210,False,no_ticket_filed
TXN102211,False,no_ticket_filed
TXN102212,False,no_ticket_filed
TXN102213,False,no_ticket_filed
TXN102214,True,customer_contacted_resolved
TXN102215,False,no_ticket_filed
TXN102216,False,no_ticket_filed
TXN102217,True,customer_contacted_resolved
TXN102218,False,no_ticket_filed
TXN102219,True,customer_contacted_resolved
TXN102220,False,no_ticket_filed
TXN102221,False,no_ticket_filed
TXN102222,True,customer_contacted_resolved
TXN102223,False,no_ticket_filed
TXN102224,True,customer_contacted_resolved
TXN102225,False,no_ticket_filed
TXN102226,True,customer_contacted_resolved
TXN102227,False,no_ticket_filed
TXN102228,True,customer_contacted_resolved
TXN102229,False,no_ticket_filed
TXN102230,True,customer_contacted_resolved
TXN102231,True,customer_contacted_resolved
TXN102232,False,no_ticket_filed
TXN102233,False,no_ticket_filed
TXN102234,True,customer_contacted_resolved
TXN102235,False,no_ticket_filed
TXN102236,True,customer_contacted_resolved
TXN102237,False,no_ticket_filed
TXN102238,False,no_ticket_filed
TXN102239,False,no_ticket_filed
TXN102240,False,no_ticket_filed
TXN102241,True,customer_contacted_resolved
TXN102242,False,no_ticket_filed
TXN102243,False,no_ticket_filed
TXN102244,True,customer_contacted_resolved
TXN102245,True,customer_contacted_resolved
TXN102246,False,no_ticket_filed
TXN102247,False,no_ticket_filed
TXN102248,False,no_ticket_filed
TXN102249,True,customer_contacted_resolved
TXN102250,False,no_ticket_filed
TXN102251,False,no_ticket_filed
TXN102252,False,no_ticket_filed
TXN102253,False,no_ticket_filed
TXN102254,False,no_ticket_filed
TXN102255,True,customer_contacted_resolved
TXN102256,False,no_ticket_filed
TXN102257,False,no_ticket_filed
TXN102258,False,no_ticket_filed
TXN102259,True,customer_contacted_resolved
TXN102260,True,customer_contacted_resolved
TXN102261,False,no_ticket_filed
TXN102262,True,customer_contacted_resolved
TXN102263,False,no_ticket_filed
TXN102264,False,no_ticket_filed
TXN102265,False,no_ticket_filed
TXN102266,True,customer_contacted_resolved
TXN102267,True,customer_contacted_resolved
TXN102268,True,customer_contacted_resolved
TXN102269,True,customer_contacted_resolved
TXN102270,True,customer_contacted_resolved
TXN102271,False,no_ticket_filed
TXN102272,True,customer_contacted_resolved
TXN102273,False,no_ticket_filed
TXN102274,False,no_ticket_filed
TXN102275,False,no_ticket_filed
TXN102276,False,no_ticket_filed
TXN102277,False,no_ticket_filed
TXN102278,False,no_ticket_filed
TXN102279,True,customer_contacted_resolved
TXN102280,True,customer_contacted_resolved
TXN102281,False,no_ticket_filed
TXN102282,False,no_ticket_filed
TXN102283,False,no_ticket_filed
TXN102284,True,customer_contacted_resolved
TXN102285,True,customer_contacted_resolved
TXN102286,False,no_ticket_filed
TXN102287,False,no_ticket_filed
TXN102288,False,no_ticket_filed
TXN102289,True,customer_contacted_resolved
TXN102290,False,no_ticket_filed
TXN102291,True,customer_contacted_resolved
TXN102292,False,no_ticket_filed
TXN102293,False,no_ticket_filed
TXN102294,True,customer_contacted_resolved
TXN102295,False,no_ticket_filed
TXN102296,True,customer_contacted_resolved
TXN102297,True,customer_contacted_resolved
TXN102298,False,no_ticket_filed
TXN102299,False,no_ticket_filed
TXN102300,False,no_ticket_filed
TXN102301,True,customer_contacted_resolved
TXN102302,True,customer_contacted_resolved
TXN102303,False,no_ticket_filed
TXN102304,False,no_ticket_filed
TXN102305,False,no_ticket_filed
TXN102306,False,no_ticket_filed
TXN102307,False,no_ticket_filed
TXN102308,False,no_ticket_filed
TXN102309,True,customer_contacted_resolved
TXN102310,False,no_ticket_filed
TXN102311,False,no_ticket_filed
TXN102312,True,customer_contacted_resolved
TXN102313,True,customer_contacted_resolved
TXN102314,False,no_ticket_filed
TXN102315,True,customer_contacted_resolved
TXN102316,False,no_ticket_filed
TXN102317,False,no_ticket_filed
TXN102318,False,no_ticket_filed
TXN102319,True,customer_contacted_resolved
TXN102320,False,no_ticket_filed
TXN102321,False,no_ticket_filed
TXN102322,False,no_ticket_filed
TXN102323,False,no_ticket_filed
TXN102324,True,customer_contacted_resolved
TXN102325,False,no_ticket_filed
TXN102326,False,no_ticket_filed
TXN102327,True,customer_contacted_resolved
TXN102328,True,customer_contacted_resolved
TXN102329,True,customer_contacted_resolved
TXN102330,True,customer_contacted_resolved
TXN102331,False,no_ticket_filed
TXN102332,False,no_ticket_filed
TXN102333,False,no_ticket_filed
TXN102334,False,no_ticket_filed
TXN102335,True,customer_contacted_resolved
TXN102336,True,customer_contacted_resolved
TXN102337,True,customer_contacted_resolved
TXN102338,True,customer_contacted_resolved
TXN102339,False,no_ticket_filed
TXN102340,False,no_ticket_filed
TXN102341,True,customer_contacted_resolved
TXN102342,False,no_ticket_filed
TXN102343,True,customer_contacted_resolved
TXN102344,True,customer_contacted_resolved
TXN102345,False,no_ticket_filed
TXN102346,True,customer_contacted_resolved
TXN102347,True,customer_contacted_resolved
TXN102348,False,no_ticket_filed
TXN102349,False,no_ticket_filed
TXN102350,True,customer_contacted_resolved
TXN102351,False,no_ticket_filed
TXN102352,True,customer_contacted_resolved
TXN102353,False,no_ticket_filed
TXN102354,False,no_ticket_filed
TXN102355,False,no_ticket_filed
TXN102356,False,no_ticket_filed
TXN102357,False,no_ticket_filed
TXN102358,False,no_ticket_filed
TXN102359,False,no_ticket_filed
TXN102360,False,no_ticket_filed
TXN102361,False,no_ticket_filed
TXN102362,True,customer_contacted_resolved
TXN102363,True,customer_contacted_resolved
TXN102364,True,customer_contacted_resolved
TXN102365,False,no_ticket_filed
TXN102366,False,no_ticket_filed
TXN102367,True,customer_contacted_resolved
TXN102368,True,customer_contacted_resolved
TXN102369,True,customer_contacted_resolved
TXN102370,False,no_ticket_filed
TXN102371,True,customer_contacted_resolved
TXN102372,True,customer_contacted_resolved
TXN102373,False,no_ticket_filed
TXN102374,True,customer_contacted_resolved
TXN102375,False,no_ticket_filed
TXN102376,False,no_ticket_filed
TXN102377,False,no_ticket_filed
TXN102378,False,no_ticket_filed
TXN102379,False,no_ticket_filed
TXN102380,False,no_ticket_filed
TXN102381,False,no_ticket_filed
TXN102382,False,no_ticket_filed
TXN102383,False,no_ticket_filed
TXN102384,False,no_ticket_filed
TXN102385,True,customer_contacted_resolved
TXN102386,False,no_ticket_filed
TXN102387,True,customer_contacted_resolved
TXN102388,False,no_ticket_filed
TXN102389,False,no_ticket_filed
TXN102390,True,customer_contacted_resolved
TXN102391,False,no_ticket_filed
TXN102392,True,customer_contacted_resolved
TXN102393,False,no_ticket_filed
TXN102394,True,customer_contacted_resolved
TXN102395,True,customer_contacted_resolved
TXN102396,True,customer_contacted_resolved
TXN102397,True,customer_contacted_resolved
TXN102398,False,no_ticket_filed
TXN102399,False,no_ticket_filed
TXN102400,True,customer_contacted_resolved
TXN102401,True,customer_contacted_resolved
TXN102402,False,no_ticket_filed
TXN102403,True,customer_contacted_resolved
TXN102404,True,customer_contacted_resolved
TXN102405,False,no_ticket_filed
TXN102406,True,customer_contacted_resolved
TXN102407,False,no_ticket_filed
TXN102408,True,customer_contacted_resolved
TXN102409,False,no_ticket_filed
TXN102410,False,no_ticket_filed
TXN102411,True,customer_contacted_resolved
TXN102412,False,no_ticket_filed
TXN102413,True,customer_contacted_resolved
TXN102414,True,customer_contacted_resolved
TXN102415,False,no_ticket_filed
TXN102416,True,customer_contacted_resolved
TXN102417,True,customer_contacted_resolved
TXN102418,True,customer_contacted_resolved
TXN102419,False,no_ticket_filed
TXN102420,True,customer_contacted_resolved
TXN102421,False,no_ticket_filed
TXN102422,True,customer_contacted_resolved
TXN102423,False,no_ticket_filed
TXN102424,False,no_ticket_filed
TXN102425,True,customer_contacted_resolved
TXN102426,False,no_ticket_filed
TXN102427,True,customer_contacted_resolved
TXN102428,False,no_ticket_filed
TXN102429,False,no_ticket_filed
TXN102430,True,customer_contacted_resolved
TXN102431,False,no_ticket_filed
TXN102432,False,no_ticket_filed
TXN102433,False,no_ticket_filed
TXN102434,True,customer_contacted_resolved
TXN102435,False,no_ticket_filed
TXN102436,True,customer_contacted_resolved
TXN102437,False,no_ticket_filed
TXN102438,True,customer_contacted_resolved
TXN102439,False,no_ticket_filed
TXN102440,False,no_ticket_filed
TXN102441,True,customer_contacted_resolved
TXN102442,False,no_ticket_filed
TXN102443,True,customer_contacted_resolved
TXN102444,True,customer_contacted_resolved
TXN102445,True,customer_contacted_resolved
TXN102446,True,customer_contacted_resolved
TXN102447,True,customer_contacted_resolved
TXN102448,True,customer_contacted_resolved
TXN102449,True,customer_contacted_resolved
TXN102450,False,no_ticket_filed
TXN102451,False,no_ticket_filed
TXN102452,True,customer_contacted_resolved
TXN102453,True,customer_contacted_resolved
TXN102454,False,no_ticket_filed
TXN102455,False,no_ticket_filed
TXN102456,False,no_ticket_filed
TXN102457,True,customer_contacted_resolved
TXN102458,False,no_ticket_filed
TXN102459,True,customer_contacted_resolved
TXN102460,False,no_ticket_filed
TXN102461,False,no_ticket_filed
TXN102462,True,customer_contacted_resolved
TXN102463,False,no_ticket_filed
TXN102464,False,no_ticket_filed
TXN102465,False,no_ticket_filed
TXN102466,False,no_ticket_filed
TXN102467,True,customer_contacted_resolved
TXN102468,True,customer_contacted_resolved
TXN102469,True,customer_contacted_resolved
TXN102470,True,customer_contacted_resolved
TXN102471,True,customer_contacted_resolved
TXN102472,False,no_ticket_filed
TXN102473,False,no_ticket_filed
TXN102474,False,no_ticket_filed
TXN102475,False,no_ticket_filed
TXN102476,True,customer_contacted_resolved
TXN102477,False,no_ticket_filed
TXN102478,False,no_ticket_filed
TXN102479,True,customer_contacted_resolved
TXN102480,False,no_ticket_filed
TXN102481,True,customer_contacted_resolved
TXN102482,True,customer_contacted_resolved
TXN102483,True,customer_contacted_resolved
TXN102484,True,customer_contacted_resolved
TXN102485,False,no_ticket_filed
TXN102486,True,customer_contacted_resolved
TXN102487,True,customer_contacted_resolved
TXN102488,False,no_ticket_filed
TXN102489,False,no_ticket_filed
TXN102490,False,no_ticket_filed
TXN102491,False,no_ticket_filed
TXN102492,False,no_ticket_filed
TXN102493,True,customer_contacted_resolved
TXN102494,False,no_ticket_filed
TXN102495,False,no_ticket_filed
TXN102496,False,no_ticket_filed
TXN102497,False,no_ticket_filed
TXN102498,False,no_ticket_filed
TXN102499,True,customer_contacted_resolved
TXN102500,True,customer_contacted_resolved
TXN102501,False,no_ticket_filed
TXN102502,False,no_ticket_filed
TXN102503,True,customer_contacted_resolved
TXN102504,True,customer_contacted_resolved
TXN102505,False,no_ticket_filed
TXN102506,True,customer_contacted_resolved
TXN102507,False,no_ticket_filed
TXN102508,False,no_ticket_filed
TXN102509,False,no_ticket_filed
TXN102510,True,customer_contacted_resolved
TXN102511,True,customer_contacted_resolved
TXN102512,True,customer_contacted_resolved
TXN102513,True,customer_contacted_resolved
TXN102514,False,no_ticket_filed
TXN102515,False,no_ticket_filed
TXN102516,True,customer_contacted_resolved
TXN102517,True,customer_contacted_resolved
TXN102518,False,no_ticket_filed
TXN102519,False,no_ticket_filed
TXN102520,True,customer_contacted_resolved
TXN102521,False,no_ticket_filed
TXN102522,True,customer_contacted_resolved
TXN102523,True,customer_contacted_resolved
TXN102524,True,customer_contacted_resolved
TXN102525,False,no_ticket_filed
TXN102526,True,customer_contacted_resolved
TXN102527,True,customer_contacted_resolved
TXN102528,False,no_ticket_filed
TXN102529,False,no_ticket_filed
TXN102530,False,no_ticket_filed
TXN102531,True,customer_contacted_resolved
TXN102532,True,customer_contacted_resolved
TXN102533,True,customer_contacted_resolved
TXN102534,False,no_ticket_filed
TXN102535,True,customer_contacted_resolved
TXN102536,False,no_ticket_filed
TXN102537,False,no_ticket_filed
TXN102538,False,no_ticket_filed
TXN102539,False,no_ticket_filed
TXN102540,True,customer_contacted_resolved
TXN102541,False,no_ticket_filed
TXN102542,False,no_ticket_filed
TXN102543,True,customer_contacted_resolved
TXN102544,False,no_ticket_filed
TXN102545,False,no_ticket_filed
TXN102546,False,no_ticket_filed
TXN102547,False,no_ticket_filed
TXN102548,True,customer_contacted_resolved
TXN102549,True,customer_contacted_resolved
TXN102550,True,customer_contacted_resolved
TXN102551,False,no_ticket_filed
TXN102552,False,no_ticket_filed
TXN102553,False,no_ticket_filed
TXN102554,False,no_ticket_filed
TXN102555,True,customer_contacted_resolved
TXN102556,False,no_ticket_filed
TXN102557,False,no_ticket_filed
TXN102558,False,no_ticket_filed
TXN102559,False,no_ticket_filed
TXN102560,False,no_ticket_filed
TXN102561,False,no_ticket_filed
TXN102562,False,no_ticket_filed
TXN102563,False,no_ticket_filed
TXN102564,False,no_ticket_filed
TXN102565,False,no_ticket_filed
TXN102566,False,no_ticket_filed
TXN102567,True,customer_contacted_resolved
TXN102568,True,customer_contacted_resolved
TXN102569,False,no_ticket_filed
TXN102570,True,customer_contacted_resolved
TXN102571,True,customer_contacted_resolved
TXN102572,False,no_ticket_filed
TXN102573,True,customer_contacted_resolved
TXN102574,True,customer_contacted_resolved
TXN102575,True,customer_contacted_resolved
TXN102576,False,no_ticket_filed
TXN102577,False,no_ticket_filed
TXN102578,True,customer_contacted_resolved
TXN102579,False,no_ticket_filed
TXN102580,True,customer_contacted_resolved
TXN102581,False,no_ticket_filed
TXN102582,True,customer_contacted_resolved
TXN102583,True,customer_contacted_resolved
TXN102584,True,customer_contacted_resolved
TXN102585,True,customer_contacted_resolved
TXN102586,True,customer_contacted_resolved
TXN102587,False,no_ticket_filed
TXN102588,True,customer_contacted_resolved
TXN102589,True,customer_contacted_resolved
TXN102590,False,no_ticket_filed
TXN102591,False,no_ticket_filed
TXN102592,True,customer_contacted_resolved
TXN102593,False,no_ticket_filed
TXN102594,True,customer_contacted_resolved
TXN102595,False,no_ticket_filed
TXN102596,False,no_ticket_filed
TXN102597,False,no_ticket_filed
TXN102598,True,customer_contacted_resolved
TXN102599,True,customer_contacted_resolved
TXN102600,False,no_ticket_filed
TXN102601,True,customer_contacted_resolved
TXN102602,True,customer_contacted_resolved
TXN102603,True,customer_contacted_resolved
TXN102604,True,customer_contacted_resolved
TXN102605,False,no_ticket_filed
TXN102606,False,no_ticket_filed
TXN102607,False,no_ticket_filed
TXN102608,True,customer_contacted_resolved
TXN102609,False,no_ticket_filed
TXN102610,False,no_ticket_filed
TXN102611,True,customer_contacted_resolved
TXN102612,False,no_ticket_filed
TXN102613,True,customer_contacted_resolved
TXN102614,False,no_ticket_filed
TXN102615,False,no_ticket_filed
TXN102616,False,no_ticket_filed
TXN102617,True,customer_contacted_resolved
TXN102618,False,no_ticket_filed
TXN102619,False,no_ticket_filed
TXN102620,False,no_ticket_filed
TXN102621,False,no_ticket_filed
TXN102622,False,no_ticket_filed
TXN102623,False,no_ticket_filed
TXN102624,False,no_ticket_filed
TXN102625,False,no_ticket_filed
TXN102626,False,no_ticket_filed
TXN102627,True,customer_contacted_resolved
TXN102628,False,no_ticket_filed
TXN102629,True,customer_contacted_resolved
TXN102630,True,customer_contacted_resolved
TXN102631,True,customer_contacted_resolved
TXN102632,False,no_ticket_filed
TXN102633,False,no_ticket_filed
TXN102634,True,customer_contacted_resolved
TXN102635,True,customer_contacted_resolved
TXN102636,False,no_ticket_filed
TXN102637,False,no_ticket_filed
TXN102638,True,customer_contacted_resolved
TXN102639,False,no_ticket_filed
TXN102640,True,customer_contacted_resolved
TXN102641,False,no_ticket_filed
TXN102642,False,no_ticket_filed
TXN102643,False,no_ticket_filed
TXN102644,True,customer_contacted_resolved
TXN102645,True,customer_contacted_resolved
TXN102646,False,no_ticket_filed
TXN102647,True,customer_contacted_resolved
TXN102648,True,customer_contacted_resolved
TXN102649,True,customer_contacted_resolved
TXN102650,False,no_ticket_filed
TXN102651,False,no_ticket_filed
TXN102652,False,no_ticket_filed
TXN102653,False,no_ticket_filed
TXN102654,False,no_ticket_filed
TXN102655,False,no_ticket_filed
TXN102656,False,no_ticket_filed
TXN102657,True,customer_contacted_resolved
TXN102658,False,no_ticket_filed
TXN102659,True,customer_contacted_resolved
TXN102660,True,customer_contacted_resolved
TXN102661,False,no_ticket_filed
TXN102662,False,no_ticket_filed
TXN102663,True,customer_contacted_resolved
TXN102664,True,customer_contacted_resolved
TXN102665,True,customer_contacted_resolved
TXN102666,True,customer_contacted_resolved
TXN102667,False,no_ticket_filed
TXN102668,True,customer_contacted_resolved
TXN102669,True,customer_contacted_resolved
TXN102670,True,customer_contacted_resolved
TXN102671,False,no_ticket_filed
TXN102672,True,customer_contacted_resolved
TXN102673,True,customer_contacted_resolved
TXN102674,False,no_ticket_filed
TXN102675,True,customer_contacted_resolved
TXN102676,True,customer_contacted_resolved
TXN102677,False,no_ticket_filed
TXN102678,True,customer_contacted_resolved
TXN102679,False,no_ticket_filed
TXN102680,True,customer_contacted_resolved
TXN102681,True,customer_contacted_resolved
TXN102682,True,customer_contacted_resolved
TXN102683,False,no_ticket_filed
TXN102684,True,customer_contacted_resolved
TXN102685,False,no_ticket_filed
TXN102686,True,customer_contacted_resolved
TXN102687,False,no_ticket_filed
TXN102688,True,customer_contacted_resolved
TXN102689,True,customer_contacted_resolved
TXN102690,False,no_ticket_filed
TXN102691,False,no_ticket_filed
TXN102692,True,customer_contacted_resolved
TXN102693,False,no_ticket_filed
TXN102694,False,no_ticket_filed
TXN102695,False,no_ticket_filed
TXN102696,True,customer_contacted_resolved
TXN102697,False,no_ticket_filed
TXN102698,False,no_ticket_filed
TXN102699,True,customer_contacted_resolved
TXN102700,True,customer_contacted_resolved
TXN102701,False,no_ticket_filed
TXN102702,True,customer_contacted_resolved
TXN102703,True,customer_contacted_resolved
TXN102704,False,no_ticket_filed
TXN102705,True,customer_contacted_resolved
TXN102706,False,no_ticket_filed
TXN102707,False,no_ticket_filed
TXN102708,True,customer_contacted_resolved
TXN102709,True,customer_contacted_resolved
TXN102710,True,customer_contacted_resolved
TXN102711,False,no_ticket_filed
TXN102712,False,no_ticket_filed
TXN102713,True,customer_contacted_resolved
TXN102714,True,customer_contacted_resolved
TXN102715,True,customer_contacted_resolved
TXN102716,True,customer_contacted_resolved
TXN102717,True,customer_contacted_resolved
TXN102718,False,no_ticket_filed
TXN102719,False,no_ticket_filed
TXN102720,True,customer_contacted_resolved
TXN102721,True,customer_contacted_resolved
TXN102722,False,no_ticket_filed
TXN102723,True,customer_contacted_resolved
TXN102724,True,customer_contacted_resolved
TXN102725,True,customer_contacted_resolved
TXN102726,False,no_ticket_filed
TXN102727,True,customer_contacted_resolved
TXN102728,False,no_ticket_filed
TXN102729,False,no_ticket_filed
TXN102730,False,no_ticket_filed
TXN102731,False,no_ticket_filed
TXN102732,False,no_ticket_filed
TXN102733,False,no_ticket_filed
TXN102734,True,customer_contacted_resolved
TXN102735,False,no_ticket_filed
TXN102736,False,no_ticket_filed
TXN102737,False,no_ticket_filed
TXN102738,True,customer_contacted_resolved
TXN102739,False,no_ticket_filed
TXN102740,False,no_ticket_filed
TXN102741,True,customer_contacted_resolved
TXN102742,False,no_ticket_filed
TXN102743,False,no_ticket_filed
TXN102744,False,no_ticket_filed
TXN102745,False,no_ticket_filed
TXN102746,False,no_ticket_filed
TXN102747,True,customer_contacted_resolved
TXN102748,True,customer_contacted_resolved
TXN102749,True,customer_contacted_resolved
TXN102750,True,customer_contacted_resolved
TXN102751,False,no_ticket_filed
TXN102752,False,no_ticket_filed
TXN102753,False,no_ticket_filed
TXN102754,True,customer_contacted_resolved
TXN102755,False,no_ticket_filed
TXN102756,False,no_ticket_filed
TXN102757,False,no_ticket_filed
TXN102758,False,no_ticket_filed
TXN102759,False,no_ticket_filed
TXN102760,True,customer_contacted_resolved
TXN102761,False,no_ticket_filed
TXN102762,False,no_ticket_filed
TXN102763,False,no_ticket_filed
TXN102764,True,customer_contacted_resolved
TXN102765,False,no_ticket_filed
TXN102766,False,no_ticket_filed
TXN102767,True,customer_contacted_resolved
TXN102768,False,no_ticket_filed
TXN102769,False,no_ticket_filed
TXN102770,True,customer_contacted_resolved
TXN102771,True,customer_contacted_resolved
TXN102772,False,no_ticket_filed
TXN102773,False,no_ticket_filed
TXN102774,True,customer_contacted_resolved
TXN102775,True,customer_contacted_resolved
TXN102776,False,no_ticket_filed
TXN102777,True,customer_contacted_resolved
TXN102778,True,customer_contacted_resolved
TXN102779,False,no_ticket_filed
TXN102780,False,no_ticket_filed
TXN102781,True,customer_contacted_resolved
TXN102782,False,no_ticket_filed
TXN102783,True,customer_contacted_resolved
TXN102784,True,customer_contacted_resolved
TXN102785,True,customer_contacted_resolved
TXN102786,False,no_ticket_filed
TXN102787,False,no_ticket_filed
TXN102788,True,customer_contacted_resolved
TXN102789,True,customer_contacted_resolved
TXN102790,False,no_ticket_filed
TXN102791,True,customer_contacted_resolved
TXN102792,False,no_ticket_filed
TXN102793,False,no_ticket_filed
TXN102794,False,no_ticket_filed
TXN102795,False,no_ticket_filed
TXN102796,False,no_ticket_filed
TXN102797,False,no_ticket_filed
TXN102798,False,no_ticket_filed
TXN102799,True,customer_contacted_resolved
TXN102800,False,no_ticket_filed
TXN102801,True,customer_contacted_resolved
TXN102802,False,no_ticket_filed
TXN102803,True,customer_contacted_resolved
TXN102804,False,no_ticket_filed
TXN102805,False,no_ticket_filed
TXN102806,False,no_ticket_filed
TXN102807,True,customer_contacted_resolved
TXN102808,True,customer_contacted_resolved
TXN102809,True,customer_contacted_resolved
TXN102810,False,no_ticket_filed
TXN102811,False,no_ticket_filed
TXN102812,True,customer_contacted_resolved
TXN102813,True,customer_contacted_resolved
TXN102814,True,customer_contacted_resolved
TXN102815,False,no_ticket_filed
TXN102816,False,no_ticket_filed
TXN102817,False,no_ticket_filed
TXN102818,False,no_ticket_filed
TXN102819,True,customer_contacted_resolved
TXN102820,True,customer_contacted_resolved
TXN102821,False,no_ticket_filed
TXN102822,False,no_ticket_filed
TXN102823,True,customer_contacted_resolved
TXN102824,True,customer_contacted_resolved
TXN102825,True,customer_contacted_resolved
TXN102826,True,customer_contacted_resolved
TXN102827,False,no_ticket_filed
TXN102828,False,no_ticket_filed
TXN102829,True,customer_contacted_resolved
TXN102830,False,no_ticket_filed
TXN102831,True,customer_contacted_resolved
TXN102832,True,customer_contacted_resolved
TXN102833,False,no_ticket_filed
TXN102834,True,customer_contacted_resolved
TXN102835,False,no_ticket_filed
TXN102836,False,no_ticket_filed
TXN102837,True,customer_contacted_resolved
TXN102838,True,customer_contacted_resolved
TXN102839,False,no_ticket_filed
TXN102840,True,customer_contacted_resolved
TXN102841,False,no_ticket_filed
TXN102842,False,no_ticket_filed
TXN102843,False,no_ticket_filed
TXN102844,False,no_ticket_filed
TXN102845,False,no_ticket_filed
TXN102846,False,no_ticket_filed
TXN102847,True,customer_contacted_resolved
TXN102848,False,no_ticket_filed
TXN102849,False,no_ticket_filed
TXN102850,False,no_ticket_filed
TXN102851,False,no_ticket_filed
TXN102852,False,no_ticket_filed
TXN102853,False,no_ticket_filed
TXN102854,False,no_ticket_filed
TXN102855,True,customer_contacted_resolved
TXN102856,False,no_ticket_filed
TXN102857,False,no_ticket_filed
TXN102858,False,no_ticket_filed
TXN102859,False,no_ticket_filed
TXN102860,False,no_ticket_filed
TXN102861,False,no_ticket_filed
TXN102862,False,no_ticket_filed
TXN102863,False,no_ticket_filed
TXN102864,True,customer_contacted_resolved
TXN102865,True,customer_contacted_resolved
TXN102866,True,customer_contacted_resolved
TXN102867,True,customer_contacted_resolved
TXN102868,False,no_ticket_filed
TXN102869,False,no_ticket_filed
TXN102870,False,no_ticket_filed
TXN102871,True,customer_contacted_resolved
TXN102872,False,no_ticket_filed
TXN102873,True,customer_contacted_resolved
TXN102874,True,customer_contacted_resolved
TXN102875,False,no_ticket_filed
TXN102876,True,customer_contacted_resolved
TXN102877,True,customer_contacted_resolved
TXN102878,True,customer_contacted_resolved
TXN102879,True,customer_contacted_resolved
TXN102880,False,no_ticket_filed
TXN102881,False,no_ticket_filed
TXN102882,False,no_ticket_filed
TXN102883,True,customer_contacted_resolved
TXN102884,True,customer_contacted_resolved
TXN102885,False,no_ticket_filed
TXN102886,True,customer_contacted_resolved
TXN102887,True,customer_contacted_resolved
TXN102888,True,customer_contacted_resolved
TXN102889,True,customer_contacted_resolved
TXN102890,True,customer_contacted_resolved
TXN102891,False,no_ticket_filed
TXN102892,True,customer_contacted_resolved
TXN102893,True,customer_contacted_resolved
TXN102894,True,customer_contacted_resolved
TXN102895,True,customer_contacted_resolved
TXN102896,False,no_ticket_filed
TXN102897,False,no_ticket_filed
TXN102898,False,no_ticket_filed
TXN102899,True,customer_contacted_resolved
TXN102900,False,no_ticket_filed
TXN102901,False,no_ticket_filed
TXN102902,False,no_ticket_filed
TXN102903,True,customer_contacted_resolved
TXN102904,False,no_ticket_filed
TXN102905,False,no_ticket_filed
TXN102906,False,no_ticket_filed
TXN102907,True,customer_contacted_resolved
TXN102908,False,no_ticket_filed
TXN102909,True,customer_contacted_resolved
TXN102910,True,customer_contacted_resolved
TXN102911,True,customer_contacted_resolved
TXN102912,True,customer_contacted_resolved
TXN102913,False,no_ticket_filed
TXN102914,True,customer_contacted_resolved
TXN102915,False,no_ticket_filed
TXN102916,True,customer_contacted_resolved
TXN102917,True,customer_contacted_resolved
TXN102918,True,customer_contacted_resolved
TXN102919,True,customer_contacted_resolved
TXN102920,False,no_ticket_filed
TXN102921,False,no_ticket_filed
TXN102922,True,customer_contacted_resolved
TXN102923,True,customer_contacted_resolved
TXN102924,False,no_ticket_filed
TXN102925,True,customer_contacted_resolved
TXN102926,False,no_ticket_filed
TXN102927,False,no_ticket_filed
TXN102928,False,no_ticket_filed
TXN102929,False,no_ticket_filed
TXN102930,True,customer_contacted_resolved
TXN102931,False,no_ticket_filed
TXN102932,True,customer_contacted_resolved
TXN102933,True,customer_contacted_resolved
TXN102934,False,no_ticket_filed
TXN102935,True,customer_contacted_resolved
TXN102936,True,customer_contacted_resolved
TXN102937,True,customer_contacted_resolved
TXN102938,False,no_ticket_filed
TXN102939,True,customer_contacted_resolved
TXN102940,False,no_ticket_filed
TXN102941,True,customer_contacted_resolved
TXN102942,True,customer_contacted_resolved
TXN102943,False,no_ticket_filed
TXN102944,True,customer_contacted_resolved
TXN102945,True,customer_contacted_resolved
TXN102946,True,customer_contacted_resolved
TXN102947,False,no_ticket_filed
TXN102948,False,no_ticket_filed
TXN102949,True,customer_contacted_resolved
TXN102950,True,customer_contacted_resolved
TXN102951,False,no_ticket_filed
TXN102952,False,no_ticket_filed
TXN102953,False,no_ticket_filed
TXN102954,True,customer_contacted_resolved
TXN102955,False,no_ticket_filed
TXN102956,False,no_ticket_filed
TXN102957,False,no_ticket_filed
TXN102958,True,customer_contacted_resolved
TXN102959,True,customer_contacted_resolved
TXN102960,False,no_ticket_filed
TXN102961,True,customer_contacted_resolved
TXN102962,False,no_ticket_filed
TXN102963,False,no_ticket_filed
TXN102964,False,no_ticket_filed
TXN102965,False,no_ticket_filed
TXN102966,True,customer_contacted_resolved
TXN102967,True,customer_contacted_resolved
TXN102968,True,customer_contacted_resolved
TXN102969,False,no_ticket_filed
TXN102970,True,customer_contacted_resolved
TXN102971,True,customer_contacted_resolved
TXN102972,True,customer_contacted_resolved
TXN102973,True,customer_contacted_resolved
TXN102974,True,customer_contacted_resolved
TXN102975,False,no_ticket_filed
TXN102976,True,customer_contacted_resolved
TXN102977,False,no_ticket_filed
TXN102978,True,customer_contacted_resolved
TXN102979,False,no_ticket_filed
TXN102980,False,no_ticket_filed
TXN102981,True,customer_contacted_resolved
TXN102982,False,no_ticket_filed
TXN102983,False,no_ticket_filed
TXN102984,True,customer_contacted_resolved
TXN102985,True,customer_contacted_resolved
TXN102986,False,no_ticket_filed
TXN102987,False,no_ticket_filed
TXN102988,False,no_ticket_filed
TXN102989,False,no_ticket_filed
TXN102990,False,no_ticket_filed
TXN102991,True,customer_contacted_resolved
TXN102992,False,no_ticket_filed
TXN102993,False,no_ticket_filed
TXN102994,True,customer_contacted_resolved
TXN102995,False,no_ticket_filed
TXN102996,True,customer_contacted_resolved
TXN102997,False,no_ticket_filed
TXN102998,True,customer_contacted_resolved
TXN102999,True,customer_contacted_resolved
TXN103000,False,no_ticket_filed
TXN103001,False,no_ticket_filed
TXN103002,True,customer_contacted_resolved
TXN103003,True,customer_contacted_resolved
TXN103004,True,customer_contacted_resolved
TXN103005,False,no_ticket_filed
TXN103006,False,no_ticket_filed
TXN103007,False,no_ticket_filed
TXN103008,True,customer_contacted_resolved
TXN103009,False,no_ticket_filed
TXN103010,True,customer_contacted_resolved
TXN103011,False,no_ticket_filed
TXN103012,True,customer_contacted_resolved
TXN103013,False,no_ticket_filed
TXN103014,True,customer_contacted_resolved
TXN103015,True,customer_contacted_resolved
TXN103016,False,no_ticket_filed
TXN103017,True,customer_contacted_resolved
TXN103018,False,no_ticket_filed
TXN103019,True,customer_contacted_resolved
TXN103020,True,customer_contacted_resolved
TXN103021,False,no_ticket_filed
TXN103022,True,customer_contacted_resolved
TXN103023,True,customer_contacted_resolved
TXN103024,False,no_ticket_filed
TXN103025,False,no_ticket_filed
TXN103026,False,no_ticket_filed
TXN103027,False,no_ticket_filed
TXN103028,False,no_ticket_filed
TXN103029,False,no_ticket_filed
TXN103030,True,customer_contacted_resolved
TXN103031,True,customer_contacted_resolved
TXN103032,False,no_ticket_filed
TXN103033,False,no_ticket_filed
TXN103034,False,no_ticket_filed
TXN103035,True,customer_contacted_resolved
TXN103036,False,no_ticket_filed
TXN103037,True,customer_contacted_resolved
TXN103038,True,customer_contacted_resolved
TXN103039,True,customer_contacted_resolved
TXN103040,True,customer_contacted_resolved
TXN103041,True,customer_contacted_resolved
TXN103042,True,customer_contacted_resolved
TXN103043,False,no_ticket_filed
TXN103044,True,customer_contacted_resolved
TXN103045,True,customer_contacted_resolved
TXN103046,False,no_ticket_filed
TXN103047,False,no_ticket_filed
TXN103048,False,no_ticket_filed
TXN103049,True,customer_contacted_resolved
TXN103050,True,customer_contacted_resolved
TXN103051,True,customer_contacted_resolved
TXN103052,True,customer_contacted_resolved
TXN103053,False,no_ticket_filed
TXN103054,True,customer_contacted_resolved
TXN103055,False,no_ticket_filed
TXN103056,False,no_ticket_filed
TXN103057,True,customer_contacted_resolved
TXN103058,True,customer_contacted_resolved
TXN103059,False,no_ticket_filed
TXN103060,False,no_ticket_filed
TXN103061,True,customer_contacted_resolved
TXN103062,False,no_ticket_filed
TXN103063,True,customer_contacted_resolved
TXN103064,False,no_ticket_filed
TXN103065,True,customer_contacted_resolved
TXN103066,False,no_ticket_filed
TXN103067,False,no_ticket_filed
TXN103068,True,customer_contacted_resolved
TXN103069,True,customer_contacted_resolved
TXN103070,True,customer_contacted_resolved
TXN103071,False,no_ticket_filed
TXN103072,True,customer_contacted_resolved
TXN103073,False,no_ticket_filed
TXN103074,False,no_ticket_filed
TXN103075,False,no_ticket_filed
TXN103076,True,customer_contacted_resolved
TXN103077,True,customer_contacted_resolved
TXN103078,False,no_ticket_filed
TXN103079,True,customer_contacted_resolved
TXN103080,True,customer_contacted_resolved
TXN103081,True,customer_contacted_resolved
TXN103082,False,no_ticket_filed
TXN103083,False,no_ticket_filed
TXN103084,True,customer_contacted_resolved
TXN103085,True,customer_contacted_resolved
TXN103086,True,customer_contacted_resolved
TXN103087,False,no_ticket_filed
TXN103088,False,no_ticket_filed
TXN103089,False,no_ticket_filed
TXN103090,True,customer_contacted_resolved
TXN103091,False,no_ticket_filed
TXN103092,True,customer_contacted_resolved
TXN103093,False,no_ticket_filed
TXN103094,True,customer_contacted_resolved
TXN103095,False,no_ticket_filed
TXN103096,False,no_ticket_filed
TXN103097,False,no_ticket_filed
TXN103098,False,no_ticket_filed
TXN103099,True,customer_contacted_resolved
TXN103100,False,no_ticket_filed
TXN103101,True,customer_contacted_resolved
TXN103102,True,customer_contacted_resolved
TXN103103,False,no_ticket_filed
TXN103104,True,customer_contacted_resolved
TXN103105,False,no_ticket_filed
TXN103106,False,no_ticket_filed
TXN103107,True,customer_contacted_resolved
TXN103108,True,customer_contacted_resolved
TXN103109,True,customer_contacted_resolved
TXN103110,False,no_ticket_filed
TXN103111,True,customer_contacted_resolved
TXN103112,False,no_ticket_filed
TXN103113,False,no_ticket_filed
TXN103114,False,no_ticket_filed
TXN103115,False,no_ticket_filed
TXN103116,False,no_ticket_filed
TXN103117,False,no_ticket_filed
TXN103118,True,customer_contacted_resolved
TXN103119,False,no_ticket_filed
TXN103120,True,customer_contacted_resolved
TXN103121,True,customer_contacted_resolved
TXN103122,False,no_ticket_filed
TXN103123,True,customer_contacted_resolved
TXN103124,False,no_ticket_filed
TXN103125,False,no_ticket_filed
TXN103126,False,no_ticket_filed
TXN103127,True,customer_contacted_resolved
TXN103128,True,customer_contacted_resolved
TXN103129,True,customer_contacted_resolved
TXN103130,True,customer_contacted_resolved
TXN103131,True,customer_contacted_resolved
TXN103132,False,no_ticket_filed
TXN103133,True,customer_contacted_resolved
TXN103134,True,customer_contacted_resolved
TXN103135,True,customer_contacted_resolved
TXN103136,False,no_ticket_filed
TXN103137,True,customer_contacted_resolved
TXN103138,True,customer_contacted_resolved
TXN103139,False,no_ticket_filed
TXN103140,True,customer_contacted_resolved
TXN103141,True,customer_contacted_resolved
TXN103142,True,customer_contacted_resolved
TXN103143,False,no_ticket_filed
TXN103144,True,customer_contacted_resolved
TXN103145,False,no_ticket_filed
TXN103146,True,customer_contacted_resolved
TXN103147,True,customer_contacted_resolved
TXN103148,False,no_ticket_filed
TXN103149,False,no_ticket_filed
TXN103150,True,customer_contacted_resolved
TXN103151,False,no_ticket_filed
TXN103152,False,no_ticket_filed
TXN103153,False,no_ticket_filed
TXN103154,True,customer_contacted_resolved
TXN103155,False,no_ticket_filed
TXN103156,True,customer_contacted_resolved
TXN103157,False,no_ticket_filed
TXN103158,False,no_ticket_filed
TXN103159,False,no_ticket_filed
TXN103160,False,no_ticket_filed
TXN103161,False,no_ticket_filed
TXN103162,False,no_ticket_filed
TXN103163,True,customer_contacted_resolved
TXN103164,True,customer_contacted_resolved
TXN103165,False,no_ticket_filed
TXN103166,False,no_ticket_filed
TXN103167,False,no_ticket_filed
TXN103168,False,no_ticket_filed
TXN103169,True,customer_contacted_resolved
TXN103170,False,no_ticket_filed
TXN103171,False,no_ticket_filed
TXN103172,False,no_ticket_filed
TXN103173,True,customer_contacted_resolved
TXN103174,True,customer_contacted_resolved
TXN103175,True,customer_contacted_resolved
TXN103176,False,no_ticket_filed
TXN103177,False,no_ticket_filed
TXN103178,True,customer_contacted_resolved
TXN103179,False,no_ticket_filed
TXN103180,True,customer_contacted_resolved
TXN103181,True,customer_contacted_resolved
TXN103182,False,no_ticket_filed
TXN103183,False,no_ticket_filed
TXN103184,True,customer_contacted_resolved
TXN103185,False,no_ticket_filed
TXN103186,False,no_ticket_filed
TXN103187,False,no_ticket_filed
TXN103188,False,no_ticket_filed
TXN103189,False,no_ticket_filed
TXN103190,True,customer_contacted_resolved
TXN103191,True,customer_contacted_resolved
TXN103192,True,customer_contacted_resolved
TXN103193,False,no_ticket_filed
TXN103194,False,no_ticket_filed
TXN103195,True,customer_contacted_resolved
TXN103196,False,no_ticket_filed
TXN103197,True,customer_contacted_resolved
TXN103198,False,no_ticket_filed
TXN103199,True,customer_contacted_resolved
TXN103200,True,customer_contacted_resolved
TXN103201,False,no_ticket_filed
TXN103202,False,no_ticket_filed
TXN103203,False,no_ticket_filed
TXN103204,False,no_ticket_filed
TXN103205,False,no_ticket_filed
TXN103206,False,no_ticket_filed
TXN103207,False,no_ticket_filed
TXN103208,True,customer_contacted_resolved
TXN103209,False,no_ticket_filed
TXN103210,True,customer_contacted_resolved
TXN103211,False,no_ticket_filed
TXN103212,True,customer_contacted_resolved
TXN103213,False,no_ticket_filed
TXN103214,True,customer_contacted_resolved
TXN103215,True,customer_contacted_resolved
TXN103216,True,customer_contacted_resolved
TXN103217,True,customer_contacted_resolved
TXN103218,True,customer_contacted_resolved
TXN103219,False,no_ticket_filed
TXN103220,True,customer_contacted_resolved
TXN103221,False,no_ticket_filed
TXN103222,True,customer_contacted_resolved
TXN103223,True,customer_contacted_resolved
TXN103224,True,customer_contacted_resolved
TXN103225,False,no_ticket_filed
TXN103226,False,no_ticket_filed
TXN103227,False,no_ticket_filed
TXN103228,False,no_ticket_filed
TXN103229,False,no_ticket_filed
TXN103230,False,no_ticket_filed
TXN103231,False,no_ticket_filed
TXN103232,True,customer_contacted_resolved
TXN103233,False,no_ticket_filed
TXN103234,False,no_ticket_filed
TXN103235,True,customer_contacted_resolved
TXN103236,False,no_ticket_filed
TXN103237,False,no_ticket_filed
TXN103238,False,no_ticket_filed
TXN103239,True,customer_contacted_resolved
TXN103240,False,no_ticket_filed
TXN103241,True,customer_contacted_resolved
TXN103242,False,no_ticket_filed
TXN103243,True,customer_contacted_resolved
TXN103244,False,no_ticket_filed
TXN103245,False,no_ticket_filed
TXN103246,True,customer_contacted_resolved
TXN103247,True,customer_contacted_resolved
TXN103248,False,no_ticket_filed
TXN103249,True,customer_contacted_resolved
TXN103250,True,customer_contacted_resolved
TXN103251,True,customer_contacted_resolved
TXN103252,False,no_ticket_filed
TXN103253,False,no_ticket_filed
TXN103254,True,customer_contacted_resolved
TXN103255,False,no_ticket_filed
TXN103256,True,customer_contacted_resolved
TXN103257,True,customer_contacted_resolved
TXN103258,True,customer_contacted_resolved
TXN103259,True,customer_contacted_resolved
TXN103260,True,customer_contacted_resolved
TXN103261,True,customer_contacted_resolved
TXN103262,False,no_ticket_filed
TXN103263,True,customer_contacted_resolved
TXN103264,True,customer_contacted_resolved
TXN103265,True,customer_contacted_resolved
TXN103266,False,no_ticket_filed
TXN103267,True,customer_contacted_resolved
TXN103268,False,no_ticket_filed
TXN103269,False,no_ticket_filed
TXN103270,False,no_ticket_filed
TXN103271,False,no_ticket_filed
TXN103272,False,no_ticket_filed
TXN103273,False,no_ticket_filed
TXN103274,False,no_ticket_filed
TXN103275,False,no_ticket_filed
TXN103276,True,customer_contacted_resolved
TXN103277,False,no_ticket_filed
TXN103278,True,customer_contacted_resolved
TXN103279,False,no_ticket_filed
TXN103280,False,no_ticket_filed
TXN103281,True,customer_contacted_resolved
TXN103282,False,no_ticket_filed
TXN103283,False,no_ticket_filed
TXN103284,True,customer_contacted_resolved
TXN103285,False,no_ticket_filed
TXN103286,True,customer_contacted_resolved
TXN103287,False,no_ticket_filed
TXN103288,False,no_ticket_filed
TXN103289,True,customer_contacted_resolved
TXN103290,False,no_ticket_filed
TXN103291,False,no_ticket_filed
TXN103292,True,customer_contacted_resolved
TXN103293,True,customer_contacted_resolved
TXN103294,False,no_ticket_filed
TXN103295,False,no_ticket_filed
TXN103296,False,no_ticket_filed
TXN103297,True,customer_contacted_resolved
TXN103298,True,customer_contacted_resolved
TXN103299,False,no_ticket_filed
TXN103300,True,customer_contacted_resolved
TXN103301,True,customer_contacted_resolved
TXN103302,False,no_ticket_filed
TXN103303,True,customer_contacted_resolved
TXN103304,True,customer_contacted_resolved
TXN103305,False,no_ticket_filed
TXN103306,True,customer_contacted_resolved
TXN103307,True,customer_contacted_resolved
TXN103308,True,customer_contacted_resolved
TXN103309,False,no_ticket_filed
TXN103310,True,customer_contacted_resolved
TXN103311,False,no_ticket_filed
TXN103312,True,customer_contacted_resolved
TXN103313,False,no_ticket_filed
TXN103314,False,no_ticket_filed
TXN103315,False,no_ticket_filed
TXN103316,False,no_ticket_filed
TXN103317,False,no_ticket_filed
TXN103318,False,no_ticket_filed
TXN103319,False,no_ticket_filed
TXN103320,False,no_ticket_filed
TXN103321,False,no_ticket_filed
TXN103322,True,customer_contacted_resolved
TXN103323,False,no_ticket_filed
TXN103324,False,no_ticket_filed
TXN103325,True,customer_contacted_resolved
TXN103326,True,customer_contacted_resolved
TXN103327,True,customer_contacted_resolved
TXN103328,False,no_ticket_filed
TXN103329,False,no_ticket_filed
TXN103330,False,no_ticket_filed
TXN103331,True,customer_contacted_resolved
TXN103332,False,no_ticket_filed
TXN103333,True,customer_contacted_resolved
TXN103334,False,no_ticket_filed
TXN103335,False,no_ticket_filed
TXN103336,False,no_ticket_filed
TXN103337,True,customer_contacted_resolved
TXN103338,False,no_ticket_filed
TXN103339,False,no_ticket_filed
TXN103340,False,no_ticket_filed
TXN103341,False,no_ticket_filed
TXN103342,False,no_ticket_filed
TXN103343,False,no_ticket_filed
TXN103344,True,customer_contacted_resolved
TXN103345,True,customer_contacted_resolved
TXN103346,True,customer_contacted_resolved
TXN103347,True,customer_contacted_resolved
TXN103348,False,no_ticket_filed
TXN103349,True,customer_contacted_resolved
TXN103350,True,customer_contacted_resolved
TXN103351,False,no_ticket_filed
TXN103352,True,customer_contacted_resolved
TXN103353,True,customer_contacted_resolved
TXN103354,True,customer_contacted_resolved
TXN103355,True,customer_contacted_resolved
TXN103356,False,no_ticket_filed
TXN103357,True,customer_contacted_resolved
TXN103358,False,no_ticket_filed
TXN103359,False,no_ticket_filed
TXN103360,True,customer_contacted_resolved
TXN103361,False,no_ticket_filed
TXN103362,False,no_ticket_filed
TXN103363,True,customer_contacted_resolved
TXN103364,False,no_ticket_filed
TXN103365,False,no_ticket_filed
TXN103366,False,no_ticket_filed
TXN103367,True,customer_contacted_resolved
TXN103368,False,no_ticket_filed
TXN103369,True,customer_contacted_resolved
TXN103370,True,customer_contacted_resolved
TXN103371,False,no_ticket_filed
TXN103372,False,no_ticket_filed
TXN103373,False,no_ticket_filed
TXN103374,True,customer_contacted_resolved
TXN103375,False,no_ticket_filed
TXN103376,True,customer_contacted_resolved
TXN103377,False,no_ticket_filed
TXN103378,False,no_ticket_filed
TXN103379,False,no_ticket_filed
TXN103380,True,customer_contacted_resolved
TXN103381,False,no_ticket_filed
TXN103382,True,customer_contacted_resolved
TXN103383,True,customer_contacted_resolved
TXN103384,False,no_ticket_filed
TXN103385,False,no_ticket_filed
TXN103386,False,no_ticket_filed
TXN103387,False,no_ticket_filed
TXN103388,True,customer_contacted_resolved
TXN103389,True,customer_contacted_resolved
TXN103390,False,no_ticket_filed
TXN103391,True,customer_contacted_resolved
TXN103392,False,no_ticket_filed
TXN103393,True,customer_contacted_resolved
TXN103394,True,customer_contacted_resolved
TXN103395,True,customer_contacted_resolved
TXN103396,False,no_ticket_filed
TXN103397,False,no_ticket_filed
TXN103398,True,customer_contacted_resolved
TXN103399,False,no_ticket_filed
TXN103400,True,customer_contacted_resolved
TXN103401,False,no_ticket_filed
TXN103402,True,customer_contacted_resolved
TXN103403,False,no_ticket_filed
TXN103404,False,no_ticket_filed
TXN103405,True,customer_contacted_resolved
TXN103406,True,customer_contacted_resolved
TXN103407,False,no_ticket_filed
TXN103408,True,customer_contacted_resolved
TXN103409,True,customer_contacted_resolved
TXN103410,False,no_ticket_filed
TXN103411,False,no_ticket_filed
TXN103412,False,no_ticket_filed
TXN103413,False,no_ticket_filed
TXN103414,True,customer_contacted_resolved
TXN103415,True,customer_contacted_resolved
TXN103416,False,no_ticket_filed
TXN103417,True,customer_contacted_resolved
TXN103418,True,customer_contacted_resolved
TXN103419,False,no_ticket_filed
TXN103420,False,no_ticket_filed
TXN103421,False,no_ticket_filed
TXN103422,False,no_ticket_filed
TXN103423,False,no_ticket_filed
TXN103424,False,no_ticket_filed
TXN103425,True,customer_contacted_resolved
TXN103426,False,no_ticket_filed
TXN103427,True,customer_contacted_resolved
TXN103428,False,no_ticket_filed
TXN103429,False,no_ticket_filed
TXN103430,False,no_ticket_filed
TXN103431,True,customer_contacted_resolved
TXN103432,False,no_ticket_filed
TXN103433,False,no_ticket_filed
TXN103434,False,no_ticket_filed
TXN103435,False,no_ticket_filed
TXN103436,False,no_ticket_filed
TXN103437,True,customer_contacted_resolved
TXN103438,True,customer_contacted_resolved
TXN103439,False,no_ticket_filed
TXN103440,True,customer_contacted_resolved
TXN103441,False,no_ticket_filed
TXN103442,True,customer_contacted_resolved
TXN103443,False,no_ticket_filed
TXN103444,False,no_ticket_filed
TXN103445,True,customer_contacted_resolved
TXN103446,True,customer_contacted_resolved
TXN103447,True,customer_contacted_resolved
TXN103448,False,no_ticket_filed
TXN103449,False,no_ticket_filed
TXN103450,True,customer_contacted_resolved
TXN103451,False,no_ticket_filed
TXN103452,True,customer_contacted_resolved
TXN103453,True,customer_contacted_resolved
TXN103454,False,no_ticket_filed
TXN103455,False,no_ticket_filed
TXN103456,False,no_ticket_filed
TXN103457,True,customer_contacted_resolved
TXN103458,True,customer_contacted_resolved
TXN103459,False,no_ticket_filed
TXN103460,True,customer_contacted_resolved
TXN103461,False,no_ticket_filed
TXN103462,False,no_ticket_filed
TXN103463,False,no_ticket_filed
TXN103464,False,no_ticket_filed
TXN103465,False,no_ticket_filed
TXN103466,False,no_ticket_filed
TXN103467,False,no_ticket_filed
TXN103468,False,no_ticket_filed
TXN103469,False,no_ticket_filed
TXN103470,False,no_ticket_filed
TXN103471,False,no_ticket_filed
TXN103472,False,no_ticket_filed
TXN103473,True,customer_contacted_resolved
TXN103474,True,customer_contacted_resolved
TXN103475,True,customer_contacted_resolved
TXN103476,False,no_ticket_filed
TXN103477,False,no_ticket_filed
TXN103478,False,no_ticket_filed
TXN103479,True,customer_contacted_resolved
TXN103480,True,customer_contacted_resolved
TXN103481,True,customer_contacted_resolved
TXN103482,False,no_ticket_filed
TXN103483,True,customer_contacted_resolved
TXN103484,False,no_ticket_filed
TXN103485,False,no_ticket_filed
TXN103486,True,customer_contacted_resolved
TXN103487,False,no_ticket_filed
TXN103488,False,no_ticket_filed
TXN103489,False,no_ticket_filed
TXN103490,False,no_ticket_filed
TXN103491,False,no_ticket_filed
TXN103492,False,no_ticket_filed
TXN103493,False,no_ticket_filed
TXN103494,True,customer_contacted_resolved
TXN103495,False,no_ticket_filed
TXN103496,False,no_ticket_filed
TXN103497,False,no_ticket_filed
TXN103498,False,no_ticket_filed
TXN103499,False,no_ticket_filed
TXN103500,True,customer_contacted_resolved
TXN103501,False,no_ticket_filed
TXN103502,False,no_ticket_filed
TXN103503,False,no_ticket_filed
TXN103504,True,customer_contacted_resolved
TXN103505,False,no_ticket_filed
TXN103506,False,no_ticket_filed
TXN103507,True,customer_contacted_resolved
TXN103508,True,customer_contacted_resolved
TXN103509,False,no_ticket_filed
TXN103510,False,no_ticket_filed
TXN103511,True,customer_contacted_resolved
TXN103512,False,no_ticket_filed
TXN103513,True,customer_contacted_resolved
TXN103514,False,no_ticket_filed
TXN103515,True,customer_contacted_resolved
TXN103516,False,no_ticket_filed
TXN103517,True,customer_contacted_resolved
TXN103518,False,no_ticket_filed
TXN103519,True,customer_contacted_resolved
TXN103520,False,no_ticket_filed
TXN103521,True,customer_contacted_resolved
TXN103522,False,no_ticket_filed
TXN103523,True,customer_contacted_resolved
TXN103524,False,no_ticket_filed
TXN103525,True,customer_contacted_resolved
TXN103526,True,customer_contacted_resolved
TXN103527,True,customer_contacted_resolved
TXN103528,True,customer_contacted_resolved
TXN103529,True,customer_contacted_resolved
TXN103530,False,no_ticket_filed
TXN103531,False,no_ticket_filed
TXN103532,True,customer_contacted_resolved
TXN103533,False,no_ticket_filed
TXN103534,False,no_ticket_filed
TXN103535,True,customer_contacted_resolved
TXN103536,False,no_ticket_filed
TXN103537,True,customer_contacted_resolved
TXN103538,True,customer_contacted_resolved
TXN103539,True,customer_contacted_resolved
TXN103540,False,no_ticket_filed
TXN103541,True,customer_contacted_resolved
TXN103542,True,customer_contacted_resolved
TXN103543,True,customer_contacted_resolved
TXN103544,False,no_ticket_filed
TXN103545,False,no_ticket_filed
TXN103546,True,customer_contacted_resolved
TXN103547,False,no_ticket_filed
TXN103548,True,customer_contacted_resolved
TXN103549,True,customer_contacted_resolved
TXN103550,False,no_ticket_filed
TXN103551,False,no_ticket_filed
TXN103552,True,customer_contacted_resolved
TXN103553,True,customer_contacted_resolved
TXN103554,True,customer_contacted_resolved
TXN103555,True,customer_contacted_resolved
TXN103556,True,customer_contacted_resolved
TXN103557,False,no_ticket_filed
TXN103558,False,no_ticket_filed
TXN103559,True,customer_contacted_resolved
TXN103560,True,customer_contacted_resolved
TXN103561,False,no_ticket_filed
TXN103562,False,no_ticket_filed
TXN103563,False,no_ticket_filed
TXN103564,True,customer_contacted_resolved
TXN103565,True,customer_contacted_resolved
TXN103566,False,no_ticket_filed
TXN103567,False,no_ticket_filed
TXN103568,False,no_ticket_filed
TXN103569,True,customer_contacted_resolved
TXN103570,False,no_ticket_filed
TXN103571,True,customer_contacted_resolved
TXN103572,False,no_ticket_filed
TXN103573,True,customer_contacted_resolved
TXN103574,True,customer_contacted_resolved
TXN103575,True,customer_contacted_resolved
TXN103576,False,no_ticket_filed
TXN103577,False,no_ticket_filed
TXN103578,True,customer_contacted_resolved
TXN103579,False,no_ticket_filed
TXN103580,True,customer_contacted_resolved
TXN103581,True,customer_contacted_resolved
TXN103582,True,customer_contacted_resolved
TXN103583,False,no_ticket_filed
TXN103584,False,no_ticket_filed
TXN103585,True,customer_contacted_resolved
TXN103586,True,customer_contacted_resolved
TXN103587,True,customer_contacted_resolved
TXN103588,False,no_ticket_filed
TXN103589,True,customer_contacted_resolved
TXN103590,False,no_ticket_filed
TXN103591,False,no_ticket_filed
TXN103592,False,no_ticket_filed
TXN103593,False,no_ticket_filed
TXN103594,True,customer_contacted_resolved
TXN103595,True,customer_contacted_resolved
TXN103596,False,no_ticket_filed
TXN103597,True,customer_contacted_resolved
TXN103598,False,no_ticket_filed
TXN103599,True,customer_contacted_resolved
TXN103600,False,no_ticket_filed
TXN103601,False,no_ticket_filed
TXN103602,False,no_ticket_filed
TXN103603,False,no_ticket_filed
TXN103604,True,customer_contacted_resolved
TXN103605,False,no_ticket_filed
TXN103606,True,customer_contacted_resolved
TXN103607,True,customer_contacted_resolved
TXN103608,False,no_ticket_filed
TXN103609,False,no_ticket_filed
TXN103610,True,customer_contacted_resolved
TXN103611,False,no_ticket_filed
TXN103612,True,customer_contacted_resolved
TXN103613,False,no_ticket_filed
TXN103614,False,no_ticket_filed
TXN103615,True,customer_contacted_resolved
TXN103616,False,no_ticket_filed
TXN103617,False,no_ticket_filed
TXN103618,False,no_ticket_filed
TXN103619,False,no_ticket_filed
TXN103620,False,no_ticket_filed
TXN103621,False,no_ticket_filed
TXN103622,False,no_ticket_filed
TXN103623,True,customer_contacted_resolved
TXN103624,False,no_ticket_filed
TXN103625,True,customer_contacted_resolved
TXN103626,False,no_ticket_filed
TXN103627,True,customer_contacted_resolved
TXN103628,False,no_ticket_filed
TXN103629,False,no_ticket_filed
TXN103630,True,customer_contacted_resolved
TXN103631,False,no_ticket_filed
TXN103632,True,customer_contacted_resolved
TXN103633,False,no_ticket_filed
TXN103634,True,customer_contacted_resolved
TXN103635,False,no_ticket_filed
TXN103636,False,no_ticket_filed
TXN103637,False,no_ticket_filed
TXN103638,False,no_ticket_filed
TXN103639,False,no_ticket_filed
TXN103640,True,customer_contacted_resolved
TXN103641,True,customer_contacted_resolved
TXN103642,True,customer_contacted_resolved
TXN103643,True,customer_contacted_resolved
TXN103644,False,no_ticket_filed
TXN103645,False,no_ticket_filed
TXN103646,True,customer_contacted_resolved
TXN103647,True,customer_contacted_resolved
TXN103648,False,no_ticket_filed
TXN103649,True,customer_contacted_resolved
TXN103650,False,no_ticket_filed
TXN103651,False,no_ticket_filed
TXN103652,True,customer_contacted_resolved
TXN103653,True,customer_contacted_resolved
TXN103654,False,no_ticket_filed
TXN103655,False,no_ticket_filed
TXN103656,False,no_ticket_filed
TXN103657,True,customer_contacted_resolved
TXN103658,True,customer_contacted_resolved
TXN103659,True,customer_contacted_resolved
TXN103660,True,customer_contacted_resolved
TXN103661,True,customer_contacted_resolved
TXN103662,True,customer_contacted_resolved
TXN103663,False,no_ticket_filed
TXN103664,False,no_ticket_filed
TXN103665,False,no_ticket_filed
TXN103666,False,no_ticket_filed
TXN103667,False,no_ticket_filed
TXN103668,True,customer_contacted_resolved
TXN103669,False,no_ticket_filed
TXN103670,True,customer_contacted_resolved
TXN103671,False,no_ticket_filed
TXN103672,True,customer_contacted_resolved
TXN103673,True,customer_contacted_resolved
TXN103674,True,customer_contacted_resolved
TXN103675,False,no_ticket_filed
TXN103676,False,no_ticket_filed
TXN103677,True,customer_contacted_resolved
TXN103678,False,no_ticket_filed
TXN103679,True,customer_contacted_resolved
TXN103680,False,no_ticket_filed
TXN103681,False,no_ticket_filed
TXN103682,False,no_ticket_filed
TXN103683,False,no_ticket_filed
TXN103684,False,no_ticket_filed
TXN103685,True,customer_contacted_resolved
TXN103686,True,customer_contacted_resolved
TXN103687,False,no_ticket_filed
TXN103688,False,no_ticket_filed
TXN103689,False,no_ticket_filed
TXN103690,True,customer_contacted_resolved
TXN103691,False,no_ticket_filed
TXN103692,True,customer_contacted_resolved
TXN103693,False,no_ticket_filed
TXN103694,False,no_ticket_filed
TXN103695,True,customer_contacted_resolved
TXN103696,True,customer_contacted_resolved
TXN103697,False,no_ticket_filed
TXN103698,True,customer_contacted_resolved
TXN103699,True,customer_contacted_resolved
TXN103700,False,no_ticket_filed
TXN103701,False,no_ticket_filed
TXN103702,False,no_ticket_filed
TXN103703,True,customer_contacted_resolved
TXN103704,False,no_ticket_filed
TXN103705,False,no_ticket_filed
TXN103706,True,customer_contacted_resolved
TXN103707,True,customer_contacted_resolved
TXN103708,False,no_ticket_filed
TXN103709,True,customer_contacted_resolved
TXN103710,True,customer_contacted_resolved
TXN103711,False,no_ticket_filed
TXN103712,True,customer_contacted_resolved
TXN103713,False,no_ticket_filed
TXN103714,False,no_ticket_filed
TXN103715,False,no_ticket_filed
TXN103716,True,customer_contacted_resolved
TXN103717,False,no_ticket_filed
TXN103718,True,customer_contacted_resolved
TXN103719,True,customer_contacted_resolved
TXN103720,True,customer_contacted_resolved
TXN103721,False,no_ticket_filed
TXN103722,True,customer_contacted_resolved
TXN103723,True,customer_contacted_resolved
TXN103724,False,no_ticket_filed
TXN103725,False,no_ticket_filed
TXN103726,False,no_ticket_filed
TXN103727,False,no_ticket_filed
TXN103728,False,no_ticket_filed
TXN103729,False,no_ticket_filed
TXN103730,False,no_ticket_filed
TXN103731,False,no_ticket_filed
TXN103732,False,no_ticket_filed
TXN103733,True,customer_contacted_resolved
TXN103734,True,customer_contacted_resolved
TXN103735,True,customer_contacted_resolved
TXN103736,True,customer_contacted_resolved
TXN103737,False,no_ticket_filed
TXN103738,False,no_ticket_filed
TXN103739,False,no_ticket_filed
TXN103740,True,customer_contacted_resolved
TXN103741,True,customer_contacted_resolved
TXN103742,True,customer_contacted_resolved
TXN103743,False,no_ticket_filed
TXN103744,False,no_ticket_filed
TXN103745,False,no_ticket_filed
TXN103746,True,customer_contacted_resolved
TXN103747,False,no_ticket_filed
TXN103748,True,customer_contacted_resolved
TXN103749,False,no_ticket_filed
TXN103750,False,no_ticket_filed
TXN103751,False,no_ticket_filed
TXN103752,False,no_ticket_filed
TXN103753,True,customer_contacted_resolved
TXN103754,False,no_ticket_filed
TXN103755,False,no_ticket_filed
TXN103756,False,no_ticket_filed
TXN103757,False,no_ticket_filed
TXN103758,False,no_ticket_filed
TXN103759,True,customer_contacted_resolved
TXN103760,True,customer_contacted_resolved
TXN103761,False,no_ticket_filed
TXN103762,False,no_ticket_filed
TXN103763,True,customer_contacted_resolved
TXN103764,False,no_ticket_filed
TXN103765,False,no_ticket_filed
TXN103766,False,no_ticket_filed
TXN103767,False,no_ticket_filed
TXN103768,False,no_ticket_filed
TXN103769,False,no_ticket_filed
TXN103770,True,customer_contacted_resolved
TXN103771,False,no_ticket_filed
TXN103772,True,customer_contacted_resolved
TXN103773,True,customer_contacted_resolved
TXN103774,False,no_ticket_filed
TXN103775,True,customer_contacted_resolved
TXN103776,True,customer_contacted_resolved
TXN103777,False,no_ticket_filed
TXN103778,True,customer_contacted_resolved
TXN103779,False,no_ticket_filed
TXN103780,False,no_ticket_filed
TXN103781,False,no_ticket_filed
TXN103782,True,customer_contacted_resolved
TXN103783,True,customer_contacted_resolved
TXN103784,True,customer_contacted_resolved
TXN103785,True,customer_contacted_resolved
TXN103786,True,customer_contacted_resolved
TXN103787,False,no_ticket_filed
TXN103788,True,customer_contacted_resolved
TXN103789,False,no_ticket_filed
TXN103790,True,customer_contacted_resolved
TXN103791,False,no_ticket_filed
TXN103792,True,customer_contacted_resolved
TXN103793,False,no_ticket_filed
TXN103794,False,no_ticket_filed
TXN103795,False,no_ticket_filed
TXN103796,False,no_ticket_filed
TXN103797,True,customer_contacted_resolved
TXN103798,True,customer_contacted_resolved
TXN103799,True,customer_contacted_resolved
TXN103800,False,no_ticket_filed
TXN103801,False,no_ticket_filed
TXN103802,True,customer_contacted_resolved
TXN103803,False,no_ticket_filed
TXN103804,True,customer_contacted_resolved
TXN103805,False,no_ticket_filed
TXN103806,True,customer_contacted_resolved
TXN103807,True,customer_contacted_resolved
TXN103808,False,no_ticket_filed
TXN103809,True,customer_contacted_resolved
TXN103810,False,no_ticket_filed
TXN103811,True,customer_contacted_resolved
TXN103812,True,customer_contacted_resolved
TXN103813,False,no_ticket_filed
TXN103814,False,no_ticket_filed
TXN103815,False,no_ticket_filed
TXN103816,True,customer_contacted_resolved
TXN103817,False,no_ticket_filed
TXN103818,False,no_ticket_filed
TXN103819,True,customer_contacted_resolved
TXN103820,False,no_ticket_filed
TXN103821,True,customer_contacted_resolved
TXN103822,True,customer_contacted_resolved
TXN103823,True,customer_contacted_resolved
TXN103824,False,no_ticket_filed
TXN103825,True,customer_contacted_resolved
TXN103826,True,customer_contacted_resolved
TXN103827,True,customer_contacted_resolved
TXN103828,False,no_ticket_filed
TXN103829,False,no_ticket_filed
TXN103830,True,customer_contacted_resolved
TXN103831,False,no_ticket_filed
TXN103832,False,no_ticket_filed
TXN103833,True,customer_contacted_resolved
TXN103834,False,no_ticket_filed
TXN103835,False,no_ticket_filed
TXN103836,False,no_ticket_filed
TXN103837,False,no_ticket_filed
TXN103838,False,no_ticket_filed
TXN103839,True,customer_contacted_resolved
TXN103840,True,customer_contacted_resolved
TXN103841,True,customer_contacted_resolved
TXN103842,False,no_ticket_filed
TXN103843,True,customer_contacted_resolved
TXN103844,False,no_ticket_filed
TXN103845,False,no_ticket_filed
TXN103846,True,customer_contacted_resolved
TXN103847,False,no_ticket_filed
TXN103848,False,no_ticket_filed
TXN103849,False,no_ticket_filed
TXN103850,False,no_ticket_filed
TXN103851,False,no_ticket_filed
TXN103852,True,customer_contacted_resolved
TXN103853,True,customer_contacted_resolved
TXN103854,False,no_ticket_filed
TXN103855,False,no_ticket_filed
TXN103856,False,no_ticket_filed
TXN103857,True,customer_contacted_resolved
TXN103858,False,no_ticket_filed
TXN103859,True,customer_contacted_resolved
TXN103860,False,no_ticket_filed
TXN103861,False,no_ticket_filed
TXN103862,False,no_ticket_filed
TXN103863,True,customer_contacted_resolved
TXN103864,False,no_ticket_filed
TXN103865,True,customer_contacted_resolved
TXN103866,True,customer_contacted_resolved
TXN103867,False,no_ticket_filed
TXN103868,False,no_ticket_filed
TXN103869,False,no_ticket_filed
TXN103870,True,customer_contacted_resolved
TXN103871,False,no_ticket_filed
TXN103872,False,no_ticket_filed
TXN103873,False,no_ticket_filed
TXN103874,False,no_ticket_filed
TXN103875,False,no_ticket_filed
TXN103876,False,no_ticket_filed
TXN103877,False,no_ticket_filed
TXN103878,True,customer_contacted_resolved
TXN103879,False,no_ticket_filed
TXN103880,False,no_ticket_filed
TXN103881,False,no_ticket_filed
TXN103882,True,customer_contacted_resolved
TXN103883,False,no_ticket_filed
TXN103884,True,customer_contacted_resolved
TXN103885,True,customer_contacted_resolved
TXN103886,False,no_ticket_filed
TXN103887,True,customer_contacted_resolved
TXN103888,True,customer_contacted_resolved
TXN103889,False,no_ticket_filed
TXN103890,False,no_ticket_filed
TXN103891,True,customer_contacted_resolved
TXN103892,True,customer_contacted_resolved
TXN103893,False,no_ticket_filed
TXN103894,True,customer_contacted_resolved
TXN103895,True,customer_contacted_resolved
TXN103896,True,customer_contacted_resolved
TXN103897,False,no_ticket_filed
TXN103898,True,customer_contacted_resolved
TXN103899,False,no_ticket_filed
TXN103900,False,no_ticket_filed
TXN103901,False,no_ticket_filed
TXN103902,True,customer_contacted_resolved
TXN103903,True,customer_contacted_resolved
TXN103904,True,customer_contacted_resolved
TXN103905,True,customer_contacted_resolved
TXN103906,False,no_ticket_filed
TXN103907,True,customer_contacted_resolved
TXN103908,False,no_ticket_filed
TXN103909,False,no_ticket_filed
TXN103910,False,no_ticket_filed
TXN103911,True,customer_contacted_resolved
TXN103912,True,customer_contacted_resolved
TXN103913,False,no_ticket_filed
TXN103914,True,customer_contacted_resolved
TXN103915,False,no_ticket_filed
TXN103916,False,no_ticket_filed
TXN103917,False,no_ticket_filed
TXN103918,True,customer_contacted_resolved
TXN103919,True,customer_contacted_resolved
TXN103920,False,no_ticket_filed
TXN103921,False,no_ticket_filed
TXN103922,True,customer_contacted_resolved
TXN103923,True,customer_contacted_resolved
TXN103924,False,no_ticket_filed
TXN103925,False,no_ticket_filed
TXN103926,True,customer_contacted_resolved
TXN103927,True,customer_contacted_resolved
TXN103928,True,customer_contacted_resolved
TXN103929,True,customer_contacted_resolved
TXN103930,True,customer_contacted_resolved
TXN103931,True,customer_contacted_resolved
TXN103932,False,no_ticket_filed
TXN103933,True,customer_contacted_resolved
TXN103934,True,customer_contacted_resolved
TXN103935,False,no_ticket_filed
TXN103936,True,customer_contacted_resolved
TXN103937,False,no_ticket_filed
TXN103938,True,customer_contacted_resolved
TXN103939,False,no_ticket_filed
TXN103940,False,no_ticket_filed
TXN103941,True,customer_contacted_resolved
TXN103942,True,customer_contacted_resolved
TXN103943,False,no_ticket_filed
TXN103944,False,no_ticket_filed
TXN103945,True,customer_contacted_resolved
TXN103946,True,customer_contacted_resolved
TXN103947,False,no_ticket_filed
TXN103948,False,no_ticket_filed
TXN103949,False,no_ticket_filed
TXN103950,True,customer_contacted_resolved
TXN103951,False,no_ticket_filed
TXN103952,True,customer_contacted_resolved
TXN103953,True,customer_contacted_resolved
TXN103954,True,customer_contacted_resolved
TXN103955,True,customer_contacted_resolved
TXN103956,False,no_ticket_filed
TXN103957,False,no_ticket_filed
TXN103958,True,customer_contacted_resolved
TXN103959,True,customer_contacted_resolved
TXN103960,False,no_ticket_filed
TXN103961,False,no_ticket_filed
TXN103962,True,customer_contacted_resolved
TXN103963,False,no_ticket_filed
TXN103964,True,customer_contacted_resolved
TXN103965,True,customer_contacted_resolved
TXN103966,True,customer_contacted_resolved
TXN103967,True,customer_contacted_resolved
TXN103968,True,customer_contacted_resolved
TXN103969,False,no_ticket_filed
TXN103970,False,no_ticket_filed
TXN103971,True,customer_contacted_resolved
TXN103972,False,no_ticket_filed
TXN103973,True,customer_contacted_resolved
TXN103974,False,no_ticket_filed
TXN103975,False,no_ticket_filed
TXN103976,False,no_ticket_filed
TXN103977,False,no_ticket_filed
TXN103978,False,no_ticket_filed
TXN103979,True,customer_contacted_resolved
TXN103980,False,no_ticket_filed
TXN103981,False,no_ticket_filed
TXN103982,False,no_ticket_filed
TXN103983,True,customer_contacted_resolved
TXN103984,False,no_ticket_filed
TXN103985,False,no_ticket_filed
TXN103986,True,customer_contacted_resolved
TXN103987,False,no_ticket_filed
TXN103988,True,customer_contacted_resolved
TXN103989,True,customer_contacted_resolved
TXN103990,False,no_ticket_filed
TXN103991,False,no_ticket_filed
TXN103992,True,customer_contacted_resolved
TXN103993,False,no_ticket_filed
TXN103994,True,customer_contacted_resolved
TXN103995,True,customer_contacted_resolved
TXN103996,False,no_ticket_filed
TXN103997,True,customer_contacted_resolved
TXN103998,False,no_ticket_filed
TXN103999,False,no_ticket_filed
TXN104000,True,customer_contacted_resolved
TXN104001,False,no_ticket_filed
TXN104002,True,customer_contacted_resolved
TXN104003,True,customer_contacted_resolved
TXN104004,True,customer_contacted_resolved
TXN104005,False,no_ticket_filed
TXN104006,False,no_ticket_filed
TXN104007,True,customer_contacted_resolved
TXN104008,True,customer_contacted_resolved
TXN104009,True,customer_contacted_resolved
TXN104010,True,customer_contacted_resolved
TXN104011,False,no_ticket_filed
TXN104012,True,customer_contacted_resolved
TXN104013,False,no_ticket_filed
TXN104014,False,no_ticket_filed
TXN104015,True,customer_contacted_resolved
TXN104016,True,customer_contacted_resolved
TXN104017,False,no_ticket_filed
TXN104018,False,no_ticket_filed
TXN104019,False,no_ticket_filed
TXN104020,True,customer_contacted_resolved
TXN104021,True,customer_contacted_resolved
TXN104022,True,customer_contacted_resolved
TXN104023,False,no_ticket_filed
TXN104024,False,no_ticket_filed
TXN104025,False,no_ticket_filed
TXN104026,False,no_ticket_filed
TXN104027,False,no_ticket_filed
TXN104028,False,no_ticket_filed
TXN104029,True,customer_contacted_resolved
TXN104030,True,customer_contacted_resolved
TXN104031,False,no_ticket_filed
TXN104032,False,no_ticket_filed
TXN104033,False,no_ticket_filed
TXN104034,True,customer_contacted_resolved
TXN104035,False,no_ticket_filed
TXN104036,True,customer_contacted_resolved
TXN104037,False,no_ticket_filed
TXN104038,True,customer_contacted_resolved
TXN104039,True,customer_contacted_resolved
TXN104040,False,no_ticket_filed
TXN104041,False,no_ticket_filed
TXN104042,False,no_ticket_filed
TXN104043,True,customer_contacted_resolved
TXN104044,False,no_ticket_filed
TXN104045,False,no_ticket_filed
TXN104046,False,no_ticket_filed
TXN104047,True,customer_contacted_resolved
TXN104048,True,customer_contacted_resolved
TXN104049,True,customer_contacted_resolved
TXN104050,True,customer_contacted_resolved
TXN104051,True,customer_contacted_resolved
TXN104052,False,no_ticket_filed
TXN104053,False,no_ticket_filed
TXN104054,False,no_ticket_filed
TXN104055,False,no_ticket_filed
TXN104056,False,no_ticket_filed
TXN104057,True,customer_contacted_resolved
TXN104058,False,no_ticket_filed
TXN104059,False,no_ticket_filed
TXN104060,True,customer_contacted_resolved
TXN104061,False,no_ticket_filed
TXN104062,False,no_ticket_filed
TXN104063,False,no_ticket_filed
TXN104064,True,customer_contacted_resolved
TXN104065,True,customer_contacted_resolved
TXN104066,False,no_ticket_filed
TXN104067,True,customer_contacted_resolved
TXN104068,False,no_ticket_filed
TXN104069,True,customer_contacted_resolved
TXN104070,True,customer_contacted_resolved
TXN104071,True,customer_contacted_resolved
TXN104072,False,no_ticket_filed
TXN104073,True,customer_contacted_resolved
TXN104074,False,no_ticket_filed
TXN104075,False,no_ticket_filed
TXN104076,False,no_ticket_filed
TXN104077,False,no_ticket_filed
TXN104078,False,no_ticket_filed
TXN104079,False,no_ticket_filed
TXN104080,True,customer_contacted_resolved
TXN104081,True,customer_contacted_resolved
TXN104082,False,no_ticket_filed
TXN104083,False,no_ticket_filed
TXN104084,True,customer_contacted_resolved
TXN104085,True,customer_contacted_resolved
TXN104086,False,no_ticket_filed
TXN104087,False,no_ticket_filed
TXN104088,False,no_ticket_filed
TXN104089,True,customer_contacted_resolved
TXN104090,True,customer_contacted_resolved
TXN104091,False,no_ticket_filed
TXN104092,False,no_ticket_filed
TXN104093,False,no_ticket_filed
TXN104094,False,no_ticket_filed
TXN104095,True,customer_contacted_resolved
TXN104096,False,no_ticket_filed
TXN104097,False,no_ticket_filed
TXN104098,False,no_ticket_filed
TXN104099,True,customer_contacted_resolved
TXN104100,False,no_ticket_filed
TXN104101,False,no_ticket_filed
TXN104102,False,no_ticket_filed
TXN104103,False,no_ticket_filed
TXN104104,True,customer_contacted_resolved
TXN104105,True,customer_contacted_resolved
TXN104106,True,customer_contacted_resolved
TXN104107,True,customer_contacted_resolved
TXN104108,False,no_ticket_filed
TXN104109,False,no_ticket_filed
TXN104110,True,customer_contacted_resolved
TXN104111,True,customer_contacted_resolved
TXN104112,True,customer_contacted_resolved
TXN104113,False,no_ticket_filed
TXN104114,True,customer_contacted_resolved
TXN104115,True,customer_contacted_resolved
TXN104116,False,no_ticket_filed
TXN104117,False,no_ticket_filed
TXN104118,True,customer_contacted_resolved
TXN104119,False,no_ticket_filed
TXN104120,True,customer_contacted_resolved
TXN104121,False,no_ticket_filed
TXN104122,False,no_ticket_filed
TXN104123,False,no_ticket_filed
TXN104124,False,no_ticket_filed
TXN104125,True,customer_contacted_resolved
TXN104126,True,customer_contacted_resolved
TXN104127,False,no_ticket_filed
TXN104128,True,customer_contacted_resolved
TXN104129,False,no_ticket_filed
TXN104130,True,customer_contacted_resolved
TXN104131,True,customer_contacted_resolved
TXN104132,True,customer_contacted_resolved
TXN104133,False,no_ticket_filed
TXN104134,True,customer_contacted_resolved
TXN104135,True,customer_contacted_resolved
TXN104136,True,customer_contacted_resolved
TXN104137,False,no_ticket_filed
TXN104138,False,no_ticket_filed
TXN104139,False,no_ticket_filed
TXN104140,False,no_ticket_filed
TXN104141,True,customer_contacted_resolved
TXN104142,True,customer_contacted_resolved
TXN104143,True,customer_contacted_resolved
TXN104144,False,no_ticket_filed
TXN104145,False,no_ticket_filed
TXN104146,False,no_ticket_filed
TXN104147,False,no_ticket_filed
TXN104148,False,no_ticket_filed
TXN104149,False,no_ticket_filed
TXN104150,False,no_ticket_filed
TXN104151,True,customer_contacted_resolved
TXN104152,True,customer_contacted_resolved
TXN104153,True,customer_contacted_resolved
TXN104154,False,no_ticket_filed
TXN104155,True,customer_contacted_resolved
TXN104156,False,no_ticket_filed
TXN104157,True,customer_contacted_resolved
TXN104158,False,no_ticket_filed
TXN104159,True,customer_contacted_resolved
TXN104160,False,no_ticket_filed
TXN104161,False,no_ticket_filed
TXN104162,True,customer_contacted_resolved
TXN104163,True,customer_contacted_resolved
TXN104164,True,customer_contacted_resolved
TXN104165,True,customer_contacted_resolved
TXN104166,True,customer_contacted_resolved
TXN104167,False,no_ticket_filed
TXN104168,True,customer_contacted_resolved
TXN104169,False,no_ticket_filed
TXN104170,False,no_ticket_filed
TXN104171,True,customer_contacted_resolved
TXN104172,False,no_ticket_filed
TXN104173,False,no_ticket_filed
TXN104174,False,no_ticket_filed
TXN104175,False,no_ticket_filed
TXN104176,True,customer_contacted_resolved
TXN104177,False,no_ticket_filed
TXN104178,True,customer_contacted_resolved
TXN104179,True,customer_contacted_resolved
TXN104180,True,customer_contacted_resolved
TXN104181,False,no_ticket_filed
TXN104182,True,customer_contacted_resolved
TXN104183,True,customer_contacted_resolved
TXN104184,False,no_ticket_filed
TXN104185,True,customer_contacted_resolved
TXN104186,False,no_ticket_filed
TXN104187,False,no_ticket_filed
TXN104188,False,no_ticket_filed
TXN104189,False,no_ticket_filed
TXN104190,True,customer_contacted_resolved
TXN104191,True,customer_contacted_resolved
TXN104192,False,no_ticket_filed
TXN104193,False,no_ticket_filed
TXN104194,False,no_ticket_filed
TXN104195,True,customer_contacted_resolved
TXN104196,False,no_ticket_filed
TXN104197,True,customer_contacted_resolved
TXN104198,True,customer_contacted_resolved
TXN104199,False,no_ticket_filed
TXN104200,True,customer_contacted_resolved
TXN104201,True,customer_contacted_resolved
TXN104202,False,no_ticket_filed
TXN104203,True,customer_contacted_resolved
TXN104204,False,no_ticket_filed
TXN104205,True,customer_contacted_resolved
TXN104206,True,customer_contacted_resolved
TXN104207,True,customer_contacted_resolved
TXN104208,True,customer_contacted_resolved
TXN104209,False,no_ticket_filed
TXN104210,True,customer_contacted_resolved
TXN104211,True,customer_contacted_resolved
TXN104212,False,no_ticket_filed
TXN104213,True,customer_contacted_resolved
TXN104214,False,no_ticket_filed
TXN104215,True,customer_contacted_resolved
TXN104216,True,customer_contacted_resolved
TXN104217,False,no_ticket_filed
TXN104218,False,no_ticket_filed
TXN104219,False,no_ticket_filed
TXN104220,False,no_ticket_filed
TXN104221,False,no_ticket_filed
TXN104222,True,customer_contacted_resolved
TXN104223,False,no_ticket_filed
TXN104224,False,no_ticket_filed
TXN104225,True,customer_contacted_resolved
TXN104226,True,customer_contacted_resolved
TXN104227,True,customer_contacted_resolved
TXN104228,True,customer_contacted_resolved
TXN104229,True,customer_contacted_resolved
TXN104230,False,no_ticket_filed
TXN104231,False,no_ticket_filed
TXN104232,False,no_ticket_filed
TXN104233,False,no_ticket_filed
TXN104234,False,no_ticket_filed
TXN104235,False,no_ticket_filed
TXN104236,False,no_ticket_filed
TXN104237,False,no_ticket_filed
TXN104238,False,no_ticket_filed
TXN104239,False,no_ticket_filed
TXN104240,False,no_ticket_filed
TXN104241,False,no_ticket_filed
TXN104242,False,no_ticket_filed
TXN104243,True,customer_contacted_resolved
TXN104244,True,customer_contacted_resolved
TXN104245,False,no_ticket_filed
TXN104246,False,no_ticket_filed
TXN104247,False,no_ticket_filed
TXN104248,False,no_ticket_filed
TXN104249,True,customer_contacted_resolved
TXN104250,False,no_ticket_filed
TXN104251,True,customer_contacted_resolved
TXN104252,True,customer_contacted_resolved
TXN104253,True,customer_contacted_resolved
TXN104254,True,customer_contacted_resolved
TXN104255,False,no_ticket_filed
TXN104256,False,no_ticket_filed
TXN104257,True,customer_contacted_resolved
TXN104258,True,customer_contacted_resolved
TXN104259,False,no_ticket_filed
TXN104260,True,customer_contacted_resolved
TXN104261,True,customer_contacted_resolved
TXN104262,True,customer_contacted_resolved
TXN104263,True,customer_contacted_resolved
TXN104264,False,no_ticket_filed
TXN104265,False,no_ticket_filed
TXN104266,False,no_ticket_filed
TXN104267,True,customer_contacted_resolved
TXN104268,False,no_ticket_filed
TXN104269,True,customer_contacted_resolved
TXN104270,True,customer_contacted_resolved
TXN104271,False,no_ticket_filed
TXN104272,False,no_ticket_filed
TXN104273,True,customer_contacted_resolved
TXN104274,True,customer_contacted_resolved
TXN104275,False,no_ticket_filed
TXN104276,False,no_ticket_filed
TXN104277,False,no_ticket_filed
TXN104278,True,customer_contacted_resolved
TXN104279,True,customer_contacted_resolved
TXN104280,True,customer_contacted_resolved
TXN104281,True,customer_contacted_resolved
TXN104282,False,no_ticket_filed
TXN104283,True,customer_contacted_resolved
TXN104284,False,no_ticket_filed
TXN104285,True,customer_contacted_resolved
TXN104286,False,no_ticket_filed
TXN104287,False,no_ticket_filed
TXN104288,True,customer_contacted_resolved
TXN104289,False,no_ticket_filed
TXN104290,True,customer_contacted_resolved
TXN104291,True,customer_contacted_resolved
TXN104292,True,customer_contacted_resolved
TXN104293,False,no_ticket_filed
TXN104294,True,customer_contacted_resolved
TXN104295,True,customer_contacted_resolved
TXN104296,False,no_ticket_filed
TXN104297,False,no_ticket_filed
TXN104298,False,no_ticket_filed
TXN104299,False,no_ticket_filed
TXN104300,True,customer_contacted_resolved
TXN104301,True,customer_contacted_resolved
TXN104302,True,customer_contacted_resolved
TXN104303,True,customer_contacted_resolved
TXN104304,True,customer_contacted_resolved
TXN104305,True,customer_contacted_resolved
TXN104306,True,customer_contacted_resolved
TXN104307,True,customer_contacted_resolved
TXN104308,True,customer_contacted_resolved
TXN104309,False,no_ticket_filed
TXN104310,True,customer_contacted_resolved
TXN104311,True,customer_contacted_resolved
TXN104312,True,customer_contacted_resolved
TXN104313,False,no_ticket_filed
TXN104314,False,no_ticket_filed
TXN104315,False,no_ticket_filed
TXN104316,False,no_ticket_filed
TXN104317,True,customer_contacted_resolved
TXN104318,False,no_ticket_filed
TXN104319,True,customer_contacted_resolved
TXN104320,False,no_ticket_filed
TXN104321,True,customer_contacted_resolved
TXN104322,True,customer_contacted_resolved
TXN104323,True,customer_contacted_resolved
TXN104324,True,customer_contacted_resolved
TXN104325,False,no_ticket_filed
TXN104326,False,no_ticket_filed
TXN104327,True,customer_contacted_resolved
TXN104328,False,no_ticket_filed
TXN104329,True,customer_contacted_resolved
TXN104330,False,no_ticket_filed
TXN104331,True,customer_contacted_resolved
TXN104332,False,no_ticket_filed
TXN104333,True,customer_contacted_resolved
TXN104334,False,no_ticket_filed
TXN104335,True,customer_contacted_resolved
TXN104336,True,customer_contacted_resolved
TXN104337,True,customer_contacted_resolved
TXN104338,False,no_ticket_filed
TXN104339,True,customer_contacted_resolved
TXN104340,True,customer_contacted_resolved
TXN104341,False,no_ticket_filed
TXN104342,True,customer_contacted_resolved
TXN104343,True,customer_contacted_resolved
TXN104344,False,no_ticket_filed
TXN104345,True,customer_contacted_resolved
TXN104346,False,no_ticket_filed
TXN104347,False,no_ticket_filed
TXN104348,False,no_ticket_filed
TXN104349,True,customer_contacted_resolved
TXN104350,False,no_ticket_filed
TXN104351,True,customer_contacted_resolved
TXN104352,False,no_ticket_filed
TXN104353,True,customer_contacted_resolved
TXN104354,False,no_ticket_filed
TXN104355,True,customer_contacted_resolved
TXN104356,False,no_ticket_filed
TXN104357,False,no_ticket_filed
TXN104358,True,customer_contacted_resolved
TXN104359,True,customer_contacted_resolved
TXN104360,True,customer_contacted_resolved
TXN104361,False,no_ticket_filed
TXN104362,False,no_ticket_filed
TXN104363,False,no_ticket_filed
TXN104364,True,customer_contacted_resolved
TXN104365,False,no_ticket_filed
TXN104366,False,no_ticket_filed
TXN104367,False,no_ticket_filed
TXN104368,True,customer_contacted_resolved
TXN104369,False,no_ticket_filed
TXN104370,True,customer_contacted_resolved
TXN104371,False,no_ticket_filed
TXN104372,True,customer_contacted_resolved
TXN104373,True,customer_contacted_resolved
TXN104374,True,customer_contacted_resolved
TXN104375,False,no_ticket_filed
TXN104376,False,no_ticket_filed
TXN104377,True,customer_contacted_resolved
TXN104378,True,customer_contacted_resolved
TXN104379,False,no_ticket_filed
TXN104380,False,no_ticket_filed
TXN104381,True,customer_contacted_resolved
TXN104382,False,no_ticket_filed
TXN104383,False,no_ticket_filed
TXN104384,True,customer_contacted_resolved
TXN104385,True,customer_contacted_resolved
TXN104386,True,customer_contacted_resolved
TXN104387,False,no_ticket_filed
TXN104388,False,no_ticket_filed
TXN104389,False,no_ticket_filed
TXN104390,False,no_ticket_filed
TXN104391,True,customer_contacted_resolved
TXN104392,False,no_ticket_filed
TXN104393,False,no_ticket_filed
TXN104394,False,no_ticket_filed
TXN104395,True,customer_contacted_resolved
TXN104396,True,customer_contacted_resolved
TXN104397,False,no_ticket_filed
TXN104398,True,customer_contacted_resolved
TXN104399,True,customer_contacted_resolved
TXN104400,True,customer_contacted_resolved
TXN104401,False,no_ticket_filed
TXN104402,False,no_ticket_filed
TXN104403,False,no_ticket_filed
TXN104404,True,customer_contacted_resolved
TXN104405,False,no_ticket_filed
TXN104406,False,no_ticket_filed
TXN104407,True,customer_contacted_resolved
TXN104408,True,customer_contacted_resolved
TXN104409,True,customer_contacted_resolved
TXN104410,True,customer_contacted_resolved
TXN104411,True,customer_contacted_resolved
TXN104412,False,no_ticket_filed
TXN104413,False,no_ticket_filed
TXN104414,False,no_ticket_filed
TXN104415,True,customer_contacted_resolved
TXN104416,False,no_ticket_filed
TXN104417,False,no_ticket_filed
TXN104418,True,customer_contacted_resolved
TXN104419,False,no_ticket_filed
TXN104420,True,customer_contacted_resolved
TXN104421,False,no_ticket_filed
TXN104422,True,customer_contacted_resolved
TXN104423,True,customer_contacted_resolved
TXN104424,False,no_ticket_filed
TXN104425,True,customer_contacted_resolved
TXN104426,True,customer_contacted_resolved
TXN104427,False,no_ticket_filed
TXN104428,False,no_ticket_filed
TXN104429,False,no_ticket_filed
TXN104430,False,no_ticket_filed
TXN104431,False,no_ticket_filed
TXN104432,False,no_ticket_filed
TXN104433,False,no_ticket_filed
TXN104434,True,customer_contacted_resolved
TXN104435,False,no_ticket_filed
TXN104436,False,no_ticket_filed
TXN104437,False,no_ticket_filed
TXN104438,True,customer_contacted_resolved
TXN104439,True,customer_contacted_resolved
TXN104440,False,no_ticket_filed
TXN104441,True,customer_contacted_resolved
TXN104442,False,no_ticket_filed
TXN104443,False,no_ticket_filed
TXN104444,True,customer_contacted_resolved
TXN104445,True,customer_contacted_resolved
TXN104446,True,customer_contacted_resolved
TXN104447,False,no_ticket_filed
TXN104448,False,no_ticket_filed
TXN104449,True,customer_contacted_resolved
TXN104450,False,no_ticket_filed
TXN104451,True,customer_contacted_resolved
TXN104452,False,no_ticket_filed
TXN104453,False,no_ticket_filed
TXN104454,True,customer_contacted_resolved
TXN104455,True,customer_contacted_resolved
TXN104456,False,no_ticket_filed
TXN104457,False,no_ticket_filed
TXN104458,False,no_ticket_filed
TXN104459,True,customer_contacted_resolved
TXN104460,True,customer_contacted_resolved
TXN104461,False,no_ticket_filed
TXN104462,False,no_ticket_filed
TXN104463,True,customer_contacted_resolved
TXN104464,False,no_ticket_filed
TXN104465,True,customer_contacted_resolved
TXN104466,True,customer_contacted_resolved
TXN104467,True,customer_contacted_resolved
TXN104468,False,no_ticket_filed
TXN104469,True,customer_contacted_resolved
TXN104470,True,customer_contacted_resolved
TXN104471,False,no_ticket_filed
TXN104472,True,customer_contacted_resolved
TXN104473,False,no_ticket_filed
TXN104474,False,no_ticket_filed
TXN104475,True,customer_contacted_resolved
TXN104476,True,customer_contacted_resolved
TXN104477,False,no_ticket_filed
TXN104478,True,customer_contacted_resolved
TXN104479,False,no_ticket_filed
TXN104480,True,customer_contacted_resolved
TXN104481,True,customer_contacted_resolved
TXN104482,False,no_ticket_filed
TXN104483,True,customer_contacted_resolved
TXN104484,False,no_ticket_filed
TXN104485,True,customer_contacted_resolved
TXN104486,False,no_ticket_filed
TXN104487,False,no_ticket_filed
TXN104488,False,no_ticket_filed
TXN104489,True,customer_contacted_resolved
TXN104490,False,no_ticket_filed
TXN104491,False,no_ticket_filed
TXN104492,False,no_ticket_filed
TXN104493,False,no_ticket_filed
TXN104494,True,customer_contacted_resolved
TXN104495,True,customer_contacted_resolved
TXN104496,True,customer_contacted_resolved
TXN104497,False,no_ticket_filed
TXN104498,False,no_ticket_filed
TXN104499,False,no_ticket_filed
TXN104500,False,no_ticket_filed
TXN104501,False,no_ticket_filed
TXN104502,True,customer_contacted_resolved
TXN104503,True,customer_contacted_resolved
TXN104504,False,no_ticket_filed
TXN104505,True,customer_contacted_resolved
TXN104506,True,customer_contacted_resolved
TXN104507,False,no_ticket_filed
TXN104508,False,no_ticket_filed
TXN104509,True,customer_contacted_resolved
TXN104510,False,no_ticket_filed
TXN104511,False,no_ticket_filed
TXN104512,False,no_ticket_filed
TXN104513,False,no_ticket_filed
TXN104514,False,no_ticket_filed
TXN104515,False,no_ticket_filed
TXN104516,False,no_ticket_filed
TXN104517,False,no_ticket_filed
TXN104518,False,no_ticket_filed
TXN104519,False,no_ticket_filed
TXN104520,False,no_ticket_filed
TXN104521,False,no_ticket_filed
TXN104522,True,customer_contacted_resolved
TXN104523,False,no_ticket_filed
TXN104524,True,customer_contacted_resolved
TXN104525,False,no_ticket_filed
TXN104526,True,customer_contacted_resolved
TXN104527,True,customer_contacted_resolved
TXN104528,False,no_ticket_filed
TXN104529,False,no_ticket_filed
TXN104530,False,no_ticket_filed
TXN104531,False,no_ticket_filed
TXN104532,True,customer_contacted_resolved
TXN104533,True,customer_contacted_resolved
TXN104534,True,customer_contacted_resolved
TXN104535,False,no_ticket_filed
TXN104536,False,no_ticket_filed
TXN104537,False,no_ticket_filed
TXN104538,False,no_ticket_filed
TXN104539,True,customer_contacted_resolved
TXN104540,False,no_ticket_filed
TXN104541,False,no_ticket_filed
TXN104542,True,customer_contacted_resolved
TXN104543,True,customer_contacted_resolved
TXN104544,False,no_ticket_filed
TXN104545,True,customer_contacted_resolved
TXN104546,False,no_ticket_filed
TXN104547,False,no_ticket_filed
TXN104548,True,customer_contacted_resolved
TXN104549,True,customer_contacted_resolved
TXN104550,False,no_ticket_filed
TXN104551,False,no_ticket_filed
TXN104552,False,no_ticket_filed
TXN104553,True,customer_contacted_resolved
TXN104554,False,no_ticket_filed
TXN104555,False,no_ticket_filed
TXN104556,False,no_ticket_filed
TXN104557,True,customer_contacted_resolved
TXN104558,False,no_ticket_filed
TXN104559,True,customer_contacted_resolved
TXN104560,False,no_ticket_filed
TXN104561,True,customer_contacted_resolved
TXN104562,False,no_ticket_filed
TXN104563,False,no_ticket_filed
TXN104564,True,customer_contacted_resolved
TXN104565,True,customer_contacted_resolved
TXN104566,False,no_ticket_filed
TXN104567,False,no_ticket_filed
TXN104568,True,customer_contacted_resolved
TXN104569,True,customer_contacted_resolved
TXN104570,True,customer_contacted_resolved
TXN104571,False,no_ticket_filed
TXN104572,False,no_ticket_filed
TXN104573,False,no_ticket_filed
TXN104574,False,no_ticket_filed
TXN104575,False,no_ticket_filed
TXN104576,False,no_ticket_filed
TXN104577,False,no_ticket_filed
TXN104578,False,no_ticket_filed
TXN104579,False,no_ticket_filed
TXN104580,True,customer_contacted_resolved
TXN104581,True,customer_contacted_resolved
TXN104582,True,customer_contacted_resolved
TXN104583,True,customer_contacted_resolved
TXN104584,False,no_ticket_filed
TXN104585,True,customer_contacted_resolved
TXN104586,True,customer_contacted_resolved
TXN104587,True,customer_contacted_resolved
TXN104588,True,customer_contacted_resolved
TXN104589,True,customer_contacted_resolved
TXN104590,True,customer_contacted_resolved
TXN104591,False,no_ticket_filed
TXN104592,False,no_ticket_filed
TXN104593,False,no_ticket_filed
TXN104594,False,no_ticket_filed
TXN104595,True,customer_contacted_resolved
TXN104596,True,customer_contacted_resolved
TXN104597,True,customer_contacted_resolved
TXN104598,True,customer_contacted_resolved
TXN104599,False,no_ticket_filed
TXN104600,True,customer_contacted_resolved
TXN104601,False,no_ticket_filed
TXN104602,True,customer_contacted_resolved
TXN104603,False,no_ticket_filed
TXN104604,False,no_ticket_filed
TXN104605,True,customer_contacted_resolved
TXN104606,True,customer_contacted_resolved
TXN104607,False,no_ticket_filed
TXN104608,False,no_ticket_filed
TXN104609,False,no_ticket_filed
TXN104610,False,no_ticket_filed
TXN104611,False,no_ticket_filed
TXN104612,False,no_ticket_filed
TXN104613,True,customer_contacted_resolved
TXN104614,True,customer_contacted_resolved
TXN104615,True,customer_contacted_resolved
TXN104616,False,no_ticket_filed
TXN104617,True,customer_contacted_resolved
TXN104618,True,customer_contacted_resolved
TXN104619,False,no_ticket_filed
TXN104620,True,customer_contacted_resolved
TXN104621,False,no_ticket_filed
TXN104622,False,no_ticket_filed
TXN104623,True,customer_contacted_resolved
TXN104624,False,no_ticket_filed
TXN104625,False,no_ticket_filed
TXN104626,True,customer_contacted_resolved
TXN104627,False,no_ticket_filed
TXN104628,True,customer_contacted_resolved
TXN104629,False,no_ticket_filed
TXN104630,True,customer_contacted_resolved
TXN104631,True,customer_contacted_resolved
TXN104632,True,customer_contacted_resolved
TXN104633,True,customer_contacted_resolved
TXN104634,False,no_ticket_filed
TXN104635,True,customer_contacted_resolved
TXN104636,True,customer_contacted_resolved
TXN104637,True,customer_contacted_resolved
TXN104638,True,customer_contacted_resolved
TXN104639,False,no_ticket_filed
TXN104640,False,no_ticket_filed
TXN104641,True,customer_contacted_resolved
TXN104642,False,no_ticket_filed
TXN104643,False,no_ticket_filed
TXN104644,False,no_ticket_filed
TXN104645,False,no_ticket_filed
TXN104646,True,customer_contacted_resolved
TXN104647,True,customer_contacted_resolved
TXN104648,False,no_ticket_filed
TXN104649,False,no_ticket_filed
TXN104650,False,no_ticket_filed
TXN104651,False,no_ticket_filed
TXN104652,False,no_ticket_filed
TXN104653,False,no_ticket_filed
TXN104654,False,no_ticket_filed
TXN104655,True,customer_contacted_resolved
TXN104656,True,customer_contacted_resolved
TXN104657,False,no_ticket_filed
TXN104658,False,no_ticket_filed
TXN104659,True,customer_contacted_resolved
TXN104660,False,no_ticket_filed
TXN104661,True,customer_contacted_resolved
TXN104662,False,no_ticket_filed
TXN104663,False,no_ticket_filed
TXN104664,True,customer_contacted_resolved
TXN104665,True,customer_contacted_resolved
TXN104666,False,no_ticket_filed
TXN104667,True,customer_contacted_resolved
TXN104668,False,no_ticket_filed
TXN104669,False,no_ticket_filed
TXN104670,True,customer_contacted_resolved
TXN104671,False,no_ticket_filed
TXN104672,True,customer_contacted_resolved
TXN104673,True,customer_contacted_resolved
TXN104674,False,no_ticket_filed
TXN104675,False,no_ticket_filed
TXN104676,True,customer_contacted_resolved
TXN104677,False,no_ticket_filed
TXN104678,False,no_ticket_filed
TXN104679,True,customer_contacted_resolved
TXN104680,False,no_ticket_filed
TXN104681,True,customer_contacted_resolved
TXN104682,False,no_ticket_filed
TXN104683,False,no_ticket_filed
TXN104684,False,no_ticket_filed
TXN104685,True,customer_contacted_resolved
TXN104686,True,customer_contacted_resolved
TXN104687,True,customer_contacted_resolved
TXN104688,False,no_ticket_filed
TXN104689,True,customer_contacted_resolved
TXN104690,False,no_ticket_filed
TXN104691,True,customer_contacted_resolved
TXN104692,True,customer_contacted_resolved
TXN104693,False,no_ticket_filed
TXN104694,True,customer_contacted_resolved
TXN104695,False,no_ticket_filed
TXN104696,False,no_ticket_filed
TXN104697,False,no_ticket_filed
TXN104698,True,customer_contacted_resolved
TXN104699,True,customer_contacted_resolved
TXN104700,True,customer_contacted_resolved
TXN104701,True,customer_contacted_resolved
TXN104702,True,customer_contacted_resolved
TXN104703,True,customer_contacted_resolved
TXN104704,False,no_ticket_filed
TXN104705,False,no_ticket_filed
TXN104706,True,customer_contacted_resolved
TXN104707,True,customer_contacted_resolved
TXN104708,True,customer_contacted_resolved
TXN104709,False,no_ticket_filed
TXN104710,True,customer_contacted_resolved
TXN104711,False,no_ticket_filed
TXN104712,False,no_ticket_filed
TXN104713,False,no_ticket_filed
TXN104714,True,customer_contacted_resolved
TXN104715,False,no_ticket_filed
TXN104716,False,no_ticket_filed
TXN104717,False,no_ticket_filed
TXN104718,False,no_ticket_filed
TXN104719,True,customer_contacted_resolved
TXN104720,False,no_ticket_filed
TXN104721,False,no_ticket_filed
TXN104722,True,customer_contacted_resolved
TXN104723,True,customer_contacted_resolved
TXN104724,True,customer_contacted_resolved
TXN104725,True,customer_contacted_resolved
TXN104726,False,no_ticket_filed
TXN104727,False,no_ticket_filed
TXN104728,True,customer_contacted_resolved
TXN104729,True,customer_contacted_resolved
TXN104730,True,customer_contacted_resolved
TXN104731,True,customer_contacted_resolved
TXN104732,True,customer_contacted_resolved
TXN104733,True,customer_contacted_resolved
TXN104734,False,no_ticket_filed
TXN104735,False,no_ticket_filed
TXN104736,True,customer_contacted_resolved
TXN104737,True,customer_contacted_resolved
TXN104738,False,no_ticket_filed
TXN104739,True,customer_contacted_resolved
TXN104740,False,no_ticket_filed
TXN104741,False,no_ticket_filed
TXN104742,False,no_ticket_filed
TXN104743,True,customer_contacted_resolved
TXN104744,True,customer_contacted_resolved
TXN104745,False,no_ticket_filed
TXN104746,True,customer_contacted_resolved
TXN104747,False,no_ticket_filed
TXN104748,False,no_ticket_filed
TXN104749,True,customer_contacted_resolved
TXN104750,True,customer_contacted_resolved
TXN104751,False,no_ticket_filed
TXN104752,True,customer_contacted_resolved
TXN104753,False,no_ticket_filed
TXN104754,False,no_ticket_filed
TXN104755,False,no_ticket_filed
TXN104756,True,customer_contacted_resolved
TXN104757,True,customer_contacted_resolved
TXN104758,True,customer_contacted_resolved
TXN104759,True,customer_contacted_resolved
TXN104760,True,customer_contacted_resolved
TXN104761,True,customer_contacted_resolved
TXN104762,True,customer_contacted_resolved
TXN104763,True,customer_contacted_resolved
TXN104764,True,customer_contacted_resolved
TXN104765,False,no_ticket_filed
TXN104766,False,no_ticket_filed
TXN104767,False,no_ticket_filed
TXN104768,False,no_ticket_filed
TXN104769,False,no_ticket_filed
TXN104770,False,no_ticket_filed
TXN104771,False,no_ticket_filed
TXN104772,False,no_ticket_filed
TXN104773,False,no_ticket_filed
TXN104774,False,no_ticket_filed
TXN104775,True,customer_contacted_resolved
TXN104776,False,no_ticket_filed
TXN104777,False,no_ticket_filed
TXN104778,False,no_ticket_filed
TXN104779,False,no_ticket_filed
TXN104780,True,customer_contacted_resolved
TXN104781,False,no_ticket_filed
TXN104782,False,no_ticket_filed
TXN104783,False,no_ticket_filed
TXN104784,True,customer_contacted_resolved
TXN104785,False,no_ticket_filed
TXN104786,True,customer_contacted_resolved
TXN104787,False,no_ticket_filed
TXN104788,True,customer_contacted_resolved
TXN104789,True,customer_contacted_resolved
TXN104790,False,no_ticket_filed
TXN104791,False,no_ticket_filed
TXN104792,False,no_ticket_filed
TXN104793,True,customer_contacted_resolved
TXN104794,False,no_ticket_filed
TXN104795,False,no_ticket_filed
TXN104796,False,no_ticket_filed
TXN104797,False,no_ticket_filed
TXN104798,False,no_ticket_filed
TXN104799,False,no_ticket_filed
TXN104800,False,no_ticket_filed
TXN104801,True,customer_contacted_resolved
TXN104802,True,customer_contacted_resolved
TXN104803,False,no_ticket_filed
TXN104804,False,no_ticket_filed
TXN104805,False,no_ticket_filed
TXN104806,True,customer_contacted_resolved
TXN104807,False,no_ticket_filed
TXN104808,False,no_ticket_filed
TXN104809,True,customer_contacted_resolved
TXN104810,True,customer_contacted_resolved
TXN104811,False,no_ticket_filed
TXN104812,False,no_ticket_filed
TXN104813,True,customer_contacted_resolved
TXN104814,True,customer_contacted_resolved
TXN104815,False,no_ticket_filed
TXN104816,False,no_ticket_filed
TXN104817,False,no_ticket_filed
TXN104818,True,customer_contacted_resolved
TXN104819,False,no_ticket_filed
TXN104820,True,customer_contacted_resolved
TXN104821,True,customer_contacted_resolved
TXN104822,False,no_ticket_filed
TXN104823,True,customer_contacted_resolved
TXN104824,True,customer_contacted_resolved
TXN104825,True,customer_contacted_resolved
TXN104826,False,no_ticket_filed
TXN104827,True,customer_contacted_resolved
TXN104828,False,no_ticket_filed
TXN104829,True,customer_contacted_resolved
TXN104830,True,customer_contacted_resolved
TXN104831,False,no_ticket_filed
TXN104832,False,no_ticket_filed
TXN104833,True,customer_contacted_resolved
TXN104834,False,no_ticket_filed
TXN104835,False,no_ticket_filed
TXN104836,False,no_ticket_filed
TXN104837,True,customer_contacted_resolved
TXN104838,False,no_ticket_filed
TXN104839,True,customer_contacted_resolved
TXN104840,True,customer_contacted_resolved
TXN104841,False,no_ticket_filed
TXN104842,True,customer_contacted_resolved
TXN104843,True,customer_contacted_resolved
TXN104844,False,no_ticket_filed
TXN104845,False,no_ticket_filed
TXN104846,True,customer_contacted_resolved
TXN104847,True,customer_contacted_resolved
TXN104848,True,customer_contacted_resolved
TXN104849,False,no_ticket_filed
TXN104850,True,customer_contacted_resolved
TXN104851,True,customer_contacted_resolved
TXN104852,True,customer_contacted_resolved
TXN104853,False,no_ticket_filed
TXN104854,False,no_ticket_filed
TXN104855,True,customer_contacted_resolved
TXN104856,True,customer_contacted_resolved
TXN104857,True,customer_contacted_resolved
TXN104858,False,no_ticket_filed
TXN104859,False,no_ticket_filed
TXN104860,False,no_ticket_filed
TXN104861,False,no_ticket_filed
TXN104862,False,no_ticket_filed
TXN104863,True,customer_contacted_resolved
TXN104864,True,customer_contacted_resolved
TXN104865,False,no_ticket_filed
TXN104866,False,no_ticket_filed
TXN104867,False,no_ticket_filed
TXN104868,False,no_ticket_filed
TXN104869,True,customer_contacted_resolved
TXN104870,True,customer_contacted_resolved
TXN104871,False,no_ticket_filed
TXN104872,False,no_ticket_filed
TXN104873,True,customer_contacted_resolved
TXN104874,False,no_ticket_filed
TXN104875,True,customer_contacted_resolved
TXN104876,False,no_ticket_filed
TXN104877,True,customer_contacted_resolved
TXN104878,True,customer_contacted_resolved
TXN104879,True,customer_contacted_resolved
TXN104880,True,customer_contacted_resolved
TXN104881,True,customer_contacted_resolved
TXN104882,False,no_ticket_filed
TXN104883,False,no_ticket_filed
TXN104884,True,customer_contacted_resolved
TXN104885,False,no_ticket_filed
TXN104886,True,customer_contacted_resolved
TXN104887,True,customer_contacted_resolved
TXN104888,True,customer_contacted_resolved
TXN104889,True,customer_contacted_resolved
TXN104890,True,customer_contacted_resolved
TXN104891,False,no_ticket_filed
TXN104892,False,no_ticket_filed
TXN104893,True,customer_contacted_resolved
TXN104894,True,customer_contacted_resolved
TXN104895,True,customer_contacted_resolved
TXN104896,False,no_ticket_filed
TXN104897,True,customer_contacted_resolved
TXN104898,True,customer_contacted_resolved
TXN104899,True,customer_contacted_resolved
TXN104900,True,customer_contacted_resolved
TXN104901,True,customer_contacted_resolved
TXN104902,True,customer_contacted_resolved
TXN104903,True,customer_contacted_resolved
TXN104904,False,no_ticket_filed
TXN104905,True,customer_contacted_resolved
TXN104906,False,no_ticket_filed
TXN104907,False,no_ticket_filed
TXN104908,False,no_ticket_filed
TXN104909,True,customer_contacted_resolved
TXN104910,False,no_ticket_filed
TXN104911,True,customer_contacted_resolved
TXN104912,True,customer_contacted_resolved
TXN104913,True,customer_contacted_resolved
TXN104914,True,customer_contacted_resolved
TXN104915,False,no_ticket_filed
TXN104916,True,customer_contacted_resolved
TXN104917,False,no_ticket_filed
TXN104918,False,no_ticket_filed
TXN104919,True,customer_contacted_resolved
TXN104920,True,customer_contacted_resolved
TXN104921,False,no_ticket_filed
TXN104922,True,customer_contacted_resolved
TXN104923,False,no_ticket_filed
TXN104924,False,no_ticket_filed
TXN104925,False,no_ticket_filed
TXN104926,True,customer_contacted_resolved
TXN104927,True,customer_contacted_resolved
TXN104928,True,customer_contacted_resolved
TXN104929,False,no_ticket_filed
TXN104930,True,customer_contacted_resolved
TXN104931,True,customer_contacted_resolved
TXN104932,False,no_ticket_filed
TXN104933,True,customer_contacted_resolved
TXN104934,True,customer_contacted_resolved
TXN104935,False,no_ticket_filed
TXN104936,False,no_ticket_filed
TXN104937,True,customer_contacted_resolved
TXN104938,False,no_ticket_filed
TXN104939,True,customer_contacted_resolved
TXN104940,False,no_ticket_filed
TXN104941,True,customer_contacted_resolved
TXN104942,False,no_ticket_filed
TXN104943,True,customer_contacted_resolved
TXN104944,False,no_ticket_filed
TXN104945,True,customer_contacted_resolved
TXN104946,False,no_ticket_filed
TXN104947,False,no_ticket_filed
TXN104948,False,no_ticket_filed
TXN104949,True,customer_contacted_resolved
TXN104950,True,customer_contacted_resolved
TXN104951,True,customer_contacted_resolved
TXN104952,True,customer_contacted_resolved
TXN104953,True,customer_contacted_resolved
TXN104954,False,no_ticket_filed
TXN104955,False,no_ticket_filed
TXN104956,False,no_ticket_filed
TXN104957,False,no_ticket_filed
TXN104958,False,no_ticket_filed
TXN104959,True,customer_contacted_resolved
TXN104960,True,customer_contacted_resolved
TXN104961,False,no_ticket_filed
TXN104962,False,no_ticket_filed
TXN104963,True,customer_contacted_resolved
TXN104964,False,no_ticket_filed
TXN104965,True,customer_contacted_resolved
TXN104966,True,customer_contacted_resolved
TXN104967,False,no_ticket_filed
TXN104968,False,no_ticket_filed
TXN104969,False,no_ticket_filed
TXN104970,False,no_ticket_filed
TXN104971,True,customer_contacted_resolved
TXN104972,False,no_ticket_filed
TXN104973,False,no_ticket_filed
TXN104974,False,no_ticket_filed
TXN104975,False,no_ticket_filed
TXN104976,False,no_ticket_filed
TXN104977,False,no_ticket_filed
TXN104978,True,customer_contacted_resolved
TXN104979,True,customer_contacted_resolved
TXN104980,True,customer_contacted_resolved
TXN104981,False,no_ticket_filed
TXN104982,False,no_ticket_filed
TXN104983,False,no_ticket_filed
TXN104984,True,customer_contacted_resolved
TXN104985,False,no_ticket_filed
TXN104986,False,no_ticket_filed
TXN104987,False,no_ticket_filed
TXN104988,True,customer_contacted_resolved
TXN104989,True,customer_contacted_resolved
TXN104990,False,no_ticket_filed
TXN104991,False,no_ticket_filed
TXN104992,False,no_ticket_filed
TXN104993,False,no_ticket_filed
TXN104994,True,customer_contacted_resolved
TXN104995,False,no_ticket_filed
TXN104996,True,customer_contacted_resolved
TXN104997,True,customer_contacted_resolved
TXN104998,True,customer_contacted_resolved
TXN104999,True,customer_contacted_resolved
