transaction_id,merchant_id,created_at,amount_inr
TXN100000,MERCH_SAAS_02,2025-03-19T20:00:00+00:00,2350.01
TXN100001,MERCH_RETAIL_01,2025-01-13T23:00:00+00:00,3023.18
TXN100002,MERCH_RETAIL_01,2025-04-12T16:00:00+00:00,2352.63
TXN100003,MERCH_ECOM_03,2025-04-28T11:00:00+00:00,3961.66
TXN100004,MERCH_ECOM_03,2025-06-29T15:00:00+00:00,3054.75
TXN100005,MERCH_ECOM_03,2025-03-24T06:00:00+00:00,3919.44
TXN100006,MERCH_SAAS_02,2025-01-18T15:00:00+00:00,1346.31
TXN100007,MERCH_SAAS_02,2025-05-01T11:00:00+00:00,4481.62
TXN100008,MERCH_ECOM_03,2025-02-27T02:00:00+00:00,2173.83
TXN100009,MERCH_ECOM_03,2025-01-21T12:00:00+00:00,1958.38
TXN100010,MERCH_RETAIL_01,2025-06-18T00:00:00+00:00,3140.18
TXN100011,MERCH_SAAS_02,2025-06-01T02:00:00+00:00,1244.68
TXN100012,MERCH_ECOM_03,2025-06-23T20:00:00+00:00,2847.94
TXN100013,MERCH_RETAIL_01,2025-05-08T01:00:00+00:00,10746.28
TXN100014,MERCH_RETAIL_01,2025-05-31T20:00:00+00:00,5622.29
TXN100015,MERCH_RETAIL_01,2025-05-13T07:00:00+00:00,1280.09
TXN100016,MERCH_RETAIL_01,2025-04-05T22:00:00+00:00,1331.7
TXN100017,MERCH_DIGITAL_04,2025-06-02T02:00:00+00:00,1999.13
TXN100018,MERCH_RETAIL_01,2025-04-28T23:00:00+00:00,5146.05
TXN100019,MERCH_DIGITAL_04,2025-01-08T21:00:00+00:00,1958.24
TXN100020,MERCH_ECOM_03,2025-06-23T05:00:00+00:00,5272.77
TXN100021,MERCH_RETAIL_01,2025-01-13T14:00:00+00:00,5177.83
TXN100022,MERCH_RETAIL_01,2025-06-25T03:00:00+00:00,1569.01
TXN100023,MERCH_RETAIL_01,2025-02-14T18:00:00+00:00,3518.03
TXN100024,MERCH_ECOM_03,2025-05-08T20:00:00+00:00,3802.77
TXN100025,MERCH_RETAIL_01,2025-04-01T10:00:00+00:00,3066.46
TXN100026,MERCH_SAAS_02,2025-03-15T16:00:00+00:00,1217.79
TXN100027,MERCH_RETAIL_01,2025-02-26T04:00:00+00:00,1065.03
TXN100028,MERCH_ECOM_03,2025-03-24T20:00:00+00:00,1614.8
TXN100029,MERCH_DIGITAL_04,2025-03-22T19:00:00+00:00,5561.01
TXN100030,MERCH_RETAIL_01,2025-03-16T20:00:00+00:00,574.64
TXN100031,MERCH_SAAS_02,2025-01-11T09:00:00+00:00,2805.53
TXN100032,MERCH_ECOM_03,2025-03-11T05:00:00+00:00,8857.01
TXN100033,MERCH_DIGITAL_04,2025-02-18T18:00:00+00:00,1139.6
TXN100034,MERCH_RETAIL_01,2025-05-20T01:00:00+00:00,935.46
TXN100035,MERCH_RETAIL_01,2025-04-18T05:00:00+00:00,2336.91
TXN100036,MERCH_RETAIL_01,2025-01-16T13:00:00+00:00,953.91
TXN100037,MERCH_RETAIL_01,2025-05-29T01:00:00+00:00,882.98
TXN100038,MERCH_ECOM_03,2025-01-17T21:00:00+00:00,4464.05
TXN100039,MERCH_ECOM_03,2025-05-10T23:00:00+00:00,2718.44
TXN100040,MERCH_RETAIL_01,2025-03-16T12:00:00+00:00,6804.6
TXN100041,MERCH_SAAS_02,2025-03-11T09:00:00+00:00,984.91
TXN100042,MERCH_RETAIL_01,2025-01-02T11:00:00+00:00,2074.68
TXN100043,MERCH_SAAS_02,2025-03-18T02:00:00+00:00,1304.41
TXN100044,MERCH_RETAIL_01,2025-02-11T21:00:00+00:00,5301.38
TXN100045,MERCH_SAAS_02,2025-03-07T03:00:00+00:00,3980.85
TXN100046,MERCH_ECOM_03,2025-03-08T11:00:00+00:00,2182.12
TXN100047,MERCH_DIGITAL_04,2025-04-27T07:00:00+00:00,2911.58
TXN100048,MERCH_DIGITAL_04,2025-05-09T08:00:00+00:00,2244.91
TXN100049,MERCH_ECOM_03,2025-05-16T05:00:00+00:00,2981.34
TXN100050,MERCH_RETAIL_01,2025-03-21T16:00:00+00:00,1469.07
TXN100051,MERCH_SAAS_02,2025-04-25T06:00:00+00:00,3071.9
TXN100052,MERCH_SAAS_02,2025-03-14T14:00:00+00:00,1635.01
TXN100053,MERCH_DIGITAL_04,2025-01-05T23:00:00+00:00,879.58
TXN100054,MERCH_ECOM_03,2025-02-18T03:00:00+00:00,1221.85
TXN100055,MERCH_SAAS_02,2025-03-23T19:00:00+00:00,2263.9
TXN100056,MERCH_ECOM_03,2025-02-02T10:00:00+00:00,9167.3
TXN100057,MERCH_ECOM_03,2025-03-04T13:00:00+00:00,1760.55
TXN100058,MERCH_SAAS_02,2025-03-25T04:00:00+00:00,1333.73
TXN100059,MERCH_DIGITAL_04,2025-05-06T02:00:00+00:00,3659.73
TXN100060,MERCH_RETAIL_01,2025-05-25T09:00:00+00:00,391.21
TXN100061,MERCH_RETAIL_01,2025-04-06T02:00:00+00:00,1679.79
TXN100062,MERCH_ECOM_03,2025-02-13T11:00:00+00:00,248.55
TXN100063,MERCH_RETAIL_01,2025-03-12T19:00:00+00:00,1305.44
TXN100064,MERCH_ECOM_03,2025-01-21T09:00:00+00:00,899.57
TXN100065,MERCH_SAAS_02,2025-01-25T10:00:00+00:00,719.39
TXN100066,MERCH_RETAIL_01,2025-01-31T23:00:00+00:00,2752.21
TXN100067,MERCH_RETAIL_01,2025-04-13T18:00:00+00:00,632.47
TXN100068,MERCH_SAAS_02,2025-05-24T04:00:00+00:00,4300.61
TXN100069,MERCH_RETAIL_01,2025-05-19T17:00:00+00:00,2884.73
TXN100070,MERCH_RETAIL_01,2025-05-25T19:00:00+00:00,4283.07
TXN100071,MERCH_ECOM_03,2025-02-10T21:00:00+00:00,658.8
TXN100072,MERCH_ECOM_03,2025-01-20T19:00:00+00:00,2353.2
TXN100073,MERCH_ECOM_03,2025-04-23T23:00:00+00:00,3412.11
TXN100074,MERCH_ECOM_03,2025-01-22T21:00:00+00:00,1249.94
TXN100075,MERCH_RETAIL_01,2025-02-23T16:00:00+00:00,2847.85
TXN100076,MERCH_ECOM_03,2025-05-19T02:00:00+00:00,5950.28
TXN100077,MERCH_DIGITAL_04,2025-04-07T19:00:00+00:00,2317.2
TXN100078,MERCH_RETAIL_01,2025-01-18T14:00:00+00:00,576.16
TXN100079,MERCH_ECOM_03,2025-02-15T12:00:00+00:00,2243.28
TXN100080,MERCH_SAAS_02,2025-02-22T15:00:00+00:00,1468.26
TXN100081,MERCH_RETAIL_01,2025-04-09T12:00:00+00:00,1524.53
TXN100082,MERCH_ECOM_03,2025-01-11T08:00:00+00:00,641.07
TXN100083,MERCH_ECOM_03,2025-02-25T15:00:00+00:00,3177.43
TXN100084,MERCH_RETAIL_01,2025-06-27T13:00:00+00:00,2011.67
TXN100085,MERCH_SAAS_02,2025-01-15T14:00:00+00:00,983.58
TXN100086,MERCH_SAAS_02,2025-03-07T18:00:00+00:00,3046.53
TXN100087,MERCH_DIGITAL_04,2025-05-26T05:00:00+00:00,3536.24
TXN100088,MERCH_SAAS_02,2025-02-01T12:00:00+00:00,572.68
TXN100089,MERCH_RETAIL_01,2025-01-02T01:00:00+00:00,2749.68
TXN100090,MERCH_SAAS_02,2025-06-22T22:00:00+00:00,2410.47
TXN100091,MERCH_SAAS_02,2025-05-06T05:00:00+00:00,824.86
TXN100092,MERCH_SAAS_02,2025-06-18T14:00:00+00:00,438.34
TXN100093,MERCH_SAAS_02,2025-03-27T22:00:00+00:00,2333.77
TXN100094,MERCH_RETAIL_01,2025-03-05T21:00:00+00:00,1875.17
TXN100095,MERCH_SAAS_02,2025-02-28T09:00:00+00:00,1202.9
TXN100096,MERCH_ECOM_03,2025-04-01T15:00:00+00:00,2089.09
TXN100097,MERCH_DIGITAL_04,2025-06-27T06:00:00+00:00,2593.93
TXN100098,MERCH_RETAIL_01,2025-04-02T16:00:00+00:00,772.29
TXN100099,MERCH_ECOM_03,2025-05-04T23:00:00+00:00,1933.77
TXN100100,MERCH_RETAIL_01,2025-03-03T07:00:00+00:00,3788.52
TXN100101,MERCH_ECOM_03,2025-05-14T19:00:00+00:00,3141.96
TXN100102,MERCH_RETAIL_01,2025-03-09T12:00:00+00:00,3933.74
TXN100103,MERCH_SAAS_02,2025-02-02T19:00:00+00:00,1228.37
TXN100104,MERCH_RETAIL_01,2025-04-16T22:00:00+00:00,3179.8
TXN100105,MERCH_RETAIL_01,2025-06-03T07:00:00+00:00,2263.15
TXN100106,MERCH_DIGITAL_04,2025-06-14T19:00:00+00:00,2083.02
TXN100107,MERCH_RETAIL_01,2025-01-29T20:00:00+00:00,2095.36
TXN100108,MERCH_RETAIL_01,2025-06-11T00:00:00+00:00,4530.23
TXN100109,MERCH_ECOM_03,2025-05-29T11:00:00+00:00,730.05
TXN100110,MERCH_ECOM_03,2025-02-07T20:00:00+00:00,1221.64
TXN100111,MERCH_SAAS_02,2025-01-06T12:00:00+00:00,3155.82
TXN100112,MERCH_RETAIL_01,2025-06-05T08:00:00+00:00,2381.69
TXN100113,MERCH_SAAS_02,2025-02-05T23:00:00+00:00,5930.07
TXN100114,MERCH_RETAIL_01,2025-06-03T22:00:00+00:00,1820.56
TXN100115,MERCH_DIGITAL_04,2025-03-31T03:00:00+00:00,1099.1
TXN100116,MERCH_ECOM_03,2025-06-11T19:00:00+00:00,4660.46
TXN100117,MERCH_ECOM_03,2025-05-25T19:00:00+00:00,1569.78
TXN100118,MERCH_SAAS_02,2025-05-03T10:00:00+00:00,5183.11
TXN100119,MERCH_SAAS_02,2025-04-03T16:00:00+00:00,2420.23
TXN100120,MERCH_SAAS_02,2025-02-13T11:00:00+00:00,4334.07
TXN100121,MERCH_RETAIL_01,2025-03-24T15:00:00+00:00,1907.44
TXN100122,MERCH_SAAS_02,2025-06-03T18:00:00+00:00,3442.49
TXN100123,MERCH_RETAIL_01,2025-05-22T15:00:00+00:00,5678.9
TXN100124,MERCH_RETAIL_01,2025-05-01T05:00:00+00:00,2100.43
TXN100125,MERCH_DIGITAL_04,2025-02-01T10:00:00+00:00,5442.04
TXN100126,MERCH_SAAS_02,2025-02-24T14:00:00+00:00,1995.16
TXN100127,MERCH_ECOM_03,2025-02-02T03:00:00+00:00,1499.01
TXN100128,MERCH_RETAIL_01,2025-03-18T13:00:00+00:00,1327.73
TXN100129,MERCH_ECOM_03,2025-04-07T04:00:00+00:00,5081.5
TXN100130,MERCH_SAAS_02,2025-03-20T15:00:00+00:00,61.61
TXN100131,MERCH_RETAIL_01,2025-04-05T03:00:00+00:00,711.69
TXN100132,MERCH_SAAS_02,2025-04-20T02:00:00+00:00,1654.62
TXN100133,MERCH_DIGITAL_04,2025-06-25T23:00:00+00:00,3324.8
TXN100134,MERCH_RETAIL_01,2025-05-17T05:00:00+00:00,3540.27
TXN100135,MERCH_DIGITAL_04,2025-02-10T00:00:00+00:00,1694.06
TXN100136,MERCH_RETAIL_01,2025-03-30T22:00:00+00:00,3149.95
TXN100137,MERCH_DIGITAL_04,2025-03-12T13:00:00+00:00,2663.22
TXN100138,MERCH_SAAS_02,2025-03-27T08:00:00+00:00,2437.32
TXN100139,MERCH_DIGITAL_04,2025-04-27T21:00:00+00:00,1348.1
TXN100140,MERCH_SAAS_02,2025-06-28T04:00:00+00:00,6782.5
TXN100141,MERCH_SAAS_02,2025-06-06T13:00:00+00:00,1220.85
TXN100142,MERCH_ECOM_03,2025-05-19T22:00:00+00:00,7202.62
TXN100143,MERCH_SAAS_02,2025-06-14T00:00:00+00:00,5848.55
TXN100144,MERCH_SAAS_02,2025-05-25T10:00:00+00:00,3567.23
TXN100145,MERCH_RETAIL_01,2025-02-14T15:00:00+00:00,1208.34
TXN100146,MERCH_ECOM_03,2025-04-15T07:00:00+00:00,1074.94
TXN100147,MERCH_SAAS_02,2025-02-15T03:00:00+00:00,2582.79
TXN100148,MERCH_ECOM_03,2025-03-15T15:00:00+00:00,745.12
TXN100149,MERCH_DIGITAL_04,2025-06-19T03:00:00+00:00,847.93
TXN100150,MERCH_SAAS_02,2025-04-23T22:00:00+00:00,1998.05
TXN100151,MERCH_ECOM_03,2025-02-25T22:00:00+00:00,1482.92
TXN100152,MERCH_RETAIL_01,2025-01-14T07:00:00+00:00,1835.2
TXN100153,MERCH_SAAS_02,2025-05-09T22:00:00+00:00,980.14
TXN100154,MERCH_RETAIL_01,2025-01-12T05:00:00+00:00,1723.61
TXN100155,MERCH_SAAS_02,2025-03-25T08:00:00+00:00,1050.24
TXN100156,MERCH_DIGITAL_04,2025-05-26T22:00:00+00:00,2690.63
TXN100157,MERCH_RETAIL_01,2025-01-13T22:00:00+00:00,2952.3
TXN100158,MERCH_RETAIL_01,2025-01-05T07:00:00+00:00,1637.94
TXN100159,MERCH_SAAS_02,2025-05-11T10:00:00+00:00,2474.35
TXN100160,MERCH_SAAS_02,2025-06-03T01:00:00+00:00,2333.42
TXN100161,MERCH_ECOM_03,2025-03-31T08:00:00+00:00,88.3
TXN100162,MERCH_RETAIL_01,2025-01-09T00:00:00+00:00,3429.35
TXN100163,MERCH_RETAIL_01,2025-05-12T18:00:00+00:00,1839.87
TXN100164,MERCH_ECOM_03,2025-02-05T17:00:00+00:00,291.19
TXN100165,MERCH_SAAS_02,2025-06-24T17:00:00+00:00,1805.76
TXN100166,MERCH_SAAS_02,2025-03-29T01:00:00+00:00,1886.94
TXN100167,MERCH_ECOM_03,2025-03-24T20:00:00+00:00,5147.44
TXN100168,MERCH_RETAIL_01,2025-04-18T09:00:00+00:00,3452.55
TXN100169,MERCH_RETAIL_01,2025-02-17T01:00:00+00:00,3498.64
TXN100170,MERCH_SAAS_02,2025-01-03T21:00:00+00:00,2970.87
TXN100171,MERCH_ECOM_03,2025-01-14T05:00:00+00:00,3634.8
TXN100172,MERCH_RETAIL_01,2025-05-18T07:00:00+00:00,7579.03
TXN100173,MERCH_ECOM_03,2025-03-09T07:00:00+00:00,646.9
TXN100174,MERCH_RETAIL_01,2025-04-17T01:00:00+00:00,2822.47
TXN100175,MERCH_ECOM_03,2025-03-15T19:00:00+00:00,2095.16
TXN100176,MERCH_ECOM_03,2025-05-23T10:00:00+00:00,1974.43
TXN100177,MERCH_DIGITAL_04,2025-03-27T07:00:00+00:00,3636.21
TXN100178,MERCH_DIGITAL_04,2025-04-05T03:00:00+00:00,2007.42
TXN100179,MERCH_ECOM_03,2025-06-18T13:00:00+00:00,5846.11
TXN100180,MERCH_RETAIL_01,2025-01-15T10:00:00+00:00,2956.03
TXN100181,MERCH_ECOM_03,2025-01-27T10:00:00+00:00,4545.68
TXN100182,MERCH_RETAIL_01,2025-05-28T02:00:00+00:00,5859.41
TXN100183,MERCH_RETAIL_01,2025-04-03T03:00:00+00:00,2707.89
TXN100184,MERCH_SAAS_02,2025-01-06T11:00:00+00:00,998.74
TXN100185,MERCH_SAAS_02,2025-05-23T14:00:00+00:00,3355.61
TXN100186,MERCH_DIGITAL_04,2025-04-24T22:00:00+00:00,943.43
TXN100187,MERCH_RETAIL_01,2025-06-28T12:00:00+00:00,779.73
TXN100188,MERCH_RETAIL_01,2025-06-01T07:00:00+00:00,697.67
TXN100189,MERCH_SAAS_02,2025-02-15T13:00:00+00:00,4838.89
TXN100190,MERCH_ECOM_03,2025-04-06T09:00:00+00:00,2282.84
TXN100191,MERCH_DIGITAL_04,2025-01-22T09:00:00+00:00,2647.06
TXN100192,MERCH_SAAS_02,2025-03-20T15:00:00+00:00,4341.69
TXN100193,MERCH_DIGITAL_04,2025-03-21T07:00:00+00:00,4230.24
TXN100194,MERCH_DIGITAL_04,2025-04-09T19:00:00+00:00,2211.27
TXN100195,MERCH_RETAIL_01,2025-01-01T12:00:00+00:00,3625.15
TXN100196,MERCH_ECOM_03,2025-02-26T09:00:00+00:00,1503.6
TXN100197,MERCH_DIGITAL_04,2025-06-24T19:00:00+00:00,1191.12
TXN100198,MERCH_RETAIL_01,2025-04-07T10:00:00+00:00,2877.21
TXN100199,MERCH_SAAS_02,2025-03-15T06:00:00+00:00,1672.12
TXN100200,MERCH_ECOM_03,2025-02-19T08:00:00+00:00,3232.95
TXN100201,MERCH_ECOM_03,2025-01-05T18:00:00+00:00,259.8
TXN100202,MERCH_DIGITAL_04,2025-06-29T05:00:00+00:00,1122.53
TXN100203,MERCH_RETAIL_01,2025-05-11T00:00:00+00:00,4865.76
TXN100204,MERCH_RETAIL_01,2025-01-04T17:00:00+00:00,3373.84
TXN100205,MERCH_ECOM_03,2025-05-12T12:00:00+00:00,4264.2
TXN100206,MERCH_SAAS_02,2025-05-21T14:00:00+00:00,2949.51
TXN100207,MERCH_RETAIL_01,2025-04-03T03:00:00+00:00,3063.94
TXN100208,MERCH_ECOM_03,2025-05-17T03:00:00+00:00,2154.84
TXN100209,MERCH_RETAIL_01,2025-02-21T00:00:00+00:00,1553.23
TXN100210,MERCH_ECOM_03,2025-04-13T23:00:00+00:00,1220.88
TXN100211,MERCH_DIGITAL_04,2025-06-11T05:00:00+00:00,845.76
TXN100212,MERCH_RETAIL_01,2025-02-28T18:00:00+00:00,898.99
TXN100213,MERCH_RETAIL_01,2025-05-23T09:00:00+00:00,3700.15
TXN100214,MERCH_SAAS_02,2025-01-09T17:00:00+00:00,2918.57
TXN100215,MERCH_RETAIL_01,2025-01-23T17:00:00+00:00,9216.77
TXN100216,MERCH_RETAIL_01,2025-01-16T21:00:00+00:00,2689.61
TXN100217,MERCH_SAAS_02,2025-06-24T17:00:00+00:00,707.32
TXN100218,MERCH_RETAIL_01,2025-03-27T13:00:00+00:00,2021.46
TXN100219,MERCH_RETAIL_01,2025-06-26T05:00:00+00:00,3299.27
TXN100220,MERCH_ECOM_03,2025-05-28T21:00:00+00:00,2803.77
TXN100221,MERCH_RETAIL_01,2025-03-03T18:00:00+00:00,3733.53
TXN100222,MERCH_RETAIL_01,2025-02-16T03:00:00+00:00,3691.42
TXN100223,MERCH_ECOM_03,2025-02-15T06:00:00+00:00,2352.42
TXN100224,MERCH_ECOM_03,2025-06-15T02:00:00+00:00,2209.02
TXN100225,MERCH_SAAS_02,2025-02-16T09:00:00+00:00,1283.21
TXN100226,MERCH_ECOM_03,2025-03-23T11:00:00+00:00,1335.4
TXN100227,MERCH_ECOM_03,2025-06-05T12:00:00+00:00,3652.03
TXN100228,MERCH_ECOM_03,2025-04-20T17:00:00+00:00,1753.11
TXN100229,MERCH_RETAIL_01,2025-06-05T02:00:00+00:00,2072.56
TXN100230,MERCH_SAAS_02,2025-03-04T10:00:00+00:00,6040.65
TXN100231,MERCH_RETAIL_01,2025-06-28T06:00:00+00:00,534.37
TXN100232,MERCH_RETAIL_01,2025-01-12T19:00:00+00:00,2216.58
TXN100233,MERCH_RETAIL_01,2025-03-29T15:00:00+00:00,1410.28
TXN100234,MERCH_DIGITAL_04,2025-04-23T05:00:00+00:00,547.49
TXN100235,MERCH_RETAIL_01,2025-05-04T20:00:00+00:00,1094.58
TXN100236,MERCH_SAAS_02,2025-02-27T05:00:00+00:00,1715.46
TXN100237,MERCH_RETAIL_01,2025-06-04T12:00:00+00:00,1499.81
TXN100238,MERCH_ECOM_03,2025-06-21T18:00:00+00:00,3558.15
TXN100239,MERCH_RETAIL_01,2025-05-11T03:00:00+00:00,1136.35
TXN100240,MERCH_SAAS_02,2025-03-20T10:00:00+00:00,1369.28
TXN100241,MERCH_SAAS_02,2025-06-04T03:00:00+00:00,1072.0
TXN100242,MERCH_DIGITAL_04,2025-02-02T07:00:00+00:00,1503.02
TXN100243,MERCH_RETAIL_01,2025-01-10T15:00:00+00:00,856.22
TXN100244,MERCH_ECOM_03,2025-05-31T15:00:00+00:00,2210.86
TXN100245,MERCH_SAAS_02,2025-03-23T21:00:00+00:00,1293.56
TXN100246,MERCH_RETAIL_01,2025-01-26T23:00:00+00:00,4506.98
TXN100247,MERCH_RETAIL_01,2025-01-17T05:00:00+00:00,3832.03
TXN100248,MERCH_RETAIL_01,2025-05-06T19:00:00+00:00,1415.7
TXN100249,MERCH_DIGITAL_04,2025-04-29T21:00:00+00:00,2153.84
TXN100250,MERCH_ECOM_03,2025-03-12T16:00:00+00:00,426.49
TXN100251,MERCH_RETAIL_01,2025-06-25T08:00:00+00:00,4154.09
TXN100252,MERCH_RETAIL_01,2025-04-16T18:00:00+00:00,1186.17
TXN100253,MERCH_DIGITAL_04,2025-03-16T18:00:00+00:00,1236.74
TXN100254,MERCH_RETAIL_01,2025-04-17T14:00:00+00:00,3137.4
TXN100255,MERCH_DIGITAL_04,2025-01-02T11:00:00+00:00,2448.31
TXN100256,MERCH_ECOM_03,2025-05-04T07:00:00+00:00,1232.26
TXN100257,MERCH_SAAS_02,2025-05-26T15:00:00+00:00,3729.13
TXN100258,MERCH_SAAS_02,2025-04-03T17:00:00+00:00,912.67
TXN100259,MERCH_SAAS_02,2025-04-27T01:00:00+00:00,1928.52
TXN100260,MERCH_ECOM_03,2025-04-01T07:00:00+00:00,1364.74
TXN100261,MERCH_SAAS_02,2025-03-23T02:00:00+00:00,623.49
TXN100262,MERCH_ECOM_03,2025-05-12T08:00:00+00:00,3175.18
TXN100263,MERCH_RETAIL_01,2025-03-01T08:00:00+00:00,889.11
TXN100264,MERCH_ECOM_03,2025-06-02T07:00:00+00:00,366.97
TXN100265,MERCH_SAAS_02,2025-04-01T11:00:00+00:00,3451.6
TXN100266,MERCH_SAAS_02,2025-06-26T01:00:00+00:00,3647.35
TXN100267,MERCH_SAAS_02,2025-01-31T09:00:00+00:00,1641.72
TXN100268,MERCH_RETAIL_01,2025-05-21T17:00:00+00:00,2464.46
TXN100269,MERCH_SAAS_02,2025-06-03T10:00:00+00:00,2985.37
TXN100270,MERCH_SAAS_02,2025-01-17T09:00:00+00:00,3143.99
TXN100271,MERCH_ECOM_03,2025-05-19T15:00:00+00:00,1903.95
TXN100272,MERCH_RETAIL_01,2025-05-17T09:00:00+00:00,4919.01
TXN100273,MERCH_ECOM_03,2025-01-29T21:00:00+00:00,1119.6
TXN100274,MERCH_RETAIL_01,2025-06-11T18:00:00+00:00,1338.15
TXN100275,MERCH_SAAS_02,2025-04-19T19:00:00+00:00,6715.17
TXN100276,MERCH_ECOM_03,2025-06-09T12:00:00+00:00,9649.09
TXN100277,MERCH_RETAIL_01,2025-03-26T14:00:00+00:00,1732.88
TXN100278,MERCH_RETAIL_01,2025-03-31T18:00:00+00:00,1092.54
TXN100279,MERCH_ECOM_03,2025-04-08T00:00:00+00:00,9511.55
TXN100280,MERCH_SAAS_02,2025-05-07T00:00:00+00:00,974.22
TXN100281,MERCH_ECOM_03,2025-04-23T14:00:00+00:00,1628.67
TXN100282,MERCH_SAAS_02,2025-01-29T07:00:00+00:00,1199.15
TXN100283,MERCH_ECOM_03,2025-05-03T08:00:00+00:00,1557.88
TXN100284,MERCH_ECOM_03,2025-06-15T00:00:00+00:00,3783.47
TXN100285,MERCH_RETAIL_01,2025-06-14T23:00:00+00:00,1984.55
TXN100286,MERCH_RETAIL_01,2025-03-07T00:00:00+00:00,10270.62
TXN100287,MERCH_ECOM_03,2025-01-23T12:00:00+00:00,375.06
TXN100288,MERCH_SAAS_02,2025-01-24T14:00:00+00:00,605.66
TXN100289,MERCH_RETAIL_01,2025-03-28T06:00:00+00:00,1436.1
TXN100290,MERCH_SAAS_02,2025-02-26T17:00:00+00:00,6063.16
TXN100291,MERCH_ECOM_03,2025-02-05T08:00:00+00:00,987.41
TXN100292,MERCH_ECOM_03,2025-04-30T23:00:00+00:00,1779.15
TXN100293,MERCH_RETAIL_01,2025-06-08T04:00:00+00:00,920.11
TXN100294,MERCH_RETAIL_01,2025-02-19T03:00:00+00:00,111.13
TXN100295,MERCH_RETAIL_01,2025-04-23T10:00:00+00:00,3091.02
TXN100296,MERCH_RETAIL_01,2025-02-23T21:00:00+00:00,1275.8
TXN100297,MERCH_SAAS_02,2025-05-28T00:00:00+00:00,4043.55
TXN100298,MERCH_DIGITAL_04,2025-06-20T23:00:00+00:00,808.91
TXN100299,MERCH_SAAS_02,2025-01-12T12:00:00+00:00,1764.43
TXN100300,MERCH_ECOM_03,2025-06-06T09:00:00+00:00,1897.02
TXN100301,MERCH_SAAS_02,2025-06-15T12:00:00+00:00,4296.55
TXN100302,MERCH_ECOM_03,2025-03-19T18:00:00+00:00,3977.52
TXN100303,MERCH_RETAIL_01,2025-01-20T00:00:00+00:00,3636.21
TXN100304,MERCH_SAAS_02,2025-05-06T16:00:00+00:00,1923.91
TXN100305,MERCH_SAAS_02,2025-05-15T11:00:00+00:00,1009.89
TXN100306,MERCH_ECOM_03,2025-05-26T12:00:00+00:00,7738.9
TXN100307,MERCH_SAAS_02,2025-03-29T05:00:00+00:00,2046.49
TXN100308,MERCH_SAAS_02,2025-05-02T21:00:00+00:00,2873.16
TXN100309,MERCH_RETAIL_01,2025-01-12T23:00:00+00:00,1486.74
TXN100310,MERCH_SAAS_02,2025-06-16T17:00:00+00:00,816.32
TXN100311,MERCH_ECOM_03,2025-04-30T05:00:00+00:00,1336.29
TXN100312,MERCH_RETAIL_01,2025-03-03T11:00:00+00:00,1836.87
TXN100313,MERCH_ECOM_03,2025-01-20T05:00:00+00:00,5597.14
TXN100314,MERCH_SAAS_02,2025-04-04T13:00:00+00:00,3619.93
TXN100315,MERCH_DIGITAL_04,2025-02-01T07:00:00+00:00,2170.01
TXN100316,MERCH_RETAIL_01,2025-02-14T07:00:00+00:00,2021.72
TXN100317,MERCH_SAAS_02,2025-05-20T01:00:00+00:00,1775.13
TXN100318,MERCH_SAAS_02,2025-03-19T03:00:00+00:00,2347.37
TXN100319,MERCH_ECOM_03,2025-03-25T02:00:00+00:00,3343.81
TXN100320,MERCH_DIGITAL_04,2025-03-28T10:00:00+00:00,1485.82
TXN100321,MERCH_SAAS_02,2025-06-14T23:00:00+00:00,2187.31
TXN100322,MERCH_SAAS_02,2025-04-02T18:00:00+00:00,1868.13
TXN100323,MERCH_ECOM_03,2025-06-26T22:00:00+00:00,3851.87
TXN100324,MERCH_RETAIL_01,2025-01-14T10:00:00+00:00,889.3
TXN100325,MERCH_SAAS_02,2025-05-06T01:00:00+00:00,1528.6
TXN100326,MERCH_DIGITAL_04,2025-06-09T10:00:00+00:00,1907.75
TXN100327,MERCH_ECOM_03,2025-05-26T23:00:00+00:00,1687.56
TXN100328,MERCH_RETAIL_01,2025-03-16T17:00:00+00:00,640.56
TXN100329,MERCH_DIGITAL_04,2025-03-10T02:00:00+00:00,3695.54
TXN100330,MERCH_RETAIL_01,2025-06-01T22:00:00+00:00,2670.88
TXN100331,MERCH_ECOM_03,2025-04-05T09:00:00+00:00,2859.42
TXN100332,MERCH_RETAIL_01,2025-01-07T13:00:00+00:00,2211.38
TXN100333,MERCH_RETAIL_01,2025-05-26T17:00:00+00:00,609.71
TXN100334,MERCH_RETAIL_01,2025-01-14T09:00:00+00:00,939.64
TXN100335,MERCH_RETAIL_01,2025-03-13T12:00:00+00:00,2327.77
TXN100336,MERCH_ECOM_03,2025-01-07T06:00:00+00:00,1213.97
TXN100337,MERCH_ECOM_03,2025-04-18T21:00:00+00:00,7218.86
TXN100338,MERCH_SAAS_02,2025-01-05T07:00:00+00:00,758.64
TXN100339,MERCH_SAAS_02,2025-06-13T19:00:00+00:00,2968.85
TXN100340,MERCH_ECOM_03,2025-02-03T15:00:00+00:00,520.0
TXN100341,MERCH_ECOM_03,2025-02-25T22:00:00+00:00,5092.97
TXN100342,MERCH_SAAS_02,2025-04-08T19:00:00+00:00,3313.59
TXN100343,MERCH_RETAIL_01,2025-05-19T14:00:00+00:00,2102.61
TXN100344,MERCH_RETAIL_01,2025-02-26T10:00:00+00:00,1351.6
TXN100345,MERCH_ECOM_03,2025-01-15T09:00:00+00:00,2998.48
TXN100346,MERCH_RETAIL_01,2025-04-07T15:00:00+00:00,1468.44
TXN100347,MERCH_ECOM_03,2025-01-05T23:00:00+00:00,4864.92
TXN100348,MERCH_DIGITAL_04,2025-01-24T13:00:00+00:00,1530.87
TXN100349,MERCH_SAAS_02,2025-05-11T18:00:00+00:00,1479.91
TXN100350,MERCH_DIGITAL_04,2025-03-18T10:00:00+00:00,852.71
TXN100351,MERCH_DIGITAL_04,2025-02-05T18:00:00+00:00,3245.92
TXN100352,MERCH_RETAIL_01,2025-01-21T21:00:00+00:00,1514.51
TXN100353,MERCH_RETAIL_01,2025-03-17T21:00:00+00:00,1466.26
TXN100354,MERCH_SAAS_02,2025-04-01T17:00:00+00:00,4975.28
TXN100355,MERCH_RETAIL_01,2025-03-22T12:00:00+00:00,1594.79
TXN100356,MERCH_SAAS_02,2025-04-08T15:00:00+00:00,4695.17
TXN100357,MERCH_RETAIL_01,2025-02-22T04:00:00+00:00,3231.17
TXN100358,MERCH_SAAS_02,2025-02-15T23:00:00+00:00,1592.45
TXN100359,MERCH_DIGITAL_04,2025-01-14T07:00:00+00:00,2094.63
TXN100360,MERCH_ECOM_03,2025-03-15T13:00:00+00:00,696.8
TXN100361,MERCH_ECOM_03,2025-01-11T17:00:00+00:00,2427.62
TXN100362,MERCH_ECOM_03,2025-04-23T13:00:00+00:00,5616.48
TXN100363,MERCH_RETAIL_01,2025-03-17T12:00:00+00:00,2549.8
TXN100364,MERCH_SAAS_02,2025-03-04T11:00:00+00:00,400.06
TXN100365,MERCH_RETAIL_01,2025-05-01T19:00:00+00:00,3023.91
TXN100366,MERCH_RETAIL_01,2025-04-13T20:00:00+00:00,1408.83
TXN100367,MERCH_SAAS_02,2025-05-21T10:00:00+00:00,598.99
TXN100368,MERCH_RETAIL_01,2025-05-02T06:00:00+00:00,4614.77
TXN100369,MERCH_SAAS_02,2025-06-14T05:00:00+00:00,1976.89
TXN100370,MERCH_SAAS_02,2025-01-20T05:00:00+00:00,2824.46
TXN100371,MERCH_SAAS_02,2025-04-22T13:00:00+00:00,1142.75
TXN100372,MERCH_ECOM_03,2025-03-14T06:00:00+00:00,1463.23
TXN100373,MERCH_RETAIL_01,2025-05-06T03:00:00+00:00,2049.75
TXN100374,MERCH_RETAIL_01,2025-05-13T17:00:00+00:00,1632.73
TXN100375,MERCH_DIGITAL_04,2025-03-05T04:00:00+00:00,891.11
TXN100376,MERCH_RETAIL_01,2025-02-08T16:00:00+00:00,817.51
TXN100377,MERCH_RETAIL_01,2025-03-22T21:00:00+00:00,3276.72
TXN100378,MERCH_ECOM_03,2025-05-27T02:00:00+00:00,795.08
TXN100379,MERCH_SAAS_02,2025-02-05T05:00:00+00:00,1031.46
TXN100380,MERCH_RETAIL_01,2025-04-16T05:00:00+00:00,7831.77
TXN100381,MERCH_RETAIL_01,2025-05-07T20:00:00+00:00,1661.55
TXN100382,MERCH_RETAIL_01,2025-06-10T17:00:00+00:00,2228.47
TXN100383,MERCH_DIGITAL_04,2025-04-25T23:00:00+00:00,3815.02
TXN100384,MERCH_RETAIL_01,2025-05-13T04:00:00+00:00,453.83
TXN100385,MERCH_RETAIL_01,2025-02-12T09:00:00+00:00,4544.87
TXN100386,MERCH_ECOM_03,2025-02-26T07:00:00+00:00,2018.82
TXN100387,MERCH_RETAIL_01,2025-05-03T09:00:00+00:00,905.1
TXN100388,MERCH_RETAIL_01,2025-04-07T09:00:00+00:00,2832.67
TXN100389,MERCH_RETAIL_01,2025-05-10T09:00:00+00:00,593.98
TXN100390,MERCH_ECOM_03,2025-01-29T03:00:00+00:00,2455.18
TXN100391,MERCH_RETAIL_01,2025-05-23T01:00:00+00:00,1011.93
TXN100392,MERCH_ECOM_03,2025-05-28T08:00:00+00:00,1932.64
TXN100393,MERCH_DIGITAL_04,2025-01-20T11:00:00+00:00,4970.02
TXN100394,MERCH_DIGITAL_04,2025-05-29T21:00:00+00:00,1475.36
TXN100395,MERCH_SAAS_02,2025-06-22T01:00:00+00:00,4261.32
TXN100396,MERCH_ECOM_03,2025-05-14T04:00:00+00:00,5971.79
TXN100397,MERCH_SAAS_02,2025-02-19T04:00:00+00:00,3259.01
TXN100398,MERCH_ECOM_03,2025-03-17T01:00:00+00:00,2366.6
TXN100399,MERCH_ECOM_03,2025-02-02T08:00:00+00:00,3066.25
TXN100400,MERCH_RETAIL_01,2025-01-02T07:00:00+00:00,1311.93
TXN100401,MERCH_ECOM_03,2025-03-05T20:00:00+00:00,3080.78
TXN100402,MERCH_SAAS_02,2025-03-09T18:00:00+00:00,2545.78
TXN100403,MERCH_RETAIL_01,2025-02-21T13:00:00+00:00,3121.94
TXN100404,MERCH_ECOM_03,2025-05-12T06:00:00+00:00,5049.4
TXN100405,MERCH_SAAS_02,2025-06-15T17:00:00+00:00,6381.5
TXN100406,MERCH_ECOM_03,2025-03-05T15:00:00+00:00,5361.39
TXN100407,MERCH_SAAS_02,2025-04-17T11:00:00+00:00,1889.93
TXN100408,MERCH_RETAIL_01,2025-01-07T17:00:00+00:00,3799.76
TXN100409,MERCH_RETAIL_01,2025-06-03T07:00:00+00:00,6420.12
TXN100410,MERCH_RETAIL_01,2025-02-06T07:00:00+00:00,4480.77
TXN100411,MERCH_ECOM_03,2025-03-17T10:00:00+00:00,818.68
TXN100412,MERCH_ECOM_03,2025-02-25T20:00:00+00:00,1312.24
TXN100413,MERCH_SAAS_02,2025-01-26T10:00:00+00:00,814.85
TXN100414,MERCH_DIGITAL_04,2025-06-07T23:00:00+00:00,2748.93
TXN100415,MERCH_ECOM_03,2025-05-23T13:00:00+00:00,2668.34
TXN100416,MERCH_ECOM_03,2025-06-15T23:00:00+00:00,363.58
TXN100417,MERCH_ECOM_03,2025-05-25T21:00:00+00:00,2015.97
TXN100418,MERCH_ECOM_03,2025-06-29T19:00:00+00:00,2269.32
TXN100419,MERCH_RETAIL_01,2025-04-13T15:00:00+00:00,3508.97
TXN100420,MERCH_RETAIL_01,2025-05-12T14:00:00+00:00,530.86
TXN100421,MERCH_RETAIL_01,2025-01-08T18:00:00+00:00,3477.89
TXN100422,MERCH_RETAIL_01,2025-04-05T02:00:00+00:00,665.35
TXN100423,MERCH_RETAIL_01,2025-02-05T20:00:00+00:00,4939.34
TXN100424,MERCH_ECOM_03,2025-03-26T23:00:00+00:00,1853.18
TXN100425,MERCH_SAAS_02,2025-05-11T08:00:00+00:00,1541.72
TXN100426,MERCH_RETAIL_01,2025-01-15T00:00:00+00:00,2768.89
TXN100427,MERCH_SAAS_02,2025-01-20T23:00:00+00:00,5351.63
TXN100428,MERCH_DIGITAL_04,2025-01-28T20:00:00+00:00,578.27
TXN100429,MERCH_RETAIL_01,2025-02-23T01:00:00+00:00,567.91
TXN100430,MERCH_RETAIL_01,2025-03-21T20:00:00+00:00,807.43
TXN100431,MERCH_RETAIL_01,2025-05-23T11:00:00+00:00,953.44
TXN100432,MERCH_SAAS_02,2025-02-15T17:00:00+00:00,3300.15
TXN100433,MERCH_ECOM_03,2025-03-27T23:00:00+00:00,3573.15
TXN100434,MERCH_ECOM_03,2025-03-25T05:00:00+00:00,1623.24
TXN100435,MERCH_RETAIL_01,2025-05-10T07:00:00+00:00,851.5
TXN100436,MERCH_SAAS_02,2025-01-22T07:00:00+00:00,3677.95
TXN100437,MERCH_RETAIL_01,2025-05-07T03:00:00+00:00,1685.36
TXN100438,MERCH_RETAIL_01,2025-02-14T07:00:00+00:00,8958.75
TXN100439,MERCH_ECOM_03,2025-02-05T05:00:00+00:00,3097.32
TXN100440,MERCH_RETAIL_01,2025-05-01T20:00:00+00:00,1421.68
TXN100441,MERCH_DIGITAL_04,2025-01-24T15:00:00+00:00,663.24
TXN100442,MERCH_RETAIL_01,2025-06-20T18:00:00+00:00,697.59
TXN100443,MERCH_SAAS_02,2025-04-27T07:00:00+00:00,2074.77
TXN100444,MERCH_SAAS_02,2025-01-05T15:00:00+00:00,1793.07
TXN100445,MERCH_ECOM_03,2025-03-02T19:00:00+00:00,1365.93
TXN100446,MERCH_RETAIL_01,2025-01-10T05:00:00+00:00,1022.82
TXN100447,MERCH_RETAIL_01,2025-05-18T14:00:00+00:00,1619.35
TXN100448,MERCH_SAAS_02,2025-01-12T03:00:00+00:00,1989.0
TXN100449,MERCH_RETAIL_01,2025-05-23T01:00:00+00:00,1934.11
TXN100450,MERCH_RETAIL_01,2025-04-20T02:00:00+00:00,2583.85
TXN100451,MERCH_ECOM_03,2025-03-15T08:00:00+00:00,1164.85
TXN100452,MERCH_RETAIL_01,2025-02-13T16:00:00+00:00,329.12
TXN100453,MERCH_ECOM_03,2025-02-08T03:00:00+00:00,1755.14
TXN100454,MERCH_RETAIL_01,2025-06-22T05:00:00+00:00,2956.55
TXN100455,MERCH_SAAS_02,2025-05-16T04:00:00+00:00,1250.46
TXN100456,MERCH_ECOM_03,2025-06-19T05:00:00+00:00,4468.44
TXN100457,MERCH_SAAS_02,2025-01-06T12:00:00+00:00,1655.52
TXN100458,MERCH_DIGITAL_04,2025-05-26T20:00:00+00:00,3369.98
TXN100459,MERCH_SAAS_02,2025-01-10T04:00:00+00:00,1661.71
TXN100460,MERCH_SAAS_02,2025-04-15T19:00:00+00:00,1856.47
TXN100461,MERCH_SAAS_02,2025-05-14T22:00:00+00:00,2409.73
TXN100462,MERCH_RETAIL_01,2025-02-13T22:00:00+00:00,2053.48
TXN100463,MERCH_RETAIL_01,2025-06-06T08:00:00+00:00,1625.2
TXN100464,MERCH_RETAIL_01,2025-03-11T05:00:00+00:00,315.19
TXN100465,MERCH_RETAIL_01,2025-02-05T20:00:00+00:00,1270.2
TXN100466,MERCH_RETAIL_01,2025-03-26T01:00:00+00:00,3513.9
TXN100467,MERCH_ECOM_03,2025-03-28T09:00:00+00:00,3667.12
TXN100468,MERCH_RETAIL_01,2025-02-25T18:00:00+00:00,657.26
TXN100469,MERCH_ECOM_03,2025-04-12T18:00:00+00:00,2233.14
TXN100470,MERCH_ECOM_03,2025-02-11T06:00:00+00:00,1407.36
TXN100471,MERCH_RETAIL_01,2025-01-24T06:00:00+00:00,408.38
TXN100472,MERCH_ECOM_03,2025-02-08T03:00:00+00:00,577.9
TXN100473,MERCH_RETAIL_01,2025-04-03T17:00:00+00:00,3647.3
TXN100474,MERCH_RETAIL_01,2025-03-11T08:00:00+00:00,1902.58
TXN100475,MERCH_DIGITAL_04,2025-06-13T02:00:00+00:00,401.98
TXN100476,MERCH_RETAIL_01,2025-04-29T23:00:00+00:00,570.03
TXN100477,MERCH_SAAS_02,2025-05-26T20:00:00+00:00,1580.69
TXN100478,MERCH_RETAIL_01,2025-05-05T17:00:00+00:00,1761.5
TXN100479,MERCH_SAAS_02,2025-01-21T20:00:00+00:00,1180.78
TXN100480,MERCH_RETAIL_01,2025-03-21T20:00:00+00:00,1222.71
TXN100481,MERCH_RETAIL_01,2025-03-30T11:00:00+00:00,4931.04
TXN100482,MERCH_SAAS_02,2025-05-22T21:00:00+00:00,2240.78
TXN100483,MERCH_RETAIL_01,2025-05-30T21:00:00+00:00,1979.5
TXN100484,MERCH_RETAIL_01,2025-03-05T22:00:00+00:00,1212.93
TXN100485,MERCH_RETAIL_01,2025-01-09T16:00:00+00:00,6084.41
TXN100486,MERCH_RETAIL_01,2025-05-08T09:00:00+00:00,3697.37
TXN100487,MERCH_RETAIL_01,2025-05-21T21:00:00+00:00,3270.22
TXN100488,MERCH_SAAS_02,2025-03-19T01:00:00+00:00,1941.29
TXN100489,MERCH_ECOM_03,2025-06-04T10:00:00+00:00,2470.84
TXN100490,MERCH_DIGITAL_04,2025-02-02T10:00:00+00:00,1040.68
TXN100491,MERCH_DIGITAL_04,2025-01-07T07:00:00+00:00,2515.65
TXN100492,MERCH_SAAS_02,2025-04-08T16:00:00+00:00,1403.39
TXN100493,MERCH_ECOM_03,2025-05-14T13:00:00+00:00,2421.36
TXN100494,MERCH_SAAS_02,2025-05-02T15:00:00+00:00,1520.91
TXN100495,MERCH_SAAS_02,2025-05-01T02:00:00+00:00,4029.36
TXN100496,MERCH_DIGITAL_04,2025-06-20T10:00:00+00:00,1859.86
TXN100497,MERCH_SAAS_02,2025-06-17T23:00:00+00:00,2284.38
TXN100498,MERCH_RETAIL_01,2025-06-10T21:00:00+00:00,174.82
TXN100499,MERCH_ECOM_03,2025-05-25T15:00:00+00:00,3227.53
TXN100500,MERCH_SAAS_02,2025-03-23T22:00:00+00:00,5072.32
TXN100501,MERCH_DIGITAL_04,2025-04-04T22:00:00+00:00,3129.7
TXN100502,MERCH_RETAIL_01,2025-05-02T15:00:00+00:00,3913.16
TXN100503,MERCH_SAAS_02,2025-01-24T23:00:00+00:00,1892.38
TXN100504,MERCH_DIGITAL_04,2025-06-25T18:00:00+00:00,2720.92
TXN100505,MERCH_DIGITAL_04,2025-02-13T15:00:00+00:00,908.39
TXN100506,MERCH_ECOM_03,2025-01-25T18:00:00+00:00,4383.78
TXN100507,MERCH_RETAIL_01,2025-03-31T10:00:00+00:00,1920.51
TXN100508,MERCH_ECOM_03,2025-05-11T04:00:00+00:00,2081.42
TXN100509,MERCH_DIGITAL_04,2025-01-04T17:00:00+00:00,3008.56
TXN100510,MERCH_SAAS_02,2025-03-11T03:00:00+00:00,526.39
TXN100511,MERCH_RETAIL_01,2025-02-03T10:00:00+00:00,4709.95
TXN100512,MERCH_DIGITAL_04,2025-01-26T03:00:00+00:00,3258.18
TXN100513,MERCH_ECOM_03,2025-04-30T02:00:00+00:00,1681.72
TXN100514,MERCH_ECOM_03,2025-04-21T07:00:00+00:00,1304.37
TXN100515,MERCH_RETAIL_01,2025-02-13T15:00:00+00:00,1752.61
TXN100516,MERCH_DIGITAL_04,2025-02-12T13:00:00+00:00,960.02
TXN100517,MERCH_RETAIL_01,2025-06-17T03:00:00+00:00,5399.76
TXN100518,MERCH_ECOM_03,2025-01-19T00:00:00+00:00,3039.54
TXN100519,MERCH_DIGITAL_04,2025-06-25T11:00:00+00:00,3709.08
TXN100520,MERCH_ECOM_03,2025-05-24T12:00:00+00:00,2993.81
TXN100521,MERCH_RETAIL_01,2025-03-13T21:00:00+00:00,882.68
TXN100522,MERCH_RETAIL_01,2025-05-09T23:00:00+00:00,3568.83
TXN100523,MERCH_SAAS_02,2025-01-30T13:00:00+00:00,2346.94
TXN100524,MERCH_SAAS_02,2025-02-17T13:00:00+00:00,1050.36
TXN100525,MERCH_RETAIL_01,2025-04-25T17:00:00+00:00,3800.92
TXN100526,MERCH_ECOM_03,2025-02-08T04:00:00+00:00,2440.01
TXN100527,MERCH_DIGITAL_04,2025-03-30T07:00:00+00:00,1552.75
TXN100528,MERCH_RETAIL_01,2025-04-03T16:00:00+00:00,1922.33
TXN100529,MERCH_ECOM_03,2025-03-17T18:00:00+00:00,980.86
TXN100530,MERCH_RETAIL_01,2025-05-21T15:00:00+00:00,8419.94
TXN100531,MERCH_SAAS_02,2025-05-28T18:00:00+00:00,5976.46
TXN100532,MERCH_ECOM_03,2025-04-08T17:00:00+00:00,966.33
TXN100533,MERCH_SAAS_02,2025-05-24T01:00:00+00:00,1083.63
TXN100534,MERCH_RETAIL_01,2025-05-21T03:00:00+00:00,5479.17
TXN100535,MERCH_ECOM_03,2025-05-06T21:00:00+00:00,2716.08
TXN100536,MERCH_RETAIL_01,2025-04-27T08:00:00+00:00,4483.78
TXN100537,MERCH_RETAIL_01,2025-03-27T14:00:00+00:00,1570.86
TXN100538,MERCH_ECOM_03,2025-06-25T11:00:00+00:00,2187.92
TXN100539,MERCH_RETAIL_01,2025-03-25T11:00:00+00:00,547.18
TXN100540,MERCH_RETAIL_01,2025-02-23T04:00:00+00:00,4502.85
TXN100541,MERCH_ECOM_03,2025-06-16T02:00:00+00:00,1432.94
TXN100542,MERCH_RETAIL_01,2025-05-13T01:00:00+00:00,1864.27
TXN100543,MERCH_ECOM_03,2025-01-09T17:00:00+00:00,4248.14
TXN100544,MERCH_ECOM_03,2025-05-07T06:00:00+00:00,3093.73
TXN100545,MERCH_SAAS_02,2025-05-24T14:00:00+00:00,3217.66
TXN100546,MERCH_SAAS_02,2025-01-18T09:00:00+00:00,3050.69
TXN100547,MERCH_RETAIL_01,2025-03-02T10:00:00+00:00,1965.15
TXN100548,MERCH_SAAS_02,2025-01-21T10:00:00+00:00,4180.43
TXN100549,MERCH_ECOM_03,2025-04-15T05:00:00+00:00,3649.63
TXN100550,MERCH_RETAIL_01,2025-03-08T00:00:00+00:00,7034.38
TXN100551,MERCH_RETAIL_01,2025-03-08T16:00:00+00:00,1324.11
TXN100552,MERCH_RETAIL_01,2025-03-14T20:00:00+00:00,1383.41
TXN100553,MERCH_ECOM_03,2025-03-27T10:00:00+00:00,911.53
TXN100554,MERCH_ECOM_03,2025-06-23T04:00:00+00:00,3589.41
TXN100555,MERCH_SAAS_02,2025-01-20T12:00:00+00:00,1248.37
TXN100556,MERCH_RETAIL_01,2025-05-01T10:00:00+00:00,760.43
TXN100557,MERCH_RETAIL_01,2025-01-29T03:00:00+00:00,3169.28
TXN100558,MERCH_RETAIL_01,2025-02-06T12:00:00+00:00,5145.69
TXN100559,MERCH_SAAS_02,2025-06-22T15:00:00+00:00,5213.61
TXN100560,MERCH_DIGITAL_04,2025-01-20T23:00:00+00:00,4697.78
TXN100561,MERCH_SAAS_02,2025-06-10T22:00:00+00:00,1631.75
TXN100562,MERCH_SAAS_02,2025-05-24T12:00:00+00:00,783.72
TXN100563,MERCH_SAAS_02,2025-05-26T19:00:00+00:00,2760.18
TXN100564,MERCH_SAAS_02,2025-03-02T10:00:00+00:00,7149.75
TXN100565,MERCH_ECOM_03,2025-04-08T17:00:00+00:00,1243.24
TXN100566,MERCH_SAAS_02,2025-05-17T20:00:00+00:00,2596.1
TXN100567,MERCH_RETAIL_01,2025-04-27T22:00:00+00:00,877.36
TXN100568,MERCH_ECOM_03,2025-05-01T08:00:00+00:00,981.16
TXN100569,MERCH_RETAIL_01,2025-04-01T09:00:00+00:00,384.22
TXN100570,MERCH_RETAIL_01,2025-05-27T20:00:00+00:00,640.08
TXN100571,MERCH_SAAS_02,2025-02-06T08:00:00+00:00,2821.34
TXN100572,MERCH_SAAS_02,2025-02-19T23:00:00+00:00,2245.61
TXN100573,MERCH_RETAIL_01,2025-06-25T10:00:00+00:00,3110.53
TXN100574,MERCH_ECOM_03,2025-02-22T04:00:00+00:00,2715.74
TXN100575,MERCH_ECOM_03,2025-03-17T09:00:00+00:00,1924.95
TXN100576,MERCH_ECOM_03,2025-01-08T17:00:00+00:00,4532.68
TXN100577,MERCH_SAAS_02,2025-01-08T21:00:00+00:00,1731.47
TXN100578,MERCH_RETAIL_01,2025-04-12T12:00:00+00:00,1818.59
TXN100579,MERCH_DIGITAL_04,2025-05-27T16:00:00+00:00,2345.01
TXN100580,MERCH_ECOM_03,2025-05-07T05:00:00+00:00,2837.84
TXN100581,MERCH_RETAIL_01,2025-05-05T18:00:00+00:00,2779.19
TXN100582,MERCH_SAAS_02,2025-06-09T15:00:00+00:00,1355.63
TXN100583,MERCH_SAAS_02,2025-06-28T21:00:00+00:00,1481.37
TXN100584,MERCH_RETAIL_01,2025-06-03T09:00:00+00:00,731.54
TXN100585,MERCH_SAAS_02,2025-06-20T03:00:00+00:00,7914.18
TXN100586,MERCH_DIGITAL_04,2025-05-21T05:00:00+00:00,1662.07
TXN100587,MERCH_SAAS_02,2025-04-01T09:00:00+00:00,2256.39
TXN100588,MERCH_DIGITAL_04,2025-06-08T17:00:00+00:00,1901.39
TXN100589,MERCH_DIGITAL_04,2025-04-18T10:00:00+00:00,1445.45
TXN100590,MERCH_ECOM_03,2025-06-07T10:00:00+00:00,470.32
TXN100591,MERCH_RETAIL_01,2025-05-08T05:00:00+00:00,8291.15
TXN100592,MERCH_ECOM_03,2025-05-20T15:00:00+00:00,2439.15
TXN100593,MERCH_RETAIL_01,2025-01-27T16:00:00+00:00,1525.56
TXN100594,MERCH_RETAIL_01,2025-04-07T22:00:00+00:00,2124.9
TXN100595,MERCH_DIGITAL_04,2025-06-17T09:00:00+00:00,1041.92
TXN100596,MERCH_DIGITAL_04,2025-03-04T06:00:00+00:00,2340.96
TXN100597,MERCH_SAAS_02,2025-04-12T15:00:00+00:00,1696.23
TXN100598,MERCH_ECOM_03,2025-05-21T18:00:00+00:00,1240.18
TXN100599,MERCH_SAAS_02,2025-04-14T12:00:00+00:00,2649.65
TXN100600,MERCH_DIGITAL_04,2025-04-17T07:00:00+00:00,1602.36
TXN100601,MERCH_RETAIL_01,2025-01-21T02:00:00+00:00,3827.67
TXN100602,MERCH_ECOM_03,2025-01-13T05:00:00+00:00,913.27
TXN100603,MERCH_ECOM_03,2025-01-26T15:00:00+00:00,1092.16
TXN100604,MERCH_SAAS_02,2025-04-11T03:00:00+00:00,1559.43
TXN100605,MERCH_RETAIL_01,2025-02-18T11:00:00+00:00,1308.35
TXN100606,MERCH_RETAIL_01,2025-02-18T15:00:00+00:00,6393.73
TXN100607,MERCH_RETAIL_01,2025-04-08T08:00:00+00:00,2685.74
TXN100608,MERCH_RETAIL_01,2025-02-21T03:00:00+00:00,1235.91
TXN100609,MERCH_RETAIL_01,2025-02-11T01:00:00+00:00,2685.37
TXN100610,MERCH_ECOM_03,2025-02-06T04:00:00+00:00,3929.37
TXN100611,MERCH_RETAIL_01,2025-01-03T17:00:00+00:00,1267.56
TXN100612,MERCH_SAAS_02,2025-01-22T22:00:00+00:00,1243.63
TXN100613,MERCH_ECOM_03,2025-01-11T10:00:00+00:00,1799.51
TXN100614,MERCH_ECOM_03,2025-02-01T18:00:00+00:00,1159.56
TXN100615,MERCH_ECOM_03,2025-06-10T14:00:00+00:00,1147.38
TXN100616,MERCH_SAAS_02,2025-06-22T10:00:00+00:00,751.22
TXN100617,MERCH_RETAIL_01,2025-04-03T08:00:00+00:00,1414.82
TXN100618,MERCH_DIGITAL_04,2025-02-03T18:00:00+00:00,2048.15
TXN100619,MERCH_DIGITAL_04,2025-02-16T14:00:00+00:00,2828.51
TXN100620,MERCH_SAAS_02,2025-03-15T10:00:00+00:00,2116.66
TXN100621,MERCH_ECOM_03,2025-01-27T08:00:00+00:00,5193.68
TXN100622,MERCH_RETAIL_01,2025-05-30T22:00:00+00:00,376.52
TXN100623,MERCH_RETAIL_01,2025-05-04T18:00:00+00:00,4399.98
TXN100624,MERCH_RETAIL_01,2025-04-05T07:00:00+00:00,6994.78
TXN100625,MERCH_RETAIL_01,2025-04-21T01:00:00+00:00,5458.09
TXN100626,MERCH_SAAS_02,2025-06-20T09:00:00+00:00,1050.45
TXN100627,MERCH_SAAS_02,2025-06-06T13:00:00+00:00,715.13
TXN100628,MERCH_RETAIL_01,2025-04-02T21:00:00+00:00,3108.69
TXN100629,MERCH_SAAS_02,2025-01-26T10:00:00+00:00,811.16
TXN100630,MERCH_ECOM_03,2025-04-17T12:00:00+00:00,1682.72
TXN100631,MERCH_RETAIL_01,2025-05-16T13:00:00+00:00,2467.25
TXN100632,MERCH_RETAIL_01,2025-06-27T01:00:00+00:00,816.15
TXN100633,MERCH_SAAS_02,2025-06-15T17:00:00+00:00,5686.77
TXN100634,MERCH_ECOM_03,2025-04-14T15:00:00+00:00,4109.34
TXN100635,MERCH_ECOM_03,2025-04-06T18:00:00+00:00,484.88
TXN100636,MERCH_RETAIL_01,2025-01-25T17:00:00+00:00,1095.89
TXN100637,MERCH_RETAIL_01,2025-06-06T07:00:00+00:00,3407.71
TXN100638,MERCH_SAAS_02,2025-01-08T11:00:00+00:00,1377.55
TXN100639,MERCH_SAAS_02,2025-04-04T18:00:00+00:00,1839.2
TXN100640,MERCH_SAAS_02,2025-02-23T06:00:00+00:00,2419.97
TXN100641,MERCH_RETAIL_01,2025-04-17T02:00:00+00:00,7399.11
TXN100642,MERCH_ECOM_03,2025-01-13T21:00:00+00:00,375.82
TXN100643,MERCH_RETAIL_01,2025-03-14T12:00:00+00:00,1243.48
TXN100644,MERCH_DIGITAL_04,2025-02-03T16:00:00+00:00,2512.48
TXN100645,MERCH_SAAS_02,2025-06-11T02:00:00+00:00,617.15
TXN100646,MERCH_SAAS_02,2025-02-22T16:00:00+00:00,320.51
TXN100647,MERCH_SAAS_02,2025-06-26T03:00:00+00:00,357.23
TXN100648,MERCH_ECOM_03,2025-06-07T02:00:00+00:00,797.62
TXN100649,MERCH_ECOM_03,2025-04-09T21:00:00+00:00,2558.47
TXN100650,MERCH_ECOM_03,2025-01-26T02:00:00+00:00,1324.31
TXN100651,MERCH_RETAIL_01,2025-05-31T14:00:00+00:00,211.36
TXN100652,MERCH_RETAIL_01,2025-01-16T21:00:00+00:00,9054.01
TXN100653,MERCH_ECOM_03,2025-05-22T02:00:00+00:00,3322.28
TXN100654,MERCH_ECOM_03,2025-05-16T08:00:00+00:00,5620.83
TXN100655,MERCH_SAAS_02,2025-02-15T01:00:00+00:00,2807.52
TXN100656,MERCH_SAAS_02,2025-03-30T20:00:00+00:00,2519.15
TXN100657,MERCH_SAAS_02,2025-01-24T12:00:00+00:00,6018.06
TXN100658,MERCH_SAAS_02,2025-02-06T20:00:00+00:00,485.94
TXN100659,MERCH_RETAIL_01,2025-02-05T16:00:00+00:00,2491.29
TXN100660,MERCH_DIGITAL_04,2025-06-09T09:00:00+00:00,1190.49
TXN100661,MERCH_RETAIL_01,2025-02-04T16:00:00+00:00,1653.8
TXN100662,MERCH_DIGITAL_04,2025-04-04T20:00:00+00:00,1044.39
TXN100663,MERCH_RETAIL_01,2025-02-16T10:00:00+00:00,1999.95
TXN100664,MERCH_RETAIL_01,2025-03-05T11:00:00+00:00,4836.14
TXN100665,MERCH_ECOM_03,2025-04-04T17:00:00+00:00,1238.95
TXN100666,MERCH_RETAIL_01,2025-05-23T07:00:00+00:00,2203.63
TXN100667,MERCH_DIGITAL_04,2025-03-25T18:00:00+00:00,1576.1
TXN100668,MERCH_SAAS_02,2025-02-22T04:00:00+00:00,3252.41
TXN100669,MERCH_SAAS_02,2025-04-01T11:00:00+00:00,1220.38
TXN100670,MERCH_SAAS_02,2025-02-06T17:00:00+00:00,3927.08
TXN100671,MERCH_ECOM_03,2025-04-18T17:00:00+00:00,1004.7
TXN100672,MERCH_SAAS_02,2025-06-02T13:00:00+00:00,3631.77
TXN100673,MERCH_RETAIL_01,2025-02-12T07:00:00+00:00,2736.34
TXN100674,MERCH_RETAIL_01,2025-03-07T10:00:00+00:00,2872.57
TXN100675,MERCH_SAAS_02,2025-03-07T15:00:00+00:00,7040.91
TXN100676,MERCH_RETAIL_01,2025-05-11T01:00:00+00:00,5869.52
TXN100677,MERCH_RETAIL_01,2025-03-17T21:00:00+00:00,1280.99
TXN100678,MERCH_RETAIL_01,2025-05-02T00:00:00+00:00,2047.24
TXN100679,MERCH_RETAIL_01,2025-03-20T02:00:00+00:00,2404.8
TXN100680,MERCH_ECOM_03,2025-04-05T03:00:00+00:00,3898.62
TXN100681,MERCH_RETAIL_01,2025-02-08T04:00:00+00:00,1894.58
TXN100682,MERCH_RETAIL_01,2025-04-16T15:00:00+00:00,2278.43
TXN100683,MERCH_DIGITAL_04,2025-05-12T13:00:00+00:00,4202.98
TXN100684,MERCH_SAAS_02,2025-01-22T03:00:00+00:00,424.64
TXN100685,MERCH_RETAIL_01,2025-01-09T18:00:00+00:00,3060.77
TXN100686,MERCH_ECOM_03,2025-05-07T06:00:00+00:00,390.19
TXN100687,MERCH_ECOM_03,2025-04-29T18:00:00+00:00,924.45
TXN100688,MERCH_RETAIL_01,2025-01-21T05:00:00+00:00,2336.88
TXN100689,MERCH_ECOM_03,2025-05-14T00:00:00+00:00,4006.44
TXN100690,MERCH_RETAIL_01,2025-02-27T11:00:00+00:00,936.57
TXN100691,MERCH_ECOM_03,2025-05-23T05:00:00+00:00,598.59
TXN100692,MERCH_ECOM_03,2025-05-31T13:00:00+00:00,7559.1
TXN100693,MERCH_DIGITAL_04,2025-01-14T06:00:00+00:00,409.64
TXN100694,MERCH_SAAS_02,2025-01-28T00:00:00+00:00,3992.97
TXN100695,MERCH_RETAIL_01,2025-06-05T14:00:00+00:00,2978.55
TXN100696,MERCH_RETAIL_01,2025-05-25T07:00:00+00:00,630.58
TXN100697,MERCH_SAAS_02,2025-03-18T02:00:00+00:00,1232.62
TXN100698,MERCH_SAAS_02,2025-04-22T22:00:00+00:00,781.26
TXN100699,MERCH_RETAIL_01,2025-05-02T04:00:00+00:00,1864.55
TXN100700,MERCH_SAAS_02,2025-05-13T19:00:00+00:00,269.5
TXN100701,MERCH_RETAIL_01,2025-05-27T22:00:00+00:00,2316.77
TXN100702,MERCH_ECOM_03,2025-01-17T05:00:00+00:00,3894.25
TXN100703,MERCH_ECOM_03,2025-06-09T16:00:00+00:00,4299.29
TXN100704,MERCH_ECOM_03,2025-06-25T13:00:00+00:00,1569.61
TXN100705,MERCH_RETAIL_01,2025-03-11T20:00:00+00:00,3808.42
TXN100706,MERCH_SAAS_02,2025-04-18T00:00:00+00:00,1071.52
TXN100707,MERCH_SAAS_02,2025-06-05T01:00:00+00:00,7216.76
TXN100708,MERCH_RETAIL_01,2025-03-27T21:00:00+00:00,602.44
TXN100709,MERCH_SAAS_02,2025-05-26T20:00:00+00:00,2768.29
TXN100710,MERCH_SAAS_02,2025-06-06T04:00:00+00:00,1841.07
TXN100711,MERCH_SAAS_02,2025-02-10T15:00:00+00:00,2930.66
TXN100712,MERCH_RETAIL_01,2025-05-05T08:00:00+00:00,741.07
TXN100713,MERCH_RETAIL_01,2025-06-09T21:00:00+00:00,3285.24
TXN100714,MERCH_SAAS_02,2025-05-26T05:00:00+00:00,2818.67
TXN100715,MERCH_DIGITAL_04,2025-04-21T21:00:00+00:00,585.45
TXN100716,MERCH_SAAS_02,2025-04-21T13:00:00+00:00,1378.69
TXN100717,MERCH_RETAIL_01,2025-04-11T14:00:00+00:00,1360.86
TXN100718,MERCH_ECOM_03,2025-05-07T09:00:00+00:00,558.47
TXN100719,MERCH_RETAIL_01,2025-06-17T04:00:00+00:00,814.24
TXN100720,MERCH_ECOM_03,2025-03-09T18:00:00+00:00,3835.67
TXN100721,MERCH_ECOM_03,2025-03-19T15:00:00+00:00,1388.93
TXN100722,MERCH_RETAIL_01,2025-02-24T13:00:00+00:00,4427.5
TXN100723,MERCH_RETAIL_01,2025-03-05T02:00:00+00:00,1177.06
TXN100724,MERCH_ECOM_03,2025-01-07T12:00:00+00:00,3165.24
TXN100725,MERCH_SAAS_02,2025-05-22T20:00:00+00:00,1035.59
TXN100726,MERCH_RETAIL_01,2025-03-19T20:00:00+00:00,1112.44
TXN100727,MERCH_SAAS_02,2025-02-18T11:00:00+00:00,1742.25
TXN100728,MERCH_SAAS_02,2025-06-05T07:00:00+00:00,6856.35
TXN100729,MERCH_SAAS_02,2025-01-31T02:00:00+00:00,1398.64
TXN100730,MERCH_ECOM_03,2025-01-12T19:00:00+00:00,4556.02
TXN100731,MERCH_ECOM_03,2025-06-27T22:00:00+00:00,1612.16
TXN100732,MERCH_RETAIL_01,2025-05-01T05:00:00+00:00,1206.12
TXN100733,MERCH_SAAS_02,2025-03-12T12:00:00+00:00,3597.43
TXN100734,MERCH_RETAIL_01,2025-06-20T16:00:00+00:00,1589.28
TXN100735,MERCH_RETAIL_01,2025-02-15T13:00:00+00:00,2889.11
TXN100736,MERCH_SAAS_02,2025-05-13T00:00:00+00:00,1015.16
TXN100737,MERCH_RETAIL_01,2025-05-02T23:00:00+00:00,5911.98
TXN100738,MERCH_RETAIL_01,2025-02-01T05:00:00+00:00,1904.13
TXN100739,MERCH_ECOM_03,2025-04-10T15:00:00+00:00,1803.9
TXN100740,MERCH_RETAIL_01,2025-03-01T21:00:00+00:00,2433.63
TXN100741,MERCH_RETAIL_01,2025-03-15T00:00:00+00:00,4725.22
TXN100742,MERCH_RETAIL_01,2025-03-16T19:00:00+00:00,2600.93
TXN100743,MERCH_ECOM_03,2025-02-09T03:00:00+00:00,1823.65
TXN100744,MERCH_RETAIL_01,2025-02-11T19:00:00+00:00,2716.84
TXN100745,MERCH_RETAIL_01,2025-01-24T20:00:00+00:00,1209.74
TXN100746,MERCH_SAAS_02,2025-04-11T01:00:00+00:00,3703.83
TXN100747,MERCH_SAAS_02,2025-04-10T09:00:00+00:00,4323.36
TXN100748,MERCH_SAAS_02,2025-04-19T05:00:00+00:00,976.23
TXN100749,MERCH_RETAIL_01,2025-03-21T01:00:00+00:00,3635.82
TXN100750,MERCH_ECOM_03,2025-05-26T02:00:00+00:00,2055.04
TXN100751,MERCH_RETAIL_01,2025-05-01T07:00:00+00:00,769.48
TXN100752,MERCH_DIGITAL_04,2025-03-06T05:00:00+00:00,1749.73
TXN100753,MERCH_SAAS_02,2025-06-25T08:00:00+00:00,2025.7
TXN100754,MERCH_SAAS_02,2025-06-06T22:00:00+00:00,2843.4
TXN100755,MERCH_RETAIL_01,2025-03-20T03:00:00+00:00,3467.83
TXN100756,MERCH_RETAIL_01,2025-05-27T06:00:00+00:00,2202.36
TXN100757,MERCH_SAAS_02,2025-04-01T07:00:00+00:00,2065.56
TXN100758,MERCH_SAAS_02,2025-06-20T05:00:00+00:00,1297.8
TXN100759,MERCH_SAAS_02,2025-04-19T17:00:00+00:00,1509.5
TXN100760,MERCH_RETAIL_01,2025-01-14T23:00:00+00:00,3789.92
TXN100761,MERCH_DIGITAL_04,2025-03-22T03:00:00+00:00,7158.36
TXN100762,MERCH_ECOM_03,2025-01-08T20:00:00+00:00,3039.11
TXN100763,MERCH_SAAS_02,2025-02-28T23:00:00+00:00,5048.26
TXN100764,MERCH_DIGITAL_04,2025-06-02T22:00:00+00:00,1049.69
TXN100765,MERCH_RETAIL_01,2025-04-25T09:00:00+00:00,5789.96
TXN100766,MERCH_SAAS_02,2025-04-18T10:00:00+00:00,1215.2
TXN100767,MERCH_RETAIL_01,2025-02-08T21:00:00+00:00,2618.42
TXN100768,MERCH_SAAS_02,2025-05-13T13:00:00+00:00,2242.43
TXN100769,MERCH_SAAS_02,2025-04-14T13:00:00+00:00,5523.68
TXN100770,MERCH_ECOM_03,2025-04-11T20:00:00+00:00,3093.1
TXN100771,MERCH_DIGITAL_04,2025-06-29T06:00:00+00:00,2570.68
TXN100772,MERCH_ECOM_03,2025-05-26T11:00:00+00:00,5648.07
TXN100773,MERCH_SAAS_02,2025-06-16T23:00:00+00:00,1061.35
TXN100774,MERCH_RETAIL_01,2025-01-14T06:00:00+00:00,4547.73
TXN100775,MERCH_RETAIL_01,2025-06-16T11:00:00+00:00,885.37
TXN100776,MERCH_ECOM_03,2025-06-25T15:00:00+00:00,619.98
TXN100777,MERCH_ECOM_03,2025-01-08T21:00:00+00:00,1609.84
TXN100778,MERCH_SAAS_02,2025-04-25T15:00:00+00:00,7455.18
TXN100779,MERCH_SAAS_02,2025-04-15T09:00:00+00:00,2719.24
TXN100780,MERCH_RETAIL_01,2025-03-27T21:00:00+00:00,679.39
TXN100781,MERCH_SAAS_02,2025-06-06T05:00:00+00:00,1610.72
TXN100782,MERCH_RETAIL_01,2025-02-19T17:00:00+00:00,1934.61
TXN100783,MERCH_ECOM_03,2025-06-22T01:00:00+00:00,4425.19
TXN100784,MERCH_SAAS_02,2025-06-02T08:00:00+00:00,514.26
TXN100785,MERCH_SAAS_02,2025-03-02T23:00:00+00:00,2873.29
TXN100786,MERCH_RETAIL_01,2025-01-20T19:00:00+00:00,189.2
TXN100787,MERCH_SAAS_02,2025-01-08T02:00:00+00:00,1037.26
TXN100788,MERCH_ECOM_03,2025-03-04T00:00:00+00:00,1703.04
TXN100789,MERCH_SAAS_02,2025-06-17T08:00:00+00:00,1871.06
TXN100790,MERCH_ECOM_03,2025-02-07T02:00:00+00:00,1683.22
TXN100791,MERCH_ECOM_03,2025-06-03T22:00:00+00:00,1628.58
TXN100792,MERCH_SAAS_02,2025-03-28T15:00:00+00:00,1944.54
TXN100793,MERCH_DIGITAL_04,2025-06-28T04:00:00+00:00,1823.53
TXN100794,MERCH_RETAIL_01,2025-04-12T12:00:00+00:00,8530.9
TXN100795,MERCH_ECOM_03,2025-02-13T16:00:00+00:00,2891.6
TXN100796,MERCH_SAAS_02,2025-05-26T16:00:00+00:00,6274.37
TXN100797,MERCH_ECOM_03,2025-03-30T03:00:00+00:00,2742.34
TXN100798,MERCH_SAAS_02,2025-01-25T09:00:00+00:00,1200.78
TXN100799,MERCH_ECOM_03,2025-04-02T00:00:00+00:00,505.89
TXN100800,MERCH_ECOM_03,2025-04-08T01:00:00+00:00,2401.64
TXN100801,MERCH_RETAIL_01,2025-04-08T01:00:00+00:00,609.2
TXN100802,MERCH_SAAS_02,2025-01-12T18:00:00+00:00,2702.71
TXN100803,MERCH_RETAIL_01,2025-05-22T21:00:00+00:00,993.8
TXN100804,MERCH_ECOM_03,2025-03-17T15:00:00+00:00,1886.47
TXN100805,MERCH_DIGITAL_04,2025-05-03T22:00:00+00:00,3463.63
TXN100806,MERCH_DIGITAL_04,2025-06-03T18:00:00+00:00,1275.13
TXN100807,MERCH_RETAIL_01,2025-02-22T14:00:00+00:00,1453.52
TXN100808,MERCH_RETAIL_01,2025-04-17T00:00:00+00:00,2999.36
TXN100809,MERCH_DIGITAL_04,2025-05-22T03:00:00+00:00,1027.53
TXN100810,MERCH_ECOM_03,2025-01-10T05:00:00+00:00,3994.92
TXN100811,MERCH_DIGITAL_04,2025-02-13T06:00:00+00:00,4669.54
TXN100812,MERCH_DIGITAL_04,2025-04-19T18:00:00+00:00,1662.23
TXN100813,MERCH_ECOM_03,2025-06-16T01:00:00+00:00,5606.34
TXN100814,MERCH_ECOM_03,2025-01-02T15:00:00+00:00,6776.49
TXN100815,MERCH_RETAIL_01,2025-04-15T13:00:00+00:00,3479.12
TXN100816,MERCH_RETAIL_01,2025-04-28T20:00:00+00:00,732.5
TXN100817,MERCH_SAAS_02,2025-01-04T13:00:00+00:00,2047.44
TXN100818,MERCH_RETAIL_01,2025-01-31T03:00:00+00:00,4025.44
TXN100819,MERCH_ECOM_03,2025-03-08T17:00:00+00:00,1137.88
TXN100820,MERCH_SAAS_02,2025-05-05T04:00:00+00:00,2672.09
TXN100821,MERCH_RETAIL_01,2025-05-13T04:00:00+00:00,437.03
TXN100822,MERCH_RETAIL_01,2025-04-09T05:00:00+00:00,2716.66
TXN100823,MERCH_SAAS_02,2025-02-10T03:00:00+00:00,3073.63
TXN100824,MERCH_SAAS_02,2025-04-22T17:00:00+00:00,632.0
TXN100825,MERCH_DIGITAL_04,2025-05-02T00:00:00+00:00,6836.22
TXN100826,MERCH_RETAIL_01,2025-02-08T18:00:00+00:00,2911.95
TXN100827,MERCH_RETAIL_01,2025-06-20T20:00:00+00:00,4593.55
TXN100828,MERCH_SAAS_02,2025-06-14T15:00:00+00:00,3232.14
TXN100829,MERCH_SAAS_02,2025-04-06T14:00:00+00:00,2222.95
TXN100830,MERCH_ECOM_03,2025-02-16T02:00:00+00:00,1300.9
TXN100831,MERCH_SAAS_02,2025-02-28T11:00:00+00:00,5834.9
TXN100832,MERCH_RETAIL_01,2025-04-23T08:00:00+00:00,8739.41
TXN100833,MERCH_ECOM_03,2025-01-17T21:00:00+00:00,1611.06
TXN100834,MERCH_SAAS_02,2025-01-01T08:00:00+00:00,1722.46
TXN100835,MERCH_RETAIL_01,2025-04-03T12:00:00+00:00,2138.56
TXN100836,MERCH_RETAIL_01,2025-03-11T19:00:00+00:00,6331.97
TXN100837,MERCH_RETAIL_01,2025-04-30T04:00:00+00:00,5232.25
TXN100838,MERCH_RETAIL_01,2025-02-02T08:00:00+00:00,922.78
TXN100839,MERCH_RETAIL_01,2025-04-12T05:00:00+00:00,4367.55
TXN100840,MERCH_RETAIL_01,2025-04-28T00:00:00+00:00,8480.93
TXN100841,MERCH_RETAIL_01,2025-02-14T23:00:00+00:00,126.31
TXN100842,MERCH_SAAS_02,2025-01-11T15:00:00+00:00,1651.42
TXN100843,MERCH_RETAIL_01,2025-03-27T07:00:00+00:00,1304.71
TXN100844,MERCH_RETAIL_01,2025-05-10T04:00:00+00:00,1380.71
TXN100845,MERCH_ECOM_03,2025-03-10T04:00:00+00:00,3938.67
TXN100846,MERCH_SAAS_02,2025-03-11T21:00:00+00:00,3667.14
TXN100847,MERCH_ECOM_03,2025-05-05T08:00:00+00:00,2621.85
TXN100848,MERCH_SAAS_02,2025-04-24T06:00:00+00:00,2610.36
TXN100849,MERCH_ECOM_03,2025-04-08T16:00:00+00:00,4073.17
TXN100850,MERCH_ECOM_03,2025-03-10T18:00:00+00:00,254.11
TXN100851,MERCH_SAAS_02,2025-05-19T18:00:00+00:00,3162.83
TXN100852,MERCH_DIGITAL_04,2025-05-17T18:00:00+00:00,3179.34
TXN100853,MERCH_SAAS_02,2025-05-01T23:00:00+00:00,690.76
TXN100854,MERCH_SAAS_02,2025-02-21T20:00:00+00:00,2703.51
TXN100855,MERCH_ECOM_03,2025-04-18T19:00:00+00:00,3812.4
TXN100856,MERCH_ECOM_03,2025-03-25T02:00:00+00:00,3499.85
TXN100857,MERCH_ECOM_03,2025-04-23T17:00:00+00:00,3866.41
TXN100858,MERCH_ECOM_03,2025-03-25T10:00:00+00:00,1556.95
TXN100859,MERCH_SAAS_02,2025-05-02T14:00:00+00:00,2365.57
TXN100860,MERCH_RETAIL_01,2025-02-09T06:00:00+00:00,4133.36
TXN100861,MERCH_RETAIL_01,2025-04-08T18:00:00+00:00,7383.72
TXN100862,MERCH_RETAIL_01,2025-05-22T00:00:00+00:00,459.36
TXN100863,MERCH_RETAIL_01,2025-01-18T13:00:00+00:00,4807.75
TXN100864,MERCH_DIGITAL_04,2025-03-29T01:00:00+00:00,1321.54
TXN100865,MERCH_RETAIL_01,2025-01-29T08:00:00+00:00,1313.03
TXN100866,MERCH_RETAIL_01,2025-05-09T04:00:00+00:00,4635.14
TXN100867,MERCH_RETAIL_01,2025-03-17T06:00:00+00:00,2665.49
TXN100868,MERCH_RETAIL_01,2025-01-03T19:00:00+00:00,3176.23
TXN100869,MERCH_ECOM_03,2025-05-02T14:00:00+00:00,1614.66
TXN100870,MERCH_RETAIL_01,2025-01-06T17:00:00+00:00,1371.24
TXN100871,MERCH_SAAS_02,2025-03-17T14:00:00+00:00,1353.98
TXN100872,MERCH_DIGITAL_04,2025-04-26T03:00:00+00:00,3595.29
TXN100873,MERCH_RETAIL_01,2025-06-21T01:00:00+00:00,2240.1
TXN100874,MERCH_ECOM_03,2025-02-09T02:00:00+00:00,5363.45
TXN100875,MERCH_RETAIL_01,2025-03-17T10:00:00+00:00,3384.02
TXN100876,MERCH_ECOM_03,2025-02-21T20:00:00+00:00,5631.67
TXN100877,MERCH_RETAIL_01,2025-01-16T21:00:00+00:00,2638.91
TXN100878,MERCH_RETAIL_01,2025-05-28T18:00:00+00:00,2141.72
TXN100879,MERCH_RETAIL_01,2025-04-09T20:00:00+00:00,3590.22
TXN100880,MERCH_RETAIL_01,2025-02-12T07:00:00+00:00,6182.35
TXN100881,MERCH_SAAS_02,2025-02-23T15:00:00+00:00,2939.28
TXN100882,MERCH_RETAIL_01,2025-05-14T03:00:00+00:00,3780.8
TXN100883,MERCH_RETAIL_01,2025-02-28T14:00:00+00:00,500.89
TXN100884,MERCH_SAAS_02,2025-05-16T23:00:00+00:00,3165.51
TXN100885,MERCH_SAAS_02,2025-01-25T13:00:00+00:00,5580.58
TXN100886,MERCH_SAAS_02,2025-05-01T21:00:00+00:00,3121.14
TXN100887,MERCH_RETAIL_01,2025-05-01T10:00:00+00:00,5194.62
TXN100888,MERCH_ECOM_03,2025-02-21T02:00:00+00:00,1009.46
TXN100889,MERCH_DIGITAL_04,2025-06-04T10:00:00+00:00,1376.13
TXN100890,MERCH_RETAIL_01,2025-03-24T17:00:00+00:00,1423.2
TXN100891,MERCH_RETAIL_01,2025-05-11T03:00:00+00:00,735.78
TXN100892,MERCH_RETAIL_01,2025-05-20T20:00:00+00:00,2661.16
TXN100893,MERCH_SAAS_02,2025-05-28T21:00:00+00:00,976.49
TXN100894,MERCH_ECOM_03,2025-02-13T22:00:00+00:00,3952.51
TXN100895,MERCH_RETAIL_01,2025-05-07T17:00:00+00:00,3826.32
TXN100896,MERCH_RETAIL_01,2025-01-22T21:00:00+00:00,1138.69
TXN100897,MERCH_RETAIL_01,2025-02-11T08:00:00+00:00,3642.81
TXN100898,MERCH_ECOM_03,2025-02-23T16:00:00+00:00,3486.94
TXN100899,MERCH_ECOM_03,2025-01-13T18:00:00+00:00,1396.58
TXN100900,MERCH_SAAS_02,2025-01-01T04:00:00+00:00,3684.05
TXN100901,MERCH_ECOM_03,2025-06-26T09:00:00+00:00,5263.53
TXN100902,MERCH_SAAS_02,2025-03-20T15:00:00+00:00,3621.77
TXN100903,MERCH_ECOM_03,2025-04-22T06:00:00+00:00,954.74
TXN100904,MERCH_RETAIL_01,2025-03-24T10:00:00+00:00,1275.5
TXN100905,MERCH_RETAIL_01,2025-02-04T17:00:00+00:00,3234.43
TXN100906,MERCH_RETAIL_01,2025-05-02T02:00:00+00:00,2016.59
TXN100907,MERCH_RETAIL_01,2025-02-17T23:00:00+00:00,3002.4
TXN100908,MERCH_ECOM_03,2025-03-08T21:00:00+00:00,6619.38
TXN100909,MERCH_RETAIL_01,2025-05-24T16:00:00+00:00,2562.84
TXN100910,MERCH_DIGITAL_04,2025-06-14T18:00:00+00:00,426.28
TXN100911,MERCH_ECOM_03,2025-05-17T07:00:00+00:00,4794.23
TXN100912,MERCH_ECOM_03,2025-06-08T13:00:00+00:00,1397.32
TXN100913,MERCH_RETAIL_01,2025-01-23T13:00:00+00:00,1301.27
TXN100914,MERCH_RETAIL_01,2025-04-17T00:00:00+00:00,1451.49
TXN100915,MERCH_RETAIL_01,2025-05-13T06:00:00+00:00,4680.75
TXN100916,MERCH_SAAS_02,2025-04-28T07:00:00+00:00,2222.82
TXN100917,MERCH_ECOM_03,2025-06-18T22:00:00+00:00,4282.36
TXN100918,MERCH_ECOM_03,2025-02-11T13:00:00+00:00,4336.25
TXN100919,MERCH_SAAS_02,2025-01-11T09:00:00+00:00,2068.33
TXN100920,MERCH_SAAS_02,2025-05-02T09:00:00+00:00,4224.82
TXN100921,MERCH_RETAIL_01,2025-02-18T20:00:00+00:00,5137.7
TXN100922,MERCH_RETAIL_01,2025-03-06T05:00:00+00:00,1346.32
TXN100923,MERCH_SAAS_02,2025-02-20T01:00:00+00:00,6424.42
TXN100924,MERCH_RETAIL_01,2025-05-21T20:00:00+00:00,1789.51
TXN100925,MERCH_SAAS_02,2025-05-30T16:00:00+00:00,2922.62
TXN100926,MERCH_ECOM_03,2025-05-26T14:00:00+00:00,1729.95
TXN100927,MERCH_RETAIL_01,2025-06-03T17:00:00+00:00,1199.05
TXN100928,MERCH_DIGITAL_04,2025-04-18T20:00:00+00:00,1885.38
TXN100929,MERCH_RETAIL_01,2025-04-15T10:00:00+00:00,4446.77
TXN100930,MERCH_SAAS_02,2025-04-02T08:00:00+00:00,2055.51
TXN100931,MERCH_ECOM_03,2025-02-27T19:00:00+00:00,1550.14
TXN100932,MERCH_DIGITAL_04,2025-01-30T12:00:00+00:00,7354.73
TXN100933,MERCH_DIGITAL_04,2025-06-28T05:00:00+00:00,872.81
TXN100934,MERCH_DIGITAL_04,2025-01-16T16:00:00+00:00,2343.42
TXN100935,MERCH_SAAS_02,2025-02-17T05:00:00+00:00,8379.98
TXN100936,MERCH_SAAS_02,2025-02-05T14:00:00+00:00,542.04
TXN100937,MERCH_SAAS_02,2025-02-02T15:00:00+00:00,2499.72
TXN100938,MERCH_RETAIL_01,2025-03-13T20:00:00+00:00,2950.3
TXN100939,MERCH_ECOM_03,2025-01-24T04:00:00+00:00,9027.47
TXN100940,MERCH_RETAIL_01,2025-03-22T18:00:00+00:00,5843.63
TXN100941,MERCH_ECOM_03,2025-06-04T22:00:00+00:00,9122.87
TXN100942,MERCH_ECOM_03,2025-04-17T23:00:00+00:00,794.34
TXN100943,MERCH_SAAS_02,2025-02-04T07:00:00+00:00,4755.71
TXN100944,MERCH_RETAIL_01,2025-01-30T01:00:00+00:00,545.49
TXN100945,MERCH_DIGITAL_04,2025-02-14T12:00:00+00:00,1130.66
TXN100946,MERCH_SAAS_02,2025-01-21T11:00:00+00:00,3837.84
TXN100947,MERCH_ECOM_03,2025-05-31T05:00:00+00:00,4133.95
TXN100948,MERCH_SAAS_02,2025-04-13T10:00:00+00:00,3085.02
TXN100949,MERCH_RETAIL_01,2025-05-11T12:00:00+00:00,880.61
TXN100950,MERCH_ECOM_03,2025-04-19T11:00:00+00:00,3365.86
TXN100951,MERCH_ECOM_03,2025-03-05T00:00:00+00:00,5357.72
TXN100952,MERCH_RETAIL_01,2025-04-23T03:00:00+00:00,2377.6
TXN100953,MERCH_ECOM_03,2025-03-31T17:00:00+00:00,4089.44
TXN100954,MERCH_DIGITAL_04,2025-06-12T08:00:00+00:00,5093.85
TXN100955,MERCH_RETAIL_01,2025-03-15T08:00:00+00:00,4692.53
TXN100956,MERCH_SAAS_02,2025-04-30T01:00:00+00:00,741.23
TXN100957,MERCH_ECOM_03,2025-06-08T23:00:00+00:00,2003.1
TXN100958,MERCH_ECOM_03,2025-05-07T15:00:00+00:00,5048.03
TXN100959,MERCH_RETAIL_01,2025-05-04T22:00:00+00:00,1991.02
TXN100960,MERCH_ECOM_03,2025-05-01T15:00:00+00:00,5317.27
TXN100961,MERCH_RETAIL_01,2025-04-27T00:00:00+00:00,3051.23
TXN100962,MERCH_RETAIL_01,2025-02-28T18:00:00+00:00,2585.61
TXN100963,MERCH_RETAIL_01,2025-05-08T01:00:00+00:00,1743.16
TXN100964,MERCH_SAAS_02,2025-01-07T12:00:00+00:00,3234.01
TXN100965,MERCH_ECOM_03,2025-06-05T21:00:00+00:00,7377.1
TXN100966,MERCH_RETAIL_01,2025-05-20T07:00:00+00:00,2973.35
TXN100967,MERCH_SAAS_02,2025-05-30T11:00:00+00:00,2557.5
TXN100968,MERCH_RETAIL_01,2025-01-14T12:00:00+00:00,1107.01
TXN100969,MERCH_ECOM_03,2025-04-06T05:00:00+00:00,2248.54
TXN100970,MERCH_SAAS_02,2025-01-04T13:00:00+00:00,2894.91
TXN100971,MERCH_SAAS_02,2025-03-20T01:00:00+00:00,4047.58
TXN100972,MERCH_RETAIL_01,2025-04-01T19:00:00+00:00,2146.2
TXN100973,MERCH_DIGITAL_04,2025-04-15T18:00:00+00:00,2482.96
TXN100974,MERCH_SAAS_02,2025-06-08T04:00:00+00:00,3870.74
TXN100975,MERCH_RETAIL_01,2025-06-03T11:00:00+00:00,1541.1
TXN100976,MERCH_RETAIL_01,2025-06-20T14:00:00+00:00,4327.16
TXN100977,MERCH_RETAIL_01,2025-06-08T14:00:00+00:00,2225.73
TXN100978,MERCH_ECOM_03,2025-01-23T06:00:00+00:00,4976.98
TXN100979,MERCH_RETAIL_01,2025-02-11T02:00:00+00:00,2525.39
TXN100980,MERCH_ECOM_03,2025-03-04T07:00:00+00:00,1856.38
TXN100981,MERCH_SAAS_02,2025-01-12T17:00:00+00:00,4292.04
TXN100982,MERCH_SAAS_02,2025-06-22T14:00:00+00:00,2892.02
TXN100983,MERCH_RETAIL_01,2025-02-27T12:00:00+00:00,3499.84
TXN100984,MERCH_DIGITAL_04,2025-01-30T03:00:00+00:00,3409.74
TXN100985,MERCH_RETAIL_01,2025-02-13T23:00:00+00:00,1394.61
TXN100986,MERCH_SAAS_02,2025-04-01T14:00:00+00:00,725.79
TXN100987,MERCH_SAAS_02,2025-01-20T23:00:00+00:00,1293.58
TXN100988,MERCH_SAAS_02,2025-04-19T01:00:00+00:00,1720.57
TXN100989,MERCH_SAAS_02,2025-06-21T16:00:00+00:00,4659.56
TXN100990,MERCH_SAAS_02,2025-02-13T09:00:00+00:00,1792.35
TXN100991,MERCH_ECOM_03,2025-02-01T11:00:00+00:00,3822.05
TXN100992,MERCH_ECOM_03,2025-05-28T09:00:00+00:00,2306.67
TXN100993,MERCH_ECOM_03,2025-04-26T22:00:00+00:00,1565.56
TXN100994,MERCH_SAAS_02,2025-01-05T08:00:00+00:00,1179.44
TXN100995,MERCH_RETAIL_01,2025-01-29T14:00:00+00:00,4795.26
TXN100996,MERCH_ECOM_03,2025-03-27T06:00:00+00:00,1303.13
TXN100997,MERCH_ECOM_03,2025-01-28T23:00:00+00:00,2668.38
TXN100998,MERCH_RETAIL_01,2025-02-20T18:00:00+00:00,5028.14
TXN100999,MERCH_DIGITAL_04,2025-06-16T10:00:00+00:00,635.42
TXN101000,MERCH_SAAS_02,2025-05-25T17:00:00+00:00,681.59
TXN101001,MERCH_DIGITAL_04,2025-03-12T10:00:00+00:00,1912.6
TXN101002,MERCH_SAAS_02,2025-01-14T00:00:00+00:00,4452.26
TXN101003,MERCH_SAAS_02,2025-01-08T23:00:00+00:00,2502.7
TXN101004,MERCH_SAAS_02,2025-02-02T19:00:00+00:00,946.09
TXN101005,MERCH_DIGITAL_04,2025-05-31T16:00:00+00:00,2976.83
TXN101006,MERCH_RETAIL_01,2025-01-06T00:00:00+00:00,1745.39
TXN101007,MERCH_RETAIL_01,2025-05-25T07:00:00+00:00,3761.66
TXN101008,MERCH_SAAS_02,2025-04-11T20:00:00+00:00,894.43
TXN101009,MERCH_ECOM_03,2025-03-04T07:00:00+00:00,2288.99
TXN101010,MERCH_ECOM_03,2025-02-23T09:00:00+00:00,1117.31
TXN101011,MERCH_DIGITAL_04,2025-06-20T18:00:00+00:00,3440.15
TXN101012,MERCH_SAAS_02,2025-03-17T20:00:00+00:00,1750.47
TXN101013,MERCH_SAAS_02,2025-03-06T20:00:00+00:00,2925.25
TXN101014,MERCH_ECOM_03,2025-06-08T20:00:00+00:00,2237.05
TXN101015,MERCH_DIGITAL_04,2025-05-30T09:00:00+00:00,4944.35
TXN101016,MERCH_RETAIL_01,2025-02-18T20:00:00+00:00,4783.09
TXN101017,MERCH_SAAS_02,2025-06-17T22:00:00+00:00,423.76
TXN101018,MERCH_DIGITAL_04,2025-04-14T05:00:00+00:00,1269.54
TXN101019,MERCH_RETAIL_01,2025-06-12T05:00:00+00:00,2345.01
TXN101020,MERCH_ECOM_03,2025-01-26T06:00:00+00:00,350.89
TXN101021,MERCH_RETAIL_01,2025-05-13T01:00:00+00:00,2177.78
TXN101022,MERCH_ECOM_03,2025-05-31T14:00:00+00:00,5819.11
TXN101023,MERCH_SAAS_02,2025-04-24T01:00:00+00:00,776.88
TXN101024,MERCH_RETAIL_01,2025-04-14T10:00:00+00:00,1251.35
TXN101025,MERCH_RETAIL_01,2025-01-06T02:00:00+00:00,2295.76
TXN101026,MERCH_ECOM_03,2025-01-02T06:00:00+00:00,1767.68
TXN101027,MERCH_SAAS_02,2025-06-08T14:00:00+00:00,4142.11
TXN101028,MERCH_RETAIL_01,2025-01-27T23:00:00+00:00,387.46
TXN101029,MERCH_SAAS_02,2025-06-02T04:00:00+00:00,4184.6
TXN101030,MERCH_ECOM_03,2025-06-26T09:00:00+00:00,2658.3
TXN101031,MERCH_SAAS_02,2025-02-23T12:00:00+00:00,1874.11
TXN101032,MERCH_SAAS_02,2025-04-25T08:00:00+00:00,4596.02
TXN101033,MERCH_RETAIL_01,2025-04-28T10:00:00+00:00,1195.31
TXN101034,MERCH_RETAIL_01,2025-03-04T11:00:00+00:00,1719.05
TXN101035,MERCH_SAAS_02,2025-02-22T01:00:00+00:00,380.09
TXN101036,MERCH_SAAS_02,2025-02-20T05:00:00+00:00,1876.05
TXN101037,MERCH_RETAIL_01,2025-03-19T21:00:00+00:00,840.62
TXN101038,MERCH_RETAIL_01,2025-04-12T22:00:00+00:00,1660.98
TXN101039,MERCH_RETAIL_01,2025-03-19T11:00:00+00:00,1103.46
TXN101040,MERCH_RETAIL_01,2025-06-16T03:00:00+00:00,1219.37
TXN101041,MERCH_ECOM_03,2025-06-13T05:00:00+00:00,1610.52
TXN101042,MERCH_RETAIL_01,2025-02-28T05:00:00+00:00,1943.91
TXN101043,MERCH_SAAS_02,2025-05-11T12:00:00+00:00,5733.24
TXN101044,MERCH_DIGITAL_04,2025-01-19T22:00:00+00:00,6224.07
TXN101045,MERCH_ECOM_03,2025-03-19T01:00:00+00:00,1190.79
TXN101046,MERCH_ECOM_03,2025-05-16T21:00:00+00:00,1935.99
TXN101047,MERCH_ECOM_03,2025-04-30T09:00:00+00:00,7228.35
TXN101048,MERCH_RETAIL_01,2025-01-07T16:00:00+00:00,4462.28
TXN101049,MERCH_RETAIL_01,2025-04-19T23:00:00+00:00,4210.95
TXN101050,MERCH_RETAIL_01,2025-01-07T16:00:00+00:00,846.7
TXN101051,MERCH_DIGITAL_04,2025-02-06T01:00:00+00:00,2250.16
TXN101052,MERCH_SAAS_02,2025-05-22T02:00:00+00:00,559.2
TXN101053,MERCH_RETAIL_01,2025-04-12T15:00:00+00:00,2474.67
TXN101054,MERCH_RETAIL_01,2025-04-18T10:00:00+00:00,5067.22
TXN101055,MERCH_SAAS_02,2025-06-19T23:00:00+00:00,2788.37
TXN101056,MERCH_DIGITAL_04,2025-04-06T12:00:00+00:00,1142.31
TXN101057,MERCH_RETAIL_01,2025-05-04T20:00:00+00:00,2090.81
TXN101058,MERCH_RETAIL_01,2025-02-26T18:00:00+00:00,1642.5
TXN101059,MERCH_RETAIL_01,2025-02-01T20:00:00+00:00,750.79
TXN101060,MERCH_ECOM_03,2025-04-01T16:00:00+00:00,3500.94
TXN101061,MERCH_SAAS_02,2025-03-26T17:00:00+00:00,1405.66
TXN101062,MERCH_SAAS_02,2025-04-19T15:00:00+00:00,4778.5
TXN101063,MERCH_SAAS_02,2025-01-20T04:00:00+00:00,2393.46
TXN101064,MERCH_ECOM_03,2025-04-12T02:00:00+00:00,2193.45
TXN101065,MERCH_ECOM_03,2025-06-08T03:00:00+00:00,3050.07
TXN101066,MERCH_SAAS_02,2025-02-11T20:00:00+00:00,2897.87
TXN101067,MERCH_RETAIL_01,2025-04-13T18:00:00+00:00,2130.89
TXN101068,MERCH_SAAS_02,2025-05-15T01:00:00+00:00,361.7
TXN101069,MERCH_SAAS_02,2025-01-05T12:00:00+00:00,1525.63
TXN101070,MERCH_ECOM_03,2025-02-08T14:00:00+00:00,1178.77
TXN101071,MERCH_RETAIL_01,2025-01-25T22:00:00+00:00,2458.61
TXN101072,MERCH_SAAS_02,2025-04-10T00:00:00+00:00,6475.07
TXN101073,MERCH_RETAIL_01,2025-03-11T10:00:00+00:00,3099.07
TXN101074,MERCH_ECOM_03,2025-05-02T17:00:00+00:00,3258.34
TXN101075,MERCH_RETAIL_01,2025-06-03T12:00:00+00:00,2054.42
TXN101076,MERCH_SAAS_02,2025-06-07T06:00:00+00:00,2089.26
TXN101077,MERCH_RETAIL_01,2025-03-09T20:00:00+00:00,1669.44
TXN101078,MERCH_RETAIL_01,2025-06-14T05:00:00+00:00,3173.13
TXN101079,MERCH_SAAS_02,2025-01-02T16:00:00+00:00,1413.06
TXN101080,MERCH_SAAS_02,2025-06-17T21:00:00+00:00,5401.33
TXN101081,MERCH_SAAS_02,2025-04-26T15:00:00+00:00,4458.33
TXN101082,MERCH_SAAS_02,2025-03-31T23:00:00+00:00,1708.84
TXN101083,MERCH_ECOM_03,2025-04-25T08:00:00+00:00,1231.04
TXN101084,MERCH_RETAIL_01,2025-02-23T19:00:00+00:00,3629.35
TXN101085,MERCH_RETAIL_01,2025-02-18T07:00:00+00:00,4039.54
TXN101086,MERCH_RETAIL_01,2025-06-17T02:00:00+00:00,2105.31
TXN101087,MERCH_ECOM_03,2025-02-14T01:00:00+00:00,620.43
TXN101088,MERCH_RETAIL_01,2025-05-12T08:00:00+00:00,2756.21
TXN101089,MERCH_ECOM_03,2025-02-26T18:00:00+00:00,554.31
TXN101090,MERCH_ECOM_03,2025-06-19T21:00:00+00:00,508.76
TXN101091,MERCH_ECOM_03,2025-05-30T15:00:00+00:00,3696.5
TXN101092,MERCH_ECOM_03,2025-04-15T17:00:00+00:00,1267.79
TXN101093,MERCH_SAAS_02,2025-01-16T06:00:00+00:00,4314.83
TXN101094,MERCH_ECOM_03,2025-04-16T09:00:00+00:00,2104.59
TXN101095,MERCH_RETAIL_01,2025-01-08T16:00:00+00:00,7850.85
TXN101096,MERCH_ECOM_03,2025-03-15T16:00:00+00:00,3830.45
TXN101097,MERCH_ECOM_03,2025-04-14T18:00:00+00:00,3306.6
TXN101098,MERCH_SAAS_02,2025-03-03T18:00:00+00:00,2272.06
TXN101099,MERCH_RETAIL_01,2025-05-21T07:00:00+00:00,3184.86
TXN101100,MERCH_ECOM_03,2025-02-23T23:00:00+00:00,3235.56
TXN101101,MERCH_ECOM_03,2025-03-04T17:00:00+00:00,3199.65
TXN101102,MERCH_RETAIL_01,2025-03-15T19:00:00+00:00,1197.39
TXN101103,MERCH_ECOM_03,2025-01-23T17:00:00+00:00,1802.99
TXN101104,MERCH_RETAIL_01,2025-01-13T06:00:00+00:00,1464.43
TXN101105,MERCH_SAAS_02,2025-06-28T07:00:00+00:00,2449.99
TXN101106,MERCH_RETAIL_01,2025-02-19T08:00:00+00:00,2455.78
TXN101107,MERCH_ECOM_03,2025-03-13T00:00:00+00:00,3548.48
TXN101108,MERCH_RETAIL_01,2025-06-28T16:00:00+00:00,2766.4
TXN101109,MERCH_RETAIL_01,2025-06-14T12:00:00+00:00,5410.13
TXN101110,MERCH_RETAIL_01,2025-06-01T18:00:00+00:00,2217.69
TXN101111,MERCH_DIGITAL_04,2025-02-12T12:00:00+00:00,1442.79
TXN101112,MERCH_RETAIL_01,2025-02-04T18:00:00+00:00,5239.97
TXN101113,MERCH_RETAIL_01,2025-04-27T02:00:00+00:00,5214.3
TXN101114,MERCH_RETAIL_01,2025-01-07T10:00:00+00:00,4732.62
TXN101115,MERCH_RETAIL_01,2025-06-12T02:00:00+00:00,2114.56
TXN101116,MERCH_RETAIL_01,2025-04-29T00:00:00+00:00,674.04
TXN101117,MERCH_RETAIL_01,2025-01-13T01:00:00+00:00,8834.07
TXN101118,MERCH_SAAS_02,2025-03-18T02:00:00+00:00,4121.81
TXN101119,MERCH_RETAIL_01,2025-06-22T12:00:00+00:00,1159.05
TXN101120,MERCH_RETAIL_01,2025-05-15T21:00:00+00:00,5755.56
TXN101121,MERCH_ECOM_03,2025-06-20T14:00:00+00:00,2713.59
TXN101122,MERCH_ECOM_03,2025-03-10T01:00:00+00:00,3188.88
TXN101123,MERCH_ECOM_03,2025-05-08T03:00:00+00:00,188.99
TXN101124,MERCH_ECOM_03,2025-04-05T08:00:00+00:00,1169.68
TXN101125,MERCH_RETAIL_01,2025-05-05T11:00:00+00:00,1337.6
TXN101126,MERCH_RETAIL_01,2025-01-20T02:00:00+00:00,2982.63
TXN101127,MERCH_RETAIL_01,2025-05-12T06:00:00+00:00,1737.13
TXN101128,MERCH_RETAIL_01,2025-02-17T09:00:00+00:00,1105.21
TXN101129,MERCH_ECOM_03,2025-01-12T00:00:00+00:00,3624.14
TXN101130,MERCH_SAAS_02,2025-04-17T10:00:00+00:00,3084.15
TXN101131,MERCH_ECOM_03,2025-02-20T11:00:00+00:00,2230.04
TXN101132,MERCH_DIGITAL_04,2025-03-31T00:00:00+00:00,1746.23
TXN101133,MERCH_DIGITAL_04,2025-04-26T08:00:00+00:00,5385.53
TXN101134,MERCH_RETAIL_01,2025-01-24T05:00:00+00:00,2687.45
TXN101135,MERCH_SAAS_02,2025-03-26T18:00:00+00:00,1104.32
TXN101136,MERCH_ECOM_03,2025-05-03T00:00:00+00:00,4584.84
TXN101137,MERCH_RETAIL_01,2025-03-27T22:00:00+00:00,2473.73
TXN101138,MERCH_ECOM_03,2025-01-06T15:00:00+00:00,1922.88
TXN101139,MERCH_ECOM_03,2025-03-14T23:00:00+00:00,7204.09
TXN101140,MERCH_SAAS_02,2025-03-22T08:00:00+00:00,3868.74
TXN101141,MERCH_RETAIL_01,2025-02-08T07:00:00+00:00,4319.94
TXN101142,MERCH_RETAIL_01,2025-06-13T17:00:00+00:00,1754.91
TXN101143,MERCH_RETAIL_01,2025-02-18T21:00:00+00:00,1508.96
TXN101144,MERCH_ECOM_03,2025-02-20T02:00:00+00:00,1947.68
TXN101145,MERCH_ECOM_03,2025-04-10T00:00:00+00:00,3786.27
TXN101146,MERCH_RETAIL_01,2025-04-13T03:00:00+00:00,1698.12
TXN101147,MERCH_RETAIL_01,2025-03-16T05:00:00+00:00,632.42
TXN101148,MERCH_ECOM_03,2025-02-23T20:00:00+00:00,4704.71
TXN101149,MERCH_RETAIL_01,2025-05-02T09:00:00+00:00,2474.59
TXN101150,MERCH_ECOM_03,2025-04-12T01:00:00+00:00,3499.28
TXN101151,MERCH_SAAS_02,2025-03-31T23:00:00+00:00,4577.35
TXN101152,MERCH_SAAS_02,2025-03-13T07:00:00+00:00,2902.95
TXN101153,MERCH_RETAIL_01,2025-02-03T02:00:00+00:00,2187.28
TXN101154,MERCH_SAAS_02,2025-03-17T14:00:00+00:00,2726.32
TXN101155,MERCH_ECOM_03,2025-01-11T09:00:00+00:00,751.15
TXN101156,MERCH_RETAIL_01,2025-05-16T20:00:00+00:00,4080.0
TXN101157,MERCH_DIGITAL_04,2025-02-23T10:00:00+00:00,434.46
TXN101158,MERCH_ECOM_03,2025-04-03T15:00:00+00:00,5324.23
TXN101159,MERCH_DIGITAL_04,2025-04-24T11:00:00+00:00,2907.91
TXN101160,MERCH_SAAS_02,2025-04-19T19:00:00+00:00,3153.06
TXN101161,MERCH_SAAS_02,2025-02-19T12:00:00+00:00,5929.62
TXN101162,MERCH_ECOM_03,2025-01-02T05:00:00+00:00,5377.68
TXN101163,MERCH_ECOM_03,2025-01-30T02:00:00+00:00,896.39
TXN101164,MERCH_SAAS_02,2025-04-04T13:00:00+00:00,2856.88
TXN101165,MERCH_SAAS_02,2025-05-25T20:00:00+00:00,768.33
TXN101166,MERCH_ECOM_03,2025-03-30T17:00:00+00:00,1718.65
TXN101167,MERCH_SAAS_02,2025-02-27T11:00:00+00:00,2973.02
TXN101168,MERCH_RETAIL_01,2025-01-14T05:00:00+00:00,1179.75
TXN101169,MERCH_RETAIL_01,2025-03-11T21:00:00+00:00,2467.62
TXN101170,MERCH_ECOM_03,2025-04-30T01:00:00+00:00,1208.43
TXN101171,MERCH_ECOM_03,2025-03-28T05:00:00+00:00,1876.41
TXN101172,MERCH_ECOM_03,2025-06-24T00:00:00+00:00,5767.11
TXN101173,MERCH_RETAIL_01,2025-03-18T20:00:00+00:00,2542.75
TXN101174,MERCH_RETAIL_01,2025-01-27T05:00:00+00:00,2068.16
TXN101175,MERCH_RETAIL_01,2025-06-09T01:00:00+00:00,3342.03
TXN101176,MERCH_DIGITAL_04,2025-03-11T19:00:00+00:00,4568.1
TXN101177,MERCH_DIGITAL_04,2025-06-14T05:00:00+00:00,5924.2
TXN101178,MERCH_RETAIL_01,2025-01-19T06:00:00+00:00,2482.45
TXN101179,MERCH_SAAS_02,2025-01-16T18:00:00+00:00,2374.39
TXN101180,MERCH_RETAIL_01,2025-01-05T03:00:00+00:00,4871.88
TXN101181,MERCH_RETAIL_01,2025-05-20T01:00:00+00:00,3131.54
TXN101182,MERCH_SAAS_02,2025-04-04T06:00:00+00:00,4042.54
TXN101183,MERCH_RETAIL_01,2025-02-08T02:00:00+00:00,871.95
TXN101184,MERCH_SAAS_02,2025-05-08T14:00:00+00:00,4572.78
TXN101185,MERCH_RETAIL_01,2025-02-14T15:00:00+00:00,729.31
TXN101186,MERCH_DIGITAL_04,2025-04-05T23:00:00+00:00,3301.55
TXN101187,MERCH_SAAS_02,2025-05-01T19:00:00+00:00,4227.56
TXN101188,MERCH_RETAIL_01,2025-03-31T02:00:00+00:00,662.81
TXN101189,MERCH_ECOM_03,2025-03-09T12:00:00+00:00,308.35
TXN101190,MERCH_ECOM_03,2025-04-25T18:00:00+00:00,1472.72
TXN101191,MERCH_RETAIL_01,2025-04-08T05:00:00+00:00,6662.01
TXN101192,MERCH_RETAIL_01,2025-01-05T02:00:00+00:00,1726.45
TXN101193,MERCH_RETAIL_01,2025-04-21T11:00:00+00:00,871.75
TXN101194,MERCH_SAAS_02,2025-06-26T23:00:00+00:00,693.32
TXN101195,MERCH_ECOM_03,2025-02-19T19:00:00+00:00,2379.67
TXN101196,MERCH_RETAIL_01,2025-01-23T14:00:00+00:00,8185.86
TXN101197,MERCH_RETAIL_01,2025-06-20T13:00:00+00:00,3066.08
TXN101198,MERCH_RETAIL_01,2025-04-02T00:00:00+00:00,2921.23
TXN101199,MERCH_RETAIL_01,2025-04-13T01:00:00+00:00,5458.89
TXN101200,MERCH_ECOM_03,2025-02-02T23:00:00+00:00,3515.06
TXN101201,MERCH_ECOM_03,2025-05-06T15:00:00+00:00,1704.23
TXN101202,MERCH_DIGITAL_04,2025-06-09T11:00:00+00:00,4933.36
TXN101203,MERCH_RETAIL_01,2025-02-12T23:00:00+00:00,938.84
TXN101204,MERCH_SAAS_02,2025-02-08T14:00:00+00:00,1854.48
TXN101205,MERCH_RETAIL_01,2025-02-08T19:00:00+00:00,3697.76
TXN101206,MERCH_RETAIL_01,2025-03-01T05:00:00+00:00,1873.61
TXN101207,MERCH_SAAS_02,2025-04-19T01:00:00+00:00,3061.13
TXN101208,MERCH_SAAS_02,2025-06-17T03:00:00+00:00,2523.24
TXN101209,MERCH_ECOM_03,2025-01-19T23:00:00+00:00,1752.83
TXN101210,MERCH_ECOM_03,2025-02-03T23:00:00+00:00,1714.04
TXN101211,MERCH_RETAIL_01,2025-05-17T12:00:00+00:00,1788.37
TXN101212,MERCH_SAAS_02,2025-02-11T17:00:00+00:00,2518.07
TXN101213,MERCH_ECOM_03,2025-03-24T09:00:00+00:00,1827.67
TXN101214,MERCH_RETAIL_01,2025-06-09T02:00:00+00:00,2600.6
TXN101215,MERCH_ECOM_03,2025-03-10T15:00:00+00:00,367.6
TXN101216,MERCH_ECOM_03,2025-04-19T09:00:00+00:00,1412.79
TXN101217,MERCH_RETAIL_01,2025-04-18T18:00:00+00:00,1995.27
TXN101218,MERCH_ECOM_03,2025-02-28T12:00:00+00:00,607.41
TXN101219,MERCH_RETAIL_01,2025-03-24T09:00:00+00:00,4111.53
TXN101220,MERCH_ECOM_03,2025-06-19T15:00:00+00:00,1795.83
TXN101221,MERCH_SAAS_02,2025-05-28T11:00:00+00:00,1731.18
TXN101222,MERCH_ECOM_03,2025-03-11T20:00:00+00:00,3933.53
TXN101223,MERCH_RETAIL_01,2025-03-03T13:00:00+00:00,3450.69
TXN101224,MERCH_RETAIL_01,2025-02-17T21:00:00+00:00,2288.29
TXN101225,MERCH_SAAS_02,2025-03-21T18:00:00+00:00,939.29
TXN101226,MERCH_SAAS_02,2025-06-27T12:00:00+00:00,6161.6
TXN101227,MERCH_RETAIL_01,2025-04-25T06:00:00+00:00,743.32
TXN101228,MERCH_ECOM_03,2025-04-26T10:00:00+00:00,3947.14
TXN101229,MERCH_ECOM_03,2025-03-15T11:00:00+00:00,1700.24
TXN101230,MERCH_ECOM_03,2025-06-09T03:00:00+00:00,2288.26
TXN101231,MERCH_RETAIL_01,2025-02-10T10:00:00+00:00,3898.42
TXN101232,MERCH_DIGITAL_04,2025-02-20T06:00:00+00:00,2155.53
TXN101233,MERCH_RETAIL_01,2025-01-22T16:00:00+00:00,540.7
TXN101234,MERCH_RETAIL_01,2025-01-20T11:00:00+00:00,99.91
TXN101235,MERCH_RETAIL_01,2025-05-09T07:00:00+00:00,255.39
TXN101236,MERCH_RETAIL_01,2025-03-19T21:00:00+00:00,6349.21
TXN101237,MERCH_RETAIL_01,2025-02-16T05:00:00+00:00,1592.18
TXN101238,MERCH_SAAS_02,2025-05-11T01:00:00+00:00,4629.0
TXN101239,MERCH_ECOM_03,2025-05-29T08:00:00+00:00,4214.74
TXN101240,MERCH_ECOM_03,2025-05-19T04:00:00+00:00,5614.0
TXN101241,MERCH_RETAIL_01,2025-02-18T11:00:00+00:00,2466.54
TXN101242,MERCH_SAAS_02,2025-03-15T02:00:00+00:00,1066.08
TXN101243,MERCH_SAAS_02,2025-05-05T18:00:00+00:00,3331.95
TXN101244,MERCH_RETAIL_01,2025-03-18T01:00:00+00:00,1417.91
TXN101245,MERCH_RETAIL_01,2025-06-20T03:00:00+00:00,2511.56
TXN101246,MERCH_RETAIL_01,2025-02-17T12:00:00+00:00,1999.7
TXN101247,MERCH_SAAS_02,2025-01-09T06:00:00+00:00,1832.66
TXN101248,MERCH_RETAIL_01,2025-03-05T02:00:00+00:00,5186.02
TXN101249,MERCH_SAAS_02,2025-01-15T23:00:00+00:00,1234.6
TXN101250,MERCH_RETAIL_01,2025-06-22T02:00:00+00:00,3795.75
TXN101251,MERCH_ECOM_03,2025-03-18T21:00:00+00:00,2339.57
TXN101252,MERCH_SAAS_02,2025-05-09T17:00:00+00:00,1298.85
TXN101253,MERCH_RETAIL_01,2025-04-15T22:00:00+00:00,3842.67
TXN101254,MERCH_RETAIL_01,2025-03-07T08:00:00+00:00,4746.49
TXN101255,MERCH_ECOM_03,2025-03-15T20:00:00+00:00,1340.76
TXN101256,MERCH_RETAIL_01,2025-02-03T00:00:00+00:00,1109.21
TXN101257,MERCH_SAAS_02,2025-02-01T10:00:00+00:00,1764.53
TXN101258,MERCH_RETAIL_01,2025-03-05T06:00:00+00:00,1407.66
TXN101259,MERCH_RETAIL_01,2025-04-21T17:00:00+00:00,5290.05
TXN101260,MERCH_DIGITAL_04,2025-01-10T07:00:00+00:00,1707.08
TXN101261,MERCH_ECOM_03,2025-06-27T17:00:00+00:00,1862.27
TXN101262,MERCH_SAAS_02,2025-05-31T02:00:00+00:00,2484.72
TXN101263,MERCH_ECOM_03,2025-04-15T23:00:00+00:00,2124.63
TXN101264,MERCH_ECOM_03,2025-01-14T23:00:00+00:00,926.17
TXN101265,MERCH_RETAIL_01,2025-02-19T17:00:00+00:00,4350.04
TXN101266,MERCH_ECOM_03,2025-02-11T01:00:00+00:00,4221.36
TXN101267,MERCH_SAAS_02,2025-02-22T04:00:00+00:00,4730.26
TXN101268,MERCH_SAAS_02,2025-06-26T15:00:00+00:00,4844.62
TXN101269,MERCH_ECOM_03,2025-03-16T15:00:00+00:00,3896.18
TXN101270,MERCH_RETAIL_01,2025-02-17T10:00:00+00:00,2218.87
TXN101271,MERCH_SAAS_02,2025-05-07T08:00:00+00:00,2604.03
TXN101272,MERCH_ECOM_03,2025-06-12T14:00:00+00:00,1152.37
TXN101273,MERCH_ECOM_03,2025-05-25T10:00:00+00:00,527.35
TXN101274,MERCH_SAAS_02,2025-01-23T12:00:00+00:00,2791.92
TXN101275,MERCH_ECOM_03,2025-05-27T05:00:00+00:00,1350.2
TXN101276,MERCH_RETAIL_01,2025-04-17T04:00:00+00:00,4135.27
TXN101277,MERCH_RETAIL_01,2025-03-06T22:00:00+00:00,1333.32
TXN101278,MERCH_SAAS_02,2025-03-03T14:00:00+00:00,1730.38
TXN101279,MERCH_RETAIL_01,2025-02-26T09:00:00+00:00,3122.28
TXN101280,MERCH_SAAS_02,2025-05-12T09:00:00+00:00,2647.06
TXN101281,MERCH_RETAIL_01,2025-04-09T10:00:00+00:00,6561.16
TXN101282,MERCH_SAAS_02,2025-02-17T22:00:00+00:00,6268.86
TXN101283,MERCH_DIGITAL_04,2025-05-03T21:00:00+00:00,3957.85
TXN101284,MERCH_RETAIL_01,2025-03-16T14:00:00+00:00,2359.95
TXN101285,MERCH_ECOM_03,2025-04-10T18:00:00+00:00,939.37
TXN101286,MERCH_ECOM_03,2025-04-03T23:00:00+00:00,2369.56
TXN101287,MERCH_ECOM_03,2025-05-28T17:00:00+00:00,2160.83
TXN101288,MERCH_RETAIL_01,2025-05-13T17:00:00+00:00,1243.4
TXN101289,MERCH_RETAIL_01,2025-01-26T15:00:00+00:00,4433.79
TXN101290,MERCH_ECOM_03,2025-01-24T13:00:00+00:00,1015.65
TXN101291,MERCH_RETAIL_01,2025-04-11T13:00:00+00:00,911.48
TXN101292,MERCH_ECOM_03,2025-06-11T22:00:00+00:00,3019.83
TXN101293,MERCH_RETAIL_01,2025-06-26T07:00:00+00:00,2298.82
TXN101294,MERCH_SAAS_02,2025-04-21T16:00:00+00:00,2750.03
TXN101295,MERCH_SAAS_02,2025-02-16T21:00:00+00:00,1717.99
TXN101296,MERCH_SAAS_02,2025-05-28T01:00:00+00:00,927.53
TXN101297,MERCH_ECOM_03,2025-01-20T10:00:00+00:00,1638.39
TXN101298,MERCH_ECOM_03,2025-04-29T20:00:00+00:00,1234.21
TXN101299,MERCH_ECOM_03,2025-03-14T04:00:00+00:00,2120.24
TXN101300,MERCH_RETAIL_01,2025-05-12T10:00:00+00:00,1851.85
TXN101301,MERCH_RETAIL_01,2025-03-14T02:00:00+00:00,2687.89
TXN101302,MERCH_RETAIL_01,2025-05-23T11:00:00+00:00,762.14
TXN101303,MERCH_SAAS_02,2025-05-06T03:00:00+00:00,871.05
TXN101304,MERCH_ECOM_03,2025-06-25T11:00:00+00:00,1808.77
TXN101305,MERCH_ECOM_03,2025-01-08T00:00:00+00:00,2198.43
TXN101306,MERCH_RETAIL_01,2025-03-10T10:00:00+00:00,1714.42
TXN101307,MERCH_RETAIL_01,2025-05-25T08:00:00+00:00,5334.39
TXN101308,MERCH_ECOM_03,2025-04-23T15:00:00+00:00,4556.84
TXN101309,MERCH_RETAIL_01,2025-06-24T19:00:00+00:00,3208.66
TXN101310,MERCH_DIGITAL_04,2025-04-01T04:00:00+00:00,2693.92
TXN101311,MERCH_RETAIL_01,2025-01-19T23:00:00+00:00,3003.0
TXN101312,MERCH_SAAS_02,2025-04-13T06:00:00+00:00,572.69
TXN101313,MERCH_RETAIL_01,2025-02-16T07:00:00+00:00,1735.64
TXN101314,MERCH_ECOM_03,2025-06-03T20:00:00+00:00,446.12
TXN101315,MERCH_RETAIL_01,2025-02-05T17:00:00+00:00,4132.3
TXN101316,MERCH_RETAIL_01,2025-05-10T20:00:00+00:00,1970.01
TXN101317,MERCH_SAAS_02,2025-02-24T05:00:00+00:00,4627.14
TXN101318,MERCH_SAAS_02,2025-05-17T07:00:00+00:00,3630.02
TXN101319,MERCH_RETAIL_01,2025-01-01T03:00:00+00:00,1246.77
TXN101320,MERCH_SAAS_02,2025-05-07T05:00:00+00:00,6167.9
TXN101321,MERCH_RETAIL_01,2025-04-11T17:00:00+00:00,980.35
TXN101322,MERCH_ECOM_03,2025-05-20T08:00:00+00:00,2677.43
TXN101323,MERCH_RETAIL_01,2025-03-01T12:00:00+00:00,307.03
TXN101324,MERCH_SAAS_02,2025-04-20T13:00:00+00:00,268.1
TXN101325,MERCH_RETAIL_01,2025-04-14T08:00:00+00:00,1537.04
TXN101326,MERCH_ECOM_03,2025-06-22T00:00:00+00:00,2059.29
TXN101327,MERCH_RETAIL_01,2025-06-02T14:00:00+00:00,1853.89
TXN101328,MERCH_SAAS_02,2025-03-19T20:00:00+00:00,3896.49
TXN101329,MERCH_RETAIL_01,2025-01-07T22:00:00+00:00,1171.65
TXN101330,MERCH_ECOM_03,2025-03-05T15:00:00+00:00,6584.71
TXN101331,MERCH_RETAIL_01,2025-01-13T11:00:00+00:00,1476.25
TXN101332,MERCH_SAAS_02,2025-06-18T04:00:00+00:00,3277.9
TXN101333,MERCH_SAAS_02,2025-04-08T03:00:00+00:00,1993.82
TXN101334,MERCH_SAAS_02,2025-05-23T13:00:00+00:00,1685.66
TXN101335,MERCH_RETAIL_01,2025-02-19T08:00:00+00:00,3088.3
TXN101336,MERCH_SAAS_02,2025-02-17T04:00:00+00:00,1366.96
TXN101337,MERCH_ECOM_03,2025-06-04T23:00:00+00:00,2722.49
TXN101338,MERCH_SAAS_02,2025-06-08T02:00:00+00:00,3627.13
TXN101339,MERCH_DIGITAL_04,2025-05-27T01:00:00+00:00,1100.0
TXN101340,MERCH_SAAS_02,2025-03-01T15:00:00+00:00,3232.92
TXN101341,MERCH_SAAS_02,2025-03-30T11:00:00+00:00,3214.24
TXN101342,MERCH_RETAIL_01,2025-05-04T18:00:00+00:00,2652.83
TXN101343,MERCH_DIGITAL_04,2025-06-24T21:00:00+00:00,1228.86
TXN101344,MERCH_RETAIL_01,2025-05-23T11:00:00+00:00,1281.87
TXN101345,MERCH_RETAIL_01,2025-04-04T17:00:00+00:00,2431.85
TXN101346,MERCH_RETAIL_01,2025-02-23T21:00:00+00:00,2766.88
TXN101347,MERCH_SAAS_02,2025-05-26T02:00:00+00:00,4200.04
TXN101348,MERCH_DIGITAL_04,2025-04-30T02:00:00+00:00,2891.96
TXN101349,MERCH_ECOM_03,2025-04-08T06:00:00+00:00,883.99
TXN101350,MERCH_RETAIL_01,2025-04-26T07:00:00+00:00,4777.14
TXN101351,MERCH_RETAIL_01,2025-02-14T16:00:00+00:00,215.6
TXN101352,MERCH_SAAS_02,2025-03-31T23:00:00+00:00,4051.11
TXN101353,MERCH_SAAS_02,2025-05-30T04:00:00+00:00,1434.49
TXN101354,MERCH_ECOM_03,2025-05-22T16:00:00+00:00,1539.64
TXN101355,MERCH_RETAIL_01,2025-03-12T16:00:00+00:00,3685.64
TXN101356,MERCH_SAAS_02,2025-06-05T09:00:00+00:00,2037.83
TXN101357,MERCH_ECOM_03,2025-06-10T04:00:00+00:00,713.31
TXN101358,MERCH_ECOM_03,2025-04-20T22:00:00+00:00,1388.83
TXN101359,MERCH_SAAS_02,2025-02-15T22:00:00+00:00,5704.86
TXN101360,MERCH_RETAIL_01,2025-01-04T14:00:00+00:00,3122.44
TXN101361,MERCH_RETAIL_01,2025-05-05T03:00:00+00:00,7063.84
TXN101362,MERCH_RETAIL_01,2025-06-22T11:00:00+00:00,2025.76
TXN101363,MERCH_SAAS_02,2025-05-15T20:00:00+00:00,1552.89
TXN101364,MERCH_ECOM_03,2025-01-05T02:00:00+00:00,1632.02
TXN101365,MERCH_SAAS_02,2025-01-13T09:00:00+00:00,2246.69
TXN101366,MERCH_RETAIL_01,2025-02-10T10:00:00+00:00,3798.88
TXN101367,MERCH_RETAIL_01,2025-05-25T16:00:00+00:00,1177.6
TXN101368,MERCH_SAAS_02,2025-01-31T01:00:00+00:00,2419.96
TXN101369,MERCH_SAAS_02,2025-03-08T22:00:00+00:00,2303.78
TXN101370,MERCH_ECOM_03,2025-06-18T07:00:00+00:00,2199.46
TXN101371,MERCH_ECOM_03,2025-02-05T21:00:00+00:00,1317.91
TXN101372,MERCH_RETAIL_01,2025-06-28T08:00:00+00:00,2384.87
TXN101373,MERCH_RETAIL_01,2025-01-28T01:00:00+00:00,2583.71
TXN101374,MERCH_ECOM_03,2025-04-12T21:00:00+00:00,232.35
TXN101375,MERCH_SAAS_02,2025-06-22T16:00:00+00:00,160.79
TXN101376,MERCH_DIGITAL_04,2025-03-18T14:00:00+00:00,4504.54
TXN101377,MERCH_RETAIL_01,2025-01-28T08:00:00+00:00,1157.56
TXN101378,MERCH_ECOM_03,2025-03-07T05:00:00+00:00,2406.83
TXN101379,MERCH_RETAIL_01,2025-03-22T22:00:00+00:00,431.75
TXN101380,MERCH_SAAS_02,2025-06-01T23:00:00+00:00,2697.24
TXN101381,MERCH_RETAIL_01,2025-04-28T09:00:00+00:00,1907.85
TXN101382,MERCH_SAAS_02,2025-03-31T21:00:00+00:00,687.69
TXN101383,MERCH_RETAIL_01,2025-02-28T08:00:00+00:00,1682.98
TXN101384,MERCH_ECOM_03,2025-05-31T15:00:00+00:00,2149.54
TXN101385,MERCH_SAAS_02,2025-06-11T00:00:00+00:00,2460.31
TXN101386,MERCH_ECOM_03,2025-02-19T07:00:00+00:00,1344.98
TXN101387,MERCH_RETAIL_01,2025-03-27T02:00:00+00:00,1285.26
TXN101388,MERCH_ECOM_03,2025-02-25T05:00:00+00:00,2138.57
TXN101389,MERCH_RETAIL_01,2025-06-02T21:00:00+00:00,3656.49
TXN101390,MERCH_RETAIL_01,2025-01-31T23:00:00+00:00,1459.36
TXN101391,MERCH_RETAIL_01,2025-03-25T08:00:00+00:00,954.28
TXN101392,MERCH_SAAS_02,2025-05-27T19:00:00+00:00,1243.57
TXN101393,MERCH_SAAS_02,2025-03-27T17:00:00+00:00,129.41
TXN101394,MERCH_SAAS_02,2025-01-02T13:00:00+00:00,847.54
TXN101395,MERCH_ECOM_03,2025-05-02T05:00:00+00:00,1539.3
TXN101396,MERCH_RETAIL_01,2025-04-15T11:00:00+00:00,1710.08
TXN101397,MERCH_RETAIL_01,2025-02-26T14:00:00+00:00,2385.34
TXN101398,MERCH_SAAS_02,2025-03-28T09:00:00+00:00,5925.05
TXN101399,MERCH_ECOM_03,2025-01-30T20:00:00+00:00,3353.11
TXN101400,MERCH_ECOM_03,2025-01-27T14:00:00+00:00,5920.52
TXN101401,MERCH_ECOM_03,2025-03-04T07:00:00+00:00,3740.79
TXN101402,MERCH_ECOM_03,2025-04-10T23:00:00+00:00,971.18
TXN101403,MERCH_DIGITAL_04,2025-03-20T06:00:00+00:00,961.85
TXN101404,MERCH_ECOM_03,2025-06-05T08:00:00+00:00,1150.01
TXN101405,MERCH_RETAIL_01,2025-05-19T06:00:00+00:00,654.15
TXN101406,MERCH_ECOM_03,2025-01-12T05:00:00+00:00,841.83
TXN101407,MERCH_SAAS_02,2025-01-02T20:00:00+00:00,1269.21
TXN101408,MERCH_ECOM_03,2025-04-10T20:00:00+00:00,5596.97
TXN101409,MERCH_RETAIL_01,2025-01-23T00:00:00+00:00,1033.55
TXN101410,MERCH_SAAS_02,2025-06-29T09:00:00+00:00,4472.87
TXN101411,MERCH_DIGITAL_04,2025-03-25T03:00:00+00:00,5421.83
TXN101412,MERCH_ECOM_03,2025-05-03T23:00:00+00:00,3721.17
TXN101413,MERCH_RETAIL_01,2025-06-18T17:00:00+00:00,4686.8
TXN101414,MERCH_RETAIL_01,2025-02-14T12:00:00+00:00,2636.04
TXN101415,MERCH_ECOM_03,2025-03-06T02:00:00+00:00,1022.33
TXN101416,MERCH_SAAS_02,2025-05-24T20:00:00+00:00,3161.92
TXN101417,MERCH_RETAIL_01,2025-05-07T00:00:00+00:00,8819.7
TXN101418,MERCH_SAAS_02,2025-06-17T01:00:00+00:00,1993.24
TXN101419,MERCH_ECOM_03,2025-04-29T15:00:00+00:00,3090.5
TXN101420,MERCH_RETAIL_01,2025-05-13T13:00:00+00:00,2007.26
TXN101421,MERCH_SAAS_02,2025-03-02T21:00:00+00:00,341.42
TXN101422,MERCH_ECOM_03,2025-03-30T06:00:00+00:00,3994.44
TXN101423,MERCH_RETAIL_01,2025-03-19T15:00:00+00:00,1201.76
TXN101424,MERCH_RETAIL_01,2025-04-17T10:00:00+00:00,4525.28
TXN101425,MERCH_DIGITAL_04,2025-06-05T17:00:00+00:00,1990.15
TXN101426,MERCH_DIGITAL_04,2025-03-14T03:00:00+00:00,3422.72
TXN101427,MERCH_RETAIL_01,2025-05-02T08:00:00+00:00,3758.51
TXN101428,MERCH_SAAS_02,2025-01-14T16:00:00+00:00,2884.91
TXN101429,MERCH_RETAIL_01,2025-04-12T14:00:00+00:00,3640.29
TXN101430,MERCH_ECOM_03,2025-01-31T10:00:00+00:00,2896.09
TXN101431,MERCH_DIGITAL_04,2025-03-06T00:00:00+00:00,2582.41
TXN101432,MERCH_RETAIL_01,2025-04-19T07:00:00+00:00,4308.72
TXN101433,MERCH_SAAS_02,2025-06-10T10:00:00+00:00,2864.03
TXN101434,MERCH_SAAS_02,2025-03-01T09:00:00+00:00,2661.28
TXN101435,MERCH_DIGITAL_04,2025-05-27T10:00:00+00:00,924.85
TXN101436,MERCH_RETAIL_01,2025-05-05T12:00:00+00:00,1444.96
TXN101437,MERCH_DIGITAL_04,2025-04-10T04:00:00+00:00,2075.53
TXN101438,MERCH_RETAIL_01,2025-02-03T07:00:00+00:00,2036.98
TXN101439,MERCH_DIGITAL_04,2025-01-19T20:00:00+00:00,3880.59
TXN101440,MERCH_RETAIL_01,2025-04-24T00:00:00+00:00,2830.79
TXN101441,MERCH_ECOM_03,2025-01-09T22:00:00+00:00,2184.01
TXN101442,MERCH_ECOM_03,2025-06-21T09:00:00+00:00,3266.36
TXN101443,MERCH_SAAS_02,2025-03-18T20:00:00+00:00,3829.05
TXN101444,MERCH_SAAS_02,2025-02-03T11:00:00+00:00,689.57
TXN101445,MERCH_SAAS_02,2025-02-27T11:00:00+00:00,913.48
TXN101446,MERCH_RETAIL_01,2025-05-17T07:00:00+00:00,2815.61
TXN101447,MERCH_ECOM_03,2025-04-14T12:00:00+00:00,2789.81
TXN101448,MERCH_DIGITAL_04,2025-03-03T23:00:00+00:00,1924.12
TXN101449,MERCH_RETAIL_01,2025-01-13T11:00:00+00:00,4004.03
TXN101450,MERCH_SAAS_02,2025-05-04T06:00:00+00:00,7278.16
TXN101451,MERCH_RETAIL_01,2025-03-16T22:00:00+00:00,767.11
TXN101452,MERCH_RETAIL_01,2025-05-24T05:00:00+00:00,2912.09
TXN101453,MERCH_RETAIL_01,2025-05-12T21:00:00+00:00,6735.45
TXN101454,MERCH_SAAS_02,2025-01-31T17:00:00+00:00,2925.1
TXN101455,MERCH_RETAIL_01,2025-06-08T02:00:00+00:00,749.06
TXN101456,MERCH_RETAIL_01,2025-01-15T22:00:00+00:00,4476.89
TXN101457,MERCH_SAAS_02,2025-05-13T06:00:00+00:00,501.41
TXN101458,MERCH_RETAIL_01,2025-06-06T08:00:00+00:00,2419.84
TXN101459,MERCH_RETAIL_01,2025-03-18T22:00:00+00:00,1779.58
TXN101460,MERCH_RETAIL_01,2025-04-13T22:00:00+00:00,1712.59
TXN101461,MERCH_SAAS_02,2025-03-21T18:00:00+00:00,6479.59
TXN101462,MERCH_RETAIL_01,2025-04-25T14:00:00+00:00,2088.58
TXN101463,MERCH_RETAIL_01,2025-01-01T21:00:00+00:00,1727.82
TXN101464,MERCH_SAAS_02,2025-05-25T13:00:00+00:00,996.63
TXN101465,MERCH_RETAIL_01,2025-05-16T00:00:00+00:00,1730.97
TXN101466,MERCH_SAAS_02,2025-03-07T17:00:00+00:00,2349.67
TXN101467,MERCH_SAAS_02,2025-04-29T23:00:00+00:00,1425.92
TXN101468,MERCH_RETAIL_01,2025-04-06T07:00:00+00:00,2230.75
TXN101469,MERCH_ECOM_03,2025-02-16T12:00:00+00:00,2652.72
TXN101470,MERCH_RETAIL_01,2025-03-03T11:00:00+00:00,2521.07
TXN101471,MERCH_SAAS_02,2025-02-10T15:00:00+00:00,5342.5
TXN101472,MERCH_RETAIL_01,2025-04-28T10:00:00+00:00,4357.84
TXN101473,MERCH_DIGITAL_04,2025-05-02T05:00:00+00:00,1528.2
TXN101474,MERCH_SAAS_02,2025-02-15T07:00:00+00:00,2955.94
TXN101475,MERCH_ECOM_03,2025-02-07T04:00:00+00:00,1016.25
TXN101476,MERCH_DIGITAL_04,2025-02-23T09:00:00+00:00,5267.14
TXN101477,MERCH_ECOM_03,2025-03-26T12:00:00+00:00,3325.5
TXN101478,MERCH_RETAIL_01,2025-06-01T00:00:00+00:00,1127.07
TXN101479,MERCH_RETAIL_01,2025-06-12T18:00:00+00:00,7222.36
TXN101480,MERCH_SAAS_02,2025-06-04T09:00:00+00:00,2619.44
TXN101481,MERCH_ECOM_03,2025-06-03T21:00:00+00:00,3163.12
TXN101482,MERCH_SAAS_02,2025-05-26T06:00:00+00:00,2872.97
TXN101483,MERCH_RETAIL_01,2025-03-01T11:00:00+00:00,3238.93
TXN101484,MERCH_ECOM_03,2025-01-22T17:00:00+00:00,4758.15
TXN101485,MERCH_DIGITAL_04,2025-05-22T15:00:00+00:00,4125.44
TXN101486,MERCH_ECOM_03,2025-02-09T22:00:00+00:00,3515.88
TXN101487,MERCH_ECOM_03,2025-05-16T21:00:00+00:00,2763.06
TXN101488,MERCH_RETAIL_01,2025-06-27T13:00:00+00:00,1028.2
TXN101489,MERCH_ECOM_03,2025-04-19T11:00:00+00:00,3044.55
TXN101490,MERCH_RETAIL_01,2025-01-05T13:00:00+00:00,4849.0
TXN101491,MERCH_RETAIL_01,2025-02-15T07:00:00+00:00,3424.89
TXN101492,MERCH_DIGITAL_04,2025-06-19T22:00:00+00:00,4977.1
TXN101493,MERCH_ECOM_03,2025-04-09T00:00:00+00:00,1404.95
TXN101494,MERCH_ECOM_03,2025-01-11T06:00:00+00:00,3430.56
TXN101495,MERCH_SAAS_02,2025-01-22T12:00:00+00:00,6900.55
TXN101496,MERCH_RETAIL_01,2025-03-18T14:00:00+00:00,3689.94
TXN101497,MERCH_RETAIL_01,2025-03-01T11:00:00+00:00,1344.1
TXN101498,MERCH_RETAIL_01,2025-06-02T00:00:00+00:00,2114.66
TXN101499,MERCH_RETAIL_01,2025-02-14T08:00:00+00:00,3644.8
TXN101500,MERCH_ECOM_03,2025-06-27T23:00:00+00:00,939.9
TXN101501,MERCH_RETAIL_01,2025-04-29T11:00:00+00:00,3396.39
TXN101502,MERCH_RETAIL_01,2025-04-17T06:00:00+00:00,2701.15
TXN101503,MERCH_RETAIL_01,2025-02-13T12:00:00+00:00,2020.24
TXN101504,MERCH_RETAIL_01,2025-06-08T05:00:00+00:00,6227.73
TXN101505,MERCH_SAAS_02,2025-03-17T06:00:00+00:00,2190.03
TXN101506,MERCH_ECOM_03,2025-02-19T20:00:00+00:00,3767.39
TXN101507,MERCH_SAAS_02,2025-04-06T14:00:00+00:00,3277.78
TXN101508,MERCH_SAAS_02,2025-05-22T03:00:00+00:00,3245.02
TXN101509,MERCH_ECOM_03,2025-02-12T12:00:00+00:00,7045.47
TXN101510,MERCH_DIGITAL_04,2025-04-09T14:00:00+00:00,4237.38
TXN101511,MERCH_ECOM_03,2025-06-18T21:00:00+00:00,4359.34
TXN101512,MERCH_RETAIL_01,2025-05-14T06:00:00+00:00,1501.09
TXN101513,MERCH_DIGITAL_04,2025-06-17T18:00:00+00:00,3310.9
TXN101514,MERCH_RETAIL_01,2025-06-22T00:00:00+00:00,1565.82
TXN101515,MERCH_RETAIL_01,2025-02-08T13:00:00+00:00,873.2
TXN101516,MERCH_SAAS_02,2025-06-21T12:00:00+00:00,4302.31
TXN101517,MERCH_ECOM_03,2025-05-23T05:00:00+00:00,10050.32
TXN101518,MERCH_RETAIL_01,2025-05-28T05:00:00+00:00,3645.94
TXN101519,MERCH_RETAIL_01,2025-01-14T23:00:00+00:00,4016.87
TXN101520,MERCH_RETAIL_01,2025-06-23T05:00:00+00:00,7609.9
TXN101521,MERCH_RETAIL_01,2025-05-06T01:00:00+00:00,2563.41
TXN101522,MERCH_ECOM_03,2025-06-20T15:00:00+00:00,1757.58
TXN101523,MERCH_RETAIL_01,2025-05-10T12:00:00+00:00,2341.3
TXN101524,MERCH_RETAIL_01,2025-04-23T13:00:00+00:00,2034.21
TXN101525,MERCH_DIGITAL_04,2025-02-22T15:00:00+00:00,1838.72
TXN101526,MERCH_ECOM_03,2025-01-11T06:00:00+00:00,6559.04
TXN101527,MERCH_SAAS_02,2025-05-30T08:00:00+00:00,4279.04
TXN101528,MERCH_SAAS_02,2025-03-11T16:00:00+00:00,3690.71
TXN101529,MERCH_RETAIL_01,2025-01-07T04:00:00+00:00,2740.68
TXN101530,MERCH_RETAIL_01,2025-04-17T04:00:00+00:00,3323.15
TXN101531,MERCH_SAAS_02,2025-01-28T05:00:00+00:00,3787.31
TXN101532,MERCH_DIGITAL_04,2025-03-12T16:00:00+00:00,5297.16
TXN101533,MERCH_RETAIL_01,2025-02-24T12:00:00+00:00,734.93
TXN101534,MERCH_RETAIL_01,2025-04-11T03:00:00+00:00,1728.98
TXN101535,MERCH_ECOM_03,2025-03-30T19:00:00+00:00,2250.55
TXN101536,MERCH_SAAS_02,2025-04-23T21:00:00+00:00,651.87
TXN101537,MERCH_RETAIL_01,2025-06-27T06:00:00+00:00,653.76
TXN101538,MERCH_RETAIL_01,2025-03-04T13:00:00+00:00,3484.04
TXN101539,MERCH_SAAS_02,2025-02-06T10:00:00+00:00,2299.73
TXN101540,MERCH_RETAIL_01,2025-03-30T14:00:00+00:00,4895.81
TXN101541,MERCH_RETAIL_01,2025-02-06T15:00:00+00:00,3140.16
TXN101542,MERCH_ECOM_03,2025-05-03T20:00:00+00:00,431.62
TXN101543,MERCH_ECOM_03,2025-03-13T19:00:00+00:00,210.08
TXN101544,MERCH_ECOM_03,2025-06-14T20:00:00+00:00,5062.77
TXN101545,MERCH_ECOM_03,2025-04-10T23:00:00+00:00,1889.76
TXN101546,MERCH_SAAS_02,2025-01-07T04:00:00+00:00,2304.43
TXN101547,MERCH_SAAS_02,2025-01-31T22:00:00+00:00,3090.99
TXN101548,MERCH_DIGITAL_04,2025-02-11T12:00:00+00:00,4074.03
TXN101549,MERCH_RETAIL_01,2025-06-27T10:00:00+00:00,2564.32
TXN101550,MERCH_DIGITAL_04,2025-05-22T10:00:00+00:00,2536.65
TXN101551,MERCH_ECOM_03,2025-04-15T11:00:00+00:00,3110.23
TXN101552,MERCH_RETAIL_01,2025-06-02T20:00:00+00:00,2125.55
TXN101553,MERCH_DIGITAL_04,2025-05-21T05:00:00+00:00,617.02
TXN101554,MERCH_SAAS_02,2025-06-11T00:00:00+00:00,2136.75
TXN101555,MERCH_RETAIL_01,2025-03-23T19:00:00+00:00,4360.27
TXN101556,MERCH_SAAS_02,2025-03-31T14:00:00+00:00,1737.44
TXN101557,MERCH_RETAIL_01,2025-04-30T09:00:00+00:00,559.05
TXN101558,MERCH_RETAIL_01,2025-05-09T09:00:00+00:00,1490.0
TXN101559,MERCH_DIGITAL_04,2025-06-03T06:00:00+00:00,2150.81
TXN101560,MERCH_ECOM_03,2025-01-31T00:00:00+00:00,560.89
TXN101561,MERCH_ECOM_03,2025-06-12T21:00:00+00:00,232.67
TXN101562,MERCH_ECOM_03,2025-04-10T03:00:00+00:00,5098.9
TXN101563,MERCH_ECOM_03,2025-03-06T13:00:00+00:00,1047.87
TXN101564,MERCH_SAAS_02,2025-06-03T18:00:00+00:00,2846.92
TXN101565,MERCH_SAAS_02,2025-03-09T23:00:00+00:00,3051.91
TXN101566,MERCH_RETAIL_01,2025-03-08T03:00:00+00:00,2372.39
TXN101567,MERCH_RETAIL_01,2025-04-22T16:00:00+00:00,1139.0
TXN101568,MERCH_ECOM_03,2025-05-10T20:00:00+00:00,856.71
TXN101569,MERCH_RETAIL_01,2025-02-09T18:00:00+00:00,6242.03
TXN101570,MERCH_ECOM_03,2025-05-12T01:00:00+00:00,2247.89
TXN101571,MERCH_ECOM_03,2025-03-05T09:00:00+00:00,2098.37
TXN101572,MERCH_RETAIL_01,2025-06-29T06:00:00+00:00,685.19
TXN101573,MERCH_RETAIL_01,2025-01-14T12:00:00+00:00,1142.14
TXN101574,MERCH_RETAIL_01,2025-05-07T14:00:00+00:00,2765.83
TXN101575,MERCH_SAAS_02,2025-02-17T09:00:00+00:00,2103.89
TXN101576,MERCH_RETAIL_01,2025-06-15T14:00:00+00:00,802.86
TXN101577,MERCH_RETAIL_01,2025-02-20T18:00:00+00:00,3144.31
TXN101578,MERCH_DIGITAL_04,2025-01-19T03:00:00+00:00,8284.69
TXN101579,MERCH_SAAS_02,2025-05-24T06:00:00+00:00,5548.23
TXN101580,MERCH_RETAIL_01,2025-01-07T01:00:00+00:00,3636.79
TXN101581,MERCH_ECOM_03,2025-04-25T10:00:00+00:00,2924.88
TXN101582,MERCH_SAAS_02,2025-06-06T23:00:00+00:00,4069.27
TXN101583,MERCH_ECOM_03,2025-04-07T12:00:00+00:00,4408.15
TXN101584,MERCH_RETAIL_01,2025-03-11T14:00:00+00:00,1019.98
TXN101585,MERCH_SAAS_02,2025-03-13T08:00:00+00:00,4160.74
TXN101586,MERCH_DIGITAL_04,2025-01-24T07:00:00+00:00,1972.28
TXN101587,MERCH_RETAIL_01,2025-06-29T13:00:00+00:00,3087.09
TXN101588,MERCH_RETAIL_01,2025-06-08T13:00:00+00:00,6027.2
TXN101589,MERCH_SAAS_02,2025-04-01T00:00:00+00:00,1240.34
TXN101590,MERCH_RETAIL_01,2025-06-11T07:00:00+00:00,6897.09
TXN101591,MERCH_ECOM_03,2025-02-14T16:00:00+00:00,2069.26
TXN101592,MERCH_RETAIL_01,2025-04-07T18:00:00+00:00,7017.08
TXN101593,MERCH_SAAS_02,2025-04-29T21:00:00+00:00,4635.23
TXN101594,MERCH_RETAIL_01,2025-06-06T00:00:00+00:00,1492.67
TXN101595,MERCH_SAAS_02,2025-04-15T19:00:00+00:00,4185.09
TXN101596,MERCH_ECOM_03,2025-06-12T08:00:00+00:00,1483.21
TXN101597,MERCH_SAAS_02,2025-02-06T02:00:00+00:00,3398.64
TXN101598,MERCH_SAAS_02,2025-04-09T18:00:00+00:00,2011.63
TXN101599,MERCH_RETAIL_01,2025-02-26T16:00:00+00:00,917.83
TXN101600,MERCH_ECOM_03,2025-02-19T17:00:00+00:00,4746.97
TXN101601,MERCH_RETAIL_01,2025-04-18T09:00:00+00:00,3852.2
TXN101602,MERCH_ECOM_03,2025-05-22T22:00:00+00:00,1608.85
TXN101603,MERCH_RETAIL_01,2025-02-24T18:00:00+00:00,902.11
TXN101604,MERCH_DIGITAL_04,2025-05-16T13:00:00+00:00,1308.53
TXN101605,MERCH_RETAIL_01,2025-04-13T06:00:00+00:00,2163.81
TXN101606,MERCH_DIGITAL_04,2025-06-09T00:00:00+00:00,872.64
TXN101607,MERCH_SAAS_02,2025-04-15T00:00:00+00:00,4360.57
TXN101608,MERCH_RETAIL_01,2025-02-22T08:00:00+00:00,4146.91
TXN101609,MERCH_ECOM_03,2025-03-08T08:00:00+00:00,2904.4
TXN101610,MERCH_DIGITAL_04,2025-03-22T03:00:00+00:00,2461.63
TXN101611,MERCH_ECOM_03,2025-06-29T14:00:00+00:00,2717.41
TXN101612,MERCH_ECOM_03,2025-01-04T12:00:00+00:00,2084.78
TXN101613,MERCH_RETAIL_01,2025-04-22T05:00:00+00:00,4068.82
TXN101614,MERCH_ECOM_03,2025-05-12T17:00:00+00:00,1221.67
TXN101615,MERCH_ECOM_03,2025-06-18T00:00:00+00:00,4504.36
TXN101616,MERCH_RETAIL_01,2025-02-26T06:00:00+00:00,607.0
TXN101617,MERCH_ECOM_03,2025-04-10T04:00:00+00:00,923.27
TXN101618,MERCH_RETAIL_01,2025-06-23T09:00:00+00:00,898.05
TXN101619,MERCH_DIGITAL_04,2025-06-26T10:00:00+00:00,2891.08
TXN101620,MERCH_RETAIL_01,2025-05-03T08:00:00+00:00,2908.85
TXN101621,MERCH_RETAIL_01,2025-05-05T15:00:00+00:00,7927.51
TXN101622,MERCH_RETAIL_01,2025-06-04T06:00:00+00:00,653.65
TXN101623,MERCH_RETAIL_01,2025-03-11T20:00:00+00:00,1581.01
TXN101624,MERCH_RETAIL_01,2025-01-12T14:00:00+00:00,2418.69
TXN101625,MERCH_RETAIL_01,2025-06-02T22:00:00+00:00,7045.94
TXN101626,MERCH_SAAS_02,2025-06-15T03:00:00+00:00,752.82
TXN101627,MERCH_RETAIL_01,2025-02-22T20:00:00+00:00,1152.6
TXN101628,MERCH_ECOM_03,2025-01-19T21:00:00+00:00,1790.67
TXN101629,MERCH_DIGITAL_04,2025-02-22T09:00:00+00:00,4035.67
TXN101630,MERCH_RETAIL_01,2025-04-16T15:00:00+00:00,2291.91
TXN101631,MERCH_RETAIL_01,2025-05-15T07:00:00+00:00,881.01
TXN101632,MERCH_RETAIL_01,2025-06-02T16:00:00+00:00,4291.75
TXN101633,MERCH_ECOM_03,2025-06-12T12:00:00+00:00,6139.54
TXN101634,MERCH_ECOM_03,2025-02-23T05:00:00+00:00,2074.66
TXN101635,MERCH_ECOM_03,2025-04-18T16:00:00+00:00,3003.98
TXN101636,MERCH_SAAS_02,2025-06-04T00:00:00+00:00,1414.04
TXN101637,MERCH_ECOM_03,2025-05-18T19:00:00+00:00,2078.5
TXN101638,MERCH_RETAIL_01,2025-05-12T00:00:00+00:00,2641.07
TXN101639,MERCH_DIGITAL_04,2025-02-11T03:00:00+00:00,6601.76
TXN101640,MERCH_RETAIL_01,2025-04-27T08:00:00+00:00,2696.31
TXN101641,MERCH_ECOM_03,2025-06-07T21:00:00+00:00,4213.57
TXN101642,MERCH_ECOM_03,2025-01-18T07:00:00+00:00,5681.29
TXN101643,MERCH_DIGITAL_04,2025-06-25T03:00:00+00:00,1865.85
TXN101644,MERCH_SAAS_02,2025-05-19T13:00:00+00:00,695.11
TXN101645,MERCH_RETAIL_01,2025-04-06T17:00:00+00:00,270.0
TXN101646,MERCH_SAAS_02,2025-05-05T21:00:00+00:00,1262.63
TXN101647,MERCH_SAAS_02,2025-05-08T06:00:00+00:00,2148.75
TXN101648,MERCH_RETAIL_01,2025-05-17T08:00:00+00:00,1430.76
TXN101649,MERCH_RETAIL_01,2025-01-29T04:00:00+00:00,1899.25
TXN101650,MERCH_RETAIL_01,2025-02-02T07:00:00+00:00,2129.28
TXN101651,MERCH_ECOM_03,2025-06-28T12:00:00+00:00,3029.51
TXN101652,MERCH_RETAIL_01,2025-01-30T16:00:00+00:00,890.03
TXN101653,MERCH_RETAIL_01,2025-04-25T15:00:00+00:00,2050.91
TXN101654,MERCH_RETAIL_01,2025-05-27T03:00:00+00:00,1612.07
TXN101655,MERCH_RETAIL_01,2025-03-27T14:00:00+00:00,2794.38
TXN101656,MERCH_ECOM_03,2025-05-06T16:00:00+00:00,1002.16
TXN101657,MERCH_RETAIL_01,2025-06-27T17:00:00+00:00,3260.2
TXN101658,MERCH_RETAIL_01,2025-02-10T09:00:00+00:00,1855.79
TXN101659,MERCH_DIGITAL_04,2025-05-03T06:00:00+00:00,2242.05
TXN101660,MERCH_SAAS_02,2025-05-29T08:00:00+00:00,1195.68
TXN101661,MERCH_RETAIL_01,2025-03-20T19:00:00+00:00,1746.52
TXN101662,MERCH_RETAIL_01,2025-02-24T03:00:00+00:00,1842.73
TXN101663,MERCH_ECOM_03,2025-05-13T08:00:00+00:00,2888.46
TXN101664,MERCH_SAAS_02,2025-04-20T14:00:00+00:00,1457.76
TXN101665,MERCH_RETAIL_01,2025-01-22T22:00:00+00:00,5583.63
TXN101666,MERCH_RETAIL_01,2025-03-14T17:00:00+00:00,374.91
TXN101667,MERCH_SAAS_02,2025-02-24T14:00:00+00:00,7650.62
TXN101668,MERCH_RETAIL_01,2025-01-26T14:00:00+00:00,637.31
TXN101669,MERCH_RETAIL_01,2025-05-20T16:00:00+00:00,931.55
TXN101670,MERCH_RETAIL_01,2025-03-02T03:00:00+00:00,2136.93
TXN101671,MERCH_SAAS_02,2025-03-25T14:00:00+00:00,1649.59
TXN101672,MERCH_RETAIL_01,2025-05-14T21:00:00+00:00,3079.44
TXN101673,MERCH_RETAIL_01,2025-05-24T09:00:00+00:00,1090.17
TXN101674,MERCH_RETAIL_01,2025-02-23T14:00:00+00:00,2276.58
TXN101675,MERCH_RETAIL_01,2025-06-16T07:00:00+00:00,1315.79
TXN101676,MERCH_RETAIL_01,2025-01-25T22:00:00+00:00,851.83
TXN101677,MERCH_RETAIL_01,2025-01-08T16:00:00+00:00,2362.35
TXN101678,MERCH_RETAIL_01,2025-05-24T05:00:00+00:00,3448.32
TXN101679,MERCH_RETAIL_01,2025-05-01T13:00:00+00:00,1126.12
TXN101680,MERCH_RETAIL_01,2025-06-10T20:00:00+00:00,1621.87
TXN101681,MERCH_SAAS_02,2025-02-22T13:00:00+00:00,2044.21
TXN101682,MERCH_RETAIL_01,2025-02-18T00:00:00+00:00,2304.47
TXN101683,MERCH_SAAS_02,2025-01-27T00:00:00+00:00,3856.81
TXN101684,MERCH_RETAIL_01,2025-04-07T01:00:00+00:00,2660.59
TXN101685,MERCH_DIGITAL_04,2025-02-20T03:00:00+00:00,2249.49
TXN101686,MERCH_RETAIL_01,2025-02-21T09:00:00+00:00,1074.84
TXN101687,MERCH_RETAIL_01,2025-02-13T18:00:00+00:00,1932.78
TXN101688,MERCH_ECOM_03,2025-04-25T12:00:00+00:00,1101.11
TXN101689,MERCH_DIGITAL_04,2025-01-17T06:00:00+00:00,1501.75
TXN101690,MERCH_ECOM_03,2025-05-20T19:00:00+00:00,661.14
TXN101691,MERCH_ECOM_03,2025-02-12T05:00:00+00:00,6441.59
TXN101692,MERCH_ECOM_03,2025-01-25T04:00:00+00:00,1861.81
TXN101693,MERCH_SAAS_02,2025-01-23T12:00:00+00:00,4524.35
TXN101694,MERCH_RETAIL_01,2025-03-21T03:00:00+00:00,1436.17
TXN101695,MERCH_SAAS_02,2025-06-09T13:00:00+00:00,2018.63
TXN101696,MERCH_ECOM_03,2025-03-03T07:00:00+00:00,7677.4
TXN101697,MERCH_ECOM_03,2025-02-02T12:00:00+00:00,697.32
TXN101698,MERCH_RETAIL_01,2025-05-29T03:00:00+00:00,2421.26
TXN101699,MERCH_DIGITAL_04,2025-06-08T17:00:00+00:00,2850.61
TXN101700,MERCH_RETAIL_01,2025-06-21T11:00:00+00:00,760.88
TXN101701,MERCH_RETAIL_01,2025-01-04T18:00:00+00:00,1997.64
TXN101702,MERCH_ECOM_03,2025-03-09T21:00:00+00:00,4747.05
TXN101703,MERCH_DIGITAL_04,2025-05-11T15:00:00+00:00,2020.08
TXN101704,MERCH_SAAS_02,2025-04-04T20:00:00+00:00,3904.68
TXN101705,MERCH_RETAIL_01,2025-04-05T04:00:00+00:00,2463.15
TXN101706,MERCH_ECOM_03,2025-03-01T16:00:00+00:00,2762.16
TXN101707,MERCH_ECOM_03,2025-04-23T19:00:00+00:00,1467.42
TXN101708,MERCH_RETAIL_01,2025-05-27T18:00:00+00:00,1501.52
TXN101709,MERCH_DIGITAL_04,2025-01-28T11:00:00+00:00,3561.07
TXN101710,MERCH_SAAS_02,2025-02-16T11:00:00+00:00,1571.44
TXN101711,MERCH_RETAIL_01,2025-03-02T22:00:00+00:00,269.24
TXN101712,MERCH_SAAS_02,2025-04-23T23:00:00+00:00,3072.29
TXN101713,MERCH_RETAIL_01,2025-04-17T12:00:00+00:00,3544.87
TXN101714,MERCH_SAAS_02,2025-04-25T10:00:00+00:00,2664.16
TXN101715,MERCH_ECOM_03,2025-02-02T00:00:00+00:00,1368.88
TXN101716,MERCH_RETAIL_01,2025-01-06T20:00:00+00:00,783.97
TXN101717,MERCH_DIGITAL_04,2025-02-24T21:00:00+00:00,1370.35
TXN101718,MERCH_RETAIL_01,2025-06-24T12:00:00+00:00,3567.85
TXN101719,MERCH_RETAIL_01,2025-06-08T14:00:00+00:00,4882.96
TXN101720,MERCH_RETAIL_01,2025-01-25T22:00:00+00:00,2294.76
TXN101721,MERCH_SAAS_02,2025-02-07T22:00:00+00:00,2668.79
TXN101722,MERCH_SAAS_02,2025-03-13T02:00:00+00:00,3835.48
TXN101723,MERCH_ECOM_03,2025-04-02T13:00:00+00:00,2465.06
TXN101724,MERCH_RETAIL_01,2025-02-10T09:00:00+00:00,1317.6
TXN101725,MERCH_RETAIL_01,2025-02-28T17:00:00+00:00,2171.01
TXN101726,MERCH_ECOM_03,2025-05-12T16:00:00+00:00,1027.01
TXN101727,MERCH_SAAS_02,2025-04-02T20:00:00+00:00,1948.08
TXN101728,MERCH_RETAIL_01,2025-04-02T00:00:00+00:00,603.06
TXN101729,MERCH_RETAIL_01,2025-01-24T09:00:00+00:00,1965.48
TXN101730,MERCH_RETAIL_01,2025-06-28T07:00:00+00:00,1136.04
TXN101731,MERCH_RETAIL_01,2025-04-23T21:00:00+00:00,699.27
TXN101732,MERCH_ECOM_03,2025-04-29T01:00:00+00:00,6600.19
TXN101733,MERCH_RETAIL_01,2025-05-06T19:00:00+00:00,1296.8
TXN101734,MERCH_ECOM_03,2025-02-22T12:00:00+00:00,813.57
TXN101735,MERCH_RETAIL_01,2025-06-10T08:00:00+00:00,2443.65
TXN101736,MERCH_ECOM_03,2025-04-17T07:00:00+00:00,3259.54
TXN101737,MERCH_SAAS_02,2025-01-23T05:00:00+00:00,2111.71
TXN101738,MERCH_RETAIL_01,2025-06-14T03:00:00+00:00,4986.03
TXN101739,MERCH_DIGITAL_04,2025-02-12T13:00:00+00:00,4039.81
TXN101740,MERCH_ECOM_03,2025-04-10T14:00:00+00:00,656.53
TXN101741,MERCH_SAAS_02,2025-05-30T18:00:00+00:00,1890.07
TXN101742,MERCH_RETAIL_01,2025-01-25T12:00:00+00:00,6258.62
TXN101743,MERCH_DIGITAL_04,2025-06-22T06:00:00+00:00,1772.82
TXN101744,MERCH_ECOM_03,2025-03-27T00:00:00+00:00,1177.33
TXN101745,MERCH_SAAS_02,2025-01-13T10:00:00+00:00,3827.78
TXN101746,MERCH_RETAIL_01,2025-04-21T19:00:00+00:00,2799.11
TXN101747,MERCH_DIGITAL_04,2025-05-30T12:00:00+00:00,2199.41
TXN101748,MERCH_RETAIL_01,2025-01-26T22:00:00+00:00,991.01
TXN101749,MERCH_ECOM_03,2025-05-13T08:00:00+00:00,4342.13
TXN101750,MERCH_SAAS_02,2025-05-18T08:00:00+00:00,1856.41
TXN101751,MERCH_RETAIL_01,2025-01-30T06:00:00+00:00,1005.47
TXN101752,MERCH_ECOM_03,2025-04-23T10:00:00+00:00,1596.67
TXN101753,MERCH_DIGITAL_04,2025-05-09T14:00:00+00:00,1614.4
TXN101754,MERCH_RETAIL_01,2025-04-18T09:00:00+00:00,4380.71
TXN101755,MERCH_RETAIL_01,2025-05-29T16:00:00+00:00,1173.29
TXN101756,MERCH_RETAIL_01,2025-06-04T16:00:00+00:00,1981.97
TXN101757,MERCH_ECOM_03,2025-01-21T23:00:00+00:00,6633.67
TXN101758,MERCH_ECOM_03,2025-02-14T04:00:00+00:00,2832.13
TXN101759,MERCH_ECOM_03,2025-04-26T21:00:00+00:00,1699.44
TXN101760,MERCH_ECOM_03,2025-06-17T10:00:00+00:00,3532.89
TXN101761,MERCH_SAAS_02,2025-05-14T14:00:00+00:00,1870.82
TXN101762,MERCH_RETAIL_01,2025-05-20T00:00:00+00:00,4682.33
TXN101763,MERCH_RETAIL_01,2025-02-19T07:00:00+00:00,2822.94
TXN101764,MERCH_ECOM_03,2025-06-07T17:00:00+00:00,1707.32
TXN101765,MERCH_ECOM_03,2025-02-07T12:00:00+00:00,2568.66
TXN101766,MERCH_ECOM_03,2025-05-03T20:00:00+00:00,1426.28
TXN101767,MERCH_RETAIL_01,2025-04-18T06:00:00+00:00,2893.45
TXN101768,MERCH_ECOM_03,2025-06-25T06:00:00+00:00,1079.81
TXN101769,MERCH_DIGITAL_04,2025-02-05T18:00:00+00:00,976.54
TXN101770,MERCH_RETAIL_01,2025-06-09T15:00:00+00:00,356.12
TXN101771,MERCH_RETAIL_01,2025-05-07T04:00:00+00:00,3892.19
TXN101772,MERCH_SAAS_02,2025-03-16T02:00:00+00:00,460.97
TXN101773,MERCH_ECOM_03,2025-05-03T10:00:00+00:00,4831.5
TXN101774,MERCH_SAAS_02,2025-02-06T02:00:00+00:00,2551.78
TXN101775,MERCH_ECOM_03,2025-03-14T10:00:00+00:00,862.56
TXN101776,MERCH_SAAS_02,2025-04-18T23:00:00+00:00,3824.79
TXN101777,MERCH_RETAIL_01,2025-05-29T07:00:00+00:00,4267.58
TXN101778,MERCH_SAAS_02,2025-02-11T08:00:00+00:00,2669.17
TXN101779,MERCH_ECOM_03,2025-04-07T05:00:00+00:00,2442.79
TXN101780,MERCH_RETAIL_01,2025-03-05T06:00:00+00:00,1996.59
TXN101781,MERCH_RETAIL_01,2025-05-01T05:00:00+00:00,386.96
TXN101782,MERCH_RETAIL_01,2025-01-08T10:00:00+00:00,927.4
TXN101783,MERCH_SAAS_02,2025-01-25T03:00:00+00:00,1832.76
TXN101784,MERCH_RETAIL_01,2025-03-20T05:00:00+00:00,3306.94
TXN101785,MERCH_RETAIL_01,2025-03-07T20:00:00+00:00,6257.15
TXN101786,MERCH_SAAS_02,2025-06-24T02:00:00+00:00,1262.06
TXN101787,MERCH_ECOM_03,2025-06-05T15:00:00+00:00,3151.19
TXN101788,MERCH_RETAIL_01,2025-03-04T11:00:00+00:00,1713.0
TXN101789,MERCH_RETAIL_01,2025-03-19T17:00:00+00:00,3825.7
TXN101790,MERCH_ECOM_03,2025-03-03T18:00:00+00:00,5083.78
TXN101791,MERCH_DIGITAL_04,2025-04-20T05:00:00+00:00,850.29
TXN101792,MERCH_RETAIL_01,2025-04-13T03:00:00+00:00,498.35
TXN101793,MERCH_RETAIL_01,2025-02-13T14:00:00+00:00,810.48
TXN101794,MERCH_SAAS_02,2025-06-11T20:00:00+00:00,347.05
TXN101795,MERCH_ECOM_03,2025-02-08T01:00:00+00:00,3649.97
TXN101796,MERCH_SAAS_02,2025-02-02T11:00:00+00:00,1321.26
TXN101797,MERCH_RETAIL_01,2025-06-25T23:00:00+00:00,3585.42
TXN101798,MERCH_SAAS_02,2025-01-01T02:00:00+00:00,1767.88
TXN101799,MERCH_RETAIL_01,2025-03-27T23:00:00+00:00,558.97
TXN101800,MERCH_RETAIL_01,2025-06-26T07:00:00+00:00,2024.3
TXN101801,MERCH_SAAS_02,2025-02-04T04:00:00+00:00,624.9
TXN101802,MERCH_DIGITAL_04,2025-06-08T17:00:00+00:00,4736.14
TXN101803,MERCH_DIGITAL_04,2025-02-13T06:00:00+00:00,318.02
TXN101804,MERCH_SAAS_02,2025-01-15T19:00:00+00:00,5038.92
TXN101805,MERCH_DIGITAL_04,2025-01-24T19:00:00+00:00,4153.9
TXN101806,MERCH_RETAIL_01,2025-03-24T13:00:00+00:00,6803.94
TXN101807,MERCH_RETAIL_01,2025-02-06T09:00:00+00:00,801.05
TXN101808,MERCH_SAAS_02,2025-06-02T18:00:00+00:00,1606.76
TXN101809,MERCH_RETAIL_01,2025-06-04T08:00:00+00:00,783.77
TXN101810,MERCH_RETAIL_01,2025-04-11T20:00:00+00:00,1026.56
TXN101811,MERCH_DIGITAL_04,2025-01-19T06:00:00+00:00,3125.09
TXN101812,MERCH_DIGITAL_04,2025-03-03T15:00:00+00:00,1209.41
TXN101813,MERCH_RETAIL_01,2025-06-19T09:00:00+00:00,1813.58
TXN101814,MERCH_SAAS_02,2025-03-08T07:00:00+00:00,2269.18
TXN101815,MERCH_RETAIL_01,2025-03-13T15:00:00+00:00,2731.78
TXN101816,MERCH_RETAIL_01,2025-02-02T17:00:00+00:00,1649.88
TXN101817,MERCH_RETAIL_01,2025-03-22T06:00:00+00:00,2035.13
TXN101818,MERCH_ECOM_03,2025-04-26T14:00:00+00:00,2024.54
TXN101819,MERCH_RETAIL_01,2025-01-15T10:00:00+00:00,2782.43
TXN101820,MERCH_ECOM_03,2025-01-13T15:00:00+00:00,4074.17
TXN101821,MERCH_RETAIL_01,2025-03-17T08:00:00+00:00,1463.58
TXN101822,MERCH_ECOM_03,2025-06-02T20:00:00+00:00,844.91
TXN101823,MERCH_RETAIL_01,2025-03-17T21:00:00+00:00,3372.77
TXN101824,MERCH_SAAS_02,2025-05-26T10:00:00+00:00,1649.14
TXN101825,MERCH_DIGITAL_04,2025-05-10T08:00:00+00:00,3451.75
TXN101826,MERCH_RETAIL_01,2025-03-13T17:00:00+00:00,6988.46
TXN101827,MERCH_ECOM_03,2025-03-28T07:00:00+00:00,1418.25
TXN101828,MERCH_RETAIL_01,2025-04-26T08:00:00+00:00,3253.57
TXN101829,MERCH_DIGITAL_04,2025-05-01T06:00:00+00:00,2581.34
TXN101830,MERCH_DIGITAL_04,2025-05-05T18:00:00+00:00,4859.75
TXN101831,MERCH_DIGITAL_04,2025-01-15T10:00:00+00:00,2976.41
TXN101832,MERCH_ECOM_03,2025-02-01T08:00:00+00:00,6590.12
TXN101833,MERCH_RETAIL_01,2025-02-10T03:00:00+00:00,1428.97
TXN101834,MERCH_RETAIL_01,2025-04-15T23:00:00+00:00,2541.32
TXN101835,MERCH_DIGITAL_04,2025-05-18T20:00:00+00:00,864.55
TXN101836,MERCH_RETAIL_01,2025-04-11T06:00:00+00:00,4277.19
TXN101837,MERCH_SAAS_02,2025-06-02T14:00:00+00:00,2509.07
TXN101838,MERCH_RETAIL_01,2025-04-27T01:00:00+00:00,2494.41
TXN101839,MERCH_DIGITAL_04,2025-05-21T03:00:00+00:00,2352.88
TXN101840,MERCH_ECOM_03,2025-04-02T21:00:00+00:00,744.25
TXN101841,MERCH_SAAS_02,2025-01-30T15:00:00+00:00,2057.39
TXN101842,MERCH_ECOM_03,2025-04-08T16:00:00+00:00,2219.97
TXN101843,MERCH_RETAIL_01,2025-03-22T11:00:00+00:00,2685.14
TXN101844,MERCH_ECOM_03,2025-02-20T19:00:00+00:00,4623.49
TXN101845,MERCH_SAAS_02,2025-02-17T18:00:00+00:00,3308.6
TXN101846,MERCH_ECOM_03,2025-02-27T10:00:00+00:00,3932.93
TXN101847,MERCH_ECOM_03,2025-04-29T14:00:00+00:00,3509.43
TXN101848,MERCH_SAAS_02,2025-04-20T04:00:00+00:00,886.33
TXN101849,MERCH_SAAS_02,2025-01-02T11:00:00+00:00,2388.19
TXN101850,MERCH_ECOM_03,2025-01-21T19:00:00+00:00,4359.53
TXN101851,MERCH_SAAS_02,2025-01-19T21:00:00+00:00,1654.73
TXN101852,MERCH_RETAIL_01,2025-05-13T11:00:00+00:00,3786.55
TXN101853,MERCH_RETAIL_01,2025-04-27T14:00:00+00:00,8241.97
TXN101854,MERCH_SAAS_02,2025-05-17T02:00:00+00:00,4535.98
TXN101855,MERCH_RETAIL_01,2025-03-22T07:00:00+00:00,752.26
TXN101856,MERCH_ECOM_03,2025-03-05T21:00:00+00:00,4475.21
TXN101857,MERCH_RETAIL_01,2025-04-28T01:00:00+00:00,4929.29
TXN101858,MERCH_RETAIL_01,2025-05-08T15:00:00+00:00,4029.69
TXN101859,MERCH_RETAIL_01,2025-04-11T21:00:00+00:00,455.22
TXN101860,MERCH_SAAS_02,2025-03-16T10:00:00+00:00,2796.09
TXN101861,MERCH_RETAIL_01,2025-05-02T04:00:00+00:00,3382.96
TXN101862,MERCH_SAAS_02,2025-06-19T22:00:00+00:00,1246.41
TXN101863,MERCH_RETAIL_01,2025-01-02T11:00:00+00:00,443.27
TXN101864,MERCH_RETAIL_01,2025-06-05T14:00:00+00:00,2236.64
TXN101865,MERCH_RETAIL_01,2025-04-01T17:00:00+00:00,978.46
TXN101866,MERCH_RETAIL_01,2025-01-26T10:00:00+00:00,2255.99
TXN101867,MERCH_SAAS_02,2025-03-11T03:00:00+00:00,4859.81
TXN101868,MERCH_SAAS_02,2025-05-03T13:00:00+00:00,2774.88
TXN101869,MERCH_SAAS_02,2025-06-11T21:00:00+00:00,1896.5
TXN101870,MERCH_SAAS_02,2025-04-09T06:00:00+00:00,7396.35
TXN101871,MERCH_SAAS_02,2025-05-28T15:00:00+00:00,2834.99
TXN101872,MERCH_ECOM_03,2025-03-07T20:00:00+00:00,2092.2
TXN101873,MERCH_SAAS_02,2025-01-31T14:00:00+00:00,1320.2
TXN101874,MERCH_RETAIL_01,2025-05-24T04:00:00+00:00,3221.23
TXN101875,MERCH_ECOM_03,2025-04-18T01:00:00+00:00,2188.29
TXN101876,MERCH_ECOM_03,2025-06-04T08:00:00+00:00,1701.93
TXN101877,MERCH_ECOM_03,2025-03-26T00:00:00+00:00,1056.09
TXN101878,MERCH_RETAIL_01,2025-02-04T10:00:00+00:00,4223.78
TXN101879,MERCH_RETAIL_01,2025-04-17T11:00:00+00:00,868.31
TXN101880,MERCH_DIGITAL_04,2025-03-18T06:00:00+00:00,613.59
TXN101881,MERCH_DIGITAL_04,2025-06-08T08:00:00+00:00,4449.4
TXN101882,MERCH_RETAIL_01,2025-06-28T07:00:00+00:00,4340.23
TXN101883,MERCH_SAAS_02,2025-02-19T02:00:00+00:00,2929.29
TXN101884,MERCH_RETAIL_01,2025-05-07T23:00:00+00:00,277.69
TXN101885,MERCH_DIGITAL_04,2025-02-13T07:00:00+00:00,1988.56
TXN101886,MERCH_ECOM_03,2025-01-25T19:00:00+00:00,1361.49
TXN101887,MERCH_RETAIL_01,2025-03-25T09:00:00+00:00,1813.64
TXN101888,MERCH_RETAIL_01,2025-05-26T22:00:00+00:00,1251.76
TXN101889,MERCH_SAAS_02,2025-03-20T11:00:00+00:00,2226.88
TXN101890,MERCH_ECOM_03,2025-06-18T07:00:00+00:00,2348.63
TXN101891,MERCH_RETAIL_01,2025-03-12T06:00:00+00:00,1611.54
TXN101892,MERCH_RETAIL_01,2025-03-31T13:00:00+00:00,1663.15
TXN101893,MERCH_ECOM_03,2025-03-14T17:00:00+00:00,7119.17
TXN101894,MERCH_RETAIL_01,2025-04-18T23:00:00+00:00,2691.6
TXN101895,MERCH_RETAIL_01,2025-05-08T05:00:00+00:00,5596.97
TXN101896,MERCH_RETAIL_01,2025-05-29T17:00:00+00:00,3810.96
TXN101897,MERCH_SAAS_02,2025-05-09T06:00:00+00:00,1848.33
TXN101898,MERCH_ECOM_03,2025-05-02T08:00:00+00:00,1689.42
TXN101899,MERCH_SAAS_02,2025-03-25T11:00:00+00:00,1601.12
TXN101900,MERCH_RETAIL_01,2025-05-10T07:00:00+00:00,4927.12
TXN101901,MERCH_SAAS_02,2025-01-25T14:00:00+00:00,1696.39
TXN101902,MERCH_RETAIL_01,2025-05-05T03:00:00+00:00,3426.75
TXN101903,MERCH_SAAS_02,2025-04-02T01:00:00+00:00,4105.93
TXN101904,MERCH_ECOM_03,2025-03-11T13:00:00+00:00,1284.03
TXN101905,MERCH_SAAS_02,2025-02-08T17:00:00+00:00,4304.94
TXN101906,MERCH_RETAIL_01,2025-03-26T01:00:00+00:00,541.84
TXN101907,MERCH_RETAIL_01,2025-05-29T15:00:00+00:00,4002.64
TXN101908,MERCH_DIGITAL_04,2025-04-15T16:00:00+00:00,8286.56
TXN101909,MERCH_ECOM_03,2025-05-08T09:00:00+00:00,2660.17
TXN101910,MERCH_ECOM_03,2025-03-18T04:00:00+00:00,3005.31
TXN101911,MERCH_DIGITAL_04,2025-02-16T16:00:00+00:00,4508.11
TXN101912,MERCH_RETAIL_01,2025-06-02T06:00:00+00:00,2267.69
TXN101913,MERCH_ECOM_03,2025-03-10T02:00:00+00:00,2190.89
TXN101914,MERCH_ECOM_03,2025-06-06T06:00:00+00:00,2953.54
TXN101915,MERCH_SAAS_02,2025-01-17T21:00:00+00:00,4113.71
TXN101916,MERCH_RETAIL_01,2025-03-19T16:00:00+00:00,2215.76
TXN101917,MERCH_SAAS_02,2025-01-16T20:00:00+00:00,2068.44
TXN101918,MERCH_ECOM_03,2025-06-02T13:00:00+00:00,416.84
TXN101919,MERCH_RETAIL_01,2025-06-13T14:00:00+00:00,3553.78
TXN101920,MERCH_RETAIL_01,2025-06-09T16:00:00+00:00,1594.54
TXN101921,MERCH_RETAIL_01,2025-01-25T15:00:00+00:00,1055.2
TXN101922,MERCH_ECOM_03,2025-04-03T20:00:00+00:00,4182.81
TXN101923,MERCH_SAAS_02,2025-04-13T06:00:00+00:00,6904.1
TXN101924,MERCH_SAAS_02,2025-02-19T08:00:00+00:00,4419.84
TXN101925,MERCH_SAAS_02,2025-05-02T19:00:00+00:00,4312.43
TXN101926,MERCH_SAAS_02,2025-04-02T18:00:00+00:00,4337.31
TXN101927,MERCH_SAAS_02,2025-03-22T23:00:00+00:00,2008.03
TXN101928,MERCH_SAAS_02,2025-03-16T03:00:00+00:00,3252.37
TXN101929,MERCH_ECOM_03,2025-01-13T06:00:00+00:00,947.7
TXN101930,MERCH_RETAIL_01,2025-04-13T16:00:00+00:00,3676.13
TXN101931,MERCH_SAAS_02,2025-03-27T07:00:00+00:00,2554.07
TXN101932,MERCH_SAAS_02,2025-01-11T15:00:00+00:00,1415.05
TXN101933,MERCH_ECOM_03,2025-04-06T07:00:00+00:00,1695.67
TXN101934,MERCH_ECOM_03,2025-05-15T16:00:00+00:00,535.59
TXN101935,MERCH_RETAIL_01,2025-02-07T22:00:00+00:00,2631.06
TXN101936,MERCH_RETAIL_01,2025-06-05T08:00:00+00:00,1320.26
TXN101937,MERCH_RETAIL_01,2025-06-04T00:00:00+00:00,5222.23
TXN101938,MERCH_SAAS_02,2025-06-02T17:00:00+00:00,55.6
TXN101939,MERCH_ECOM_03,2025-05-18T04:00:00+00:00,2123.68
TXN101940,MERCH_ECOM_03,2025-02-23T02:00:00+00:00,2452.79
TXN101941,MERCH_ECOM_03,2025-03-21T01:00:00+00:00,3914.22
TXN101942,MERCH_DIGITAL_04,2025-03-06T07:00:00+00:00,1487.94
TXN101943,MERCH_RETAIL_01,2025-02-22T22:00:00+00:00,4795.83
TXN101944,MERCH_RETAIL_01,2025-05-16T18:00:00+00:00,2082.52
TXN101945,MERCH_SAAS_02,2025-06-12T11:00:00+00:00,2361.09
TXN101946,MERCH_DIGITAL_04,2025-05-04T08:00:00+00:00,4029.28
TXN101947,MERCH_SAAS_02,2025-06-19T23:00:00+00:00,2603.61
TXN101948,MERCH_ECOM_03,2025-03-05T08:00:00+00:00,3604.54
TXN101949,MERCH_RETAIL_01,2025-05-10T10:00:00+00:00,1512.64
TXN101950,MERCH_ECOM_03,2025-03-28T05:00:00+00:00,3859.26
TXN101951,MERCH_SAAS_02,2025-02-26T23:00:00+00:00,4064.32
TXN101952,MERCH_RETAIL_01,2025-03-10T19:00:00+00:00,3587.54
TXN101953,MERCH_RETAIL_01,2025-05-22T09:00:00+00:00,1020.27
TXN101954,MERCH_ECOM_03,2025-02-01T18:00:00+00:00,627.85
TXN101955,MERCH_ECOM_03,2025-04-24T07:00:00+00:00,716.4
TXN101956,MERCH_RETAIL_01,2025-05-31T06:00:00+00:00,1359.47
TXN101957,MERCH_ECOM_03,2025-06-10T21:00:00+00:00,2957.73
TXN101958,MERCH_ECOM_03,2025-06-26T22:00:00+00:00,5782.08
TXN101959,MERCH_ECOM_03,2025-05-12T08:00:00+00:00,527.36
TXN101960,MERCH_RETAIL_01,2025-03-19T16:00:00+00:00,1257.0
TXN101961,MERCH_RETAIL_01,2025-01-04T19:00:00+00:00,4045.27
TXN101962,MERCH_SAAS_02,2025-02-14T21:00:00+00:00,608.23
TXN101963,MERCH_DIGITAL_04,2025-01-01T15:00:00+00:00,1095.24
TXN101964,MERCH_ECOM_03,2025-03-19T18:00:00+00:00,1529.22
TXN101965,MERCH_DIGITAL_04,2025-01-11T14:00:00+00:00,6752.32
TXN101966,MERCH_RETAIL_01,2025-05-14T11:00:00+00:00,3019.94
TXN101967,MERCH_RETAIL_01,2025-02-10T17:00:00+00:00,1250.84
TXN101968,MERCH_ECOM_03,2025-02-23T19:00:00+00:00,1759.13
TXN101969,MERCH_RETAIL_01,2025-01-15T01:00:00+00:00,347.94
TXN101970,MERCH_ECOM_03,2025-05-03T00:00:00+00:00,4019.38
TXN101971,MERCH_RETAIL_01,2025-03-02T19:00:00+00:00,1558.92
TXN101972,MERCH_RETAIL_01,2025-05-01T06:00:00+00:00,4233.48
TXN101973,MERCH_SAAS_02,2025-05-02T06:00:00+00:00,1204.58
TXN101974,MERCH_RETAIL_01,2025-06-08T17:00:00+00:00,1946.61
TXN101975,MERCH_SAAS_02,2025-06-08T10:00:00+00:00,1992.45
TXN101976,MERCH_RETAIL_01,2025-02-26T05:00:00+00:00,2420.71
TXN101977,MERCH_SAAS_02,2025-06-11T17:00:00+00:00,7228.95
TXN101978,MERCH_SAAS_02,2025-03-28T15:00:00+00:00,5578.73
TXN101979,MERCH_ECOM_03,2025-03-23T22:00:00+00:00,5072.2
TXN101980,MERCH_ECOM_03,2025-02-04T16:00:00+00:00,1048.77
TXN101981,MERCH_SAAS_02,2025-02-08T13:00:00+00:00,1206.41
TXN101982,MERCH_RETAIL_01,2025-01-28T02:00:00+00:00,2188.66
TXN101983,MERCH_SAAS_02,2025-06-14T00:00:00+00:00,4447.45
TXN101984,MERCH_ECOM_03,2025-06-22T21:00:00+00:00,210.76
TXN101985,MERCH_SAAS_02,2025-02-27T19:00:00+00:00,602.35
TXN101986,MERCH_ECOM_03,2025-01-07T00:00:00+00:00,979.86
TXN101987,MERCH_RETAIL_01,2025-03-25T22:00:00+00:00,6354.34
TXN101988,MERCH_ECOM_03,2025-03-26T15:00:00+00:00,1974.01
TXN101989,MERCH_ECOM_03,2025-06-12T00:00:00+00:00,1872.64
TXN101990,MERCH_SAAS_02,2025-01-02T21:00:00+00:00,1006.86
TXN101991,MERCH_RETAIL_01,2025-05-07T16:00:00+00:00,893.19
TXN101992,MERCH_DIGITAL_04,2025-02-09T13:00:00+00:00,2988.25
TXN101993,MERCH_RETAIL_01,2025-04-13T08:00:00+00:00,2539.18
TXN101994,MERCH_SAAS_02,2025-05-26T22:00:00+00:00,3049.27
TXN101995,MERCH_SAAS_02,2025-05-02T05:00:00+00:00,3355.81
TXN101996,MERCH_RETAIL_01,2025-06-04T01:00:00+00:00,2577.26
TXN101997,MERCH_ECOM_03,2025-02-06T15:00:00+00:00,2953.69
TXN101998,MERCH_SAAS_02,2025-05-11T02:00:00+00:00,1871.86
TXN101999,MERCH_ECOM_03,2025-05-01T01:00:00+00:00,1154.77
TXN102000,MERCH_ECOM_03,2025-01-02T12:00:00+00:00,3622.64
TXN102001,MERCH_ECOM_03,2025-01-23T20:00:00+00:00,4252.84
TXN102002,MERCH_ECOM_03,2025-06-14T15:00:00+00:00,4916.29
TXN102003,MERCH_SAAS_02,2025-06-22T15:00:00+00:00,1027.95
TXN102004,MERCH_ECOM_03,2025-06-28T15:00:00+00:00,1006.07
TXN102005,MERCH_SAAS_02,2025-04-23T15:00:00+00:00,2226.31
TXN102006,MERCH_RETAIL_01,2025-03-25T11:00:00+00:00,3067.29
TXN102007,MERCH_ECOM_03,2025-04-04T17:00:00+00:00,3263.21
TXN102008,MERCH_ECOM_03,2025-03-25T00:00:00+00:00,3437.48
TXN102009,MERCH_ECOM_03,2025-06-20T09:00:00+00:00,1464.31
TXN102010,MERCH_ECOM_03,2025-04-16T10:00:00+00:00,3954.82
TXN102011,MERCH_RETAIL_01,2025-01-29T18:00:00+00:00,1967.57
TXN102012,MERCH_SAAS_02,2025-02-01T05:00:00+00:00,1269.01
TXN102013,MERCH_SAAS_02,2025-06-23T15:00:00+00:00,3588.75
TXN102014,MERCH_SAAS_02,2025-03-14T07:00:00+00:00,1987.46
TXN102015,MERCH_SAAS_02,2025-02-27T02:00:00+00:00,1536.3
TXN102016,MERCH_RETAIL_01,2025-02-23T20:00:00+00:00,4112.56
TXN102017,MERCH_SAAS_02,2025-05-11T22:00:00+00:00,2777.1
TXN102018,MERCH_RETAIL_01,2025-01-31T12:00:00+00:00,2844.82
TXN102019,MERCH_SAAS_02,2025-04-12T09:00:00+00:00,1658.46
TXN102020,MERCH_RETAIL_01,2025-04-04T08:00:00+00:00,3222.89
TXN102021,MERCH_RETAIL_01,2025-01-09T05:00:00+00:00,626.6
TXN102022,MERCH_DIGITAL_04,2025-03-24T07:00:00+00:00,3693.74
TXN102023,MERCH_ECOM_03,2025-03-25T01:00:00+00:00,730.85
TXN102024,MERCH_RETAIL_01,2025-03-19T19:00:00+00:00,705.87
TXN102025,MERCH_RETAIL_01,2025-01-03T17:00:00+00:00,2582.84
TXN102026,MERCH_SAAS_02,2025-06-16T02:00:00+00:00,4879.74
TXN102027,MERCH_RETAIL_01,2025-01-23T21:00:00+00:00,2935.1
TXN102028,MERCH_SAAS_02,2025-06-06T09:00:00+00:00,2255.76
TXN102029,MERCH_SAAS_02,2025-04-09T13:00:00+00:00,440.93
TXN102030,MERCH_ECOM_03,2025-05-11T12:00:00+00:00,3735.26
TXN102031,MERCH_SAAS_02,2025-04-28T17:00:00+00:00,507.5
TXN102032,MERCH_RETAIL_01,2025-03-12T04:00:00+00:00,393.56
TXN102033,MERCH_RETAIL_01,2025-02-08T12:00:00+00:00,3246.8
TXN102034,MERCH_SAAS_02,2025-05-14T22:00:00+00:00,1247.29
TXN102035,MERCH_RETAIL_01,2025-04-04T14:00:00+00:00,2011.94
TXN102036,MERCH_RETAIL_01,2025-03-22T21:00:00+00:00,4675.13
TXN102037,MERCH_SAAS_02,2025-05-02T17:00:00+00:00,1270.04
TXN102038,MERCH_DIGITAL_04,2025-06-28T10:00:00+00:00,6676.49
TXN102039,MERCH_SAAS_02,2025-01-29T18:00:00+00:00,686.53
TXN102040,MERCH_RETAIL_01,2025-06-11T09:00:00+00:00,5854.01
TXN102041,MERCH_RETAIL_01,2025-01-31T07:00:00+00:00,1666.06
TXN102042,MERCH_RETAIL_01,2025-03-02T06:00:00+00:00,1716.68
TXN102043,MERCH_ECOM_03,2025-04-27T12:00:00+00:00,1272.55
TXN102044,MERCH_ECOM_03,2025-03-03T18:00:00+00:00,2605.69
TXN102045,MERCH_ECOM_03,2025-01-14T21:00:00+00:00,2373.84
TXN102046,MERCH_SAAS_02,2025-04-20T08:00:00+00:00,6895.69
TXN102047,MERCH_RETAIL_01,2025-06-25T12:00:00+00:00,707.51
TXN102048,MERCH_SAAS_02,2025-01-11T15:00:00+00:00,2521.68
TXN102049,MERCH_DIGITAL_04,2025-04-12T18:00:00+00:00,1897.35
TXN102050,MERCH_DIGITAL_04,2025-04-19T08:00:00+00:00,2026.56
TXN102051,MERCH_ECOM_03,2025-02-24T19:00:00+00:00,4283.41
TXN102052,MERCH_ECOM_03,2025-05-20T07:00:00+00:00,438.19
TXN102053,MERCH_SAAS_02,2025-03-02T00:00:00+00:00,1258.03
TXN102054,MERCH_RETAIL_01,2025-06-25T04:00:00+00:00,3982.87
TXN102055,MERCH_RETAIL_01,2025-01-11T23:00:00+00:00,450.46
TXN102056,MERCH_DIGITAL_04,2025-03-24T04:00:00+00:00,1449.47
TXN102057,MERCH_RETAIL_01,2025-01-08T23:00:00+00:00,1842.48
TXN102058,MERCH_RETAIL_01,2025-05-27T13:00:00+00:00,2002.99
TXN102059,MERCH_RETAIL_01,2025-05-19T06:00:00+00:00,1886.1
TXN102060,MERCH_RETAIL_01,2025-02-09T12:00:00+00:00,2412.4
TXN102061,MERCH_RETAIL_01,2025-02-03T00:00:00+00:00,1363.92
TXN102062,MERCH_RETAIL_01,2025-06-03T08:00:00+00:00,2154.19
TXN102063,MERCH_RETAIL_01,2025-03-26T09:00:00+00:00,2707.86
TXN102064,MERCH_DIGITAL_04,2025-03-17T03:00:00+00:00,1435.01
TXN102065,MERCH_SAAS_02,2025-02-20T04:00:00+00:00,1473.8
TXN102066,MERCH_SAAS_02,2025-05-05T20:00:00+00:00,1908.92
TXN102067,MERCH_SAAS_02,2025-01-15T19:00:00+00:00,3722.9
TXN102068,MERCH_ECOM_03,2025-03-05T08:00:00+00:00,2315.77
TXN102069,MERCH_RETAIL_01,2025-01-11T17:00:00+00:00,1759.01
TXN102070,MERCH_DIGITAL_04,2025-06-28T12:00:00+00:00,471.51
TXN102071,MERCH_SAAS_02,2025-05-22T07:00:00+00:00,5104.61
TXN102072,MERCH_RETAIL_01,2025-06-28T06:00:00+00:00,1476.73
TXN102073,MERCH_SAAS_02,2025-04-21T20:00:00+00:00,1308.34
TXN102074,MERCH_SAAS_02,2025-04-04T01:00:00+00:00,2175.13
TXN102075,MERCH_ECOM_03,2025-04-02T23:00:00+00:00,127.17
TXN102076,MERCH_SAAS_02,2025-05-25T03:00:00+00:00,4244.11
TXN102077,MERCH_RETAIL_01,2025-04-22T14:00:00+00:00,822.33
TXN102078,MERCH_RETAIL_01,2025-03-04T06:00:00+00:00,2687.48
TXN102079,MERCH_SAAS_02,2025-02-15T03:00:00+00:00,1350.63
TXN102080,MERCH_SAAS_02,2025-03-10T05:00:00+00:00,5718.43
TXN102081,MERCH_SAAS_02,2025-06-28T11:00:00+00:00,7410.66
TXN102082,MERCH_SAAS_02,2025-03-14T12:00:00+00:00,5095.58
TXN102083,MERCH_SAAS_02,2025-04-14T13:00:00+00:00,4852.67
TXN102084,MERCH_SAAS_02,2025-02-26T06:00:00+00:00,2460.58
TXN102085,MERCH_SAAS_02,2025-01-01T15:00:00+00:00,3867.95
TXN102086,MERCH_RETAIL_01,2025-04-18T20:00:00+00:00,1779.43
TXN102087,MERCH_SAAS_02,2025-06-14T09:00:00+00:00,1314.27
TXN102088,MERCH_DIGITAL_04,2025-04-27T13:00:00+00:00,2818.03
TXN102089,MERCH_RETAIL_01,2025-04-14T08:00:00+00:00,1070.4
TXN102090,MERCH_SAAS_02,2025-04-19T10:00:00+00:00,798.41
TXN102091,MERCH_ECOM_03,2025-04-14T04:00:00+00:00,1256.91
TXN102092,MERCH_DIGITAL_04,2025-06-06T17:00:00+00:00,2185.42
TXN102093,MERCH_SAAS_02,2025-06-10T10:00:00+00:00,2130.48
TXN102094,MERCH_ECOM_03,2025-05-10T19:00:00+00:00,3234.06
TXN102095,MERCH_SAAS_02,2025-03-19T23:00:00+00:00,6901.34
TXN102096,MERCH_ECOM_03,2025-02-09T09:00:00+00:00,2377.04
TXN102097,MERCH_DIGITAL_04,2025-04-28T19:00:00+00:00,1886.05
TXN102098,MERCH_SAAS_02,2025-01-07T11:00:00+00:00,6311.36
TXN102099,MERCH_ECOM_03,2025-04-12T11:00:00+00:00,5194.44
TXN102100,MERCH_ECOM_03,2025-05-05T02:00:00+00:00,3853.92
TXN102101,MERCH_SAAS_02,2025-03-12T21:00:00+00:00,3942.75
TXN102102,MERCH_ECOM_03,2025-05-23T01:00:00+00:00,3706.73
TXN102103,MERCH_RETAIL_01,2025-04-05T05:00:00+00:00,3454.69
TXN102104,MERCH_SAAS_02,2025-01-05T10:00:00+00:00,4624.19
TXN102105,MERCH_RETAIL_01,2025-04-05T13:00:00+00:00,480.86
TXN102106,MERCH_RETAIL_01,2025-01-23T23:00:00+00:00,4219.02
TXN102107,MERCH_RETAIL_01,2025-01-22T13:00:00+00:00,3773.37
TXN102108,MERCH_SAAS_02,2025-03-08T19:00:00+00:00,1179.72
TXN102109,MERCH_ECOM_03,2025-01-15T08:00:00+00:00,2780.21
TXN102110,MERCH_ECOM_03,2025-03-20T08:00:00+00:00,880.46
TXN102111,MERCH_DIGITAL_04,2025-06-07T19:00:00+00:00,2101.68
TXN102112,MERCH_ECOM_03,2025-03-19T02:00:00+00:00,1847.55
TXN102113,MERCH_ECOM_03,2025-05-26T16:00:00+00:00,4111.03
TXN102114,MERCH_RETAIL_01,2025-06-19T18:00:00+00:00,413.67
TXN102115,MERCH_SAAS_02,2025-02-09T09:00:00+00:00,1934.57
TXN102116,MERCH_DIGITAL_04,2025-06-27T21:00:00+00:00,2436.93
TXN102117,MERCH_ECOM_03,2025-04-21T21:00:00+00:00,5227.84
TXN102118,MERCH_RETAIL_01,2025-02-05T22:00:00+00:00,999.27
TXN102119,MERCH_RETAIL_01,2025-03-23T23:00:00+00:00,2913.13
TXN102120,MERCH_ECOM_03,2025-06-17T14:00:00+00:00,2311.77
TXN102121,MERCH_DIGITAL_04,2025-05-01T05:00:00+00:00,2970.28
TXN102122,MERCH_DIGITAL_04,2025-02-17T12:00:00+00:00,1690.81
TXN102123,MERCH_ECOM_03,2025-02-25T09:00:00+00:00,1651.1
TXN102124,MERCH_RETAIL_01,2025-06-05T05:00:00+00:00,1174.2
TXN102125,MERCH_SAAS_02,2025-01-26T02:00:00+00:00,453.87
TXN102126,MERCH_ECOM_03,2025-02-13T19:00:00+00:00,487.17
TXN102127,MERCH_RETAIL_01,2025-03-16T08:00:00+00:00,614.88
TXN102128,MERCH_SAAS_02,2025-05-02T02:00:00+00:00,2359.36
TXN102129,MERCH_SAAS_02,2025-03-01T21:00:00+00:00,1249.47
TXN102130,MERCH_SAAS_02,2025-02-07T06:00:00+00:00,1034.49
TXN102131,MERCH_RETAIL_01,2025-01-29T08:00:00+00:00,1795.38
TXN102132,MERCH_SAAS_02,2025-06-26T15:00:00+00:00,2974.49
TXN102133,MERCH_RETAIL_01,2025-05-03T01:00:00+00:00,1749.0
TXN102134,MERCH_ECOM_03,2025-05-29T11:00:00+00:00,1128.07
TXN102135,MERCH_RETAIL_01,2025-03-02T20:00:00+00:00,3686.26
TXN102136,MERCH_SAAS_02,2025-03-02T04:00:00+00:00,2468.19
TXN102137,MERCH_SAAS_02,2025-05-12T21:00:00+00:00,5204.12
TXN102138,MERCH_RETAIL_01,2025-01-11T11:00:00+00:00,3101.55
TXN102139,MERCH_SAAS_02,2025-06-10T09:00:00+00:00,2070.96
TXN102140,MERCH_ECOM_03,2025-03-19T09:00:00+00:00,3010.22
TXN102141,MERCH_ECOM_03,2025-06-02T03:00:00+00:00,4164.77
TXN102142,MERCH_RETAIL_01,2025-04-04T23:00:00+00:00,4089.57
TXN102143,MERCH_ECOM_03,2025-05-28T19:00:00+00:00,1332.24
TXN102144,MERCH_ECOM_03,2025-01-06T02:00:00+00:00,2289.09
TXN102145,MERCH_RETAIL_01,2025-04-26T03:00:00+00:00,1277.98
TXN102146,MERCH_ECOM_03,2025-06-25T02:00:00+00:00,976.9
TXN102147,MERCH_ECOM_03,2025-01-31T06:00:00+00:00,844.25
TXN102148,MERCH_RETAIL_01,2025-06-09T23:00:00+00:00,2273.49
TXN102149,MERCH_ECOM_03,2025-02-07T21:00:00+00:00,2783.73
TXN102150,MERCH_ECOM_03,2025-01-19T06:00:00+00:00,8315.08
TXN102151,MERCH_DIGITAL_04,2025-01-18T01:00:00+00:00,677.11
TXN102152,MERCH_SAAS_02,2025-04-20T12:00:00+00:00,1165.42
TXN102153,MERCH_RETAIL_01,2025-01-07T07:00:00+00:00,3468.89
TXN102154,MERCH_RETAIL_01,2025-02-17T16:00:00+00:00,6015.28
TXN102155,MERCH_SAAS_02,2025-05-22T07:00:00+00:00,2793.94
TXN102156,MERCH_RETAIL_01,2025-01-20T14:00:00+00:00,1096.73
TXN102157,MERCH_RETAIL_01,2025-02-24T17:00:00+00:00,2229.3
TXN102158,MERCH_RETAIL_01,2025-03-28T21:00:00+00:00,2871.31
TXN102159,MERCH_ECOM_03,2025-03-11T14:00:00+00:00,3997.67
TXN102160,MERCH_ECOM_03,2025-04-20T03:00:00+00:00,1774.51
TXN102161,MERCH_RETAIL_01,2025-05-21T07:00:00+00:00,2214.85
TXN102162,MERCH_ECOM_03,2025-01-12T13:00:00+00:00,710.63
TXN102163,MERCH_RETAIL_01,2025-05-15T05:00:00+00:00,462.77
TXN102164,MERCH_RETAIL_01,2025-02-04T15:00:00+00:00,4199.21
TXN102165,MERCH_SAAS_02,2025-05-26T06:00:00+00:00,1692.86
TXN102166,MERCH_RETAIL_01,2025-03-29T19:00:00+00:00,1105.46
TXN102167,MERCH_SAAS_02,2025-04-08T23:00:00+00:00,996.27
TXN102168,MERCH_ECOM_03,2025-01-18T16:00:00+00:00,2205.94
TXN102169,MERCH_SAAS_02,2025-06-11T10:00:00+00:00,2234.43
TXN102170,MERCH_RETAIL_01,2025-02-05T20:00:00+00:00,495.17
TXN102171,MERCH_SAAS_02,2025-05-06T18:00:00+00:00,881.64
TXN102172,MERCH_SAAS_02,2025-05-16T23:00:00+00:00,9968.12
TXN102173,MERCH_RETAIL_01,2025-06-08T06:00:00+00:00,1922.72
TXN102174,MERCH_SAAS_02,2025-06-29T22:00:00+00:00,1248.68
TXN102175,MERCH_ECOM_03,2025-05-22T10:00:00+00:00,3525.23
TXN102176,MERCH_RETAIL_01,2025-05-07T23:00:00+00:00,1994.91
TXN102177,MERCH_ECOM_03,2025-02-10T10:00:00+00:00,6734.92
TXN102178,MERCH_SAAS_02,2025-03-19T15:00:00+00:00,848.55
TXN102179,MERCH_ECOM_03,2025-01-20T04:00:00+00:00,2859.16
TXN102180,MERCH_SAAS_02,2025-03-22T14:00:00+00:00,2579.92
TXN102181,MERCH_ECOM_03,2025-01-19T21:00:00+00:00,1360.27
TXN102182,MERCH_ECOM_03,2025-01-13T17:00:00+00:00,813.57
TXN102183,MERCH_RETAIL_01,2025-04-10T05:00:00+00:00,2603.57
TXN102184,MERCH_SAAS_02,2025-04-24T08:00:00+00:00,3430.8
TXN102185,MERCH_SAAS_02,2025-05-16T13:00:00+00:00,909.74
TXN102186,MERCH_SAAS_02,2025-04-08T17:00:00+00:00,3822.08
TXN102187,MERCH_RETAIL_01,2025-03-10T02:00:00+00:00,1556.6
TXN102188,MERCH_SAAS_02,2025-03-07T01:00:00+00:00,4747.86
TXN102189,MERCH_SAAS_02,2025-06-09T15:00:00+00:00,714.66
TXN102190,MERCH_SAAS_02,2025-03-30T09:00:00+00:00,2730.06
TXN102191,MERCH_RETAIL_01,2025-01-01T12:00:00+00:00,4374.32
TXN102192,MERCH_ECOM_03,2025-02-14T23:00:00+00:00,4023.27
TXN102193,MERCH_DIGITAL_04,2025-03-26T06:00:00+00:00,3009.39
TXN102194,MERCH_DIGITAL_04,2025-03-14T02:00:00+00:00,1293.44
TXN102195,MERCH_DIGITAL_04,2025-01-17T19:00:00+00:00,2660.47
TXN102196,MERCH_SAAS_02,2025-03-15T14:00:00+00:00,4262.11
TXN102197,MERCH_SAAS_02,2025-06-22T00:00:00+00:00,4346.5
TXN102198,MERCH_ECOM_03,2025-02-19T11:00:00+00:00,3707.52
TXN102199,MERCH_RETAIL_01,2025-04-29T03:00:00+00:00,6131.63
TXN102200,MERCH_SAAS_02,2025-06-02T05:00:00+00:00,2962.64
TXN102201,MERCH_SAAS_02,2025-03-02T04:00:00+00:00,792.06
TXN102202,MERCH_RETAIL_01,2025-02-06T15:00:00+00:00,7901.06
TXN102203,MERCH_RETAIL_01,2025-05-20T08:00:00+00:00,1855.81
TXN102204,MERCH_RETAIL_01,2025-01-10T09:00:00+00:00,1402.75
TXN102205,MERCH_SAAS_02,2025-02-19T04:00:00+00:00,1924.51
TXN102206,MERCH_ECOM_03,2025-01-11T10:00:00+00:00,827.32
TXN102207,MERCH_ECOM_03,2025-01-29T12:00:00+00:00,1412.58
TXN102208,MERCH_RETAIL_01,2025-06-16T20:00:00+00:00,2948.41
TXN102209,MERCH_ECOM_03,2025-02-17T13:00:00+00:00,3518.69
TXN102210,MERCH_DIGITAL_04,2025-04-07T07:00:00+00:00,2475.28
TXN102211,MERCH_RETAIL_01,2025-02-21T02:00:00+00:00,1792.94
TXN102212,MERCH_SAAS_02,2025-03-15T12:00:00+00:00,3019.5
TXN102213,MERCH_ECOM_03,2025-06-04T17:00:00+00:00,1371.93
TXN102214,MERCH_DIGITAL_04,2025-03-05T09:00:00+00:00,1547.48
TXN102215,MERCH_SAAS_02,2025-05-23T21:00:00+00:00,4462.32
TXN102216,MERCH_RETAIL_01,2025-04-22T04:00:00+00:00,296.59
TXN102217,MERCH_DIGITAL_04,2025-04-11T08:00:00+00:00,5319.42
TXN102218,MERCH_DIGITAL_04,2025-01-21T14:00:00+00:00,5684.93
TXN102219,MERCH_RETAIL_01,2025-05-31T10:00:00+00:00,5338.19
TXN102220,MERCH_ECOM_03,2025-03-24T11:00:00+00:00,3184.22
TXN102221,MERCH_RETAIL_01,2025-02-08T21:00:00+00:00,2195.81
TXN102222,MERCH_RETAIL_01,2025-05-29T13:00:00+00:00,3710.73
TXN102223,MERCH_ECOM_03,2025-05-15T02:00:00+00:00,790.64
TXN102224,MERCH_RETAIL_01,2025-02-08T03:00:00+00:00,2835.92
TXN102225,MERCH_RETAIL_01,2025-05-04T17:00:00+00:00,1371.21
TXN102226,MERCH_RETAIL_01,2025-04-25T00:00:00+00:00,3953.54
TXN102227,MERCH_DIGITAL_04,2025-01-12T06:00:00+00:00,6193.57
TXN102228,MERCH_SAAS_02,2025-02-03T06:00:00+00:00,3003.41
TXN102229,MERCH_ECOM_03,2025-02-14T04:00:00+00:00,5363.86
TXN102230,MERCH_ECOM_03,2025-01-10T03:00:00+00:00,1070.76
TXN102231,MERCH_ECOM_03,2025-04-16T18:00:00+00:00,411.92
TXN102232,MERCH_ECOM_03,2025-03-30T22:00:00+00:00,2455.95
TXN102233,MERCH_RETAIL_01,2025-03-24T02:00:00+00:00,2693.78
TXN102234,MERCH_SAAS_02,2025-04-29T17:00:00+00:00,2008.18
TXN102235,MERCH_RETAIL_01,2025-03-29T16:00:00+00:00,1917.88
TXN102236,MERCH_SAAS_02,2025-03-30T01:00:00+00:00,2494.29
TXN102237,MERCH_RETAIL_01,2025-06-03T15:00:00+00:00,4546.38
TXN102238,MERCH_SAAS_02,2025-01-03T15:00:00+00:00,1142.39
TXN102239,MERCH_RETAIL_01,2025-05-19T10:00:00+00:00,4380.52
TXN102240,MERCH_SAAS_02,2025-02-15T05:00:00+00:00,1758.49
TXN102241,MERCH_ECOM_03,2025-04-11T13:00:00+00:00,4264.82
TXN102242,MERCH_DIGITAL_04,2025-06-23T13:00:00+00:00,1546.38
TXN102243,MERCH_SAAS_02,2025-02-24T20:00:00+00:00,3670.7
TXN102244,MERCH_RETAIL_01,2025-06-29T04:00:00+00:00,2119.33
TXN102245,MERCH_SAAS_02,2025-02-09T19:00:00+00:00,5047.59
TXN102246,MERCH_SAAS_02,2025-04-07T02:00:00+00:00,3837.28
TXN102247,MERCH_SAAS_02,2025-03-16T18:00:00+00:00,3169.49
TXN102248,MERCH_RETAIL_01,2025-06-23T12:00:00+00:00,1134.56
TXN102249,MERCH_ECOM_03,2025-02-07T00:00:00+00:00,1578.35
TXN102250,MERCH_DIGITAL_04,2025-01-23T07:00:00+00:00,784.33
TXN102251,MERCH_RETAIL_01,2025-06-21T00:00:00+00:00,2295.31
TXN102252,MERCH_RETAIL_01,2025-01-14T05:00:00+00:00,651.52
TXN102253,MERCH_ECOM_03,2025-05-07T18:00:00+00:00,2155.66
TXN102254,MERCH_RETAIL_01,2025-01-25T03:00:00+00:00,7217.09
TXN102255,MERCH_SAAS_02,2025-02-13T16:00:00+00:00,4912.72
TXN102256,MERCH_RETAIL_01,2025-06-18T23:00:00+00:00,5742.46
TXN102257,MERCH_RETAIL_01,2025-03-16T00:00:00+00:00,1743.62
TXN102258,MERCH_RETAIL_01,2025-04-25T13:00:00+00:00,1506.2
TXN102259,MERCH_SAAS_02,2025-06-17T12:00:00+00:00,580.67
TXN102260,MERCH_RETAIL_01,2025-06-25T01:00:00+00:00,2433.39
TXN102261,MERCH_SAAS_02,2025-04-04T16:00:00+00:00,1391.94
TXN102262,MERCH_RETAIL_01,2025-03-25T05:00:00+00:00,2022.53
TXN102263,MERCH_ECOM_03,2025-05-23T13:00:00+00:00,948.9
TXN102264,MERCH_ECOM_03,2025-06-02T15:00:00+00:00,1726.89
TXN102265,MERCH_SAAS_02,2025-04-06T17:00:00+00:00,1559.29
TXN102266,MERCH_SAAS_02,2025-05-28T06:00:00+00:00,1566.11
TXN102267,MERCH_SAAS_02,2025-02-06T17:00:00+00:00,620.76
TXN102268,MERCH_RETAIL_01,2025-01-16T03:00:00+00:00,4121.24
TXN102269,MERCH_DIGITAL_04,2025-02-14T10:00:00+00:00,2506.65
TXN102270,MERCH_RETAIL_01,2025-06-28T02:00:00+00:00,1822.16
TXN102271,MERCH_RETAIL_01,2025-02-19T13:00:00+00:00,577.49
TXN102272,MERCH_SAAS_02,2025-03-25T07:00:00+00:00,6347.42
TXN102273,MERCH_SAAS_02,2025-03-29T09:00:00+00:00,2569.07
TXN102274,MERCH_RETAIL_01,2025-03-09T11:00:00+00:00,743.41
TXN102275,MERCH_RETAIL_01,2025-02-18T07:00:00+00:00,4893.95
TXN102276,MERCH_DIGITAL_04,2025-01-16T11:00:00+00:00,395.08
TXN102277,MERCH_RETAIL_01,2025-04-09T08:00:00+00:00,826.64
TXN102278,MERCH_DIGITAL_04,2025-04-16T04:00:00+00:00,2719.9
TXN102279,MERCH_SAAS_02,2025-06-16T01:00:00+00:00,370.53
TXN102280,MERCH_ECOM_03,2025-03-05T17:00:00+00:00,689.44
TXN102281,MERCH_RETAIL_01,2025-02-18T03:00:00+00:00,3261.71
TXN102282,MERCH_ECOM_03,2025-01-17T23:00:00+00:00,1604.39
TXN102283,MERCH_RETAIL_01,2025-05-15T12:00:00+00:00,1099.34
TXN102284,MERCH_ECOM_03,2025-03-05T05:00:00+00:00,1114.34
TXN102285,MERCH_RETAIL_01,2025-03-09T06:00:00+00:00,1248.73
TXN102286,MERCH_DIGITAL_04,2025-05-04T10:00:00+00:00,3963.39
TXN102287,MERCH_SAAS_02,2025-04-25T05:00:00+00:00,1709.68
TXN102288,MERCH_SAAS_02,2025-01-04T17:00:00+00:00,2003.96
TXN102289,MERCH_SAAS_02,2025-01-10T07:00:00+00:00,3709.58
TXN102290,MERCH_SAAS_02,2025-01-27T05:00:00+00:00,1131.39
TXN102291,MERCH_RETAIL_01,2025-04-22T05:00:00+00:00,4599.87
TXN102292,MERCH_SAAS_02,2025-03-18T16:00:00+00:00,3623.18
TXN102293,MERCH_SAAS_02,2025-05-11T13:00:00+00:00,3874.26
TXN102294,MERCH_RETAIL_01,2025-06-05T09:00:00+00:00,2876.56
TXN102295,MERCH_RETAIL_01,2025-06-22T11:00:00+00:00,1983.62
TXN102296,MERCH_DIGITAL_04,2025-01-30T13:00:00+00:00,3510.3
TXN102297,MERCH_ECOM_03,2025-06-26T13:00:00+00:00,1758.11
TXN102298,MERCH_SAAS_02,2025-01-03T22:00:00+00:00,3187.52
TXN102299,MERCH_DIGITAL_04,2025-02-23T09:00:00+00:00,3921.18
TXN102300,MERCH_DIGITAL_04,2025-05-14T23:00:00+00:00,2224.92
TXN102301,MERCH_SAAS_02,2025-01-03T06:00:00+00:00,1992.64
TXN102302,MERCH_ECOM_03,2025-04-23T05:00:00+00:00,3380.62
TXN102303,MERCH_ECOM_03,2025-05-27T09:00:00+00:00,3924.09
TXN102304,MERCH_ECOM_03,2025-04-13T10:00:00+00:00,1073.9
TXN102305,MERCH_RETAIL_01,2025-03-01T00:00:00+00:00,7517.97
TXN102306,MERCH_RETAIL_01,2025-06-21T20:00:00+00:00,1438.84
TXN102307,MERCH_SAAS_02,2025-05-02T16:00:00+00:00,2670.85
TXN102308,MERCH_ECOM_03,2025-03-21T13:00:00+00:00,626.04
TXN102309,MERCH_DIGITAL_04,2025-04-28T18:00:00+00:00,602.44
TXN102310,MERCH_RETAIL_01,2025-01-31T03:00:00+00:00,767.3
TXN102311,MERCH_RETAIL_01,2025-04-18T10:00:00+00:00,2791.09
TXN102312,MERCH_RETAIL_01,2025-04-28T00:00:00+00:00,1289.59
TXN102313,MERCH_RETAIL_01,2025-01-17T05:00:00+00:00,4248.39
TXN102314,MERCH_DIGITAL_04,2025-05-25T15:00:00+00:00,856.52
TXN102315,MERCH_ECOM_03,2025-04-08T13:00:00+00:00,2823.05
TXN102316,MERCH_ECOM_03,2025-06-10T05:00:00+00:00,1852.17
TXN102317,MERCH_SAAS_02,2025-01-09T03:00:00+00:00,350.03
TXN102318,MERCH_SAAS_02,2025-05-14T09:00:00+00:00,1222.31
TXN102319,MERCH_RETAIL_01,2025-06-05T14:00:00+00:00,631.33
TXN102320,MERCH_SAAS_02,2025-01-03T16:00:00+00:00,1193.33
TXN102321,MERCH_RETAIL_01,2025-03-13T00:00:00+00:00,3068.84
TXN102322,MERCH_RETAIL_01,2025-06-27T05:00:00+00:00,1985.48
TXN102323,MERCH_RETAIL_01,2025-05-23T11:00:00+00:00,2295.97
TXN102324,MERCH_RETAIL_01,2025-04-05T00:00:00+00:00,1424.11
TXN102325,MERCH_ECOM_03,2025-03-01T14:00:00+00:00,7498.96
TXN102326,MERCH_ECOM_03,2025-02-21T00:00:00+00:00,2648.31
TXN102327,MERCH_SAAS_02,2025-03-25T11:00:00+00:00,1287.37
TXN102328,MERCH_ECOM_03,2025-01-07T14:00:00+00:00,883.51
TXN102329,MERCH_SAAS_02,2025-01-23T17:00:00+00:00,1492.97
TXN102330,MERCH_RETAIL_01,2025-06-23T15:00:00+00:00,1641.34
TXN102331,MERCH_RETAIL_01,2025-01-23T18:00:00+00:00,3818.91
TXN102332,MERCH_ECOM_03,2025-06-17T19:00:00+00:00,1064.14
TXN102333,MERCH_RETAIL_01,2025-04-16T05:00:00+00:00,3707.02
TXN102334,MERCH_SAAS_02,2025-04-06T09:00:00+00:00,584.27
TXN102335,MERCH_RETAIL_01,2025-02-16T02:00:00+00:00,5187.64
TXN102336,MERCH_RETAIL_01,2025-05-11T07:00:00+00:00,4981.39
TXN102337,MERCH_ECOM_03,2025-04-27T03:00:00+00:00,2001.95
TXN102338,MERCH_RETAIL_01,2025-02-08T22:00:00+00:00,1553.35
TXN102339,MERCH_DIGITAL_04,2025-02-13T13:00:00+00:00,687.12
TXN102340,MERCH_RETAIL_01,2025-05-02T04:00:00+00:00,921.24
TXN102341,MERCH_SAAS_02,2025-04-21T15:00:00+00:00,3200.57
TXN102342,MERCH_RETAIL_01,2025-01-02T21:00:00+00:00,2309.93
TXN102343,MERCH_DIGITAL_04,2025-02-28T21:00:00+00:00,1088.16
TXN102344,MERCH_RETAIL_01,2025-02-13T22:00:00+00:00,1710.43
TXN102345,MERCH_DIGITAL_04,2025-06-17T10:00:00+00:00,1813.6
TXN102346,MERCH_DIGITAL_04,2025-05-14T00:00:00+00:00,1986.28
TXN102347,MERCH_RETAIL_01,2025-05-06T15:00:00+00:00,4911.95
TXN102348,MERCH_SAAS_02,2025-02-13T00:00:00+00:00,3788.83
TXN102349,MERCH_SAAS_02,2025-05-09T13:00:00+00:00,7508.52
TXN102350,MERCH_RETAIL_01,2025-04-08T14:00:00+00:00,394.6
TXN102351,MERCH_ECOM_03,2025-04-02T18:00:00+00:00,5707.68
TXN102352,MERCH_SAAS_02,2025-01-22T10:00:00+00:00,2562.68
TXN102353,MERCH_RETAIL_01,2025-02-28T17:00:00+00:00,4747.56
TXN102354,MERCH_ECOM_03,2025-05-21T06:00:00+00:00,3128.69
TXN102355,MERCH_ECOM_03,2025-01-08T09:00:00+00:00,1571.6
TXN102356,MERCH_SAAS_02,2025-06-16T12:00:00+00:00,575.85
TXN102357,MERCH_SAAS_02,2025-05-27T01:00:00+00:00,3169.22
TXN102358,MERCH_SAAS_02,2025-05-25T13:00:00+00:00,611.27
TXN102359,MERCH_RETAIL_01,2025-05-28T01:00:00+00:00,740.29
TXN102360,MERCH_ECOM_03,2025-06-14T04:00:00+00:00,3525.25
TXN102361,MERCH_RETAIL_01,2025-04-16T00:00:00+00:00,2220.18
TXN102362,MERCH_ECOM_03,2025-01-26T12:00:00+00:00,1263.37
TXN102363,MERCH_RETAIL_01,2025-04-28T17:00:00+00:00,3958.65
TXN102364,MERCH_RETAIL_01,2025-06-24T16:00:00+00:00,925.83
TXN102365,MERCH_RETAIL_01,2025-03-22T17:00:00+00:00,415.42
TXN102366,MERCH_RETAIL_01,2025-06-16T18:00:00+00:00,5688.26
TXN102367,MERCH_RETAIL_01,2025-06-04T09:00:00+00:00,4397.09
TXN102368,MERCH_ECOM_03,2025-06-15T00:00:00+00:00,2743.33
TXN102369,MERCH_SAAS_02,2025-01-21T11:00:00+00:00,3044.73
TXN102370,MERCH_DIGITAL_04,2025-02-22T01:00:00+00:00,1782.84
TXN102371,MERCH_ECOM_03,2025-04-21T11:00:00+00:00,388.73
TXN102372,MERCH_DIGITAL_04,2025-02-21T20:00:00+00:00,3616.64
TXN102373,MERCH_ECOM_03,2025-02-18T10:00:00+00:00,3603.59
TXN102374,MERCH_ECOM_03,2025-05-16T17:00:00+00:00,2566.17
TXN102375,MERCH_RETAIL_01,2025-04-16T17:00:00+00:00,766.37
TXN102376,MERCH_SAAS_02,2025-04-10T13:00:00+00:00,5040.56
TXN102377,MERCH_RETAIL_01,2025-05-15T22:00:00+00:00,10685.65
TXN102378,MERCH_ECOM_03,2025-02-07T18:00:00+00:00,220.71
TXN102379,MERCH_SAAS_02,2025-06-07T12:00:00+00:00,1721.75
TXN102380,MERCH_RETAIL_01,2025-01-19T03:00:00+00:00,1707.37
TXN102381,MERCH_ECOM_03,2025-05-23T16:00:00+00:00,1383.13
TXN102382,MERCH_RETAIL_01,2025-05-21T22:00:00+00:00,395.1
TXN102383,MERCH_SAAS_02,2025-03-27T17:00:00+00:00,2928.28
TXN102384,MERCH_SAAS_02,2025-02-15T03:00:00+00:00,2883.8
TXN102385,MERCH_RETAIL_01,2025-01-12T20:00:00+00:00,2122.63
TXN102386,MERCH_ECOM_03,2025-05-11T22:00:00+00:00,4736.81
TXN102387,MERCH_ECOM_03,2025-05-19T11:00:00+00:00,421.7
TXN102388,MERCH_RETAIL_01,2025-03-19T14:00:00+00:00,5740.87
TXN102389,MERCH_RETAIL_01,2025-06-11T08:00:00+00:00,1541.11
TXN102390,MERCH_RETAIL_01,2025-03-25T20:00:00+00:00,665.04
TXN102391,MERCH_ECOM_03,2025-03-06T07:00:00+00:00,1228.6
TXN102392,MERCH_RETAIL_01,2025-01-19T09:00:00+00:00,2044.55
TXN102393,MERCH_ECOM_03,2025-06-27T05:00:00+00:00,5395.41
TXN102394,MERCH_RETAIL_01,2025-05-12T19:00:00+00:00,960.31
TXN102395,MERCH_ECOM_03,2025-02-06T10:00:00+00:00,4597.17
TXN102396,MERCH_ECOM_03,2025-01-23T09:00:00+00:00,1750.76
TXN102397,MERCH_RETAIL_01,2025-02-04T13:00:00+00:00,1198.09
TXN102398,MERCH_ECOM_03,2025-02-24T07:00:00+00:00,2951.81
TXN102399,MERCH_RETAIL_01,2025-06-02T17:00:00+00:00,938.81
TXN102400,MERCH_RETAIL_01,2025-06-23T16:00:00+00:00,4462.23
TXN102401,MERCH_RETAIL_01,2025-04-07T05:00:00+00:00,9535.93
TXN102402,MERCH_SAAS_02,2025-06-08T14:00:00+00:00,350.85
TXN102403,MERCH_DIGITAL_04,2025-06-22T04:00:00+00:00,2967.13
TXN102404,MERCH_DIGITAL_04,2025-04-29T22:00:00+00:00,2496.76
TXN102405,MERCH_SAAS_02,2025-03-31T14:00:00+00:00,910.34
TXN102406,MERCH_ECOM_03,2025-03-11T21:00:00+00:00,4006.55
TXN102407,MERCH_RETAIL_01,2025-02-03T12:00:00+00:00,2458.16
TXN102408,MERCH_RETAIL_01,2025-02-26T09:00:00+00:00,1363.49
TXN102409,MERCH_RETAIL_01,2025-05-23T12:00:00+00:00,1190.15
TXN102410,MERCH_RETAIL_01,2025-06-14T11:00:00+00:00,1126.68
TXN102411,MERCH_RETAIL_01,2025-03-13T13:00:00+00:00,1556.13
TXN102412,MERCH_ECOM_03,2025-05-01T13:00:00+00:00,4380.45
TXN102413,MERCH_SAAS_02,2025-01-03T19:00:00+00:00,1266.16
TXN102414,MERCH_ECOM_03,2025-01-13T23:00:00+00:00,481.19
TXN102415,MERCH_SAAS_02,2025-05-05T11:00:00+00:00,1629.65
TXN102416,MERCH_SAAS_02,2025-05-04T11:00:00+00:00,6621.21
TXN102417,MERCH_DIGITAL_04,2025-02-11T10:00:00+00:00,2337.43
TXN102418,MERCH_SAAS_02,2025-03-07T01:00:00+00:00,1641.21
TXN102419,MERCH_ECOM_03,2025-05-11T19:00:00+00:00,2464.09
TXN102420,MERCH_SAAS_02,2025-04-30T09:00:00+00:00,5861.0
TXN102421,MERCH_ECOM_03,2025-06-16T23:00:00+00:00,1700.09
TXN102422,MERCH_DIGITAL_04,2025-05-30T13:00:00+00:00,2181.51
TXN102423,MERCH_DIGITAL_04,2025-04-28T18:00:00+00:00,4214.11
TXN102424,MERCH_SAAS_02,2025-01-22T20:00:00+00:00,1869.6
TXN102425,MERCH_SAAS_02,2025-01-13T11:00:00+00:00,4366.93
TXN102426,MERCH_SAAS_02,2025-03-18T00:00:00+00:00,697.98
TXN102427,MERCH_ECOM_03,2025-06-27T12:00:00+00:00,2331.7
TXN102428,MERCH_ECOM_03,2025-04-27T21:00:00+00:00,2524.57
TXN102429,MERCH_RETAIL_01,2025-06-18T09:00:00+00:00,2555.56
TXN102430,MERCH_ECOM_03,2025-06-07T15:00:00+00:00,1125.68
TXN102431,MERCH_ECOM_03,2025-04-25T23:00:00+00:00,940.64
TXN102432,MERCH_ECOM_03,2025-03-13T09:00:00+00:00,3389.85
TXN102433,MERCH_RETAIL_01,2025-03-24T23:00:00+00:00,2822.22
TXN102434,MERCH_RETAIL_01,2025-01-11T19:00:00+00:00,1709.93
TXN102435,MERCH_DIGITAL_04,2025-06-22T06:00:00+00:00,1733.16
TXN102436,MERCH_RETAIL_01,2025-01-30T08:00:00+00:00,1457.39
TXN102437,MERCH_ECOM_03,2025-02-20T19:00:00+00:00,2304.64
TXN102438,MERCH_RETAIL_01,2025-01-04T17:00:00+00:00,1681.43
TXN102439,MERCH_DIGITAL_04,2025-05-24T09:00:00+00:00,1299.85
TXN102440,MERCH_DIGITAL_04,2025-04-08T19:00:00+00:00,2166.44
TXN102441,MERCH_SAAS_02,2025-01-21T13:00:00+00:00,2175.33
TXN102442,MERCH_ECOM_03,2025-06-07T15:00:00+00:00,3977.93
TXN102443,MERCH_RETAIL_01,2025-02-01T06:00:00+00:00,4443.81
TXN102444,MERCH_RETAIL_01,2025-06-21T06:00:00+00:00,3709.48
TXN102445,MERCH_ECOM_03,2025-03-21T00:00:00+00:00,6514.1
TXN102446,MERCH_RETAIL_01,2025-06-04T07:00:00+00:00,3095.51
TXN102447,MERCH_RETAIL_01,2025-04-05T05:00:00+00:00,5062.39
TXN102448,MERCH_RETAIL_01,2025-06-05T12:00:00+00:00,877.5
TXN102449,MERCH_RETAIL_01,2025-01-18T23:00:00+00:00,1252.58
TXN102450,MERCH_SAAS_02,2025-03-10T00:00:00+00:00,7740.14
TXN102451,MERCH_SAAS_02,2025-06-16T05:00:00+00:00,2760.14
TXN102452,MERCH_RETAIL_01,2025-03-02T06:00:00+00:00,280.13
TXN102453,MERCH_RETAIL_01,2025-06-19T02:00:00+00:00,2755.73
TXN102454,MERCH_SAAS_02,2025-02-22T08:00:00+00:00,2028.48
TXN102455,MERCH_RETAIL_01,2025-04-28T18:00:00+00:00,3973.19
TXN102456,MERCH_ECOM_03,2025-04-24T22:00:00+00:00,1284.51
TXN102457,MERCH_RETAIL_01,2025-01-06T17:00:00+00:00,2901.07
TXN102458,MERCH_RETAIL_01,2025-06-18T04:00:00+00:00,406.46
TXN102459,MERCH_ECOM_03,2025-01-14T10:00:00+00:00,4107.62
TXN102460,MERCH_SAAS_02,2025-04-18T02:00:00+00:00,2405.59
TXN102461,MERCH_SAAS_02,2025-06-06T00:00:00+00:00,1089.71
TXN102462,MERCH_RETAIL_01,2025-01-09T20:00:00+00:00,4495.31
TXN102463,MERCH_SAAS_02,2025-03-22T11:00:00+00:00,3641.48
TXN102464,MERCH_ECOM_03,2025-04-16T11:00:00+00:00,1700.44
TXN102465,MERCH_RETAIL_01,2025-03-12T13:00:00+00:00,4012.21
TXN102466,MERCH_DIGITAL_04,2025-03-24T10:00:00+00:00,2897.96
TXN102467,MERCH_RETAIL_01,2025-01-17T15:00:00+00:00,1860.78
TXN102468,MERCH_ECOM_03,2025-02-26T08:00:00+00:00,4040.09
TXN102469,MERCH_SAAS_02,2025-03-24T12:00:00+00:00,2975.2
TXN102470,MERCH_RETAIL_01,2025-01-02T20:00:00+00:00,1254.05
TXN102471,MERCH_SAAS_02,2025-01-05T00:00:00+00:00,1853.66
TXN102472,MERCH_SAAS_02,2025-01-22T20:00:00+00:00,764.15
TXN102473,MERCH_ECOM_03,2025-01-23T11:00:00+00:00,330.14
TXN102474,MERCH_ECOM_03,2025-06-03T08:00:00+00:00,2300.69
TXN102475,MERCH_RETAIL_01,2025-05-03T14:00:00+00:00,5103.41
TXN102476,MERCH_RETAIL_01,2025-03-21T13:00:00+00:00,6257.06
TXN102477,MERCH_SAAS_02,2025-02-11T07:00:00+00:00,2111.22
TXN102478,MERCH_RETAIL_01,2025-05-19T18:00:00+00:00,2290.53
TXN102479,MERCH_ECOM_03,2025-05-03T14:00:00+00:00,2517.85
TXN102480,MERCH_RETAIL_01,2025-04-10T00:00:00+00:00,4209.28
TXN102481,MERCH_ECOM_03,2025-03-04T15:00:00+00:00,2168.49
TXN102482,MERCH_ECOM_03,2025-04-13T15:00:00+00:00,1446.88
TXN102483,MERCH_RETAIL_01,2025-06-10T08:00:00+00:00,5741.64
TXN102484,MERCH_SAAS_02,2025-03-17T18:00:00+00:00,4190.04
TXN102485,MERCH_ECOM_03,2025-04-07T21:00:00+00:00,1469.73
TXN102486,MERCH_SAAS_02,2025-01-20T15:00:00+00:00,3897.56
TXN102487,MERCH_RETAIL_01,2025-03-19T18:00:00+00:00,5555.91
TXN102488,MERCH_SAAS_02,2025-03-13T20:00:00+00:00,4400.47
TXN102489,MERCH_RETAIL_01,2025-01-18T22:00:00+00:00,3762.41
TXN102490,MERCH_SAAS_02,2025-05-20T03:00:00+00:00,530.83
TXN102491,MERCH_ECOM_03,2025-02-08T03:00:00+00:00,786.63
TXN102492,MERCH_ECOM_03,2025-03-29T17:00:00+00:00,8137.74
TXN102493,MERCH_SAAS_02,2025-04-29T15:00:00+00:00,3713.57
TXN102494,MERCH_RETAIL_01,2025-06-21T09:00:00+00:00,2520.72
TXN102495,MERCH_RETAIL_01,2025-01-15T22:00:00+00:00,2058.17
TXN102496,MERCH_RETAIL_01,2025-06-07T10:00:00+00:00,888.27
TXN102497,MERCH_RETAIL_01,2025-02-13T13:00:00+00:00,2440.26
TXN102498,MERCH_DIGITAL_04,2025-01-08T21:00:00+00:00,1365.45
TXN102499,MERCH_ECOM_03,2025-01-08T18:00:00+00:00,1328.38
TXN102500,MERCH_DIGITAL_04,2025-03-10T11:00:00+00:00,7751.28
TXN102501,MERCH_RETAIL_01,2025-01-28T22:00:00+00:00,4904.6
TXN102502,MERCH_DIGITAL_04,2025-02-09T05:00:00+00:00,1922.52
TXN102503,MERCH_SAAS_02,2025-06-27T09:00:00+00:00,4943.36
TXN102504,MERCH_SAAS_02,2025-06-02T22:00:00+00:00,2678.4
TXN102505,MERCH_ECOM_03,2025-02-17T21:00:00+00:00,6551.45
TXN102506,MERCH_ECOM_03,2025-02-23T11:00:00+00:00,2112.13
TXN102507,MERCH_ECOM_03,2025-06-26T05:00:00+00:00,4036.13
TXN102508,MERCH_ECOM_03,2025-01-24T15:00:00+00:00,2161.88
TXN102509,MERCH_RETAIL_01,2025-04-14T07:00:00+00:00,2057.51
TXN102510,MERCH_SAAS_02,2025-01-15T20:00:00+00:00,4328.19
TXN102511,MERCH_SAAS_02,2025-02-12T06:00:00+00:00,441.09
TXN102512,MERCH_RETAIL_01,2025-01-24T13:00:00+00:00,818.11
TXN102513,MERCH_RETAIL_01,2025-01-22T08:00:00+00:00,5177.52
TXN102514,MERCH_RETAIL_01,2025-02-07T15:00:00+00:00,1351.04
TXN102515,MERCH_RETAIL_01,2025-06-27T15:00:00+00:00,3062.67
TXN102516,MERCH_ECOM_03,2025-03-24T10:00:00+00:00,2866.58
TXN102517,MERCH_SAAS_02,2025-03-14T19:00:00+00:00,1278.96
TXN102518,MERCH_ECOM_03,2025-03-11T20:00:00+00:00,2885.5
TXN102519,MERCH_SAAS_02,2025-06-11T23:00:00+00:00,4715.34
TXN102520,MERCH_SAAS_02,2025-06-29T09:00:00+00:00,433.26
TXN102521,MERCH_SAAS_02,2025-05-20T08:00:00+00:00,3299.21
TXN102522,MERCH_ECOM_03,2025-01-10T02:00:00+00:00,4180.39
TXN102523,MERCH_RETAIL_01,2025-03-27T14:00:00+00:00,2385.03
TXN102524,MERCH_DIGITAL_04,2025-03-25T03:00:00+00:00,1210.72
TXN102525,MERCH_ECOM_03,2025-02-08T23:00:00+00:00,2656.98
TXN102526,MERCH_SAAS_02,2025-02-02T04:00:00+00:00,7961.65
TXN102527,MERCH_SAAS_02,2025-06-04T18:00:00+00:00,3020.64
TXN102528,MERCH_SAAS_02,2025-03-28T00:00:00+00:00,2495.27
TXN102529,MERCH_SAAS_02,2025-02-15T01:00:00+00:00,3624.02
TXN102530,MERCH_ECOM_03,2025-02-24T21:00:00+00:00,400.81
TXN102531,MERCH_RETAIL_01,2025-01-09T16:00:00+00:00,3898.6
TXN102532,MERCH_ECOM_03,2025-01-05T20:00:00+00:00,2818.86
TXN102533,MERCH_RETAIL_01,2025-01-20T13:00:00+00:00,2429.07
TXN102534,MERCH_ECOM_03,2025-06-29T22:00:00+00:00,5273.24
TXN102535,MERCH_SAAS_02,2025-01-28T09:00:00+00:00,261.63
TXN102536,MERCH_ECOM_03,2025-03-20T11:00:00+00:00,563.58
TXN102537,MERCH_RETAIL_01,2025-05-05T15:00:00+00:00,1605.82
TXN102538,MERCH_ECOM_03,2025-04-11T05:00:00+00:00,581.74
TXN102539,MERCH_DIGITAL_04,2025-04-28T02:00:00+00:00,657.76
TXN102540,MERCH_SAAS_02,2025-01-29T00:00:00+00:00,5440.57
TXN102541,MERCH_SAAS_02,2025-02-14T14:00:00+00:00,1873.87
TXN102542,MERCH_SAAS_02,2025-03-04T13:00:00+00:00,1914.19
TXN102543,MERCH_ECOM_03,2025-05-28T13:00:00+00:00,1117.38
TXN102544,MERCH_SAAS_02,2025-02-01T14:00:00+00:00,1942.25
TXN102545,MERCH_RETAIL_01,2025-02-08T15:00:00+00:00,1175.29
TXN102546,MERCH_RETAIL_01,2025-02-18T04:00:00+00:00,11205.11
TXN102547,MERCH_RETAIL_01,2025-02-12T22:00:00+00:00,530.12
TXN102548,MERCH_DIGITAL_04,2025-03-17T08:00:00+00:00,2861.36
TXN102549,MERCH_RETAIL_01,2025-01-08T10:00:00+00:00,4956.33
TXN102550,MERCH_RETAIL_01,2025-03-15T09:00:00+00:00,2169.86
TXN102551,MERCH_ECOM_03,2025-04-27T08:00:00+00:00,1937.38
TXN102552,MERCH_RETAIL_01,2025-05-31T07:00:00+00:00,5092.46
TXN102553,MERCH_ECOM_03,2025-06-08T21:00:00+00:00,755.06
TXN102554,MERCH_DIGITAL_04,2025-03-27T21:00:00+00:00,1778.24
TXN102555,MERCH_SAAS_02,2025-03-21T22:00:00+00:00,513.35
TXN102556,MERCH_RETAIL_01,2025-01-24T09:00:00+00:00,2656.48
TXN102557,MERCH_SAAS_02,2025-04-22T12:00:00+00:00,5546.99
TXN102558,MERCH_RETAIL_01,2025-01-03T07:00:00+00:00,2218.76
TXN102559,MERCH_SAAS_02,2025-06-20T18:00:00+00:00,874.04
TXN102560,MERCH_RETAIL_01,2025-02-15T00:00:00+00:00,3823.11
TXN102561,MERCH_SAAS_02,2025-01-14T20:00:00+00:00,2936.4
TXN102562,MERCH_DIGITAL_04,2025-05-13T06:00:00+00:00,1870.38
TXN102563,MERCH_RETAIL_01,2025-04-16T06:00:00+00:00,2797.93
TXN102564,MERCH_RETAIL_01,2025-03-09T19:00:00+00:00,3547.14
TXN102565,MERCH_ECOM_03,2025-02-22T02:00:00+00:00,3741.36
TXN102566,MERCH_DIGITAL_04,2025-05-28T23:00:00+00:00,3140.38
TXN102567,MERCH_SAAS_02,2025-05-18T16:00:00+00:00,2993.91
TXN102568,MERCH_SAAS_02,2025-03-21T00:00:00+00:00,1520.17
TXN102569,MERCH_SAAS_02,2025-02-06T20:00:00+00:00,1264.01
TXN102570,MERCH_SAAS_02,2025-04-16T09:00:00+00:00,915.45
TXN102571,MERCH_RETAIL_01,2025-01-08T07:00:00+00:00,1691.85
TXN102572,MERCH_RETAIL_01,2025-05-11T13:00:00+00:00,486.13
TXN102573,MERCH_RETAIL_01,2025-02-05T08:00:00+00:00,4449.52
TXN102574,MERCH_RETAIL_01,2025-06-29T14:00:00+00:00,2601.81
TXN102575,MERCH_SAAS_02,2025-04-09T00:00:00+00:00,1942.87
TXN102576,MERCH_ECOM_03,2025-01-05T15:00:00+00:00,1801.0
TXN102577,MERCH_DIGITAL_04,2025-06-19T04:00:00+00:00,1175.88
TXN102578,MERCH_SAAS_02,2025-04-05T04:00:00+00:00,2560.63
TXN102579,MERCH_RETAIL_01,2025-05-01T07:00:00+00:00,5821.34
TXN102580,MERCH_ECOM_03,2025-03-12T04:00:00+00:00,1715.63
TXN102581,MERCH_SAAS_02,2025-04-18T23:00:00+00:00,1457.11
TXN102582,MERCH_ECOM_03,2025-04-20T23:00:00+00:00,3151.17
TXN102583,MERCH_RETAIL_01,2025-02-01T06:00:00+00:00,3728.5
TXN102584,MERCH_ECOM_03,2025-06-23T19:00:00+00:00,2187.62
TXN102585,MERCH_RETAIL_01,2025-06-23T20:00:00+00:00,1578.92
TXN102586,MERCH_DIGITAL_04,2025-06-15T20:00:00+00:00,3038.58
TXN102587,MERCH_ECOM_03,2025-01-23T09:00:00+00:00,1461.02
TXN102588,MERCH_RETAIL_01,2025-06-19T08:00:00+00:00,2772.96
TXN102589,MERCH_RETAIL_01,2025-06-21T01:00:00+00:00,1221.76
TXN102590,MERCH_RETAIL_01,2025-06-21T08:00:00+00:00,2138.88
TXN102591,MERCH_DIGITAL_04,2025-01-23T22:00:00+00:00,2561.1
TXN102592,MERCH_RETAIL_01,2025-05-15T09:00:00+00:00,4526.06
TXN102593,MERCH_ECOM_03,2025-04-19T15:00:00+00:00,4626.04
TXN102594,MERCH_ECOM_03,2025-01-14T21:00:00+00:00,1218.51
TXN102595,MERCH_RETAIL_01,2025-02-10T04:00:00+00:00,4864.54
TXN102596,MERCH_RETAIL_01,2025-03-19T04:00:00+00:00,4572.64
TXN102597,MERCH_SAAS_02,2025-01-16T00:00:00+00:00,4249.9
TXN102598,MERCH_DIGITAL_04,2025-02-09T18:00:00+00:00,4045.71
TXN102599,MERCH_SAAS_02,2025-02-21T19:00:00+00:00,1100.51
TXN102600,MERCH_SAAS_02,2025-04-17T08:00:00+00:00,1308.26
TXN102601,MERCH_SAAS_02,2025-05-04T03:00:00+00:00,1467.02
TXN102602,MERCH_RETAIL_01,2025-02-13T03:00:00+00:00,1479.17
TXN102603,MERCH_RETAIL_01,2025-05-03T11:00:00+00:00,4653.44
TXN102604,MERCH_ECOM_03,2025-03-18T10:00:00+00:00,3694.33
TXN102605,MERCH_ECOM_03,2025-04-03T08:00:00+00:00,8854.52
TXN102606,MERCH_ECOM_03,2025-01-23T15:00:00+00:00,481.03
TXN102607,MERCH_RETAIL_01,2025-03-07T10:00:00+00:00,1240.43
TXN102608,MERCH_SAAS_02,2025-06-15T17:00:00+00:00,948.53
TXN102609,MERCH_ECOM_03,2025-02-18T17:00:00+00:00,3195.1
TXN102610,MERCH_SAAS_02,2025-05-30T20:00:00+00:00,2331.15
TXN102611,MERCH_RETAIL_01,2025-02-06T03:00:00+00:00,219.76
TXN102612,MERCH_RETAIL_01,2025-01-31T00:00:00+00:00,1267.6
TXN102613,MERCH_DIGITAL_04,2025-05-16T01:00:00+00:00,2478.16
TXN102614,MERCH_RETAIL_01,2025-04-27T03:00:00+00:00,2242.26
TXN102615,MERCH_RETAIL_01,2025-03-25T23:00:00+00:00,2160.31
TXN102616,MERCH_SAAS_02,2025-04-25T00:00:00+00:00,5583.33
TXN102617,MERCH_RETAIL_01,2025-01-04T00:00:00+00:00,2189.45
TXN102618,MERCH_RETAIL_01,2025-01-31T06:00:00+00:00,907.82
TXN102619,MERCH_RETAIL_01,2025-03-30T18:00:00+00:00,826.64
TXN102620,MERCH_SAAS_02,2025-06-10T20:00:00+00:00,1880.65
TXN102621,MERCH_ECOM_03,2025-01-17T03:00:00+00:00,337.39
TXN102622,MERCH_ECOM_03,2025-04-27T03:00:00+00:00,4245.48
TXN102623,MERCH_SAAS_02,2025-03-23T21:00:00+00:00,4641.47
TXN102624,MERCH_ECOM_03,2025-05-11T15:00:00+00:00,5368.35
TXN102625,MERCH_RETAIL_01,2025-01-13T09:00:00+00:00,1021.94
TXN102626,MERCH_SAAS_02,2025-05-05T05:00:00+00:00,1087.9
TXN102627,MERCH_DIGITAL_04,2025-01-12T16:00:00+00:00,1902.16
TXN102628,MERCH_ECOM_03,2025-03-29T02:00:00+00:00,1082.6
TXN102629,MERCH_RETAIL_01,2025-03-06T04:00:00+00:00,865.6
TXN102630,MERCH_RETAIL_01,2025-04-30T15:00:00+00:00,2242.81
TXN102631,MERCH_ECOM_03,2025-05-18T16:00:00+00:00,1390.12
TXN102632,MERCH_RETAIL_01,2025-04-08T04:00:00+00:00,9311.23
TXN102633,MERCH_RETAIL_01,2025-01-18T14:00:00+00:00,2079.75
TXN102634,MERCH_SAAS_02,2025-03-17T16:00:00+00:00,2303.32
TXN102635,MERCH_ECOM_03,2025-02-27T14:00:00+00:00,1237.73
TXN102636,MERCH_SAAS_02,2025-03-05T23:00:00+00:00,1349.03
TXN102637,MERCH_DIGITAL_04,2025-02-03T03:00:00+00:00,3994.23
TXN102638,MERCH_SAAS_02,2025-05-14T13:00:00+00:00,6242.56
TXN102639,MERCH_RETAIL_01,2025-05-13T00:00:00+00:00,3705.59
TXN102640,MERCH_SAAS_02,2025-05-25T08:00:00+00:00,1550.0
TXN102641,MERCH_SAAS_02,2025-02-11T08:00:00+00:00,3933.04
TXN102642,MERCH_RETAIL_01,2025-01-10T07:00:00+00:00,8923.32
TXN102643,MERCH_ECOM_03,2025-03-21T08:00:00+00:00,1086.27
TXN102644,MERCH_RETAIL_01,2025-03-05T08:00:00+00:00,3661.89
TXN102645,MERCH_ECOM_03,2025-03-20T12:00:00+00:00,5976.66
TXN102646,MERCH_ECOM_03,2025-03-29T07:00:00+00:00,9120.14
TXN102647,MERCH_RETAIL_01,2025-04-30T00:00:00+00:00,3142.76
TXN102648,MERCH_SAAS_02,2025-01-28T15:00:00+00:00,1736.41
TXN102649,MERCH_RETAIL_01,2025-02-08T21:00:00+00:00,812.54
TXN102650,MERCH_RETAIL_01,2025-06-14T06:00:00+00:00,441.64
TXN102651,MERCH_SAAS_02,2025-06-06T07:00:00+00:00,5637.53
TXN102652,MERCH_RETAIL_01,2025-02-05T05:00:00+00:00,1647.07
TXN102653,MERCH_SAAS_02,2025-03-01T04:00:00+00:00,553.59
TXN102654,MERCH_SAAS_02,2025-01-20T20:00:00+00:00,3367.62
TXN102655,MERCH_RETAIL_01,2025-01-17T06:00:00+00:00,738.47
TXN102656,MERCH_RETAIL_01,2025-03-01T10:00:00+00:00,2288.1
TXN102657,MERCH_ECOM_03,2025-06-02T04:00:00+00:00,1672.8
TXN102658,MERCH_ECOM_03,2025-03-30T16:00:00+00:00,3625.97
TXN102659,MERCH_SAAS_02,2025-04-03T03:00:00+00:00,4363.18
TXN102660,MERCH_RETAIL_01,2025-03-19T00:00:00+00:00,6921.21
TXN102661,MERCH_RETAIL_01,2025-06-28T02:00:00+00:00,6491.27
TXN102662,MERCH_RETAIL_01,2025-03-01T12:00:00+00:00,2622.5
TXN102663,MERCH_ECOM_03,2025-05-15T13:00:00+00:00,2934.41
TXN102664,MERCH_ECOM_03,2025-01-06T15:00:00+00:00,856.16
TXN102665,MERCH_ECOM_03,2025-04-04T11:00:00+00:00,3138.72
TXN102666,MERCH_RETAIL_01,2025-04-02T01:00:00+00:00,2665.82
TXN102667,MERCH_DIGITAL_04,2025-01-13T04:00:00+00:00,1162.74
TXN102668,MERCH_SAAS_02,2025-05-22T05:00:00+00:00,2103.62
TXN102669,MERCH_SAAS_02,2025-06-06T13:00:00+00:00,2013.02
TXN102670,MERCH_SAAS_02,2025-04-04T02:00:00+00:00,1179.4
TXN102671,MERCH_RETAIL_01,2025-01-02T16:00:00+00:00,1613.09
TXN102672,MERCH_RETAIL_01,2025-06-16T02:00:00+00:00,4847.04
TXN102673,MERCH_RETAIL_01,2025-05-18T04:00:00+00:00,499.54
TXN102674,MERCH_RETAIL_01,2025-05-15T11:00:00+00:00,3547.06
TXN102675,MERCH_SAAS_02,2025-01-24T18:00:00+00:00,263.7
TXN102676,MERCH_RETAIL_01,2025-05-29T00:00:00+00:00,3915.72
TXN102677,MERCH_RETAIL_01,2025-05-22T18:00:00+00:00,1620.67
TXN102678,MERCH_DIGITAL_04,2025-06-16T00:00:00+00:00,4707.1
TXN102679,MERCH_ECOM_03,2025-04-11T07:00:00+00:00,5277.26
TXN102680,MERCH_RETAIL_01,2025-02-20T08:00:00+00:00,4562.69
TXN102681,MERCH_RETAIL_01,2025-03-19T03:00:00+00:00,851.56
TXN102682,MERCH_SAAS_02,2025-04-04T07:00:00+00:00,3802.02
TXN102683,MERCH_ECOM_03,2025-06-26T10:00:00+00:00,638.11
TXN102684,MERCH_SAAS_02,2025-03-05T09:00:00+00:00,2688.01
TXN102685,MERCH_RETAIL_01,2025-02-22T11:00:00+00:00,3765.9
TXN102686,MERCH_SAAS_02,2025-04-11T13:00:00+00:00,3136.9
TXN102687,MERCH_SAAS_02,2025-02-19T10:00:00+00:00,3091.83
TXN102688,MERCH_RETAIL_01,2025-04-10T17:00:00+00:00,1597.9
TXN102689,MERCH_ECOM_03,2025-05-14T00:00:00+00:00,3326.89
TXN102690,MERCH_RETAIL_01,2025-05-28T20:00:00+00:00,471.57
TXN102691,MERCH_SAAS_02,2025-03-17T20:00:00+00:00,5940.88
TXN102692,MERCH_RETAIL_01,2025-06-19T21:00:00+00:00,435.72
TXN102693,MERCH_RETAIL_01,2025-04-26T23:00:00+00:00,4091.7
TXN102694,MERCH_SAAS_02,2025-06-21T10:00:00+00:00,4602.51
TXN102695,MERCH_DIGITAL_04,2025-03-13T15:00:00+00:00,1273.94
TXN102696,MERCH_SAAS_02,2025-06-24T05:00:00+00:00,3296.5
TXN102697,MERCH_ECOM_03,2025-02-03T10:00:00+00:00,3091.41
TXN102698,MERCH_RETAIL_01,2025-01-17T08:00:00+00:00,821.1
TXN102699,MERCH_ECOM_03,2025-03-10T22:00:00+00:00,2671.31
TXN102700,MERCH_RETAIL_01,2025-06-15T10:00:00+00:00,376.68
TXN102701,MERCH_SAAS_02,2025-05-02T07:00:00+00:00,1859.09
TXN102702,MERCH_RETAIL_01,2025-03-22T21:00:00+00:00,897.46
TXN102703,MERCH_SAAS_02,2025-04-29T16:00:00+00:00,2473.98
TXN102704,MERCH_ECOM_03,2025-02-24T05:00:00+00:00,2570.56
TXN102705,MERCH_RETAIL_01,2025-01-29T00:00:00+00:00,6842.81
TXN102706,MERCH_SAAS_02,2025-02-18T23:00:00+00:00,1232.98
TXN102707,MERCH_ECOM_03,2025-04-16T01:00:00+00:00,2873.96
TXN102708,MERCH_ECOM_03,2025-02-25T11:00:00+00:00,464.22
TXN102709,MERCH_RETAIL_01,2025-05-16T16:00:00+00:00,379.11
TXN102710,MERCH_ECOM_03,2025-01-28T22:00:00+00:00,4022.5
TXN102711,MERCH_SAAS_02,2025-04-29T20:00:00+00:00,1977.13
TXN102712,MERCH_RETAIL_01,2025-02-19T17:00:00+00:00,1291.28
TXN102713,MERCH_RETAIL_01,2025-05-04T22:00:00+00:00,139.23
TXN102714,MERCH_ECOM_03,2025-02-21T10:00:00+00:00,1655.31
TXN102715,MERCH_SAAS_02,2025-06-14T16:00:00+00:00,1449.66
TXN102716,MERCH_RETAIL_01,2025-06-05T08:00:00+00:00,2839.43
TXN102717,MERCH_RETAIL_01,2025-05-18T00:00:00+00:00,2096.24
TXN102718,MERCH_SAAS_02,2025-03-21T09:00:00+00:00,2013.04
TXN102719,MERCH_ECOM_03,2025-03-18T11:00:00+00:00,6454.66
TXN102720,MERCH_SAAS_02,2025-01-31T18:00:00+00:00,2352.1
TXN102721,MERCH_ECOM_03,2025-06-13T22:00:00+00:00,5350.05
TXN102722,MERCH_RETAIL_01,2025-04-21T15:00:00+00:00,4569.21
TXN102723,MERCH_RETAIL_01,2025-02-27T22:00:00+00:00,1034.73
TXN102724,MERCH_RETAIL_01,2025-03-14T22:00:00+00:00,4976.64
TXN102725,MERCH_RETAIL_01,2025-01-28T19:00:00+00:00,2580.23
TXN102726,MERCH_ECOM_03,2025-02-22T03:00:00+00:00,1431.19
TXN102727,MERCH_DIGITAL_04,2025-06-01T09:00:00+00:00,850.45
TXN102728,MERCH_ECOM_03,2025-06-08T15:00:00+00:00,2902.42
TXN102729,MERCH_SAAS_02,2025-01-08T09:00:00+00:00,1158.81
TXN102730,MERCH_RETAIL_01,2025-03-19T15:00:00+00:00,5172.43
TXN102731,MERCH_RETAIL_01,2025-04-08T23:00:00+00:00,3552.06
TXN102732,MERCH_RETAIL_01,2025-05-07T15:00:00+00:00,2463.06
TXN102733,MERCH_DIGITAL_04,2025-05-01T06:00:00+00:00,999.57
TXN102734,MERCH_RETAIL_01,2025-01-05T18:00:00+00:00,3617.37
TXN102735,MERCH_SAAS_02,2025-01-22T13:00:00+00:00,623.44
TXN102736,MERCH_RETAIL_01,2025-05-05T03:00:00+00:00,2700.36
TXN102737,MERCH_RETAIL_01,2025-01-09T07:00:00+00:00,3040.95
TXN102738,MERCH_ECOM_03,2025-01-28T20:00:00+00:00,3812.18
TXN102739,MERCH_ECOM_03,2025-06-19T04:00:00+00:00,532.64
TXN102740,MERCH_SAAS_02,2025-06-12T08:00:00+00:00,6859.02
TXN102741,MERCH_RETAIL_01,2025-06-24T01:00:00+00:00,862.6
TXN102742,MERCH_SAAS_02,2025-01-22T12:00:00+00:00,1475.43
TXN102743,MERCH_SAAS_02,2025-01-26T09:00:00+00:00,954.89
TXN102744,MERCH_SAAS_02,2025-06-22T21:00:00+00:00,8194.44
TXN102745,MERCH_RETAIL_01,2025-05-01T11:00:00+00:00,1153.69
TXN102746,MERCH_RETAIL_01,2025-06-25T05:00:00+00:00,3732.32
TXN102747,MERCH_ECOM_03,2025-04-01T04:00:00+00:00,1535.54
TXN102748,MERCH_SAAS_02,2025-03-12T16:00:00+00:00,1672.87
TXN102749,MERCH_RETAIL_01,2025-01-21T20:00:00+00:00,3618.9
TXN102750,MERCH_RETAIL_01,2025-04-23T06:00:00+00:00,3313.87
TXN102751,MERCH_SAAS_02,2025-02-28T10:00:00+00:00,3314.19
TXN102752,MERCH_RETAIL_01,2025-06-13T01:00:00+00:00,3802.33
TXN102753,MERCH_ECOM_03,2025-03-14T21:00:00+00:00,1671.76
TXN102754,MERCH_ECOM_03,2025-01-16T00:00:00+00:00,1088.43
TXN102755,MERCH_RETAIL_01,2025-03-22T16:00:00+00:00,4705.98
TXN102756,MERCH_ECOM_03,2025-02-02T15:00:00+00:00,1872.13
TXN102757,MERCH_RETAIL_01,2025-02-04T13:00:00+00:00,3041.44
TXN102758,MERCH_RETAIL_01,2025-01-11T02:00:00+00:00,7126.15
TXN102759,MERCH_DIGITAL_04,2025-06-19T14:00:00+00:00,2021.47
TXN102760,MERCH_RETAIL_01,2025-05-06T14:00:00+00:00,2013.41
TXN102761,MERCH_ECOM_03,2025-03-16T20:00:00+00:00,1588.48
TXN102762,MERCH_ECOM_03,2025-06-10T18:00:00+00:00,2387.0
TXN102763,MERCH_RETAIL_01,2025-05-18T17:00:00+00:00,435.68
TXN102764,MERCH_RETAIL_01,2025-02-09T18:00:00+00:00,4311.24
TXN102765,MERCH_SAAS_02,2025-04-02T16:00:00+00:00,1704.31
TXN102766,MERCH_RETAIL_01,2025-03-06T03:00:00+00:00,2700.34
TXN102767,MERCH_DIGITAL_04,2025-05-02T21:00:00+00:00,1746.42
TXN102768,MERCH_RETAIL_01,2025-04-16T04:00:00+00:00,4022.28
TXN102769,MERCH_SAAS_02,2025-03-21T19:00:00+00:00,1648.22
TXN102770,MERCH_RETAIL_01,2025-02-10T00:00:00+00:00,4525.32
TXN102771,MERCH_ECOM_03,2025-04-09T23:00:00+00:00,786.82
TXN102772,MERCH_DIGITAL_04,2025-06-24T10:00:00+00:00,3576.17
TXN102773,MERCH_SAAS_02,2025-03-27T22:00:00+00:00,2826.9
TXN102774,MERCH_SAAS_02,2025-02-18T09:00:00+00:00,2449.53
TXN102775,MERCH_SAAS_02,2025-02-17T08:00:00+00:00,1146.32
TXN102776,MERCH_DIGITAL_04,2025-05-04T23:00:00+00:00,7269.34
TXN102777,MERCH_RETAIL_01,2025-02-28T12:00:00+00:00,971.72
TXN102778,MERCH_ECOM_03,2025-03-13T10:00:00+00:00,660.02
TXN102779,MERCH_SAAS_02,2025-02-19T06:00:00+00:00,1184.25
TXN102780,MERCH_SAAS_02,2025-05-26T20:00:00+00:00,830.0
TXN102781,MERCH_ECOM_03,2025-01-29T17:00:00+00:00,4644.29
TXN102782,MERCH_ECOM_03,2025-06-01T21:00:00+00:00,3818.98
TXN102783,MERCH_RETAIL_01,2025-04-18T01:00:00+00:00,2576.63
TXN102784,MERCH_ECOM_03,2025-04-11T19:00:00+00:00,2912.83
TXN102785,MERCH_SAAS_02,2025-06-03T04:00:00+00:00,951.1
TXN102786,MERCH_ECOM_03,2025-02-11T19:00:00+00:00,713.9
TXN102787,MERCH_ECOM_03,2025-03-08T16:00:00+00:00,3353.69
TXN102788,MERCH_ECOM_03,2025-05-11T00:00:00+00:00,421.2
TXN102789,MERCH_RETAIL_01,2025-01-30T04:00:00+00:00,1051.96
TXN102790,MERCH_DIGITAL_04,2025-06-15T23:00:00+00:00,3560.69
TXN102791,MERCH_SAAS_02,2025-01-07T17:00:00+00:00,3787.84
TXN102792,MERCH_ECOM_03,2025-03-04T17:00:00+00:00,256.22
TXN102793,MERCH_ECOM_03,2025-03-20T17:00:00+00:00,621.06
TXN102794,MERCH_ECOM_03,2025-05-24T08:00:00+00:00,7797.33
TXN102795,MERCH_ECOM_03,2025-06-25T02:00:00+00:00,1581.3
TXN102796,MERCH_RETAIL_01,2025-04-28T21:00:00+00:00,3324.13
TXN102797,MERCH_SAAS_02,2025-01-28T06:00:00+00:00,1950.33
TXN102798,MERCH_RETAIL_01,2025-06-22T14:00:00+00:00,3443.91
TXN102799,MERCH_DIGITAL_04,2025-05-08T11:00:00+00:00,2884.96
TXN102800,MERCH_RETAIL_01,2025-02-20T15:00:00+00:00,1191.55
TXN102801,MERCH_ECOM_03,2025-02-05T00:00:00+00:00,3244.6
TXN102802,MERCH_ECOM_03,2025-05-04T01:00:00+00:00,6429.29
TXN102803,MERCH_RETAIL_01,2025-03-31T06:00:00+00:00,3051.88
TXN102804,MERCH_SAAS_02,2025-01-21T17:00:00+00:00,1486.49
TXN102805,MERCH_SAAS_02,2025-06-10T08:00:00+00:00,1125.62
TXN102806,MERCH_ECOM_03,2025-05-13T22:00:00+00:00,2123.41
TXN102807,MERCH_SAAS_02,2025-06-08T15:00:00+00:00,1585.15
TXN102808,MERCH_SAAS_02,2025-01-25T01:00:00+00:00,1106.3
TXN102809,MERCH_RETAIL_01,2025-02-01T05:00:00+00:00,3242.88
TXN102810,MERCH_ECOM_03,2025-04-24T06:00:00+00:00,1781.89
TXN102811,MERCH_ECOM_03,2025-05-03T14:00:00+00:00,2310.94
TXN102812,MERCH_SAAS_02,2025-02-12T10:00:00+00:00,2204.23
TXN102813,MERCH_RETAIL_01,2025-03-22T06:00:00+00:00,829.38
TXN102814,MERCH_RETAIL_01,2025-02-23T23:00:00+00:00,1184.61
TXN102815,MERCH_SAAS_02,2025-06-06T15:00:00+00:00,3615.6
TXN102816,MERCH_SAAS_02,2025-06-14T20:00:00+00:00,2247.45
TXN102817,MERCH_RETAIL_01,2025-02-12T20:00:00+00:00,2083.45
TXN102818,MERCH_ECOM_03,2025-03-30T10:00:00+00:00,3992.53
TXN102819,MERCH_SAAS_02,2025-02-03T15:00:00+00:00,1174.72
TXN102820,MERCH_DIGITAL_04,2025-01-25T22:00:00+00:00,3600.43
TXN102821,MERCH_DIGITAL_04,2025-03-18T04:00:00+00:00,1044.83
TXN102822,MERCH_ECOM_03,2025-01-26T02:00:00+00:00,2412.02
TXN102823,MERCH_RETAIL_01,2025-06-13T17:00:00+00:00,5090.67
TXN102824,MERCH_ECOM_03,2025-05-17T05:00:00+00:00,1452.41
TXN102825,MERCH_SAAS_02,2025-03-10T04:00:00+00:00,365.76
TXN102826,MERCH_ECOM_03,2025-01-18T08:00:00+00:00,3268.73
TXN102827,MERCH_ECOM_03,2025-03-08T02:00:00+00:00,2593.83
TXN102828,MERCH_SAAS_02,2025-03-02T18:00:00+00:00,291.4
TXN102829,MERCH_RETAIL_01,2025-05-23T19:00:00+00:00,6018.35
TXN102830,MERCH_ECOM_03,2025-02-02T00:00:00+00:00,140.26
TXN102831,MERCH_RETAIL_01,2025-05-21T18:00:00+00:00,9165.32
TXN102832,MERCH_ECOM_03,2025-03-20T15:00:00+00:00,3435.9
TXN102833,MERCH_RETAIL_01,2025-01-31T12:00:00+00:00,3204.51
TXN102834,MERCH_SAAS_02,2025-03-11T18:00:00+00:00,2284.39
TXN102835,MERCH_SAAS_02,2025-03-13T09:00:00+00:00,1768.81
TXN102836,MERCH_SAAS_02,2025-03-07T08:00:00+00:00,1687.55
TXN102837,MERCH_RETAIL_01,2025-02-03T05:00:00+00:00,1182.91
TXN102838,MERCH_DIGITAL_04,2025-03-05T00:00:00+00:00,538.11
TXN102839,MERCH_RETAIL_01,2025-02-22T21:00:00+00:00,2359.88
TXN102840,MERCH_RETAIL_01,2025-04-21T07:00:00+00:00,1268.02
TXN102841,MERCH_RETAIL_01,2025-05-08T19:00:00+00:00,3484.38
TXN102842,MERCH_RETAIL_01,2025-03-08T22:00:00+00:00,6012.82
TXN102843,MERCH_RETAIL_01,2025-04-18T02:00:00+00:00,435.01
TXN102844,MERCH_RETAIL_01,2025-01-01T19:00:00+00:00,3146.81
TXN102845,MERCH_SAAS_02,2025-06-01T21:00:00+00:00,2725.94
TXN102846,MERCH_ECOM_03,2025-05-23T10:00:00+00:00,1519.63
TXN102847,MERCH_RETAIL_01,2025-05-10T02:00:00+00:00,2725.83
TXN102848,MERCH_SAAS_02,2025-06-01T21:00:00+00:00,613.75
TXN102849,MERCH_RETAIL_01,2025-01-04T07:00:00+00:00,4714.19
TXN102850,MERCH_RETAIL_01,2025-05-06T07:00:00+00:00,2379.1
TXN102851,MERCH_RETAIL_01,2025-06-19T01:00:00+00:00,1639.48
TXN102852,MERCH_ECOM_03,2025-04-10T23:00:00+00:00,14264.98
TXN102853,MERCH_RETAIL_01,2025-04-24T05:00:00+00:00,1053.98
TXN102854,MERCH_SAAS_02,2025-02-24T19:00:00+00:00,1199.12
TXN102855,MERCH_RETAIL_01,2025-03-10T06:00:00+00:00,5141.08
TXN102856,MERCH_RETAIL_01,2025-01-26T18:00:00+00:00,7889.48
TXN102857,MERCH_DIGITAL_04,2025-01-04T13:00:00+00:00,1911.77
TXN102858,MERCH_RETAIL_01,2025-06-11T11:00:00+00:00,4486.77
TXN102859,MERCH_SAAS_02,2025-03-09T01:00:00+00:00,5086.52
TXN102860,MERCH_SAAS_02,2025-02-07T05:00:00+00:00,2978.39
TXN102861,MERCH_SAAS_02,2025-06-28T17:00:00+00:00,3873.68
TXN102862,MERCH_ECOM_03,2025-06-10T09:00:00+00:00,252.63
TXN102863,MERCH_SAAS_02,2025-01-31T14:00:00+00:00,4966.04
TXN102864,MERCH_RETAIL_01,2025-04-27T17:00:00+00:00,2514.87
TXN102865,MERCH_DIGITAL_04,2025-02-27T18:00:00+00:00,695.88
TXN102866,MERCH_DIGITAL_04,2025-05-06T05:00:00+00:00,2437.71
TXN102867,MERCH_SAAS_02,2025-04-29T19:00:00+00:00,10080.07
TXN102868,MERCH_RETAIL_01,2025-06-05T02:00:00+00:00,3806.27
TXN102869,MERCH_ECOM_03,2025-01-21T04:00:00+00:00,4148.9
TXN102870,MERCH_RETAIL_01,2025-05-07T16:00:00+00:00,5484.72
TXN102871,MERCH_RETAIL_01,2025-02-18T16:00:00+00:00,631.69
TXN102872,MERCH_SAAS_02,2025-01-23T12:00:00+00:00,3102.24
TXN102873,MERCH_RETAIL_01,2025-06-07T10:00:00+00:00,497.38
TXN102874,MERCH_ECOM_03,2025-06-03T14:00:00+00:00,8649.07
TXN102875,MERCH_ECOM_03,2025-03-04T03:00:00+00:00,2357.54
TXN102876,MERCH_ECOM_03,2025-05-08T12:00:00+00:00,383.34
TXN102877,MERCH_SAAS_02,2025-02-12T21:00:00+00:00,3006.38
TXN102878,MERCH_ECOM_03,2025-06-15T04:00:00+00:00,3851.89
TXN102879,MERCH_RETAIL_01,2025-04-13T09:00:00+00:00,514.62
TXN102880,MERCH_SAAS_02,2025-04-30T12:00:00+00:00,4336.46
TXN102881,MERCH_ECOM_03,2025-02-25T16:00:00+00:00,425.34
TXN102882,MERCH_SAAS_02,2025-01-18T23:00:00+00:00,1195.03
TXN102883,MERCH_RETAIL_01,2025-02-02T19:00:00+00:00,4599.19
TXN102884,MERCH_SAAS_02,2025-05-13T00:00:00+00:00,1492.8
TXN102885,MERCH_SAAS_02,2025-03-29T07:00:00+00:00,1454.49
TXN102886,MERCH_ECOM_03,2025-02-26T08:00:00+00:00,576.3
TXN102887,MERCH_RETAIL_01,2025-03-28T18:00:00+00:00,1974.35
TXN102888,MERCH_ECOM_03,2025-04-18T12:00:00+00:00,1579.33
TXN102889,MERCH_SAAS_02,2025-05-21T19:00:00+00:00,1149.02
TXN102890,MERCH_SAAS_02,2025-02-20T18:00:00+00:00,1461.38
TXN102891,MERCH_ECOM_03,2025-04-13T22:00:00+00:00,1235.65
TXN102892,MERCH_ECOM_03,2025-03-29T02:00:00+00:00,7108.26
TXN102893,MERCH_RETAIL_01,2025-06-12T07:00:00+00:00,1672.16
TXN102894,MERCH_SAAS_02,2025-04-17T23:00:00+00:00,2245.23
TXN102895,MERCH_ECOM_03,2025-06-25T09:00:00+00:00,1709.07
TXN102896,MERCH_ECOM_03,2025-01-15T13:00:00+00:00,1136.52
TXN102897,MERCH_RETAIL_01,2025-02-12T22:00:00+00:00,5645.62
TXN102898,MERCH_RETAIL_01,2025-06-15T20:00:00+00:00,2892.73
TXN102899,MERCH_RETAIL_01,2025-06-09T21:00:00+00:00,1338.61
TXN102900,MERCH_DIGITAL_04,2025-01-20T13:00:00+00:00,1252.02
TXN102901,MERCH_ECOM_03,2025-05-18T16:00:00+00:00,1585.06
TXN102902,MERCH_SAAS_02,2025-03-07T01:00:00+00:00,1481.29
TXN102903,MERCH_SAAS_02,2025-02-01T04:00:00+00:00,3414.35
TXN102904,MERCH_RETAIL_01,2025-01-31T19:00:00+00:00,5342.02
TXN102905,MERCH_RETAIL_01,2025-01-21T04:00:00+00:00,4119.41
TXN102906,MERCH_RETAIL_01,2025-01-07T15:00:00+00:00,914.42
TXN102907,MERCH_RETAIL_01,2025-03-05T19:00:00+00:00,1281.63
TXN102908,MERCH_SAAS_02,2025-01-10T13:00:00+00:00,1901.69
TXN102909,MERCH_SAAS_02,2025-04-19T20:00:00+00:00,2072.93
TXN102910,MERCH_ECOM_03,2025-02-07T09:00:00+00:00,2867.19
TXN102911,MERCH_ECOM_03,2025-01-13T15:00:00+00:00,7288.44
TXN102912,MERCH_DIGITAL_04,2025-05-01T23:00:00+00:00,1936.27
TXN102913,MERCH_RETAIL_01,2025-05-25T13:00:00+00:00,1832.11
TXN102914,MERCH_ECOM_03,2025-01-23T00:00:00+00:00,2148.93
TXN102915,MERCH_DIGITAL_04,2025-03-01T15:00:00+00:00,7909.67
TXN102916,MERCH_SAAS_02,2025-06-16T07:00:00+00:00,5459.36
TXN102917,MERCH_SAAS_02,2025-03-13T15:00:00+00:00,1691.06
TXN102918,MERCH_SAAS_02,2025-06-22T13:00:00+00:00,3248.4
TXN102919,MERCH_RETAIL_01,2025-02-19T04:00:00+00:00,2323.57
TXN102920,MERCH_ECOM_03,2025-01-21T21:00:00+00:00,1402.48
TXN102921,MERCH_DIGITAL_04,2025-01-18T05:00:00+00:00,684.99
TXN102922,MERCH_RETAIL_01,2025-05-23T08:00:00+00:00,3175.05
TXN102923,MERCH_RETAIL_01,2025-06-05T05:00:00+00:00,484.89
TXN102924,MERCH_SAAS_02,2025-03-25T18:00:00+00:00,3606.6
TXN102925,MERCH_ECOM_03,2025-05-06T21:00:00+00:00,2752.6
TXN102926,MERCH_DIGITAL_04,2025-03-15T22:00:00+00:00,2071.42
TXN102927,MERCH_RETAIL_01,2025-04-10T01:00:00+00:00,2881.85
TXN102928,MERCH_ECOM_03,2025-06-24T20:00:00+00:00,1019.96
TXN102929,MERCH_RETAIL_01,2025-04-04T13:00:00+00:00,3796.76
TXN102930,MERCH_RETAIL_01,2025-04-03T22:00:00+00:00,6683.97
TXN102931,MERCH_RETAIL_01,2025-05-14T03:00:00+00:00,1728.14
TXN102932,MERCH_ECOM_03,2025-03-21T13:00:00+00:00,1778.35
TXN102933,MERCH_RETAIL_01,2025-02-19T19:00:00+00:00,1639.85
TXN102934,MERCH_RETAIL_01,2025-04-15T15:00:00+00:00,3739.42
TXN102935,MERCH_ECOM_03,2025-06-24T23:00:00+00:00,3083.38
TXN102936,MERCH_RETAIL_01,2025-05-05T04:00:00+00:00,1039.95
TXN102937,MERCH_SAAS_02,2025-02-19T22:00:00+00:00,6159.73
TXN102938,MERCH_DIGITAL_04,2025-01-31T07:00:00+00:00,1983.04
TXN102939,MERCH_SAAS_02,2025-02-10T00:00:00+00:00,592.73
TXN102940,MERCH_RETAIL_01,2025-03-21T01:00:00+00:00,1729.95
TXN102941,MERCH_ECOM_03,2025-02-27T10:00:00+00:00,2628.55
TXN102942,MERCH_SAAS_02,2025-01-13T15:00:00+00:00,950.83
TXN102943,MERCH_DIGITAL_04,2025-01-25T16:00:00+00:00,2529.74
TXN102944,MERCH_SAAS_02,2025-01-01T22:00:00+00:00,672.43
TXN102945,MERCH_RETAIL_01,2025-04-27T06:00:00+00:00,3751.18
TXN102946,MERCH_RETAIL_01,2025-02-08T11:00:00+00:00,4327.02
TXN102947,MERCH_RETAIL_01,2025-02-16T23:00:00+00:00,2238.91
TXN102948,MERCH_SAAS_02,2025-05-26T11:00:00+00:00,2004.62
TXN102949,MERCH_ECOM_03,2025-04-24T22:00:00+00:00,1340.92
TXN102950,MERCH_ECOM_03,2025-02-18T18:00:00+00:00,1242.75
TXN102951,MERCH_DIGITAL_04,2025-01-17T04:00:00+00:00,3665.82
TXN102952,MERCH_ECOM_03,2025-03-01T06:00:00+00:00,2187.59
TXN102953,MERCH_RETAIL_01,2025-04-29T09:00:00+00:00,1306.4
TXN102954,MERCH_ECOM_03,2025-03-18T02:00:00+00:00,1361.41
TXN102955,MERCH_ECOM_03,2025-04-24T11:00:00+00:00,1418.22
TXN102956,MERCH_SAAS_02,2025-03-10T13:00:00+00:00,3410.1
TXN102957,MERCH_RETAIL_01,2025-05-12T16:00:00+00:00,3285.54
TXN102958,MERCH_SAAS_02,2025-06-12T09:00:00+00:00,2075.96
TXN102959,MERCH_RETAIL_01,2025-05-31T05:00:00+00:00,2141.67
TXN102960,MERCH_RETAIL_01,2025-04-09T07:00:00+00:00,364.61
TXN102961,MERCH_SAAS_02,2025-05-31T18:00:00+00:00,882.62
TXN102962,MERCH_ECOM_03,2025-03-14T08:00:00+00:00,2429.05
TXN102963,MERCH_RETAIL_01,2025-01-09T21:00:00+00:00,2794.15
TXN102964,MERCH_RETAIL_01,2025-05-04T18:00:00+00:00,5319.76
TXN102965,MERCH_RETAIL_01,2025-03-21T07:00:00+00:00,6265.74
TXN102966,MERCH_ECOM_03,2025-03-02T20:00:00+00:00,6792.55
TXN102967,MERCH_RETAIL_01,2025-06-28T12:00:00+00:00,596.97
TXN102968,MERCH_ECOM_03,2025-05-03T06:00:00+00:00,3968.46
TXN102969,MERCH_DIGITAL_04,2025-01-03T11:00:00+00:00,532.89
TXN102970,MERCH_RETAIL_01,2025-04-09T03:00:00+00:00,3709.44
TXN102971,MERCH_DIGITAL_04,2025-03-25T23:00:00+00:00,5723.79
TXN102972,MERCH_SAAS_02,2025-01-09T18:00:00+00:00,842.99
TXN102973,MERCH_DIGITAL_04,2025-05-27T08:00:00+00:00,4248.95
TXN102974,MERCH_DIGITAL_04,2025-06-12T02:00:00+00:00,2431.29
TXN102975,MERCH_RETAIL_01,2025-01-14T11:00:00+00:00,4639.23
TXN102976,MERCH_RETAIL_01,2025-01-29T15:00:00+00:00,688.15
TXN102977,MERCH_RETAIL_01,2025-03-02T03:00:00+00:00,1523.49
TXN102978,MERCH_RETAIL_01,2025-05-12T03:00:00+00:00,1178.27
TXN102979,MERCH_ECOM_03,2025-01-20T23:00:00+00:00,4516.95
TXN102980,MERCH_RETAIL_01,2025-01-29T14:00:00+00:00,3190.04
TXN102981,MERCH_RETAIL_01,2025-02-10T19:00:00+00:00,1409.59
TXN102982,MERCH_RETAIL_01,2025-06-11T15:00:00+00:00,1810.34
TXN102983,MERCH_ECOM_03,2025-03-07T00:00:00+00:00,3309.16
TXN102984,MERCH_ECOM_03,2025-03-08T23:00:00+00:00,3856.4
TXN102985,MERCH_RETAIL_01,2025-06-20T12:00:00+00:00,2273.13
TXN102986,MERCH_ECOM_03,2025-01-13T00:00:00+00:00,2189.72
TXN102987,MERCH_SAAS_02,2025-03-31T12:00:00+00:00,2857.5
TXN102988,MERCH_RETAIL_01,2025-04-26T07:00:00+00:00,2485.94
TXN102989,MERCH_RETAIL_01,2025-01-23T17:00:00+00:00,3472.69
TXN102990,MERCH_RETAIL_01,2025-05-09T14:00:00+00:00,1542.09
TXN102991,MERCH_RETAIL_01,2025-01-30T21:00:00+00:00,743.7
TXN102992,MERCH_SAAS_02,2025-06-10T10:00:00+00:00,3996.08
TXN102993,MERCH_DIGITAL_04,2025-03-03T08:00:00+00:00,5269.69
TXN102994,MERCH_RETAIL_01,2025-01-28T13:00:00+00:00,2216.88
TXN102995,MERCH_RETAIL_01,2025-04-30T21:00:00+00:00,6038.49
TXN102996,MERCH_ECOM_03,2025-03-19T15:00:00+00:00,3095.98
TXN102997,MERCH_RETAIL_01,2025-04-24T08:00:00+00:00,3013.3
TXN102998,MERCH_RETAIL_01,2025-03-13T21:00:00+00:00,4584.44
TXN102999,MERCH_DIGITAL_04,2025-02-28T23:00:00+00:00,1030.5
TXN103000,MERCH_RETAIL_01,2025-05-09T19:00:00+00:00,1492.55
TXN103001,MERCH_ECOM_03,2025-03-20T11:00:00+00:00,7510.4
TXN103002,MERCH_DIGITAL_04,2025-06-08T07:00:00+00:00,850.56
TXN103003,MERCH_DIGITAL_04,2025-05-13T01:00:00+00:00,10091.6
TXN103004,MERCH_RETAIL_01,2025-06-08T16:00:00+00:00,4392.8
TXN103005,MERCH_RETAIL_01,2025-04-12T16:00:00+00:00,607.71
TXN103006,MERCH_ECOM_03,2025-03-29T21:00:00+00:00,1398.0
TXN103007,MERCH_RETAIL_01,2025-06-02T06:00:00+00:00,4787.28
TXN103008,MERCH_SAAS_02,2025-03-23T07:00:00+00:00,2224.21
TXN103009,MERCH_ECOM_03,2025-05-29T13:00:00+00:00,584.32
TXN103010,MERCH_RETAIL_01,2025-02-18T21:00:00+00:00,4222.13
TXN103011,MERCH_RETAIL_01,2025-05-30T18:00:00+00:00,1159.5
TXN103012,MERCH_ECOM_03,2025-01-30T22:00:00+00:00,1088.59
TXN103013,MERCH_ECOM_03,2025-06-22T14:00:00+00:00,1766.0
TXN103014,MERCH_RETAIL_01,2025-05-01T01:00:00+00:00,2907.4
TXN103015,MERCH_SAAS_02,2025-04-03T00:00:00+00:00,1116.35
TXN103016,MERCH_RETAIL_01,2025-04-03T12:00:00+00:00,3267.28
TXN103017,MERCH_RETAIL_01,2025-03-25T03:00:00+00:00,3488.34
TXN103018,MERCH_SAAS_02,2025-05-18T05:00:00+00:00,2763.86
TXN103019,MERCH_ECOM_03,2025-06-21T14:00:00+00:00,2605.58
TXN103020,MERCH_RETAIL_01,2025-04-02T00:00:00+00:00,661.42
TXN103021,MERCH_RETAIL_01,2025-02-14T20:00:00+00:00,3068.53
TXN103022,MERCH_RETAIL_01,2025-03-21T15:00:00+00:00,5566.3
TXN103023,MERCH_RETAIL_01,2025-01-13T16:00:00+00:00,770.07
TXN103024,MERCH_DIGITAL_04,2025-01-01T15:00:00+00:00,4904.12
TXN103025,MERCH_ECOM_03,2025-04-24T13:00:00+00:00,4022.04
TXN103026,MERCH_SAAS_02,2025-06-10T08:00:00+00:00,552.65
TXN103027,MERCH_SAAS_02,2025-06-29T07:00:00+00:00,3672.11
TXN103028,MERCH_DIGITAL_04,2025-03-13T16:00:00+00:00,877.55
TXN103029,MERCH_RETAIL_01,2025-01-31T21:00:00+00:00,5022.93
TXN103030,MERCH_ECOM_03,2025-06-05T23:00:00+00:00,5376.66
TXN103031,MERCH_RETAIL_01,2025-03-24T11:00:00+00:00,728.91
TXN103032,MERCH_RETAIL_01,2025-03-05T12:00:00+00:00,3734.07
TXN103033,MERCH_ECOM_03,2025-01-07T05:00:00+00:00,959.69
TXN103034,MERCH_RETAIL_01,2025-05-28T22:00:00+00:00,1447.46
TXN103035,MERCH_RETAIL_01,2025-03-07T07:00:00+00:00,2160.17
TXN103036,MERCH_RETAIL_01,2025-04-13T07:00:00+00:00,3326.64
TXN103037,MERCH_RETAIL_01,2025-01-20T15:00:00+00:00,4062.69
TXN103038,MERCH_SAAS_02,2025-03-09T02:00:00+00:00,2328.16
TXN103039,MERCH_SAAS_02,2025-04-28T07:00:00+00:00,3764.75
TXN103040,MERCH_RETAIL_01,2025-01-29T07:00:00+00:00,5122.27
TXN103041,MERCH_ECOM_03,2025-01-06T18:00:00+00:00,3356.55
TXN103042,MERCH_SAAS_02,2025-06-21T13:00:00+00:00,2545.04
TXN103043,MERCH_ECOM_03,2025-04-18T05:00:00+00:00,348.25
TXN103044,MERCH_RETAIL_01,2025-05-22T00:00:00+00:00,2980.3
TXN103045,MERCH_SAAS_02,2025-05-21T17:00:00+00:00,5029.29
TXN103046,MERCH_DIGITAL_04,2025-01-13T08:00:00+00:00,4736.65
TXN103047,MERCH_RETAIL_01,2025-02-15T15:00:00+00:00,6269.85
TXN103048,MERCH_ECOM_03,2025-05-01T09:00:00+00:00,100.1
TXN103049,MERCH_RETAIL_01,2025-05-29T17:00:00+00:00,2959.91
TXN103050,MERCH_SAAS_02,2025-04-08T20:00:00+00:00,640.36
TXN103051,MERCH_RETAIL_01,2025-06-03T04:00:00+00:00,1336.06
TXN103052,MERCH_RETAIL_01,2025-03-19T15:00:00+00:00,1946.38
TXN103053,MERCH_RETAIL_01,2025-02-15T19:00:00+00:00,1608.85
TXN103054,MERCH_RETAIL_01,2025-05-11T18:00:00+00:00,2882.77
TXN103055,MERCH_RETAIL_01,2025-01-06T00:00:00+00:00,1714.04
TXN103056,MERCH_ECOM_03,2025-06-09T06:00:00+00:00,1173.93
TXN103057,MERCH_ECOM_03,2025-05-19T00:00:00+00:00,1393.12
TXN103058,MERCH_SAAS_02,2025-04-03T13:00:00+00:00,2666.19
TXN103059,MERCH_RETAIL_01,2025-04-03T01:00:00+00:00,5617.28
TXN103060,MERCH_SAAS_02,2025-04-15T05:00:00+00:00,1496.01
TXN103061,MERCH_RETAIL_01,2025-03-10T11:00:00+00:00,3480.62
TXN103062,MERCH_SAAS_02,2025-05-24T19:00:00+00:00,444.38
TXN103063,MERCH_RETAIL_01,2025-05-20T17:00:00+00:00,2072.81
TXN103064,MERCH_SAAS_02,2025-06-02T14:00:00+00:00,615.11
TXN103065,MERCH_RETAIL_01,2025-02-08T23:00:00+00:00,1428.57
TXN103066,MERCH_ECOM_03,2025-01-27T13:00:00+00:00,5675.29
TXN103067,MERCH_ECOM_03,2025-06-08T13:00:00+00:00,490.92
TXN103068,MERCH_DIGITAL_04,2025-04-03T17:00:00+00:00,473.16
TXN103069,MERCH_ECOM_03,2025-06-22T21:00:00+00:00,1048.55
TXN103070,MERCH_SAAS_02,2025-03-28T08:00:00+00:00,2344.79
TXN103071,MERCH_SAAS_02,2025-05-10T15:00:00+00:00,4551.31
TXN103072,MERCH_ECOM_03,2025-02-12T22:00:00+00:00,4160.43
TXN103073,MERCH_RETAIL_01,2025-02-04T21:00:00+00:00,4710.05
TXN103074,MERCH_SAAS_02,2025-01-04T20:00:00+00:00,4256.39
TXN103075,MERCH_ECOM_03,2025-04-04T17:00:00+00:00,1244.35
TXN103076,MERCH_SAAS_02,2025-03-03T13:00:00+00:00,2825.68
TXN103077,MERCH_SAAS_02,2025-06-26T08:00:00+00:00,4548.29
TXN103078,MERCH_RETAIL_01,2025-04-01T00:00:00+00:00,3671.4
TXN103079,MERCH_ECOM_03,2025-05-01T04:00:00+00:00,4393.43
TXN103080,MERCH_RETAIL_01,2025-01-03T11:00:00+00:00,2813.89
TXN103081,MERCH_ECOM_03,2025-04-16T23:00:00+00:00,2997.22
TXN103082,MERCH_RETAIL_01,2025-06-09T10:00:00+00:00,4330.65
TXN103083,MERCH_ECOM_03,2025-05-06T23:00:00+00:00,2427.47
TXN103084,MERCH_RETAIL_01,2025-06-28T00:00:00+00:00,2397.33
TXN103085,MERCH_SAAS_02,2025-06-23T13:00:00+00:00,953.22
TXN103086,MERCH_RETAIL_01,2025-06-07T08:00:00+00:00,1591.39
TXN103087,MERCH_SAAS_02,2025-02-27T05:00:00+00:00,2310.2
TXN103088,MERCH_ECOM_03,2025-05-09T20:00:00+00:00,895.66
TXN103089,MERCH_SAAS_02,2025-04-30T20:00:00+00:00,2193.86
TXN103090,MERCH_SAAS_02,2025-02-01T06:00:00+00:00,9366.33
TXN103091,MERCH_ECOM_03,2025-05-31T02:00:00+00:00,2857.93
TXN103092,MERCH_RETAIL_01,2025-01-06T18:00:00+00:00,5403.67
TXN103093,MERCH_ECOM_03,2025-01-12T09:00:00+00:00,1567.57
TXN103094,MERCH_RETAIL_01,2025-01-07T15:00:00+00:00,2026.67
TXN103095,MERCH_ECOM_03,2025-04-15T17:00:00+00:00,2444.23
TXN103096,MERCH_RETAIL_01,2025-05-10T02:00:00+00:00,4430.03
TXN103097,MERCH_ECOM_03,2025-02-15T17:00:00+00:00,635.76
TXN103098,MERCH_SAAS_02,2025-03-07T06:00:00+00:00,3100.58
TXN103099,MERCH_RETAIL_01,2025-03-25T09:00:00+00:00,4070.5
TXN103100,MERCH_ECOM_03,2025-06-01T16:00:00+00:00,7137.11
TXN103101,MERCH_SAAS_02,2025-05-27T15:00:00+00:00,1546.4
TXN103102,MERCH_SAAS_02,2025-04-22T07:00:00+00:00,2062.87
TXN103103,MERCH_SAAS_02,2025-02-09T05:00:00+00:00,2694.25
TXN103104,MERCH_RETAIL_01,2025-06-17T02:00:00+00:00,3680.67
TXN103105,MERCH_RETAIL_01,2025-04-18T05:00:00+00:00,3740.07
TXN103106,MERCH_ECOM_03,2025-05-20T22:00:00+00:00,531.45
TXN103107,MERCH_RETAIL_01,2025-03-17T21:00:00+00:00,693.62
TXN103108,MERCH_ECOM_03,2025-04-23T07:00:00+00:00,1718.97
TXN103109,MERCH_RETAIL_01,2025-02-19T07:00:00+00:00,2523.13
TXN103110,MERCH_SAAS_02,2025-04-16T06:00:00+00:00,744.44
TXN103111,MERCH_RETAIL_01,2025-02-14T16:00:00+00:00,4615.08
TXN103112,MERCH_RETAIL_01,2025-05-20T16:00:00+00:00,3609.93
TXN103113,MERCH_DIGITAL_04,2025-01-07T16:00:00+00:00,1502.45
TXN103114,MERCH_RETAIL_01,2025-05-22T20:00:00+00:00,4098.84
TXN103115,MERCH_SAAS_02,2025-01-25T21:00:00+00:00,1473.85
TXN103116,MERCH_RETAIL_01,2025-06-25T14:00:00+00:00,1371.08
TXN103117,MERCH_ECOM_03,2025-02-17T07:00:00+00:00,2808.91
TXN103118,MERCH_RETAIL_01,2025-02-25T13:00:00+00:00,9429.22
TXN103119,MERCH_SAAS_02,2025-06-14T06:00:00+00:00,4575.06
TXN103120,MERCH_ECOM_03,2025-03-22T22:00:00+00:00,6344.87
TXN103121,MERCH_RETAIL_01,2025-05-02T11:00:00+00:00,1796.57
TXN103122,MERCH_RETAIL_01,2025-06-21T17:00:00+00:00,2341.51
TXN103123,MERCH_ECOM_03,2025-02-17T14:00:00+00:00,2249.82
TXN103124,MERCH_ECOM_03,2025-06-10T01:00:00+00:00,6933.57
TXN103125,MERCH_RETAIL_01,2025-05-17T17:00:00+00:00,344.11
TXN103126,MERCH_SAAS_02,2025-02-28T14:00:00+00:00,9784.16
TXN103127,MERCH_SAAS_02,2025-05-04T05:00:00+00:00,961.79
TXN103128,MERCH_ECOM_03,2025-05-03T05:00:00+00:00,1449.69
TXN103129,MERCH_RETAIL_01,2025-03-23T14:00:00+00:00,1572.73
TXN103130,MERCH_ECOM_03,2025-06-11T03:00:00+00:00,2608.52
TXN103131,MERCH_ECOM_03,2025-05-30T20:00:00+00:00,845.29
TXN103132,MERCH_ECOM_03,2025-05-18T16:00:00+00:00,2281.72
TXN103133,MERCH_SAAS_02,2025-01-18T20:00:00+00:00,4031.85
TXN103134,MERCH_ECOM_03,2025-03-10T10:00:00+00:00,3850.44
TXN103135,MERCH_DIGITAL_04,2025-06-02T02:00:00+00:00,2672.43
TXN103136,MERCH_DIGITAL_04,2025-06-03T23:00:00+00:00,1814.72
TXN103137,MERCH_RETAIL_01,2025-02-20T10:00:00+00:00,3558.43
TXN103138,MERCH_ECOM_03,2025-03-07T15:00:00+00:00,5816.97
TXN103139,MERCH_SAAS_02,2025-03-10T18:00:00+00:00,1887.44
TXN103140,MERCH_RETAIL_01,2025-01-22T11:00:00+00:00,2487.47
TXN103141,MERCH_SAAS_02,2025-02-24T11:00:00+00:00,6344.41
TXN103142,MERCH_RETAIL_01,2025-06-04T19:00:00+00:00,5563.64
TXN103143,MERCH_DIGITAL_04,2025-06-27T19:00:00+00:00,298.42
TXN103144,MERCH_RETAIL_01,2025-01-05T20:00:00+00:00,2993.09
TXN103145,MERCH_SAAS_02,2025-05-07T15:00:00+00:00,4770.95
TXN103146,MERCH_RETAIL_01,2025-01-13T13:00:00+00:00,4014.2
TXN103147,MERCH_SAAS_02,2025-01-02T03:00:00+00:00,4998.95
TXN103148,MERCH_RETAIL_01,2025-03-22T04:00:00+00:00,1486.47
TXN103149,MERCH_ECOM_03,2025-01-29T06:00:00+00:00,1306.34
TXN103150,MERCH_RETAIL_01,2025-01-18T02:00:00+00:00,273.9
TXN103151,MERCH_SAAS_02,2025-04-27T00:00:00+00:00,3618.24
TXN103152,MERCH_ECOM_03,2025-03-29T07:00:00+00:00,3175.56
TXN103153,MERCH_RETAIL_01,2025-05-29T22:00:00+00:00,2287.32
TXN103154,MERCH_ECOM_03,2025-06-02T13:00:00+00:00,4772.24
TXN103155,MERCH_RETAIL_01,2025-01-15T23:00:00+00:00,3671.81
TXN103156,MERCH_SAAS_02,2025-03-10T18:00:00+00:00,5711.06
TXN103157,MERCH_RETAIL_01,2025-03-19T13:00:00+00:00,1178.99
TXN103158,MERCH_ECOM_03,2025-04-09T11:00:00+00:00,2029.02
TXN103159,MERCH_RETAIL_01,2025-04-15T04:00:00+00:00,2940.39
TXN103160,MERCH_RETAIL_01,2025-03-07T04:00:00+00:00,4396.27
TXN103161,MERCH_RETAIL_01,2025-04-18T04:00:00+00:00,4043.59
TXN103162,MERCH_SAAS_02,2025-04-25T00:00:00+00:00,855.3
TXN103163,MERCH_SAAS_02,2025-03-28T20:00:00+00:00,969.33
TXN103164,MERCH_SAAS_02,2025-01-16T04:00:00+00:00,2156.14
TXN103165,MERCH_ECOM_03,2025-03-29T11:00:00+00:00,1520.04
TXN103166,MERCH_RETAIL_01,2025-02-07T04:00:00+00:00,743.75
TXN103167,MERCH_ECOM_03,2025-03-07T03:00:00+00:00,3454.58
TXN103168,MERCH_RETAIL_01,2025-06-25T16:00:00+00:00,1920.26
TXN103169,MERCH_ECOM_03,2025-01-11T20:00:00+00:00,4032.89
TXN103170,MERCH_DIGITAL_04,2025-01-31T14:00:00+00:00,2316.24
TXN103171,MERCH_ECOM_03,2025-02-05T07:00:00+00:00,2698.08
TXN103172,MERCH_SAAS_02,2025-06-26T16:00:00+00:00,2329.77
TXN103173,MERCH_ECOM_03,2025-05-03T08:00:00+00:00,3887.57
TXN103174,MERCH_RETAIL_01,2025-06-09T04:00:00+00:00,2060.65
TXN103175,MERCH_RETAIL_01,2025-02-22T00:00:00+00:00,3092.76
TXN103176,MERCH_RETAIL_01,2025-06-24T11:00:00+00:00,1828.55
TXN103177,MERCH_ECOM_03,2025-06-11T02:00:00+00:00,3070.75
TXN103178,MERCH_RETAIL_01,2025-03-05T11:00:00+00:00,734.28
TXN103179,MERCH_RETAIL_01,2025-03-08T21:00:00+00:00,5009.05
TXN103180,MERCH_ECOM_03,2025-01-21T03:00:00+00:00,866.77
TXN103181,MERCH_RETAIL_01,2025-02-20T15:00:00+00:00,2244.71
TXN103182,MERCH_SAAS_02,2025-03-26T23:00:00+00:00,2531.94
TXN103183,MERCH_RETAIL_01,2025-03-03T03:00:00+00:00,3476.12
TXN103184,MERCH_RETAIL_01,2025-05-10T03:00:00+00:00,2655.4
TXN103185,MERCH_RETAIL_01,2025-03-27T09:00:00+00:00,3660.21
TXN103186,MERCH_SAAS_02,2025-04-16T09:00:00+00:00,4148.49
TXN103187,MERCH_RETAIL_01,2025-02-07T10:00:00+00:00,2976.56
TXN103188,MERCH_SAAS_02,2025-04-25T10:00:00+00:00,3672.52
TXN103189,MERCH_RETAIL_01,2025-02-24T22:00:00+00:00,1692.53
TXN103190,MERCH_RETAIL_01,2025-03-02T20:00:00+00:00,2227.33
TXN103191,MERCH_RETAIL_01,2025-06-29T04:00:00+00:00,3212.76
TXN103192,MERCH_RETAIL_01,2025-05-31T18:00:00+00:00,201.47
TXN103193,MERCH_ECOM_03,2025-03-11T11:00:00+00:00,6232.95
TXN103194,MERCH_SAAS_02,2025-03-24T22:00:00+00:00,2105.23
TXN103195,MERCH_SAAS_02,2025-04-08T03:00:00+00:00,58.64
TXN103196,MERCH_ECOM_03,2025-04-19T04:00:00+00:00,1844.9
TXN103197,MERCH_RETAIL_01,2025-01-27T23:00:00+00:00,1524.72
TXN103198,MERCH_SAAS_02,2025-03-21T08:00:00+00:00,2998.77
TXN103199,MERCH_SAAS_02,2025-03-08T18:00:00+00:00,1115.74
TXN103200,MERCH_ECOM_03,2025-03-01T00:00:00+00:00,1528.83
TXN103201,MERCH_ECOM_03,2025-02-08T21:00:00+00:00,6759.56
TXN103202,MERCH_RETAIL_01,2025-06-14T19:00:00+00:00,693.37
TXN103203,MERCH_SAAS_02,2025-01-03T05:00:00+00:00,2272.46
TXN103204,MERCH_RETAIL_01,2025-01-02T18:00:00+00:00,1302.67
TXN103205,MERCH_ECOM_03,2025-05-13T04:00:00+00:00,2983.19
TXN103206,MERCH_RETAIL_01,2025-06-01T10:00:00+00:00,652.21
TXN103207,MERCH_SAAS_02,2025-03-01T09:00:00+00:00,425.68
TXN103208,MERCH_RETAIL_01,2025-03-08T09:00:00+00:00,1403.54
TXN103209,MERCH_SAAS_02,2025-01-15T11:00:00+00:00,3616.73
TXN103210,MERCH_RETAIL_01,2025-01-21T04:00:00+00:00,974.73
TXN103211,MERCH_RETAIL_01,2025-03-10T16:00:00+00:00,4106.4
TXN103212,MERCH_DIGITAL_04,2025-05-14T12:00:00+00:00,876.95
TXN103213,MERCH_RETAIL_01,2025-03-27T17:00:00+00:00,2840.78
TXN103214,MERCH_RETAIL_01,2025-03-24T08:00:00+00:00,663.92
TXN103215,MERCH_RETAIL_01,2025-03-16T18:00:00+00:00,2732.76
TXN103216,MERCH_RETAIL_01,2025-04-13T16:00:00+00:00,2230.65
TXN103217,MERCH_DIGITAL_04,2025-03-06T14:00:00+00:00,1181.21
TXN103218,MERCH_SAAS_02,2025-03-29T08:00:00+00:00,3905.06
TXN103219,MERCH_RETAIL_01,2025-01-20T04:00:00+00:00,3773.62
TXN103220,MERCH_SAAS_02,2025-02-09T02:00:00+00:00,456.61
TXN103221,MERCH_SAAS_02,2025-05-14T10:00:00+00:00,2027.61
TXN103222,MERCH_RETAIL_01,2025-05-23T02:00:00+00:00,1493.88
TXN103223,MERCH_ECOM_03,2025-02-26T07:00:00+00:00,1987.42
TXN103224,MERCH_SAAS_02,2025-01-10T04:00:00+00:00,4098.62
TXN103225,MERCH_RETAIL_01,2025-03-19T01:00:00+00:00,6278.21
TXN103226,MERCH_SAAS_02,2025-01-26T22:00:00+00:00,1075.98
TXN103227,MERCH_ECOM_03,2025-05-03T03:00:00+00:00,1120.05
TXN103228,MERCH_ECOM_03,2025-01-15T23:00:00+00:00,3205.11
TXN103229,MERCH_ECOM_03,2025-02-15T05:00:00+00:00,4276.77
TXN103230,MERCH_SAAS_02,2025-06-04T07:00:00+00:00,1600.12
TXN103231,MERCH_RETAIL_01,2025-01-19T15:00:00+00:00,3973.39
TXN103232,MERCH_RETAIL_01,2025-02-14T21:00:00+00:00,2677.43
TXN103233,MERCH_SAAS_02,2025-04-03T21:00:00+00:00,3102.55
TXN103234,MERCH_RETAIL_01,2025-01-27T16:00:00+00:00,6348.14
TXN103235,MERCH_RETAIL_01,2025-04-10T05:00:00+00:00,4045.63
TXN103236,MERCH_DIGITAL_04,2025-01-22T23:00:00+00:00,720.4
TXN103237,MERCH_RETAIL_01,2025-04-17T00:00:00+00:00,4710.05
TXN103238,MERCH_ECOM_03,2025-03-29T09:00:00+00:00,2312.98
TXN103239,MERCH_RETAIL_01,2025-04-20T16:00:00+00:00,3325.96
TXN103240,MERCH_RETAIL_01,2025-03-21T01:00:00+00:00,804.94
TXN103241,MERCH_ECOM_03,2025-06-21T20:00:00+00:00,2621.59
TXN103242,MERCH_RETAIL_01,2025-05-20T00:00:00+00:00,1016.25
TXN103243,MERCH_SAAS_02,2025-03-01T00:00:00+00:00,998.27
TXN103244,MERCH_RETAIL_01,2025-02-02T20:00:00+00:00,2429.36
TXN103245,MERCH_SAAS_02,2025-05-03T16:00:00+00:00,1181.64
TXN103246,MERCH_RETAIL_01,2025-02-06T16:00:00+00:00,2336.74
TXN103247,MERCH_RETAIL_01,2025-03-03T20:00:00+00:00,2354.94
TXN103248,MERCH_RETAIL_01,2025-05-18T07:00:00+00:00,3565.47
TXN103249,MERCH_RETAIL_01,2025-06-11T04:00:00+00:00,6687.56
TXN103250,MERCH_DIGITAL_04,2025-02-07T12:00:00+00:00,3919.3
TXN103251,MERCH_ECOM_03,2025-06-23T15:00:00+00:00,936.51
TXN103252,MERCH_SAAS_02,2025-01-18T21:00:00+00:00,411.84
TXN103253,MERCH_RETAIL_01,2025-02-19T15:00:00+00:00,864.09
TXN103254,MERCH_ECOM_03,2025-01-05T21:00:00+00:00,4894.83
TXN103255,MERCH_SAAS_02,2025-01-25T11:00:00+00:00,1347.4
TXN103256,MERCH_RETAIL_01,2025-02-19T12:00:00+00:00,883.08
TXN103257,MERCH_SAAS_02,2025-04-04T07:00:00+00:00,1756.22
TXN103258,MERCH_ECOM_03,2025-05-24T18:00:00+00:00,4603.59
TXN103259,MERCH_RETAIL_01,2025-02-21T02:00:00+00:00,5050.86
TXN103260,MERCH_SAAS_02,2025-04-21T04:00:00+00:00,2036.68
TXN103261,MERCH_SAAS_02,2025-03-09T20:00:00+00:00,3968.89
TXN103262,MERCH_RETAIL_01,2025-01-27T04:00:00+00:00,1454.75
TXN103263,MERCH_RETAIL_01,2025-03-13T16:00:00+00:00,1809.73
TXN103264,MERCH_SAAS_02,2025-04-27T10:00:00+00:00,726.28
TXN103265,MERCH_RETAIL_01,2025-05-18T08:00:00+00:00,1902.13
TXN103266,MERCH_SAAS_02,2025-02-28T01:00:00+00:00,4471.88
TXN103267,MERCH_SAAS_02,2025-06-26T01:00:00+00:00,739.79
TXN103268,MERCH_SAAS_02,2025-03-05T08:00:00+00:00,2329.4
TXN103269,MERCH_ECOM_03,2025-04-19T13:00:00+00:00,1564.73
TXN103270,MERCH_RETAIL_01,2025-06-07T19:00:00+00:00,763.76
TXN103271,MERCH_SAAS_02,2025-02-13T06:00:00+00:00,3227.88
TXN103272,MERCH_SAAS_02,2025-01-19T00:00:00+00:00,2776.72
TXN103273,MERCH_ECOM_03,2025-06-28T23:00:00+00:00,1917.41
TXN103274,MERCH_SAAS_02,2025-06-27T23:00:00+00:00,1297.99
TXN103275,MERCH_DIGITAL_04,2025-02-24T03:00:00+00:00,4624.0
TXN103276,MERCH_RETAIL_01,2025-02-17T10:00:00+00:00,3195.02
TXN103277,MERCH_RETAIL_01,2025-01-23T06:00:00+00:00,1514.26
TXN103278,MERCH_RETAIL_01,2025-04-12T17:00:00+00:00,2920.06
TXN103279,MERCH_ECOM_03,2025-02-06T12:00:00+00:00,2849.76
TXN103280,MERCH_SAAS_02,2025-06-17T09:00:00+00:00,4162.04
TXN103281,MERCH_DIGITAL_04,2025-05-29T08:00:00+00:00,1492.25
TXN103282,MERCH_SAAS_02,2025-06-13T03:00:00+00:00,1547.34
TXN103283,MERCH_RETAIL_01,2025-02-27T12:00:00+00:00,1947.2
TXN103284,MERCH_DIGITAL_04,2025-02-06T10:00:00+00:00,1636.58
TXN103285,MERCH_SAAS_02,2025-02-01T22:00:00+00:00,8211.8
TXN103286,MERCH_ECOM_03,2025-04-10T22:00:00+00:00,1350.27
TXN103287,MERCH_ECOM_03,2025-04-04T10:00:00+00:00,2687.48
TXN103288,MERCH_DIGITAL_04,2025-06-19T20:00:00+00:00,1831.13
TXN103289,MERCH_DIGITAL_04,2025-06-22T20:00:00+00:00,1293.7
TXN103290,MERCH_SAAS_02,2025-01-19T04:00:00+00:00,948.68
TXN103291,MERCH_RETAIL_01,2025-02-11T08:00:00+00:00,3315.36
TXN103292,MERCH_SAAS_02,2025-05-04T21:00:00+00:00,2110.06
TXN103293,MERCH_RETAIL_01,2025-01-29T21:00:00+00:00,2042.07
TXN103294,MERCH_RETAIL_01,2025-03-08T17:00:00+00:00,4019.53
TXN103295,MERCH_RETAIL_01,2025-01-04T23:00:00+00:00,640.63
TXN103296,MERCH_SAAS_02,2025-02-07T14:00:00+00:00,4349.6
TXN103297,MERCH_RETAIL_01,2025-04-18T13:00:00+00:00,773.03
TXN103298,MERCH_RETAIL_01,2025-06-22T12:00:00+00:00,569.54
TXN103299,MERCH_SAAS_02,2025-02-15T02:00:00+00:00,1770.59
TXN103300,MERCH_DIGITAL_04,2025-05-29T02:00:00+00:00,1670.76
TXN103301,MERCH_ECOM_03,2025-01-23T11:00:00+00:00,775.81
TXN103302,MERCH_SAAS_02,2025-06-18T13:00:00+00:00,175.99
TXN103303,MERCH_RETAIL_01,2025-01-17T01:00:00+00:00,3377.12
TXN103304,MERCH_RETAIL_01,2025-01-25T22:00:00+00:00,2993.47
TXN103305,MERCH_SAAS_02,2025-06-16T15:00:00+00:00,775.66
TXN103306,MERCH_ECOM_03,2025-01-19T12:00:00+00:00,2281.08
TXN103307,MERCH_RETAIL_01,2025-05-23T06:00:00+00:00,1935.29
TXN103308,MERCH_RETAIL_01,2025-04-10T01:00:00+00:00,1406.94
TXN103309,MERCH_SAAS_02,2025-02-05T14:00:00+00:00,4285.16
TXN103310,MERCH_SAAS_02,2025-05-22T13:00:00+00:00,927.85
TXN103311,MERCH_RETAIL_01,2025-02-25T05:00:00+00:00,1775.6
TXN103312,MERCH_DIGITAL_04,2025-03-24T21:00:00+00:00,2599.82
TXN103313,MERCH_ECOM_03,2025-06-24T02:00:00+00:00,2502.78
TXN103314,MERCH_SAAS_02,2025-05-13T03:00:00+00:00,530.15
TXN103315,MERCH_RETAIL_01,2025-01-06T14:00:00+00:00,1462.48
TXN103316,MERCH_SAAS_02,2025-04-22T11:00:00+00:00,2707.94
TXN103317,MERCH_RETAIL_01,2025-05-11T21:00:00+00:00,11919.81
TXN103318,MERCH_RETAIL_01,2025-03-09T06:00:00+00:00,426.05
TXN103319,MERCH_DIGITAL_04,2025-05-21T07:00:00+00:00,5305.91
TXN103320,MERCH_RETAIL_01,2025-04-19T02:00:00+00:00,9690.52
TXN103321,MERCH_SAAS_02,2025-06-27T23:00:00+00:00,767.62
TXN103322,MERCH_DIGITAL_04,2025-06-14T00:00:00+00:00,338.48
TXN103323,MERCH_ECOM_03,2025-04-22T08:00:00+00:00,1184.18
TXN103324,MERCH_SAAS_02,2025-05-15T21:00:00+00:00,1848.84
TXN103325,MERCH_RETAIL_01,2025-02-23T16:00:00+00:00,2578.47
TXN103326,MERCH_SAAS_02,2025-03-07T01:00:00+00:00,2205.31
TXN103327,MERCH_SAAS_02,2025-05-20T19:00:00+00:00,3672.47
TXN103328,MERCH_ECOM_03,2025-04-13T08:00:00+00:00,853.3
TXN103329,MERCH_SAAS_02,2025-03-07T14:00:00+00:00,1373.91
TXN103330,MERCH_SAAS_02,2025-06-09T13:00:00+00:00,1639.44
TXN103331,MERCH_DIGITAL_04,2025-02-26T23:00:00+00:00,1401.11
TXN103332,MERCH_RETAIL_01,2025-05-30T15:00:00+00:00,636.55
TXN103333,MERCH_SAAS_02,2025-06-09T16:00:00+00:00,2333.09
TXN103334,MERCH_SAAS_02,2025-02-23T19:00:00+00:00,2799.12
TXN103335,MERCH_RETAIL_01,2025-06-20T01:00:00+00:00,8631.17
TXN103336,MERCH_RETAIL_01,2025-06-08T06:00:00+00:00,2769.3
TXN103337,MERCH_RETAIL_01,2025-01-06T00:00:00+00:00,4563.75
TXN103338,MERCH_RETAIL_01,2025-04-12T03:00:00+00:00,3759.54
TXN103339,MERCH_ECOM_03,2025-01-14T07:00:00+00:00,1299.01
TXN103340,MERCH_RETAIL_01,2025-03-26T00:00:00+00:00,1879.42
TXN103341,MERCH_RETAIL_01,2025-01-10T17:00:00+00:00,1977.17
TXN103342,MERCH_ECOM_03,2025-04-14T01:00:00+00:00,2059.56
TXN103343,MERCH_SAAS_02,2025-05-05T05:00:00+00:00,4671.6
TXN103344,MERCH_RETAIL_01,2025-03-14T06:00:00+00:00,1988.46
TXN103345,MERCH_ECOM_03,2025-01-25T17:00:00+00:00,1794.7
TXN103346,MERCH_SAAS_02,2025-06-02T03:00:00+00:00,1291.27
TXN103347,MERCH_ECOM_03,2025-06-18T15:00:00+00:00,862.4
TXN103348,MERCH_ECOM_03,2025-02-20T16:00:00+00:00,1351.94
TXN103349,MERCH_ECOM_03,2025-03-19T17:00:00+00:00,1276.04
TXN103350,MERCH_RETAIL_01,2025-02-04T09:00:00+00:00,1153.48
TXN103351,MERCH_ECOM_03,2025-03-13T10:00:00+00:00,968.01
TXN103352,MERCH_RETAIL_01,2025-06-04T04:00:00+00:00,6614.75
TXN103353,MERCH_ECOM_03,2025-02-20T20:00:00+00:00,1636.73
TXN103354,MERCH_RETAIL_01,2025-02-19T19:00:00+00:00,1599.37
TXN103355,MERCH_DIGITAL_04,2025-01-24T00:00:00+00:00,462.81
TXN103356,MERCH_SAAS_02,2025-05-19T19:00:00+00:00,4466.34
TXN103357,MERCH_SAAS_02,2025-04-17T07:00:00+00:00,1950.89
TXN103358,MERCH_SAAS_02,2025-04-26T14:00:00+00:00,2332.22
TXN103359,MERCH_SAAS_02,2025-02-27T11:00:00+00:00,1785.14
TXN103360,MERCH_ECOM_03,2025-05-06T02:00:00+00:00,4977.85
TXN103361,MERCH_ECOM_03,2025-05-28T06:00:00+00:00,1332.69
TXN103362,MERCH_ECOM_03,2025-01-30T15:00:00+00:00,1727.57
TXN103363,MERCH_ECOM_03,2025-02-27T21:00:00+00:00,3086.93
TXN103364,MERCH_SAAS_02,2025-01-14T03:00:00+00:00,2851.45
TXN103365,MERCH_SAAS_02,2025-01-30T01:00:00+00:00,1103.75
TXN103366,MERCH_ECOM_03,2025-02-21T13:00:00+00:00,2210.31
TXN103367,MERCH_ECOM_03,2025-06-27T21:00:00+00:00,547.44
TXN103368,MERCH_RETAIL_01,2025-04-21T07:00:00+00:00,1732.74
TXN103369,MERCH_RETAIL_01,2025-01-13T16:00:00+00:00,1576.17
TXN103370,MERCH_SAAS_02,2025-03-09T22:00:00+00:00,1775.23
TXN103371,MERCH_DIGITAL_04,2025-03-30T04:00:00+00:00,3482.88
TXN103372,MERCH_ECOM_03,2025-03-31T02:00:00+00:00,518.01
TXN103373,MERCH_RETAIL_01,2025-05-17T05:00:00+00:00,1141.72
TXN103374,MERCH_RETAIL_01,2025-04-24T20:00:00+00:00,1784.07
TXN103375,MERCH_ECOM_03,2025-04-16T17:00:00+00:00,3669.71
TXN103376,MERCH_ECOM_03,2025-04-11T14:00:00+00:00,2001.85
TXN103377,MERCH_SAAS_02,2025-04-13T09:00:00+00:00,3299.13
TXN103378,MERCH_ECOM_03,2025-02-04T03:00:00+00:00,2117.12
TXN103379,MERCH_RETAIL_01,2025-03-02T06:00:00+00:00,4395.02
TXN103380,MERCH_ECOM_03,2025-04-20T01:00:00+00:00,2327.8
TXN103381,MERCH_SAAS_02,2025-02-19T17:00:00+00:00,1462.7
TXN103382,MERCH_SAAS_02,2025-03-27T02:00:00+00:00,953.38
TXN103383,MERCH_SAAS_02,2025-04-26T20:00:00+00:00,4797.81
TXN103384,MERCH_ECOM_03,2025-02-10T00:00:00+00:00,2846.6
TXN103385,MERCH_SAAS_02,2025-03-14T21:00:00+00:00,1485.87
TXN103386,MERCH_ECOM_03,2025-02-10T19:00:00+00:00,3491.21
TXN103387,MERCH_RETAIL_01,2025-03-12T03:00:00+00:00,3881.66
TXN103388,MERCH_SAAS_02,2025-02-02T04:00:00+00:00,2513.19
TXN103389,MERCH_RETAIL_01,2025-01-30T01:00:00+00:00,5022.81
TXN103390,MERCH_ECOM_03,2025-04-22T19:00:00+00:00,1422.2
TXN103391,MERCH_SAAS_02,2025-05-12T10:00:00+00:00,6317.0
TXN103392,MERCH_ECOM_03,2025-01-16T05:00:00+00:00,3763.9
TXN103393,MERCH_ECOM_03,2025-04-20T23:00:00+00:00,4340.24
TXN103394,MERCH_RETAIL_01,2025-04-23T13:00:00+00:00,1428.24
TXN103395,MERCH_SAAS_02,2025-06-24T05:00:00+00:00,2720.79
TXN103396,MERCH_ECOM_03,2025-04-18T03:00:00+00:00,79.35
TXN103397,MERCH_RETAIL_01,2025-05-02T00:00:00+00:00,1358.82
TXN103398,MERCH_RETAIL_01,2025-04-01T01:00:00+00:00,1730.29
TXN103399,MERCH_SAAS_02,2025-04-08T10:00:00+00:00,3291.67
TXN103400,MERCH_SAAS_02,2025-04-30T22:00:00+00:00,2986.13
TXN103401,MERCH_RETAIL_01,2025-04-14T12:00:00+00:00,2396.38
TXN103402,MERCH_RETAIL_01,2025-05-10T18:00:00+00:00,1077.59
TXN103403,MERCH_ECOM_03,2025-01-10T00:00:00+00:00,2023.82
TXN103404,MERCH_ECOM_03,2025-01-29T23:00:00+00:00,1102.63
TXN103405,MERCH_SAAS_02,2025-02-09T03:00:00+00:00,959.69
TXN103406,MERCH_ECOM_03,2025-04-01T03:00:00+00:00,2627.04
TXN103407,MERCH_RETAIL_01,2025-05-06T01:00:00+00:00,444.54
TXN103408,MERCH_DIGITAL_04,2025-04-29T12:00:00+00:00,1691.81
TXN103409,MERCH_SAAS_02,2025-01-21T02:00:00+00:00,4627.33
TXN103410,MERCH_ECOM_03,2025-02-14T13:00:00+00:00,1206.51
TXN103411,MERCH_RETAIL_01,2025-06-23T05:00:00+00:00,5524.04
TXN103412,MERCH_SAAS_02,2025-01-28T23:00:00+00:00,484.15
TXN103413,MERCH_RETAIL_01,2025-02-02T06:00:00+00:00,349.39
TXN103414,MERCH_SAAS_02,2025-03-11T14:00:00+00:00,1680.08
TXN103415,MERCH_RETAIL_01,2025-03-29T04:00:00+00:00,2410.31
TXN103416,MERCH_RETAIL_01,2025-03-15T01:00:00+00:00,827.39
TXN103417,MERCH_ECOM_03,2025-03-02T16:00:00+00:00,956.41
TXN103418,MERCH_RETAIL_01,2025-06-14T07:00:00+00:00,1049.45
TXN103419,MERCH_DIGITAL_04,2025-01-16T19:00:00+00:00,3328.6
TXN103420,MERCH_SAAS_02,2025-02-28T21:00:00+00:00,3291.1
TXN103421,MERCH_ECOM_03,2025-03-12T08:00:00+00:00,2601.26
TXN103422,MERCH_RETAIL_01,2025-06-01T17:00:00+00:00,1797.16
TXN103423,MERCH_RETAIL_01,2025-01-21T03:00:00+00:00,421.64
TXN103424,MERCH_SAAS_02,2025-01-11T03:00:00+00:00,940.32
TXN103425,MERCH_SAAS_02,2025-03-27T12:00:00+00:00,2988.19
TXN103426,MERCH_ECOM_03,2025-01-13T07:00:00+00:00,1803.4
TXN103427,MERCH_ECOM_03,2025-03-29T20:00:00+00:00,2936.55
TXN103428,MERCH_RETAIL_01,2025-06-05T16:00:00+00:00,3495.45
TXN103429,MERCH_RETAIL_01,2025-05-21T07:00:00+00:00,422.47
TXN103430,MERCH_RETAIL_01,2025-03-25T10:00:00+00:00,1944.21
TXN103431,MERCH_RETAIL_01,2025-06-05T03:00:00+00:00,1668.76
TXN103432,MERCH_ECOM_03,2025-05-31T00:00:00+00:00,2083.27
TXN103433,MERCH_RETAIL_01,2025-04-08T00:00:00+00:00,3134.67
TXN103434,MERCH_RETAIL_01,2025-01-29T09:00:00+00:00,757.49
TXN103435,MERCH_RETAIL_01,2025-03-07T02:00:00+00:00,2490.31
TXN103436,MERCH_DIGITAL_04,2025-06-24T00:00:00+00:00,718.73
TXN103437,MERCH_ECOM_03,2025-05-15T21:00:00+00:00,5727.45
TXN103438,MERCH_ECOM_03,2025-02-12T19:00:00+00:00,1988.64
TXN103439,MERCH_SAAS_02,2025-03-07T19:00:00+00:00,1284.1
TXN103440,MERCH_RETAIL_01,2025-04-27T08:00:00+00:00,1253.68
TXN103441,MERCH_RETAIL_01,2025-02-24T13:00:00+00:00,7834.86
TXN103442,MERCH_ECOM_03,2025-06-16T16:00:00+00:00,5429.95
TXN103443,MERCH_SAAS_02,2025-04-08T13:00:00+00:00,1508.58
TXN103444,MERCH_SAAS_02,2025-03-11T05:00:00+00:00,497.07
TXN103445,MERCH_ECOM_03,2025-01-29T14:00:00+00:00,1495.64
TXN103446,MERCH_DIGITAL_04,2025-04-19T10:00:00+00:00,2434.83
TXN103447,MERCH_RETAIL_01,2025-03-25T02:00:00+00:00,1466.77
TXN103448,MERCH_RETAIL_01,2025-05-19T12:00:00+00:00,5859.69
TXN103449,MERCH_ECOM_03,2025-02-19T23:00:00+00:00,4171.96
TXN103450,MERCH_SAAS_02,2025-02-21T17:00:00+00:00,5286.87
TXN103451,MERCH_ECOM_03,2025-02-08T03:00:00+00:00,193.94
TXN103452,MERCH_SAAS_02,2025-06-10T11:00:00+00:00,2392.96
TXN103453,MERCH_RETAIL_01,2025-06-10T15:00:00+00:00,2308.77
TXN103454,MERCH_SAAS_02,2025-03-23T05:00:00+00:00,3360.02
TXN103455,MERCH_RETAIL_01,2025-04-03T18:00:00+00:00,2183.64
TXN103456,MERCH_RETAIL_01,2025-05-11T18:00:00+00:00,1771.98
TXN103457,MERCH_ECOM_03,2025-05-25T13:00:00+00:00,400.67
TXN103458,MERCH_SAAS_02,2025-03-29T13:00:00+00:00,3498.42
TXN103459,MERCH_ECOM_03,2025-05-22T16:00:00+00:00,3705.81
TXN103460,MERCH_ECOM_03,2025-03-30T13:00:00+00:00,2446.82
TXN103461,MERCH_RETAIL_01,2025-01-07T09:00:00+00:00,1969.77
TXN103462,MERCH_ECOM_03,2025-05-26T10:00:00+00:00,2218.15
TXN103463,MERCH_SAAS_02,2025-04-09T03:00:00+00:00,5806.6
TXN103464,MERCH_DIGITAL_04,2025-03-22T20:00:00+00:00,5059.94
TXN103465,MERCH_SAAS_02,2025-05-16T09:00:00+00:00,2030.96
TXN103466,MERCH_ECOM_03,2025-05-20T16:00:00+00:00,2887.36
TXN103467,MERCH_SAAS_02,2025-01-13T05:00:00+00:00,2019.38
TXN103468,MERCH_DIGITAL_04,2025-01-30T09:00:00+00:00,5727.75
TXN103469,MERCH_RETAIL_01,2025-02-07T21:00:00+00:00,1564.47
TXN103470,MERCH_SAAS_02,2025-02-15T02:00:00+00:00,1611.56
TXN103471,MERCH_ECOM_03,2025-04-02T06:00:00+00:00,3347.06
TXN103472,MERCH_SAAS_02,2025-04-05T07:00:00+00:00,687.92
TXN103473,MERCH_SAAS_02,2025-04-19T07:00:00+00:00,3693.62
TXN103474,MERCH_SAAS_02,2025-02-12T15:00:00+00:00,1292.0
TXN103475,MERCH_SAAS_02,2025-05-18T08:00:00+00:00,5874.44
TXN103476,MERCH_ECOM_03,2025-01-31T01:00:00+00:00,2055.83
TXN103477,MERCH_SAAS_02,2025-02-19T04:00:00+00:00,3239.07
TXN103478,MERCH_RETAIL_01,2025-02-24T17:00:00+00:00,1299.08
TXN103479,MERCH_DIGITAL_04,2025-03-30T15:00:00+00:00,2992.58
TXN103480,MERCH_SAAS_02,2025-05-20T23:00:00+00:00,1594.73
TXN103481,MERCH_RETAIL_01,2025-03-03T02:00:00+00:00,4879.68
TXN103482,MERCH_DIGITAL_04,2025-06-04T20:00:00+00:00,2659.71
TXN103483,MERCH_RETAIL_01,2025-03-23T02:00:00+00:00,3076.96
TXN103484,MERCH_RETAIL_01,2025-06-23T08:00:00+00:00,4327.2
TXN103485,MERCH_SAAS_02,2025-02-23T18:00:00+00:00,2514.1
TXN103486,MERCH_DIGITAL_04,2025-03-22T02:00:00+00:00,2093.3
TXN103487,MERCH_RETAIL_01,2025-01-23T08:00:00+00:00,881.43
TXN103488,MERCH_SAAS_02,2025-03-17T10:00:00+00:00,4239.9
TXN103489,MERCH_RETAIL_01,2025-03-02T18:00:00+00:00,403.24
TXN103490,MERCH_ECOM_03,2025-06-25T18:00:00+00:00,2389.78
TXN103491,MERCH_ECOM_03,2025-04-25T07:00:00+00:00,2271.36
TXN103492,MERCH_RETAIL_01,2025-06-26T10:00:00+00:00,8375.73
TXN103493,MERCH_ECOM_03,2025-03-31T21:00:00+00:00,1452.96
TXN103494,MERCH_RETAIL_01,2025-01-22T00:00:00+00:00,2182.37
TXN103495,MERCH_RETAIL_01,2025-04-24T18:00:00+00:00,266.25
TXN103496,MERCH_SAAS_02,2025-05-03T14:00:00+00:00,1112.55
TXN103497,MERCH_SAAS_02,2025-04-25T22:00:00+00:00,6353.54
TXN103498,MERCH_ECOM_03,2025-05-04T19:00:00+00:00,6698.68
TXN103499,MERCH_SAAS_02,2025-04-07T22:00:00+00:00,3310.42
TXN103500,MERCH_ECOM_03,2025-01-08T10:00:00+00:00,1451.89
TXN103501,MERCH_ECOM_03,2025-01-21T01:00:00+00:00,2431.33
TXN103502,MERCH_RETAIL_01,2025-02-05T22:00:00+00:00,7124.18
TXN103503,MERCH_RETAIL_01,2025-04-15T09:00:00+00:00,2152.14
TXN103504,MERCH_RETAIL_01,2025-01-09T17:00:00+00:00,5599.59
TXN103505,MERCH_SAAS_02,2025-02-06T01:00:00+00:00,133.91
TXN103506,MERCH_SAAS_02,2025-04-18T10:00:00+00:00,474.11
TXN103507,MERCH_RETAIL_01,2025-04-12T01:00:00+00:00,6051.69
TXN103508,MERCH_RETAIL_01,2025-06-06T16:00:00+00:00,802.85
TXN103509,MERCH_RETAIL_01,2025-04-02T20:00:00+00:00,7203.02
TXN103510,MERCH_ECOM_03,2025-01-05T22:00:00+00:00,1539.33
TXN103511,MERCH_RETAIL_01,2025-02-11T21:00:00+00:00,1402.05
TXN103512,MERCH_RETAIL_01,2025-06-07T15:00:00+00:00,4414.33
TXN103513,MERCH_SAAS_02,2025-05-18T18:00:00+00:00,2135.31
TXN103514,MERCH_RETAIL_01,2025-02-25T22:00:00+00:00,1511.84
TXN103515,MERCH_ECOM_03,2025-02-11T15:00:00+00:00,942.28
TXN103516,MERCH_RETAIL_01,2025-04-22T04:00:00+00:00,4426.47
TXN103517,MERCH_ECOM_03,2025-05-29T01:00:00+00:00,3923.71
TXN103518,MERCH_ECOM_03,2025-03-26T10:00:00+00:00,974.29
TXN103519,MERCH_SAAS_02,2025-03-19T17:00:00+00:00,2495.74
TXN103520,MERCH_RETAIL_01,2025-03-08T17:00:00+00:00,2848.6
TXN103521,MERCH_RETAIL_01,2025-04-16T02:00:00+00:00,419.66
TXN103522,MERCH_ECOM_03,2025-06-02T09:00:00+00:00,2492.1
TXN103523,MERCH_SAAS_02,2025-06-19T20:00:00+00:00,135.64
TXN103524,MERCH_SAAS_02,2025-01-05T14:00:00+00:00,5787.59
TXN103525,MERCH_SAAS_02,2025-06-20T01:00:00+00:00,482.37
TXN103526,MERCH_DIGITAL_04,2025-01-05T21:00:00+00:00,3146.9
TXN103527,MERCH_ECOM_03,2025-02-16T17:00:00+00:00,1076.32
TXN103528,MERCH_ECOM_03,2025-01-27T17:00:00+00:00,1494.15
TXN103529,MERCH_ECOM_03,2025-02-05T17:00:00+00:00,2812.96
TXN103530,MERCH_SAAS_02,2025-02-24T11:00:00+00:00,1034.21
TXN103531,MERCH_DIGITAL_04,2025-02-16T15:00:00+00:00,1450.67
TXN103532,MERCH_DIGITAL_04,2025-06-10T15:00:00+00:00,1779.92
TXN103533,MERCH_ECOM_03,2025-05-29T01:00:00+00:00,231.04
TXN103534,MERCH_RETAIL_01,2025-01-18T11:00:00+00:00,4917.24
TXN103535,MERCH_ECOM_03,2025-04-12T06:00:00+00:00,774.9
TXN103536,MERCH_RETAIL_01,2025-06-18T13:00:00+00:00,3094.8
TXN103537,MERCH_RETAIL_01,2025-05-26T10:00:00+00:00,1856.38
TXN103538,MERCH_DIGITAL_04,2025-03-09T15:00:00+00:00,2401.33
TXN103539,MERCH_SAAS_02,2025-02-27T15:00:00+00:00,766.88
TXN103540,MERCH_DIGITAL_04,2025-03-26T19:00:00+00:00,7014.17
TXN103541,MERCH_RETAIL_01,2025-03-28T19:00:00+00:00,1834.97
TXN103542,MERCH_DIGITAL_04,2025-06-26T13:00:00+00:00,1967.51
TXN103543,MERCH_RETAIL_01,2025-03-06T23:00:00+00:00,864.64
TXN103544,MERCH_RETAIL_01,2025-02-15T22:00:00+00:00,3793.96
TXN103545,MERCH_RETAIL_01,2025-01-12T11:00:00+00:00,792.78
TXN103546,MERCH_SAAS_02,2025-02-27T20:00:00+00:00,1917.13
TXN103547,MERCH_ECOM_03,2025-02-06T13:00:00+00:00,5618.49
TXN103548,MERCH_RETAIL_01,2025-03-30T11:00:00+00:00,3107.31
TXN103549,MERCH_DIGITAL_04,2025-01-31T17:00:00+00:00,1555.35
TXN103550,MERCH_SAAS_02,2025-05-25T03:00:00+00:00,289.69
TXN103551,MERCH_ECOM_03,2025-01-12T09:00:00+00:00,1592.85
TXN103552,MERCH_DIGITAL_04,2025-06-06T10:00:00+00:00,2934.42
TXN103553,MERCH_SAAS_02,2025-02-14T15:00:00+00:00,1610.12
TXN103554,MERCH_RETAIL_01,2025-05-12T01:00:00+00:00,3202.94
TXN103555,MERCH_ECOM_03,2025-03-15T09:00:00+00:00,1730.0
TXN103556,MERCH_ECOM_03,2025-01-14T05:00:00+00:00,3472.84
TXN103557,MERCH_SAAS_02,2025-05-05T03:00:00+00:00,472.57
TXN103558,MERCH_SAAS_02,2025-06-13T02:00:00+00:00,2268.26
TXN103559,MERCH_SAAS_02,2025-05-24T17:00:00+00:00,1485.31
TXN103560,MERCH_SAAS_02,2025-05-05T21:00:00+00:00,1125.28
TXN103561,MERCH_RETAIL_01,2025-02-21T20:00:00+00:00,2232.76
TXN103562,MERCH_ECOM_03,2025-05-02T13:00:00+00:00,2233.7
TXN103563,MERCH_SAAS_02,2025-03-10T13:00:00+00:00,3850.45
TXN103564,MERCH_RETAIL_01,2025-03-03T12:00:00+00:00,1502.7
TXN103565,MERCH_RETAIL_01,2025-02-15T01:00:00+00:00,1977.19
TXN103566,MERCH_DIGITAL_04,2025-02-11T13:00:00+00:00,5712.02
TXN103567,MERCH_SAAS_02,2025-02-24T21:00:00+00:00,2911.89
TXN103568,MERCH_ECOM_03,2025-06-26T15:00:00+00:00,2050.07
TXN103569,MERCH_RETAIL_01,2025-04-07T15:00:00+00:00,3226.53
TXN103570,MERCH_DIGITAL_04,2025-02-04T08:00:00+00:00,847.32
TXN103571,MERCH_SAAS_02,2025-03-17T11:00:00+00:00,1788.77
TXN103572,MERCH_RETAIL_01,2025-02-04T14:00:00+00:00,5127.32
TXN103573,MERCH_DIGITAL_04,2025-05-03T12:00:00+00:00,1856.48
TXN103574,MERCH_SAAS_02,2025-05-29T06:00:00+00:00,2095.88
TXN103575,MERCH_RETAIL_01,2025-06-27T00:00:00+00:00,1923.15
TXN103576,MERCH_RETAIL_01,2025-01-16T16:00:00+00:00,2466.93
TXN103577,MERCH_RETAIL_01,2025-01-29T02:00:00+00:00,1436.93
TXN103578,MERCH_ECOM_03,2025-01-27T22:00:00+00:00,2884.43
TXN103579,MERCH_SAAS_02,2025-03-27T00:00:00+00:00,2597.93
TXN103580,MERCH_SAAS_02,2025-05-21T20:00:00+00:00,2941.62
TXN103581,MERCH_RETAIL_01,2025-02-19T23:00:00+00:00,3156.73
TXN103582,MERCH_RETAIL_01,2025-04-07T10:00:00+00:00,3370.4
TXN103583,MERCH_RETAIL_01,2025-01-09T20:00:00+00:00,4209.61
TXN103584,MERCH_RETAIL_01,2025-04-06T04:00:00+00:00,1564.95
TXN103585,MERCH_RETAIL_01,2025-06-16T02:00:00+00:00,1301.76
TXN103586,MERCH_ECOM_03,2025-03-05T02:00:00+00:00,1246.32
TXN103587,MERCH_RETAIL_01,2025-02-12T00:00:00+00:00,1072.96
TXN103588,MERCH_ECOM_03,2025-05-27T07:00:00+00:00,5760.48
TXN103589,MERCH_RETAIL_01,2025-01-08T12:00:00+00:00,747.16
TXN103590,MERCH_RETAIL_01,2025-04-18T19:00:00+00:00,1154.7
TXN103591,MERCH_SAAS_02,2025-03-31T08:00:00+00:00,2030.28
TXN103592,MERCH_RETAIL_01,2025-04-26T12:00:00+00:00,1510.22
TXN103593,MERCH_RETAIL_01,2025-04-30T03:00:00+00:00,1457.29
TXN103594,MERCH_SAAS_02,2025-04-08T22:00:00+00:00,5398.26
TXN103595,MERCH_RETAIL_01,2025-05-31T22:00:00+00:00,5829.2
TXN103596,MERCH_RETAIL_01,2025-05-12T03:00:00+00:00,6765.54
TXN103597,MERCH_RETAIL_01,2025-06-26T20:00:00+00:00,1037.33
TXN103598,MERCH_RETAIL_01,2025-05-01T09:00:00+00:00,1647.25
TXN103599,MERCH_ECOM_03,2025-05-12T07:00:00+00:00,1715.25
TXN103600,MERCH_DIGITAL_04,2025-02-07T13:00:00+00:00,1810.68
TXN103601,MERCH_ECOM_03,2025-02-08T05:00:00+00:00,4617.49
TXN103602,MERCH_DIGITAL_04,2025-06-21T20:00:00+00:00,1292.08
TXN103603,MERCH_RETAIL_01,2025-01-08T10:00:00+00:00,1967.09
TXN103604,MERCH_RETAIL_01,2025-06-04T07:00:00+00:00,5508.16
TXN103605,MERCH_RETAIL_01,2025-06-22T14:00:00+00:00,5100.89
TXN103606,MERCH_DIGITAL_04,2025-06-05T05:00:00+00:00,2104.98
TXN103607,MERCH_SAAS_02,2025-03-23T10:00:00+00:00,764.44
TXN103608,MERCH_RETAIL_01,2025-04-28T11:00:00+00:00,787.38
TXN103609,MERCH_RETAIL_01,2025-06-04T08:00:00+00:00,3693.6
TXN103610,MERCH_SAAS_02,2025-06-16T16:00:00+00:00,7110.74
TXN103611,MERCH_RETAIL_01,2025-05-30T14:00:00+00:00,1347.92
TXN103612,MERCH_SAAS_02,2025-02-06T10:00:00+00:00,3617.04
TXN103613,MERCH_ECOM_03,2025-01-22T19:00:00+00:00,10497.64
TXN103614,MERCH_DIGITAL_04,2025-04-13T09:00:00+00:00,1737.03
TXN103615,MERCH_SAAS_02,2025-05-21T16:00:00+00:00,2515.55
TXN103616,MERCH_SAAS_02,2025-06-10T07:00:00+00:00,1065.17
TXN103617,MERCH_RETAIL_01,2025-06-23T23:00:00+00:00,3962.42
TXN103618,MERCH_RETAIL_01,2025-04-07T07:00:00+00:00,2617.16
TXN103619,MERCH_ECOM_03,2025-06-23T12:00:00+00:00,883.04
TXN103620,MERCH_RETAIL_01,2025-04-18T03:00:00+00:00,1963.67
TXN103621,MERCH_ECOM_03,2025-06-21T16:00:00+00:00,1025.43
TXN103622,MERCH_SAAS_02,2025-01-03T09:00:00+00:00,1700.45
TXN103623,MERCH_RETAIL_01,2025-05-16T05:00:00+00:00,3450.24
TXN103624,MERCH_RETAIL_01,2025-03-21T00:00:00+00:00,1060.55
TXN103625,MERCH_RETAIL_01,2025-04-08T01:00:00+00:00,5306.81
TXN103626,MERCH_ECOM_03,2025-03-03T12:00:00+00:00,4436.84
TXN103627,MERCH_DIGITAL_04,2025-05-30T05:00:00+00:00,2360.24
TXN103628,MERCH_RETAIL_01,2025-04-02T11:00:00+00:00,4087.54
TXN103629,MERCH_RETAIL_01,2025-01-19T12:00:00+00:00,3009.6
TXN103630,MERCH_SAAS_02,2025-02-23T06:00:00+00:00,2311.05
TXN103631,MERCH_SAAS_02,2025-01-18T06:00:00+00:00,2554.61
TXN103632,MERCH_SAAS_02,2025-05-22T03:00:00+00:00,777.39
TXN103633,MERCH_RETAIL_01,2025-01-27T13:00:00+00:00,1914.31
TXN103634,MERCH_RETAIL_01,2025-04-24T02:00:00+00:00,914.95
TXN103635,MERCH_RETAIL_01,2025-05-06T04:00:00+00:00,3436.8
TXN103636,MERCH_SAAS_02,2025-06-07T20:00:00+00:00,4920.39
TXN103637,MERCH_ECOM_03,2025-01-11T13:00:00+00:00,359.91
TXN103638,MERCH_ECOM_03,2025-02-09T00:00:00+00:00,2453.41
TXN103639,MERCH_ECOM_03,2025-06-14T15:00:00+00:00,3927.58
TXN103640,MERCH_RETAIL_01,2025-03-28T04:00:00+00:00,2342.15
TXN103641,MERCH_ECOM_03,2025-04-07T23:00:00+00:00,1851.53
TXN103642,MERCH_ECOM_03,2025-01-23T03:00:00+00:00,6084.55
TXN103643,MERCH_RETAIL_01,2025-02-23T08:00:00+00:00,808.45
TXN103644,MERCH_RETAIL_01,2025-05-23T06:00:00+00:00,6286.86
TXN103645,MERCH_SAAS_02,2025-03-14T02:00:00+00:00,1309.12
TXN103646,MERCH_SAAS_02,2025-04-13T09:00:00+00:00,5902.62
TXN103647,MERCH_SAAS_02,2025-03-02T01:00:00+00:00,4296.17
TXN103648,MERCH_DIGITAL_04,2025-06-03T19:00:00+00:00,3980.27
TXN103649,MERCH_SAAS_02,2025-01-09T22:00:00+00:00,3397.68
TXN103650,MERCH_RETAIL_01,2025-04-20T23:00:00+00:00,3267.71
TXN103651,MERCH_RETAIL_01,2025-02-04T07:00:00+00:00,5444.8
TXN103652,MERCH_SAAS_02,2025-04-13T06:00:00+00:00,1194.86
TXN103653,MERCH_SAAS_02,2025-02-20T04:00:00+00:00,1986.1
TXN103654,MERCH_RETAIL_01,2025-04-10T19:00:00+00:00,3200.18
TXN103655,MERCH_ECOM_03,2025-06-05T19:00:00+00:00,1384.69
TXN103656,MERCH_ECOM_03,2025-01-11T04:00:00+00:00,3956.77
TXN103657,MERCH_RETAIL_01,2025-05-24T14:00:00+00:00,343.31
TXN103658,MERCH_ECOM_03,2025-05-20T23:00:00+00:00,3332.3
TXN103659,MERCH_ECOM_03,2025-01-27T05:00:00+00:00,1927.35
TXN103660,MERCH_SAAS_02,2025-03-16T16:00:00+00:00,1316.1
TXN103661,MERCH_ECOM_03,2025-05-27T16:00:00+00:00,1047.78
TXN103662,MERCH_RETAIL_01,2025-06-26T22:00:00+00:00,4835.03
TXN103663,MERCH_RETAIL_01,2025-06-01T02:00:00+00:00,1892.33
TXN103664,MERCH_RETAIL_01,2025-03-28T23:00:00+00:00,9393.23
TXN103665,MERCH_SAAS_02,2025-01-04T20:00:00+00:00,2647.27
TXN103666,MERCH_RETAIL_01,2025-02-10T12:00:00+00:00,748.38
TXN103667,MERCH_RETAIL_01,2025-01-31T17:00:00+00:00,5613.35
TXN103668,MERCH_DIGITAL_04,2025-03-09T08:00:00+00:00,4913.93
TXN103669,MERCH_RETAIL_01,2025-02-22T08:00:00+00:00,280.72
TXN103670,MERCH_ECOM_03,2025-03-12T23:00:00+00:00,1596.1
TXN103671,MERCH_RETAIL_01,2025-06-17T07:00:00+00:00,3940.91
TXN103672,MERCH_RETAIL_01,2025-06-03T06:00:00+00:00,1790.74
TXN103673,MERCH_RETAIL_01,2025-04-03T21:00:00+00:00,2545.16
TXN103674,MERCH_SAAS_02,2025-06-04T05:00:00+00:00,663.31
TXN103675,MERCH_SAAS_02,2025-06-19T06:00:00+00:00,879.61
TXN103676,MERCH_SAAS_02,2025-03-09T09:00:00+00:00,916.34
TXN103677,MERCH_RETAIL_01,2025-01-07T18:00:00+00:00,1111.48
TXN103678,MERCH_DIGITAL_04,2025-02-27T16:00:00+00:00,3103.44
TXN103679,MERCH_ECOM_03,2025-05-08T02:00:00+00:00,1553.2
TXN103680,MERCH_RETAIL_01,2025-06-08T20:00:00+00:00,4453.47
TXN103681,MERCH_SAAS_02,2025-02-22T15:00:00+00:00,3399.94
TXN103682,MERCH_DIGITAL_04,2025-01-24T21:00:00+00:00,3118.09
TXN103683,MERCH_ECOM_03,2025-04-21T20:00:00+00:00,1998.9
TXN103684,MERCH_SAAS_02,2025-05-16T17:00:00+00:00,1296.12
TXN103685,MERCH_ECOM_03,2025-03-19T00:00:00+00:00,5379.41
TXN103686,MERCH_RETAIL_01,2025-01-11T08:00:00+00:00,3808.13
TXN103687,MERCH_RETAIL_01,2025-01-01T14:00:00+00:00,2639.76
TXN103688,MERCH_RETAIL_01,2025-04-21T06:00:00+00:00,1141.18
TXN103689,MERCH_SAAS_02,2025-06-17T13:00:00+00:00,6843.57
TXN103690,MERCH_RETAIL_01,2025-05-14T09:00:00+00:00,1811.51
TXN103691,MERCH_RETAIL_01,2025-03-22T01:00:00+00:00,1355.61
TXN103692,MERCH_SAAS_02,2025-04-11T03:00:00+00:00,832.99
TXN103693,MERCH_RETAIL_01,2025-06-29T06:00:00+00:00,3377.91
TXN103694,MERCH_SAAS_02,2025-04-20T13:00:00+00:00,2781.14
TXN103695,MERCH_DIGITAL_04,2025-02-11T23:00:00+00:00,278.92
TXN103696,MERCH_RETAIL_01,2025-01-02T02:00:00+00:00,1832.99
TXN103697,MERCH_ECOM_03,2025-03-27T10:00:00+00:00,2337.34
TXN103698,MERCH_ECOM_03,2025-03-16T10:00:00+00:00,2580.88
TXN103699,MERCH_ECOM_03,2025-05-12T14:00:00+00:00,1123.45
TXN103700,MERCH_SAAS_02,2025-03-08T03:00:00+00:00,3368.3
TXN103701,MERCH_SAAS_02,2025-04-19T10:00:00+00:00,1012.21
TXN103702,MERCH_RETAIL_01,2025-02-26T23:00:00+00:00,3955.07
TXN103703,MERCH_ECOM_03,2025-01-09T13:00:00+00:00,5010.1
TXN103704,MERCH_ECOM_03,2025-05-28T22:00:00+00:00,3008.35
TXN103705,MERCH_RETAIL_01,2025-03-23T21:00:00+00:00,3397.19
TXN103706,MERCH_RETAIL_01,2025-05-20T23:00:00+00:00,3716.62
TXN103707,MERCH_ECOM_03,2025-03-10T20:00:00+00:00,643.16
TXN103708,MERCH_ECOM_03,2025-02-06T14:00:00+00:00,1510.35
TXN103709,MERCH_RETAIL_01,2025-02-09T12:00:00+00:00,908.7
TXN103710,MERCH_DIGITAL_04,2025-04-15T22:00:00+00:00,1023.84
TXN103711,MERCH_SAAS_02,2025-04-03T18:00:00+00:00,1274.48
TXN103712,MERCH_RETAIL_01,2025-03-05T21:00:00+00:00,2678.13
TXN103713,MERCH_DIGITAL_04,2025-02-19T11:00:00+00:00,3980.65
TXN103714,MERCH_RETAIL_01,2025-01-11T01:00:00+00:00,7526.38
TXN103715,MERCH_DIGITAL_04,2025-06-14T00:00:00+00:00,2460.53
TXN103716,MERCH_RETAIL_01,2025-02-23T13:00:00+00:00,297.81
TXN103717,MERCH_SAAS_02,2025-02-08T17:00:00+00:00,1857.16
TXN103718,MERCH_RETAIL_01,2025-06-24T22:00:00+00:00,3635.64
TXN103719,MERCH_ECOM_03,2025-03-31T02:00:00+00:00,126.79
TXN103720,MERCH_RETAIL_01,2025-05-23T02:00:00+00:00,1621.48
TXN103721,MERCH_ECOM_03,2025-01-25T11:00:00+00:00,2240.63
TXN103722,MERCH_SAAS_02,2025-06-11T10:00:00+00:00,2271.78
TXN103723,MERCH_ECOM_03,2025-03-17T08:00:00+00:00,743.97
TXN103724,MERCH_SAAS_02,2025-03-11T21:00:00+00:00,4349.75
TXN103725,MERCH_ECOM_03,2025-04-11T12:00:00+00:00,1412.29
TXN103726,MERCH_DIGITAL_04,2025-03-25T10:00:00+00:00,3917.02
TXN103727,MERCH_SAAS_02,2025-06-25T10:00:00+00:00,1602.54
TXN103728,MERCH_RETAIL_01,2025-05-17T08:00:00+00:00,5386.07
TXN103729,MERCH_SAAS_02,2025-05-28T12:00:00+00:00,4353.5
TXN103730,MERCH_ECOM_03,2025-02-27T10:00:00+00:00,1236.62
TXN103731,MERCH_SAAS_02,2025-06-16T10:00:00+00:00,3790.84
TXN103732,MERCH_ECOM_03,2025-04-28T00:00:00+00:00,4462.5
TXN103733,MERCH_ECOM_03,2025-06-01T16:00:00+00:00,1870.42
TXN103734,MERCH_RETAIL_01,2025-01-31T20:00:00+00:00,4111.22
TXN103735,MERCH_RETAIL_01,2025-03-26T03:00:00+00:00,2634.42
TXN103736,MERCH_RETAIL_01,2025-02-11T07:00:00+00:00,2286.0
TXN103737,MERCH_RETAIL_01,2025-01-28T04:00:00+00:00,4511.1
TXN103738,MERCH_ECOM_03,2025-06-12T14:00:00+00:00,1757.87
TXN103739,MERCH_RETAIL_01,2025-01-05T21:00:00+00:00,1704.41
TXN103740,MERCH_RETAIL_01,2025-04-29T04:00:00+00:00,6242.84
TXN103741,MERCH_ECOM_03,2025-02-27T22:00:00+00:00,574.51
TXN103742,MERCH_RETAIL_01,2025-03-11T07:00:00+00:00,1047.32
TXN103743,MERCH_RETAIL_01,2025-01-04T08:00:00+00:00,498.08
TXN103744,MERCH_RETAIL_01,2025-02-16T00:00:00+00:00,775.47
TXN103745,MERCH_ECOM_03,2025-05-27T16:00:00+00:00,2061.22
TXN103746,MERCH_RETAIL_01,2025-01-01T00:00:00+00:00,3007.6
TXN103747,MERCH_SAAS_02,2025-04-19T19:00:00+00:00,5597.65
TXN103748,MERCH_ECOM_03,2025-05-05T13:00:00+00:00,480.79
TXN103749,MERCH_RETAIL_01,2025-05-24T19:00:00+00:00,3702.31
TXN103750,MERCH_ECOM_03,2025-03-01T21:00:00+00:00,4418.83
TXN103751,MERCH_ECOM_03,2025-03-13T01:00:00+00:00,2245.35
TXN103752,MERCH_SAAS_02,2025-05-22T18:00:00+00:00,1854.08
TXN103753,MERCH_ECOM_03,2025-02-26T09:00:00+00:00,2639.06
TXN103754,MERCH_ECOM_03,2025-03-31T16:00:00+00:00,1583.74
TXN103755,MERCH_DIGITAL_04,2025-02-07T02:00:00+00:00,1838.28
TXN103756,MERCH_RETAIL_01,2025-04-14T01:00:00+00:00,2863.3
TXN103757,MERCH_SAAS_02,2025-03-21T15:00:00+00:00,1529.65
TXN103758,MERCH_RETAIL_01,2025-01-03T19:00:00+00:00,1850.71
TXN103759,MERCH_SAAS_02,2025-04-28T20:00:00+00:00,1195.52
TXN103760,MERCH_SAAS_02,2025-05-29T23:00:00+00:00,3867.87
TXN103761,MERCH_ECOM_03,2025-03-01T08:00:00+00:00,1054.59
TXN103762,MERCH_SAAS_02,2025-06-10T18:00:00+00:00,1195.35
TXN103763,MERCH_RETAIL_01,2025-01-02T15:00:00+00:00,2035.62
TXN103764,MERCH_RETAIL_01,2025-04-14T07:00:00+00:00,1146.59
TXN103765,MERCH_RETAIL_01,2025-05-27T14:00:00+00:00,1461.04
TXN103766,MERCH_RETAIL_01,2025-02-06T04:00:00+00:00,3865.73
TXN103767,MERCH_RETAIL_01,2025-01-10T20:00:00+00:00,1758.97
TXN103768,MERCH_ECOM_03,2025-03-02T21:00:00+00:00,1613.67
TXN103769,MERCH_SAAS_02,2025-06-19T11:00:00+00:00,2502.09
TXN103770,MERCH_RETAIL_01,2025-06-20T18:00:00+00:00,954.92
TXN103771,MERCH_DIGITAL_04,2025-04-08T02:00:00+00:00,4947.16
TXN103772,MERCH_ECOM_03,2025-06-04T14:00:00+00:00,1736.08
TXN103773,MERCH_RETAIL_01,2025-06-09T14:00:00+00:00,2623.19
TXN103774,MERCH_SAAS_02,2025-06-27T10:00:00+00:00,2595.04
TXN103775,MERCH_RETAIL_01,2025-06-11T04:00:00+00:00,2312.16
TXN103776,MERCH_RETAIL_01,2025-04-01T16:00:00+00:00,2047.43
TXN103777,MERCH_DIGITAL_04,2025-02-10T10:00:00+00:00,2155.14
TXN103778,MERCH_ECOM_03,2025-06-26T12:00:00+00:00,2385.49
TXN103779,MERCH_SAAS_02,2025-06-11T14:00:00+00:00,1807.5
TXN103780,MERCH_RETAIL_01,2025-05-12T22:00:00+00:00,2325.66
TXN103781,MERCH_RETAIL_01,2025-01-04T03:00:00+00:00,1304.88
TXN103782,MERCH_ECOM_03,2025-02-13T22:00:00+00:00,1985.66
TXN103783,MERCH_SAAS_02,2025-03-11T14:00:00+00:00,3397.11
TXN103784,MERCH_SAAS_02,2025-06-20T14:00:00+00:00,2526.98
TXN103785,MERCH_ECOM_03,2025-05-02T22:00:00+00:00,158.36
TXN103786,MERCH_RETAIL_01,2025-02-11T16:00:00+00:00,1774.92
TXN103787,MERCH_SAAS_02,2025-03-06T11:00:00+00:00,2193.07
TXN103788,MERCH_DIGITAL_04,2025-03-10T14:00:00+00:00,2126.48
TXN103789,MERCH_ECOM_03,2025-05-10T21:00:00+00:00,2433.2
TXN103790,MERCH_ECOM_03,2025-01-28T11:00:00+00:00,969.77
TXN103791,MERCH_DIGITAL_04,2025-02-08T02:00:00+00:00,2308.86
TXN103792,MERCH_RETAIL_01,2025-05-18T06:00:00+00:00,336.29
TXN103793,MERCH_SAAS_02,2025-01-24T05:00:00+00:00,312.33
TXN103794,MERCH_ECOM_03,2025-02-04T01:00:00+00:00,876.24
TXN103795,MERCH_SAAS_02,2025-04-10T00:00:00+00:00,626.02
TXN103796,MERCH_ECOM_03,2025-03-04T19:00:00+00:00,2228.79
TXN103797,MERCH_RETAIL_01,2025-04-16T12:00:00+00:00,1452.1
TXN103798,MERCH_RETAIL_01,2025-02-03T07:00:00+00:00,1698.94
TXN103799,MERCH_SAAS_02,2025-06-04T16:00:00+00:00,418.74
TXN103800,MERCH_ECOM_03,2025-01-16T15:00:00+00:00,2301.39
TXN103801,MERCH_ECOM_03,2025-02-28T12:00:00+00:00,3642.83
TXN103802,MERCH_SAAS_02,2025-04-09T10:00:00+00:00,951.14
TXN103803,MERCH_SAAS_02,2025-04-11T19:00:00+00:00,1655.92
TXN103804,MERCH_RETAIL_01,2025-06-03T12:00:00+00:00,2983.53
TXN103805,MERCH_RETAIL_01,2025-03-22T17:00:00+00:00,1378.24
TXN103806,MERCH_RETAIL_01,2025-02-02T21:00:00+00:00,1381.14
TXN103807,MERCH_SAAS_02,2025-06-16T11:00:00+00:00,5713.44
TXN103808,MERCH_RETAIL_01,2025-01-03T00:00:00+00:00,1773.14
TXN103809,MERCH_RETAIL_01,2025-05-11T04:00:00+00:00,1491.42
TXN103810,MERCH_SAAS_02,2025-04-06T02:00:00+00:00,5858.79
TXN103811,MERCH_SAAS_02,2025-03-10T12:00:00+00:00,6158.31
TXN103812,MERCH_RETAIL_01,2025-06-06T12:00:00+00:00,3078.14
TXN103813,MERCH_DIGITAL_04,2025-02-06T20:00:00+00:00,4348.03
TXN103814,MERCH_ECOM_03,2025-03-10T04:00:00+00:00,858.95
TXN103815,MERCH_RETAIL_01,2025-04-17T17:00:00+00:00,1182.47
TXN103816,MERCH_ECOM_03,2025-05-04T12:00:00+00:00,1620.58
TXN103817,MERCH_SAAS_02,2025-01-24T20:00:00+00:00,659.66
TXN103818,MERCH_SAAS_02,2025-02-16T14:00:00+00:00,1533.78
TXN103819,MERCH_RETAIL_01,2025-05-01T20:00:00+00:00,4293.71
TXN103820,MERCH_ECOM_03,2025-04-10T09:00:00+00:00,2427.94
TXN103821,MERCH_SAAS_02,2025-04-05T11:00:00+00:00,2530.29
TXN103822,MERCH_ECOM_03,2025-05-18T17:00:00+00:00,5703.29
TXN103823,MERCH_RETAIL_01,2025-05-23T11:00:00+00:00,1568.49
TXN103824,MERCH_SAAS_02,2025-04-12T03:00:00+00:00,2548.17
TXN103825,MERCH_RETAIL_01,2025-03-26T09:00:00+00:00,4245.77
TXN103826,MERCH_ECOM_03,2025-05-11T14:00:00+00:00,323.58
TXN103827,MERCH_RETAIL_01,2025-01-31T03:00:00+00:00,872.55
TXN103828,MERCH_RETAIL_01,2025-04-21T07:00:00+00:00,3376.76
TXN103829,MERCH_RETAIL_01,2025-03-01T16:00:00+00:00,2565.43
TXN103830,MERCH_ECOM_03,2025-01-21T03:00:00+00:00,3232.54
TXN103831,MERCH_RETAIL_01,2025-02-24T04:00:00+00:00,11800.46
TXN103832,MERCH_ECOM_03,2025-03-27T08:00:00+00:00,4430.45
TXN103833,MERCH_DIGITAL_04,2025-03-24T19:00:00+00:00,2523.53
TXN103834,MERCH_SAAS_02,2025-06-14T00:00:00+00:00,449.49
TXN103835,MERCH_RETAIL_01,2025-05-06T15:00:00+00:00,2144.55
TXN103836,MERCH_RETAIL_01,2025-03-29T11:00:00+00:00,2054.71
TXN103837,MERCH_SAAS_02,2025-05-10T13:00:00+00:00,1531.21
TXN103838,MERCH_ECOM_03,2025-01-12T21:00:00+00:00,2990.9
TXN103839,MERCH_ECOM_03,2025-04-30T22:00:00+00:00,846.35
TXN103840,MERCH_RETAIL_01,2025-04-11T09:00:00+00:00,3275.84
TXN103841,MERCH_RETAIL_01,2025-04-01T16:00:00+00:00,9004.52
TXN103842,MERCH_DIGITAL_04,2025-01-14T05:00:00+00:00,917.26
TXN103843,MERCH_RETAIL_01,2025-02-05T07:00:00+00:00,2209.71
TXN103844,MERCH_ECOM_03,2025-06-03T00:00:00+00:00,1185.38
TXN103845,MERCH_SAAS_02,2025-02-26T17:00:00+00:00,2642.34
TXN103846,MERCH_ECOM_03,2025-04-21T05:00:00+00:00,4591.5
TXN103847,MERCH_DIGITAL_04,2025-04-09T00:00:00+00:00,2776.48
TXN103848,MERCH_RETAIL_01,2025-06-28T13:00:00+00:00,1318.57
TXN103849,MERCH_ECOM_03,2025-02-16T23:00:00+00:00,2899.12
TXN103850,MERCH_ECOM_03,2025-02-19T09:00:00+00:00,1964.02
TXN103851,MERCH_RETAIL_01,2025-03-31T01:00:00+00:00,3816.54
TXN103852,MERCH_ECOM_03,2025-04-26T06:00:00+00:00,2365.57
TXN103853,MERCH_DIGITAL_04,2025-02-22T08:00:00+00:00,2812.0
TXN103854,MERCH_DIGITAL_04,2025-06-22T18:00:00+00:00,2201.47
TXN103855,MERCH_DIGITAL_04,2025-03-31T01:00:00+00:00,4274.67
TXN103856,MERCH_DIGITAL_04,2025-05-30T14:00:00+00:00,4915.7
TXN103857,MERCH_SAAS_02,2025-06-28T03:00:00+00:00,1430.32
TXN103858,MERCH_ECOM_03,2025-02-21T05:00:00+00:00,3448.0
TXN103859,MERCH_SAAS_02,2025-05-27T05:00:00+00:00,8485.51
TXN103860,MERCH_RETAIL_01,2025-06-23T12:00:00+00:00,712.65
TXN103861,MERCH_SAAS_02,2025-03-08T18:00:00+00:00,5917.71
TXN103862,MERCH_SAAS_02,2025-01-23T00:00:00+00:00,2102.33
TXN103863,MERCH_SAAS_02,2025-04-08T03:00:00+00:00,2991.83
TXN103864,MERCH_DIGITAL_04,2025-06-07T04:00:00+00:00,3557.08
TXN103865,MERCH_RETAIL_01,2025-06-24T17:00:00+00:00,2342.34
TXN103866,MERCH_ECOM_03,2025-01-19T18:00:00+00:00,2136.19
TXN103867,MERCH_ECOM_03,2025-06-06T22:00:00+00:00,2652.96
TXN103868,MERCH_RETAIL_01,2025-04-28T12:00:00+00:00,1312.11
TXN103869,MERCH_ECOM_03,2025-06-19T11:00:00+00:00,755.09
TXN103870,MERCH_SAAS_02,2025-02-20T14:00:00+00:00,2483.14
TXN103871,MERCH_SAAS_02,2025-01-05T05:00:00+00:00,1930.14
TXN103872,MERCH_SAAS_02,2025-05-02T19:00:00+00:00,5200.81
TXN103873,MERCH_SAAS_02,2025-01-20T16:00:00+00:00,1615.69
TXN103874,MERCH_RETAIL_01,2025-01-30T19:00:00+00:00,2303.46
TXN103875,MERCH_RETAIL_01,2025-01-17T13:00:00+00:00,459.49
TXN103876,MERCH_DIGITAL_04,2025-03-22T06:00:00+00:00,5048.93
TXN103877,MERCH_SAAS_02,2025-05-25T11:00:00+00:00,399.5
TXN103878,MERCH_SAAS_02,2025-02-19T08:00:00+00:00,1867.2
TXN103879,MERCH_RETAIL_01,2025-01-10T16:00:00+00:00,3204.97
TXN103880,MERCH_RETAIL_01,2025-02-20T02:00:00+00:00,3673.76
TXN103881,MERCH_RETAIL_01,2025-06-10T20:00:00+00:00,1496.11
TXN103882,MERCH_RETAIL_01,2025-03-27T02:00:00+00:00,724.21
TXN103883,MERCH_DIGITAL_04,2025-06-04T05:00:00+00:00,4626.02
TXN103884,MERCH_ECOM_03,2025-03-29T11:00:00+00:00,2794.34
TXN103885,MERCH_ECOM_03,2025-01-06T19:00:00+00:00,2945.65
TXN103886,MERCH_DIGITAL_04,2025-03-17T01:00:00+00:00,515.89
TXN103887,MERCH_ECOM_03,2025-04-18T03:00:00+00:00,4841.28
TXN103888,MERCH_ECOM_03,2025-04-24T19:00:00+00:00,4676.49
TXN103889,MERCH_SAAS_02,2025-06-29T13:00:00+00:00,218.06
TXN103890,MERCH_RETAIL_01,2025-05-06T14:00:00+00:00,1163.16
TXN103891,MERCH_ECOM_03,2025-04-16T23:00:00+00:00,2459.71
TXN103892,MERCH_RETAIL_01,2025-04-14T06:00:00+00:00,861.13
TXN103893,MERCH_RETAIL_01,2025-05-26T08:00:00+00:00,1082.35
TXN103894,MERCH_ECOM_03,2025-03-06T03:00:00+00:00,2369.84
TXN103895,MERCH_RETAIL_01,2025-01-29T01:00:00+00:00,3939.09
TXN103896,MERCH_ECOM_03,2025-05-02T04:00:00+00:00,9129.33
TXN103897,MERCH_RETAIL_01,2025-02-16T05:00:00+00:00,1102.15
TXN103898,MERCH_DIGITAL_04,2025-02-26T00:00:00+00:00,2598.82
TXN103899,MERCH_ECOM_03,2025-05-07T05:00:00+00:00,3029.5
TXN103900,MERCH_ECOM_03,2025-03-25T14:00:00+00:00,6331.96
TXN103901,MERCH_SAAS_02,2025-05-09T14:00:00+00:00,1862.58
TXN103902,MERCH_ECOM_03,2025-02-16T07:00:00+00:00,4081.74
TXN103903,MERCH_RETAIL_01,2025-03-24T17:00:00+00:00,2393.85
TXN103904,MERCH_RETAIL_01,2025-06-08T09:00:00+00:00,992.3
TXN103905,MERCH_RETAIL_01,2025-03-21T18:00:00+00:00,7808.99
TXN103906,MERCH_DIGITAL_04,2025-03-14T18:00:00+00:00,1781.63
TXN103907,MERCH_SAAS_02,2025-06-01T11:00:00+00:00,2047.04
TXN103908,MERCH_SAAS_02,2025-04-05T04:00:00+00:00,1348.37
TXN103909,MERCH_RETAIL_01,2025-05-12T10:00:00+00:00,3860.76
TXN103910,MERCH_SAAS_02,2025-03-25T07:00:00+00:00,3378.69
TXN103911,MERCH_SAAS_02,2025-05-08T16:00:00+00:00,1035.08
TXN103912,MERCH_SAAS_02,2025-05-06T19:00:00+00:00,1716.39
TXN103913,MERCH_DIGITAL_04,2025-05-07T01:00:00+00:00,1208.85
TXN103914,MERCH_ECOM_03,2025-06-02T23:00:00+00:00,662.17
TXN103915,MERCH_RETAIL_01,2025-03-10T13:00:00+00:00,1058.2
TXN103916,MERCH_DIGITAL_04,2025-03-26T00:00:00+00:00,5792.22
TXN103917,MERCH_RETAIL_01,2025-01-18T00:00:00+00:00,2158.05
TXN103918,MERCH_ECOM_03,2025-06-15T14:00:00+00:00,4126.54
TXN103919,MERCH_SAAS_02,2025-05-09T19:00:00+00:00,8562.75
TXN103920,MERCH_RETAIL_01,2025-01-17T12:00:00+00:00,1447.78
TXN103921,MERCH_SAAS_02,2025-05-14T19:00:00+00:00,3752.52
TXN103922,MERCH_RETAIL_01,2025-05-21T16:00:00+00:00,2496.39
TXN103923,MERCH_RETAIL_01,2025-03-05T20:00:00+00:00,657.16
TXN103924,MERCH_RETAIL_01,2025-02-17T13:00:00+00:00,2801.03
TXN103925,MERCH_SAAS_02,2025-06-17T09:00:00+00:00,1129.69
TXN103926,MERCH_RETAIL_01,2025-03-19T12:00:00+00:00,3651.25
TXN103927,MERCH_DIGITAL_04,2025-03-23T07:00:00+00:00,1602.28
TXN103928,MERCH_ECOM_03,2025-04-28T13:00:00+00:00,4663.44
TXN103929,MERCH_SAAS_02,2025-01-21T01:00:00+00:00,3322.27
TXN103930,MERCH_ECOM_03,2025-01-11T04:00:00+00:00,3345.71
TXN103931,MERCH_RETAIL_01,2025-04-21T02:00:00+00:00,6252.24
TXN103932,MERCH_SAAS_02,2025-03-24T18:00:00+00:00,5836.84
TXN103933,MERCH_RETAIL_01,2025-05-15T16:00:00+00:00,8418.5
TXN103934,MERCH_SAAS_02,2025-04-01T13:00:00+00:00,2974.32
TXN103935,MERCH_RETAIL_01,2025-04-14T10:00:00+00:00,1664.83
TXN103936,MERCH_RETAIL_01,2025-03-26T03:00:00+00:00,4525.54
TXN103937,MERCH_ECOM_03,2025-01-11T20:00:00+00:00,5846.5
TXN103938,MERCH_ECOM_03,2025-04-19T00:00:00+00:00,531.39
TXN103939,MERCH_ECOM_03,2025-03-31T15:00:00+00:00,2766.82
TXN103940,MERCH_ECOM_03,2025-02-14T09:00:00+00:00,3061.68
TXN103941,MERCH_DIGITAL_04,2025-01-06T14:00:00+00:00,2881.89
TXN103942,MERCH_SAAS_02,2025-04-13T18:00:00+00:00,2207.14
TXN103943,MERCH_DIGITAL_04,2025-01-31T01:00:00+00:00,2133.65
TXN103944,MERCH_RETAIL_01,2025-06-25T14:00:00+00:00,2236.73
TXN103945,MERCH_SAAS_02,2025-06-13T02:00:00+00:00,3094.55
TXN103946,MERCH_SAAS_02,2025-02-23T02:00:00+00:00,3091.11
TXN103947,MERCH_ECOM_03,2025-03-05T11:00:00+00:00,6206.01
TXN103948,MERCH_RETAIL_01,2025-01-16T10:00:00+00:00,2295.77
TXN103949,MERCH_RETAIL_01,2025-06-13T06:00:00+00:00,6437.05
TXN103950,MERCH_RETAIL_01,2025-03-21T20:00:00+00:00,907.7
TXN103951,MERCH_DIGITAL_04,2025-03-08T22:00:00+00:00,1947.81
TXN103952,MERCH_RETAIL_01,2025-02-03T09:00:00+00:00,720.19
TXN103953,MERCH_SAAS_02,2025-03-03T21:00:00+00:00,6537.63
TXN103954,MERCH_RETAIL_01,2025-05-22T07:00:00+00:00,5861.75
TXN103955,MERCH_SAAS_02,2025-01-18T01:00:00+00:00,2684.88
TXN103956,MERCH_ECOM_03,2025-02-03T23:00:00+00:00,3869.26
TXN103957,MERCH_SAAS_02,2025-05-31T23:00:00+00:00,1940.33
TXN103958,MERCH_RETAIL_01,2025-02-13T13:00:00+00:00,2622.83
TXN103959,MERCH_SAAS_02,2025-06-12T12:00:00+00:00,810.4
TXN103960,MERCH_RETAIL_01,2025-05-12T18:00:00+00:00,2380.97
TXN103961,MERCH_RETAIL_01,2025-05-30T06:00:00+00:00,2283.56
TXN103962,MERCH_SAAS_02,2025-03-30T21:00:00+00:00,521.22
TXN103963,MERCH_RETAIL_01,2025-02-17T01:00:00+00:00,4292.33
TXN103964,MERCH_RETAIL_01,2025-04-19T21:00:00+00:00,2167.07
TXN103965,MERCH_RETAIL_01,2025-06-16T06:00:00+00:00,1747.68
TXN103966,MERCH_SAAS_02,2025-06-09T10:00:00+00:00,6186.0
TXN103967,MERCH_RETAIL_01,2025-04-25T06:00:00+00:00,1002.18
TXN103968,MERCH_SAAS_02,2025-03-19T10:00:00+00:00,519.86
TXN103969,MERCH_ECOM_03,2025-03-30T18:00:00+00:00,1678.56
TXN103970,MERCH_RETAIL_01,2025-06-24T15:00:00+00:00,964.52
TXN103971,MERCH_DIGITAL_04,2025-04-05T04:00:00+00:00,949.03
TXN103972,MERCH_DIGITAL_04,2025-05-08T15:00:00+00:00,1309.56
TXN103973,MERCH_RETAIL_01,2025-06-17T22:00:00+00:00,2308.38
TXN103974,MERCH_RETAIL_01,2025-01-16T11:00:00+00:00,793.85
TXN103975,MERCH_RETAIL_01,2025-06-20T05:00:00+00:00,2208.74
TXN103976,MERCH_DIGITAL_04,2025-01-09T17:00:00+00:00,2213.18
TXN103977,MERCH_SAAS_02,2025-06-05T03:00:00+00:00,1219.23
TXN103978,MERCH_RETAIL_01,2025-04-28T09:00:00+00:00,3300.97
TXN103979,MERCH_SAAS_02,2025-06-08T11:00:00+00:00,2986.83
TXN103980,MERCH_RETAIL_01,2025-01-31T22:00:00+00:00,1460.74
TXN103981,MERCH_ECOM_03,2025-01-16T03:00:00+00:00,1005.21
TXN103982,MERCH_ECOM_03,2025-03-08T20:00:00+00:00,5463.06
TXN103983,MERCH_RETAIL_01,2025-03-31T13:00:00+00:00,5378.88
TXN103984,MERCH_ECOM_03,2025-06-11T15:00:00+00:00,1612.16
TXN103985,MERCH_RETAIL_01,2025-06-10T18:00:00+00:00,3859.67
TXN103986,MERCH_RETAIL_01,2025-03-03T00:00:00+00:00,4693.38
TXN103987,MERCH_RETAIL_01,2025-06-24T23:00:00+00:00,3098.56
TXN103988,MERCH_RETAIL_01,2025-02-16T16:00:00+00:00,5017.06
TXN103989,MERCH_SAAS_02,2025-01-25T03:00:00+00:00,6516.48
TXN103990,MERCH_SAAS_02,2025-06-20T15:00:00+00:00,3217.85
TXN103991,MERCH_RETAIL_01,2025-06-23T04:00:00+00:00,3293.95
TXN103992,MERCH_ECOM_03,2025-01-01T14:00:00+00:00,1384.77
TXN103993,MERCH_SAAS_02,2025-02-16T18:00:00+00:00,964.31
TXN103994,MERCH_RETAIL_01,2025-01-08T15:00:00+00:00,2387.4
TXN103995,MERCH_ECOM_03,2025-06-28T20:00:00+00:00,673.39
TXN103996,MERCH_ECOM_03,2025-06-22T00:00:00+00:00,3200.34
TXN103997,MERCH_DIGITAL_04,2025-01-20T00:00:00+00:00,2247.28
TXN103998,MERCH_ECOM_03,2025-01-19T17:00:00+00:00,1730.01
TXN103999,MERCH_DIGITAL_04,2025-05-19T22:00:00+00:00,5645.72
TXN104000,MERCH_ECOM_03,2025-01-23T11:00:00+00:00,4674.97
TXN104001,MERCH_SAAS_02,2025-04-04T14:00:00+00:00,12035.39
TXN104002,MERCH_ECOM_03,2025-03-07T23:00:00+00:00,1896.27
TXN104003,MERCH_ECOM_03,2025-05-17T04:00:00+00:00,2823.27
TXN104004,MERCH_SAAS_02,2025-06-14T17:00:00+00:00,11396.41
TXN104005,MERCH_RETAIL_01,2025-04-15T15:00:00+00:00,750.27
TXN104006,MERCH_SAAS_02,2025-04-12T05:00:00+00:00,1393.94
TXN104007,MERCH_SAAS_02,2025-03-25T01:00:00+00:00,745.93
TXN104008,MERCH_ECOM_03,2025-04-18T10:00:00+00:00,1152.93
TXN104009,MERCH_RETAIL_01,2025-05-06T08:00:00+00:00,1838.9
TXN104010,MERCH_SAAS_02,2025-05-07T00:00:00+00:00,2384.41
TXN104011,MERCH_ECOM_03,2025-01-11T08:00:00+00:00,866.83
TXN104012,MERCH_SAAS_02,2025-02-13T16:00:00+00:00,1620.3
TXN104013,MERCH_DIGITAL_04,2025-03-21T12:00:00+00:00,1509.64
TXN104014,MERCH_RETAIL_01,2025-02-28T16:00:00+00:00,2208.42
TXN104015,MERCH_SAAS_02,2025-01-09T14:00:00+00:00,3239.06
TXN104016,MERCH_ECOM_03,2025-03-09T05:00:00+00:00,4136.72
TXN104017,MERCH_RETAIL_01,2025-02-09T21:00:00+00:00,3057.1
TXN104018,MERCH_RETAIL_01,2025-01-07T02:00:00+00:00,6657.82
TXN104019,MERCH_RETAIL_01,2025-03-21T08:00:00+00:00,345.9
TXN104020,MERCH_ECOM_03,2025-02-02T10:00:00+00:00,5154.67
TXN104021,MERCH_RETAIL_01,2025-03-25T17:00:00+00:00,1607.34
TXN104022,MERCH_RETAIL_01,2025-04-22T02:00:00+00:00,371.33
TXN104023,MERCH_ECOM_03,2025-01-25T05:00:00+00:00,3371.58
TXN104024,MERCH_SAAS_02,2025-03-07T19:00:00+00:00,1037.67
TXN104025,MERCH_DIGITAL_04,2025-04-21T20:00:00+00:00,4054.37
TXN104026,MERCH_SAAS_02,2025-01-28T12:00:00+00:00,2482.49
TXN104027,MERCH_RETAIL_01,2025-04-12T09:00:00+00:00,1673.04
TXN104028,MERCH_SAAS_02,2025-05-22T23:00:00+00:00,1804.52
TXN104029,MERCH_ECOM_03,2025-06-02T11:00:00+00:00,2173.43
TXN104030,MERCH_RETAIL_01,2025-01-15T01:00:00+00:00,5340.47
TXN104031,MERCH_SAAS_02,2025-02-27T16:00:00+00:00,4699.49
TXN104032,MERCH_RETAIL_01,2025-01-28T05:00:00+00:00,3863.42
TXN104033,MERCH_SAAS_02,2025-04-01T10:00:00+00:00,5107.47
TXN104034,MERCH_SAAS_02,2025-03-03T20:00:00+00:00,1886.04
TXN104035,MERCH_RETAIL_01,2025-01-21T13:00:00+00:00,1914.09
TXN104036,MERCH_SAAS_02,2025-01-19T12:00:00+00:00,627.11
TXN104037,MERCH_SAAS_02,2025-04-12T14:00:00+00:00,280.29
TXN104038,MERCH_RETAIL_01,2025-05-24T09:00:00+00:00,4204.1
TXN104039,MERCH_SAAS_02,2025-03-28T18:00:00+00:00,5600.84
TXN104040,MERCH_RETAIL_01,2025-06-27T13:00:00+00:00,1096.33
TXN104041,MERCH_DIGITAL_04,2025-03-11T22:00:00+00:00,683.6
TXN104042,MERCH_ECOM_03,2025-02-10T00:00:00+00:00,2407.21
TXN104043,MERCH_DIGITAL_04,2025-01-11T13:00:00+00:00,4141.34
TXN104044,MERCH_SAAS_02,2025-03-31T10:00:00+00:00,4890.39
TXN104045,MERCH_DIGITAL_04,2025-03-21T04:00:00+00:00,286.34
TXN104046,MERCH_SAAS_02,2025-01-31T22:00:00+00:00,1187.64
TXN104047,MERCH_RETAIL_01,2025-01-29T00:00:00+00:00,1936.34
TXN104048,MERCH_RETAIL_01,2025-04-09T10:00:00+00:00,990.45
TXN104049,MERCH_RETAIL_01,2025-06-09T19:00:00+00:00,2198.55
TXN104050,MERCH_ECOM_03,2025-05-26T18:00:00+00:00,1670.99
TXN104051,MERCH_RETAIL_01,2025-06-14T12:00:00+00:00,1301.08
TXN104052,MERCH_SAAS_02,2025-06-06T18:00:00+00:00,1723.02
TXN104053,MERCH_ECOM_03,2025-02-23T14:00:00+00:00,1867.06
TXN104054,MERCH_RETAIL_01,2025-02-23T00:00:00+00:00,2740.85
TXN104055,MERCH_SAAS_02,2025-03-17T00:00:00+00:00,1927.51
TXN104056,MERCH_RETAIL_01,2025-03-23T16:00:00+00:00,2437.04
TXN104057,MERCH_SAAS_02,2025-01-05T05:00:00+00:00,449.86
TXN104058,MERCH_RETAIL_01,2025-01-11T20:00:00+00:00,2402.37
TXN104059,MERCH_RETAIL_01,2025-04-04T19:00:00+00:00,3637.19
TXN104060,MERCH_RETAIL_01,2025-03-18T02:00:00+00:00,2247.27
TXN104061,MERCH_SAAS_02,2025-04-20T17:00:00+00:00,3037.35
TXN104062,MERCH_ECOM_03,2025-03-24T02:00:00+00:00,2695.67
TXN104063,MERCH_ECOM_03,2025-02-27T18:00:00+00:00,1786.05
TXN104064,MERCH_SAAS_02,2025-05-15T11:00:00+00:00,772.05
TXN104065,MERCH_SAAS_02,2025-06-10T19:00:00+00:00,1323.6
TXN104066,MERCH_ECOM_03,2025-01-27T10:00:00+00:00,1659.7
TXN104067,MERCH_SAAS_02,2025-04-24T15:00:00+00:00,1290.91
TXN104068,MERCH_ECOM_03,2025-05-21T19:00:00+00:00,3400.85
TXN104069,MERCH_RETAIL_01,2025-01-24T22:00:00+00:00,4037.68
TXN104070,MERCH_ECOM_03,2025-04-11T01:00:00+00:00,1092.64
TXN104071,MERCH_ECOM_03,2025-04-25T18:00:00+00:00,2985.51
TXN104072,MERCH_RETAIL_01,2025-04-28T06:00:00+00:00,1280.12
TXN104073,MERCH_RETAIL_01,2025-02-05T13:00:00+00:00,3377.78
TXN104074,MERCH_ECOM_03,2025-02-25T02:00:00+00:00,2811.64
TXN104075,MERCH_RETAIL_01,2025-01-26T23:00:00+00:00,1651.64
TXN104076,MERCH_RETAIL_01,2025-05-23T18:00:00+00:00,914.72
TXN104077,MERCH_DIGITAL_04,2025-02-23T01:00:00+00:00,845.7
TXN104078,MERCH_RETAIL_01,2025-01-13T12:00:00+00:00,2550.0
TXN104079,MERCH_RETAIL_01,2025-06-07T21:00:00+00:00,2160.83
TXN104080,MERCH_DIGITAL_04,2025-01-19T05:00:00+00:00,1781.68
TXN104081,MERCH_RETAIL_01,2025-03-07T19:00:00+00:00,1149.16
TXN104082,MERCH_RETAIL_01,2025-01-30T17:00:00+00:00,5050.81
TXN104083,MERCH_SAAS_02,2025-01-30T21:00:00+00:00,1748.31
TXN104084,MERCH_RETAIL_01,2025-02-03T16:00:00+00:00,481.88
TXN104085,MERCH_DIGITAL_04,2025-06-29T15:00:00+00:00,762.74
TXN104086,MERCH_SAAS_02,2025-03-02T19:00:00+00:00,3726.99
TXN104087,MERCH_RETAIL_01,2025-02-10T20:00:00+00:00,2185.6
TXN104088,MERCH_RETAIL_01,2025-05-17T17:00:00+00:00,822.51
TXN104089,MERCH_ECOM_03,2025-06-19T15:00:00+00:00,2247.55
TXN104090,MERCH_SAAS_02,2025-05-19T05:00:00+00:00,1895.19
TXN104091,MERCH_ECOM_03,2025-02-09T20:00:00+00:00,2586.46
TXN104092,MERCH_SAAS_02,2025-03-12T11:00:00+00:00,1367.46
TXN104093,MERCH_RETAIL_01,2025-03-06T19:00:00+00:00,2222.83
TXN104094,MERCH_SAAS_02,2025-06-22T18:00:00+00:00,4019.25
TXN104095,MERCH_RETAIL_01,2025-06-03T16:00:00+00:00,2338.15
TXN104096,MERCH_DIGITAL_04,2025-02-16T05:00:00+00:00,851.99
TXN104097,MERCH_ECOM_03,2025-03-19T03:00:00+00:00,2599.19
TXN104098,MERCH_SAAS_02,2025-01-30T16:00:00+00:00,3269.21
TXN104099,MERCH_RETAIL_01,2025-05-16T10:00:00+00:00,438.95
TXN104100,MERCH_DIGITAL_04,2025-02-17T09:00:00+00:00,1715.89
TXN104101,MERCH_RETAIL_01,2025-01-19T01:00:00+00:00,1613.75
TXN104102,MERCH_RETAIL_01,2025-04-14T04:00:00+00:00,1869.98
TXN104103,MERCH_RETAIL_01,2025-02-28T21:00:00+00:00,2644.83
TXN104104,MERCH_SAAS_02,2025-02-02T00:00:00+00:00,1724.01
TXN104105,MERCH_SAAS_02,2025-06-25T08:00:00+00:00,1761.72
TXN104106,MERCH_ECOM_03,2025-03-27T17:00:00+00:00,1361.38
TXN104107,MERCH_RETAIL_01,2025-02-08T12:00:00+00:00,4935.08
TXN104108,MERCH_SAAS_02,2025-03-12T14:00:00+00:00,3840.55
TXN104109,MERCH_SAAS_02,2025-05-23T17:00:00+00:00,3381.41
TXN104110,MERCH_ECOM_03,2025-03-01T13:00:00+00:00,308.81
TXN104111,MERCH_RETAIL_01,2025-02-01T14:00:00+00:00,5846.53
TXN104112,MERCH_DIGITAL_04,2025-05-07T22:00:00+00:00,4576.9
TXN104113,MERCH_RETAIL_01,2025-06-29T13:00:00+00:00,1519.09
TXN104114,MERCH_RETAIL_01,2025-04-18T14:00:00+00:00,2048.68
TXN104115,MERCH_ECOM_03,2025-03-23T21:00:00+00:00,1089.45
TXN104116,MERCH_SAAS_02,2025-02-09T09:00:00+00:00,2193.84
TXN104117,MERCH_SAAS_02,2025-04-27T06:00:00+00:00,3698.99
TXN104118,MERCH_RETAIL_01,2025-01-28T03:00:00+00:00,1522.73
TXN104119,MERCH_SAAS_02,2025-05-17T15:00:00+00:00,3673.8
TXN104120,MERCH_DIGITAL_04,2025-03-16T10:00:00+00:00,1347.05
TXN104121,MERCH_RETAIL_01,2025-04-09T21:00:00+00:00,4930.12
TXN104122,MERCH_RETAIL_01,2025-06-01T11:00:00+00:00,6487.04
TXN104123,MERCH_RETAIL_01,2025-05-03T07:00:00+00:00,4354.37
TXN104124,MERCH_RETAIL_01,2025-05-09T13:00:00+00:00,4369.48
TXN104125,MERCH_ECOM_03,2025-01-31T15:00:00+00:00,1654.12
TXN104126,MERCH_RETAIL_01,2025-02-09T08:00:00+00:00,1401.64
TXN104127,MERCH_RETAIL_01,2025-06-27T05:00:00+00:00,3032.03
TXN104128,MERCH_SAAS_02,2025-01-25T04:00:00+00:00,696.03
TXN104129,MERCH_RETAIL_01,2025-02-02T21:00:00+00:00,257.99
TXN104130,MERCH_SAAS_02,2025-01-06T22:00:00+00:00,6441.24
TXN104131,MERCH_SAAS_02,2025-03-05T17:00:00+00:00,3914.39
TXN104132,MERCH_RETAIL_01,2025-01-25T15:00:00+00:00,3363.37
TXN104133,MERCH_ECOM_03,2025-05-02T18:00:00+00:00,2346.42
TXN104134,MERCH_SAAS_02,2025-01-11T15:00:00+00:00,1340.41
TXN104135,MERCH_RETAIL_01,2025-06-08T07:00:00+00:00,1085.69
TXN104136,MERCH_SAAS_02,2025-03-01T11:00:00+00:00,2494.4
TXN104137,MERCH_DIGITAL_04,2025-03-01T23:00:00+00:00,1934.88
TXN104138,MERCH_SAAS_02,2025-06-16T19:00:00+00:00,1269.4
TXN104139,MERCH_DIGITAL_04,2025-06-28T22:00:00+00:00,1274.36
TXN104140,MERCH_RETAIL_01,2025-05-07T10:00:00+00:00,217.6
TXN104141,MERCH_ECOM_03,2025-01-31T05:00:00+00:00,1876.05
TXN104142,MERCH_RETAIL_01,2025-04-12T05:00:00+00:00,1219.04
TXN104143,MERCH_SAAS_02,2025-06-08T02:00:00+00:00,1101.4
TXN104144,MERCH_ECOM_03,2025-06-17T11:00:00+00:00,5783.59
TXN104145,MERCH_ECOM_03,2025-06-03T14:00:00+00:00,349.21
TXN104146,MERCH_RETAIL_01,2025-06-01T03:00:00+00:00,3133.94
TXN104147,MERCH_RETAIL_01,2025-03-17T12:00:00+00:00,3686.17
TXN104148,MERCH_ECOM_03,2025-04-12T05:00:00+00:00,1945.07
TXN104149,MERCH_ECOM_03,2025-03-15T07:00:00+00:00,1864.27
TXN104150,MERCH_ECOM_03,2025-03-03T02:00:00+00:00,3213.5
TXN104151,MERCH_RETAIL_01,2025-02-09T18:00:00+00:00,2867.68
TXN104152,MERCH_DIGITAL_04,2025-03-11T20:00:00+00:00,2346.65
TXN104153,MERCH_ECOM_03,2025-04-10T09:00:00+00:00,4976.72
TXN104154,MERCH_RETAIL_01,2025-03-23T16:00:00+00:00,1144.08
TXN104155,MERCH_DIGITAL_04,2025-04-29T00:00:00+00:00,2076.84
TXN104156,MERCH_ECOM_03,2025-04-20T17:00:00+00:00,3765.45
TXN104157,MERCH_RETAIL_01,2025-05-28T14:00:00+00:00,1206.26
TXN104158,MERCH_SAAS_02,2025-02-09T21:00:00+00:00,1350.09
TXN104159,MERCH_ECOM_03,2025-01-20T10:00:00+00:00,3426.05
TXN104160,MERCH_RETAIL_01,2025-01-11T08:00:00+00:00,1943.5
TXN104161,MERCH_ECOM_03,2025-01-18T02:00:00+00:00,2171.92
TXN104162,MERCH_SAAS_02,2025-01-15T17:00:00+00:00,2939.55
TXN104163,MERCH_ECOM_03,2025-05-02T06:00:00+00:00,504.19
TXN104164,MERCH_ECOM_03,2025-05-14T00:00:00+00:00,3338.44
TXN104165,MERCH_ECOM_03,2025-02-18T17:00:00+00:00,243.16
TXN104166,MERCH_SAAS_02,2025-04-28T03:00:00+00:00,1760.24
TXN104167,MERCH_RETAIL_01,2025-02-13T00:00:00+00:00,1651.67
TXN104168,MERCH_RETAIL_01,2025-02-01T01:00:00+00:00,2995.38
TXN104169,MERCH_RETAIL_01,2025-06-06T12:00:00+00:00,1033.77
TXN104170,MERCH_ECOM_03,2025-04-10T11:00:00+00:00,3835.9
TXN104171,MERCH_RETAIL_01,2025-02-17T15:00:00+00:00,2923.89
TXN104172,MERCH_RETAIL_01,2025-04-21T15:00:00+00:00,1910.12
TXN104173,MERCH_RETAIL_01,2025-06-09T16:00:00+00:00,3231.53
TXN104174,MERCH_ECOM_03,2025-04-12T23:00:00+00:00,249.47
TXN104175,MERCH_RETAIL_01,2025-04-14T05:00:00+00:00,5636.13
TXN104176,MERCH_ECOM_03,2025-05-11T09:00:00+00:00,2618.86
TXN104177,MERCH_ECOM_03,2025-03-25T17:00:00+00:00,2376.08
TXN104178,MERCH_DIGITAL_04,2025-05-28T11:00:00+00:00,4593.46
TXN104179,MERCH_ECOM_03,2025-03-14T05:00:00+00:00,246.51
TXN104180,MERCH_ECOM_03,2025-01-04T08:00:00+00:00,4817.2
TXN104181,MERCH_RETAIL_01,2025-04-14T03:00:00+00:00,1846.45
TXN104182,MERCH_RETAIL_01,2025-06-19T13:00:00+00:00,3548.46
TXN104183,MERCH_RETAIL_01,2025-04-08T18:00:00+00:00,1572.35
TXN104184,MERCH_SAAS_02,2025-05-11T23:00:00+00:00,1098.24
TXN104185,MERCH_RETAIL_01,2025-05-19T22:00:00+00:00,777.99
TXN104186,MERCH_DIGITAL_04,2025-05-15T20:00:00+00:00,3603.16
TXN104187,MERCH_RETAIL_01,2025-03-03T22:00:00+00:00,4883.35
TXN104188,MERCH_RETAIL_01,2025-04-30T07:00:00+00:00,2841.02
TXN104189,MERCH_RETAIL_01,2025-01-25T18:00:00+00:00,4048.17
TXN104190,MERCH_RETAIL_01,2025-04-08T17:00:00+00:00,5303.5
TXN104191,MERCH_SAAS_02,2025-01-19T09:00:00+00:00,2961.52
TXN104192,MERCH_SAAS_02,2025-04-01T13:00:00+00:00,403.37
TXN104193,MERCH_RETAIL_01,2025-06-10T13:00:00+00:00,2739.56
TXN104194,MERCH_DIGITAL_04,2025-05-26T11:00:00+00:00,2535.76
TXN104195,MERCH_ECOM_03,2025-04-04T22:00:00+00:00,1761.82
TXN104196,MERCH_RETAIL_01,2025-05-27T12:00:00+00:00,2792.57
TXN104197,MERCH_RETAIL_01,2025-04-13T14:00:00+00:00,6126.43
TXN104198,MERCH_DIGITAL_04,2025-06-26T06:00:00+00:00,2248.07
TXN104199,MERCH_RETAIL_01,2025-05-30T05:00:00+00:00,866.95
TXN104200,MERCH_ECOM_03,2025-01-03T17:00:00+00:00,3919.44
TXN104201,MERCH_RETAIL_01,2025-03-22T14:00:00+00:00,1186.2
TXN104202,MERCH_RETAIL_01,2025-01-23T03:00:00+00:00,622.11
TXN104203,MERCH_DIGITAL_04,2025-04-18T09:00:00+00:00,2361.65
TXN104204,MERCH_SAAS_02,2025-06-21T06:00:00+00:00,1358.8
TXN104205,MERCH_SAAS_02,2025-01-30T22:00:00+00:00,6490.44
TXN104206,MERCH_RETAIL_01,2025-06-25T06:00:00+00:00,1655.63
TXN104207,MERCH_SAAS_02,2025-01-11T09:00:00+00:00,2864.05
TXN104208,MERCH_SAAS_02,2025-06-15T16:00:00+00:00,1857.92
TXN104209,MERCH_SAAS_02,2025-01-28T14:00:00+00:00,861.44
TXN104210,MERCH_RETAIL_01,2025-02-23T00:00:00+00:00,2194.25
TXN104211,MERCH_RETAIL_01,2025-04-02T01:00:00+00:00,2464.95
TXN104212,MERCH_RETAIL_01,2025-06-06T15:00:00+00:00,443.14
TXN104213,MERCH_RETAIL_01,2025-05-20T10:00:00+00:00,1612.52
TXN104214,MERCH_SAAS_02,2025-05-04T06:00:00+00:00,1422.64
TXN104215,MERCH_RETAIL_01,2025-02-22T19:00:00+00:00,6990.72
TXN104216,MERCH_RETAIL_01,2025-04-12T13:00:00+00:00,4106.34
TXN104217,MERCH_SAAS_02,2025-02-19T13:00:00+00:00,1762.6
TXN104218,MERCH_SAAS_02,2025-04-18T00:00:00+00:00,2349.45
TXN104219,MERCH_DIGITAL_04,2025-03-24T01:00:00+00:00,2040.74
TXN104220,MERCH_ECOM_03,2025-03-25T01:00:00+00:00,2390.6
TXN104221,MERCH_ECOM_03,2025-04-12T22:00:00+00:00,1097.69
TXN104222,MERCH_RETAIL_01,2025-03-19T13:00:00+00:00,1273.76
TXN104223,MERCH_DIGITAL_04,2025-02-12T04:00:00+00:00,6069.71
TXN104224,MERCH_RETAIL_01,2025-04-27T12:00:00+00:00,4629.75
TXN104225,MERCH_DIGITAL_04,2025-01-20T18:00:00+00:00,4114.4
TXN104226,MERCH_RETAIL_01,2025-01-01T02:00:00+00:00,1701.01
TXN104227,MERCH_RETAIL_01,2025-03-19T09:00:00+00:00,3274.71
TXN104228,MERCH_ECOM_03,2025-06-14T15:00:00+00:00,1146.5
TXN104229,MERCH_ECOM_03,2025-04-06T00:00:00+00:00,4358.97
TXN104230,MERCH_ECOM_03,2025-06-17T15:00:00+00:00,1533.41
TXN104231,MERCH_RETAIL_01,2025-01-12T11:00:00+00:00,2568.24
TXN104232,MERCH_ECOM_03,2025-01-09T00:00:00+00:00,550.2
TXN104233,MERCH_SAAS_02,2025-05-12T19:00:00+00:00,4185.99
TXN104234,MERCH_RETAIL_01,2025-02-12T18:00:00+00:00,4659.6
TXN104235,MERCH_ECOM_03,2025-03-10T19:00:00+00:00,2158.1
TXN104236,MERCH_RETAIL_01,2025-04-22T17:00:00+00:00,4021.77
TXN104237,MERCH_DIGITAL_04,2025-02-02T16:00:00+00:00,1875.42
TXN104238,MERCH_RETAIL_01,2025-01-30T20:00:00+00:00,2461.68
TXN104239,MERCH_ECOM_03,2025-05-08T15:00:00+00:00,4268.03
TXN104240,MERCH_RETAIL_01,2025-03-24T03:00:00+00:00,2530.08
TXN104241,MERCH_ECOM_03,2025-05-06T05:00:00+00:00,1932.08
TXN104242,MERCH_RETAIL_01,2025-01-22T17:00:00+00:00,1678.12
TXN104243,MERCH_DIGITAL_04,2025-01-09T10:00:00+00:00,1312.83
TXN104244,MERCH_RETAIL_01,2025-03-29T06:00:00+00:00,1655.43
TXN104245,MERCH_SAAS_02,2025-03-14T22:00:00+00:00,4712.55
TXN104246,MERCH_ECOM_03,2025-06-21T00:00:00+00:00,10961.06
TXN104247,MERCH_DIGITAL_04,2025-03-13T11:00:00+00:00,302.73
TXN104248,MERCH_SAAS_02,2025-03-14T17:00:00+00:00,2050.68
TXN104249,MERCH_DIGITAL_04,2025-04-04T11:00:00+00:00,2546.72
TXN104250,MERCH_RETAIL_01,2025-05-31T15:00:00+00:00,4390.83
TXN104251,MERCH_SAAS_02,2025-02-28T15:00:00+00:00,1011.22
TXN104252,MERCH_RETAIL_01,2025-02-03T23:00:00+00:00,5065.39
TXN104253,MERCH_RETAIL_01,2025-01-31T11:00:00+00:00,1708.08
TXN104254,MERCH_SAAS_02,2025-03-18T15:00:00+00:00,2294.53
TXN104255,MERCH_ECOM_03,2025-01-08T03:00:00+00:00,1024.81
TXN104256,MERCH_RETAIL_01,2025-05-11T01:00:00+00:00,2177.53
TXN104257,MERCH_DIGITAL_04,2025-05-13T12:00:00+00:00,1730.0
TXN104258,MERCH_RETAIL_01,2025-03-06T17:00:00+00:00,1381.94
TXN104259,MERCH_DIGITAL_04,2025-01-22T00:00:00+00:00,1981.92
TXN104260,MERCH_DIGITAL_04,2025-05-22T09:00:00+00:00,2711.62
TXN104261,MERCH_RETAIL_01,2025-01-09T10:00:00+00:00,879.8
TXN104262,MERCH_ECOM_03,2025-03-05T14:00:00+00:00,9066.99
TXN104263,MERCH_RETAIL_01,2025-05-23T10:00:00+00:00,6704.3
TXN104264,MERCH_RETAIL_01,2025-01-07T15:00:00+00:00,1690.29
TXN104265,MERCH_RETAIL_01,2025-01-23T01:00:00+00:00,493.01
TXN104266,MERCH_ECOM_03,2025-03-03T16:00:00+00:00,965.31
TXN104267,MERCH_DIGITAL_04,2025-04-05T10:00:00+00:00,787.39
TXN104268,MERCH_SAAS_02,2025-02-21T07:00:00+00:00,3075.53
TXN104269,MERCH_RETAIL_01,2025-04-08T10:00:00+00:00,405.9
TXN104270,MERCH_ECOM_03,2025-06-15T21:00:00+00:00,2084.89
TXN104271,MERCH_RETAIL_01,2025-01-06T15:00:00+00:00,4639.82
TXN104272,MERCH_SAAS_02,2025-06-09T13:00:00+00:00,5230.7
TXN104273,MERCH_RETAIL_01,2025-06-09T07:00:00+00:00,3606.19
TXN104274,MERCH_SAAS_02,2025-03-18T08:00:00+00:00,1619.28
TXN104275,MERCH_RETAIL_01,2025-02-11T21:00:00+00:00,715.19
TXN104276,MERCH_RETAIL_01,2025-05-04T07:00:00+00:00,1896.4
TXN104277,MERCH_ECOM_03,2025-03-07T12:00:00+00:00,1596.04
TXN104278,MERCH_RETAIL_01,2025-01-31T21:00:00+00:00,3104.96
TXN104279,MERCH_ECOM_03,2025-05-21T19:00:00+00:00,2987.07
TXN104280,MERCH_ECOM_03,2025-06-04T11:00:00+00:00,1325.23
TXN104281,MERCH_SAAS_02,2025-03-11T22:00:00+00:00,3055.75
TXN104282,MERCH_RETAIL_01,2025-02-06T07:00:00+00:00,3446.77
TXN104283,MERCH_ECOM_03,2025-05-19T17:00:00+00:00,761.7
TXN104284,MERCH_RETAIL_01,2025-03-31T13:00:00+00:00,3433.24
TXN104285,MERCH_RETAIL_01,2025-04-20T16:00:00+00:00,4609.71
TXN104286,MERCH_RETAIL_01,2025-03-05T19:00:00+00:00,2709.89
TXN104287,MERCH_ECOM_03,2025-01-24T10:00:00+00:00,2624.4
TXN104288,MERCH_RETAIL_01,2025-03-09T04:00:00+00:00,2782.95
TXN104289,MERCH_RETAIL_01,2025-03-17T11:00:00+00:00,1004.4
TXN104290,MERCH_DIGITAL_04,2025-01-14T20:00:00+00:00,8218.52
TXN104291,MERCH_DIGITAL_04,2025-06-29T03:00:00+00:00,6557.23
TXN104292,MERCH_ECOM_03,2025-01-03T00:00:00+00:00,2830.62
TXN104293,MERCH_ECOM_03,2025-05-04T01:00:00+00:00,968.55
TXN104294,MERCH_RETAIL_01,2025-01-07T18:00:00+00:00,1703.63
TXN104295,MERCH_DIGITAL_04,2025-06-14T15:00:00+00:00,4026.8
TXN104296,MERCH_ECOM_03,2025-05-01T05:00:00+00:00,161.26
TXN104297,MERCH_SAAS_02,2025-02-23T12:00:00+00:00,3323.94
TXN104298,MERCH_RETAIL_01,2025-06-04T06:00:00+00:00,1782.62
TXN104299,MERCH_ECOM_03,2025-02-27T05:00:00+00:00,1907.69
TXN104300,MERCH_ECOM_03,2025-05-29T10:00:00+00:00,1485.89
TXN104301,MERCH_ECOM_03,2025-05-30T14:00:00+00:00,6405.37
TXN104302,MERCH_RETAIL_01,2025-06-10T22:00:00+00:00,4006.99
TXN104303,MERCH_DIGITAL_04,2025-06-02T03:00:00+00:00,3481.91
TXN104304,MERCH_RETAIL_01,2025-03-28T05:00:00+00:00,1531.24
TXN104305,MERCH_RETAIL_01,2025-02-05T20:00:00+00:00,362.46
TXN104306,MERCH_ECOM_03,2025-01-01T09:00:00+00:00,1119.84
TXN104307,MERCH_ECOM_03,2025-02-03T08:00:00+00:00,621.0
TXN104308,MERCH_ECOM_03,2025-06-05T14:00:00+00:00,831.61
TXN104309,MERCH_SAAS_02,2025-06-01T10:00:00+00:00,4324.68
TXN104310,MERCH_RETAIL_01,2025-06-03T08:00:00+00:00,432.22
TXN104311,MERCH_DIGITAL_04,2025-04-18T19:00:00+00:00,698.78
TXN104312,MERCH_SAAS_02,2025-01-08T01:00:00+00:00,1110.95
TXN104313,MERCH_RETAIL_01,2025-01-22T04:00:00+00:00,1257.95
TXN104314,MERCH_SAAS_02,2025-01-02T16:00:00+00:00,5233.05
TXN104315,MERCH_ECOM_03,2025-01-18T21:00:00+00:00,3532.03
TXN104316,MERCH_RETAIL_01,2025-02-28T06:00:00+00:00,4478.64
TXN104317,MERCH_ECOM_03,2025-05-20T21:00:00+00:00,2049.55
TXN104318,MERCH_SAAS_02,2025-02-05T07:00:00+00:00,4003.24
TXN104319,MERCH_ECOM_03,2025-04-04T09:00:00+00:00,731.15
TXN104320,MERCH_SAAS_02,2025-04-17T20:00:00+00:00,3182.9
TXN104321,MERCH_RETAIL_01,2025-01-12T06:00:00+00:00,2737.73
TXN104322,MERCH_RETAIL_01,2025-02-18T11:00:00+00:00,1132.25
TXN104323,MERCH_RETAIL_01,2025-06-12T15:00:00+00:00,2033.54
TXN104324,MERCH_RETAIL_01,2025-05-28T00:00:00+00:00,3285.19
TXN104325,MERCH_DIGITAL_04,2025-05-31T12:00:00+00:00,6125.0
TXN104326,MERCH_RETAIL_01,2025-05-22T15:00:00+00:00,2572.56
TXN104327,MERCH_ECOM_03,2025-01-12T05:00:00+00:00,3529.49
TXN104328,MERCH_RETAIL_01,2025-04-04T07:00:00+00:00,4927.5
TXN104329,MERCH_ECOM_03,2025-04-18T19:00:00+00:00,2714.4
TXN104330,MERCH_RETAIL_01,2025-05-01T14:00:00+00:00,1927.09
TXN104331,MERCH_DIGITAL_04,2025-01-27T09:00:00+00:00,3317.17
TXN104332,MERCH_RETAIL_01,2025-06-26T02:00:00+00:00,3260.89
TXN104333,MERCH_DIGITAL_04,2025-01-31T07:00:00+00:00,4633.46
TXN104334,MERCH_ECOM_03,2025-04-24T22:00:00+00:00,4060.05
TXN104335,MERCH_ECOM_03,2025-03-14T15:00:00+00:00,1547.94
TXN104336,MERCH_RETAIL_01,2025-02-27T21:00:00+00:00,1829.86
TXN104337,MERCH_ECOM_03,2025-05-15T13:00:00+00:00,3014.28
TXN104338,MERCH_SAAS_02,2025-04-15T09:00:00+00:00,1295.9
TXN104339,MERCH_RETAIL_01,2025-03-01T21:00:00+00:00,2900.53
TXN104340,MERCH_RETAIL_01,2025-03-20T19:00:00+00:00,1894.2
TXN104341,MERCH_RETAIL_01,2025-01-25T17:00:00+00:00,2744.49
TXN104342,MERCH_RETAIL_01,2025-03-25T07:00:00+00:00,3302.83
TXN104343,MERCH_RETAIL_01,2025-03-06T13:00:00+00:00,1763.07
TXN104344,MERCH_DIGITAL_04,2025-03-26T03:00:00+00:00,687.63
TXN104345,MERCH_RETAIL_01,2025-05-21T20:00:00+00:00,1388.69
TXN104346,MERCH_DIGITAL_04,2025-06-26T09:00:00+00:00,1908.43
TXN104347,MERCH_RETAIL_01,2025-03-26T22:00:00+00:00,4898.83
TXN104348,MERCH_ECOM_03,2025-04-02T03:00:00+00:00,6674.2
TXN104349,MERCH_RETAIL_01,2025-01-25T11:00:00+00:00,1831.65
TXN104350,MERCH_DIGITAL_04,2025-04-04T12:00:00+00:00,1149.45
TXN104351,MERCH_SAAS_02,2025-02-10T08:00:00+00:00,923.77
TXN104352,MERCH_RETAIL_01,2025-04-07T14:00:00+00:00,1936.96
TXN104353,MERCH_ECOM_03,2025-01-07T12:00:00+00:00,3372.4
TXN104354,MERCH_SAAS_02,2025-04-28T09:00:00+00:00,2043.09
TXN104355,MERCH_SAAS_02,2025-01-20T04:00:00+00:00,3363.96
TXN104356,MERCH_SAAS_02,2025-05-25T13:00:00+00:00,3749.35
TXN104357,MERCH_DIGITAL_04,2025-06-14T01:00:00+00:00,2528.47
TXN104358,MERCH_DIGITAL_04,2025-03-16T10:00:00+00:00,1966.76
TXN104359,MERCH_ECOM_03,2025-05-31T03:00:00+00:00,2703.17
TXN104360,MERCH_ECOM_03,2025-04-28T07:00:00+00:00,317.57
TXN104361,MERCH_RETAIL_01,2025-05-16T20:00:00+00:00,2121.47
TXN104362,MERCH_RETAIL_01,2025-05-29T04:00:00+00:00,4464.51
TXN104363,MERCH_SAAS_02,2025-05-15T08:00:00+00:00,2722.16
TXN104364,MERCH_SAAS_02,2025-02-09T22:00:00+00:00,5657.47
TXN104365,MERCH_ECOM_03,2025-01-24T09:00:00+00:00,2336.43
TXN104366,MERCH_RETAIL_01,2025-05-14T14:00:00+00:00,1428.46
TXN104367,MERCH_SAAS_02,2025-02-14T23:00:00+00:00,2676.53
TXN104368,MERCH_RETAIL_01,2025-02-16T18:00:00+00:00,1540.76
TXN104369,MERCH_RETAIL_01,2025-01-20T18:00:00+00:00,2138.1
TXN104370,MERCH_SAAS_02,2025-04-22T11:00:00+00:00,4070.9
TXN104371,MERCH_RETAIL_01,2025-05-22T05:00:00+00:00,2841.6
TXN104372,MERCH_DIGITAL_04,2025-01-06T15:00:00+00:00,3141.02
TXN104373,MERCH_ECOM_03,2025-01-07T03:00:00+00:00,3419.5
TXN104374,MERCH_ECOM_03,2025-04-07T16:00:00+00:00,2589.67
TXN104375,MERCH_SAAS_02,2025-01-28T21:00:00+00:00,2168.01
TXN104376,MERCH_ECOM_03,2025-06-01T08:00:00+00:00,1995.1
TXN104377,MERCH_DIGITAL_04,2025-03-05T21:00:00+00:00,1670.09
TXN104378,MERCH_RETAIL_01,2025-01-04T15:00:00+00:00,917.31
TXN104379,MERCH_RETAIL_01,2025-04-16T11:00:00+00:00,2494.99
TXN104380,MERCH_RETAIL_01,2025-05-03T00:00:00+00:00,8212.77
TXN104381,MERCH_RETAIL_01,2025-01-02T05:00:00+00:00,2788.42
TXN104382,MERCH_RETAIL_01,2025-01-20T19:00:00+00:00,1032.26
TXN104383,MERCH_ECOM_03,2025-06-03T01:00:00+00:00,906.23
TXN104384,MERCH_ECOM_03,2025-06-10T01:00:00+00:00,2172.95
TXN104385,MERCH_RETAIL_01,2025-05-02T22:00:00+00:00,4582.47
TXN104386,MERCH_RETAIL_01,2025-03-02T16:00:00+00:00,2737.98
TXN104387,MERCH_RETAIL_01,2025-05-18T12:00:00+00:00,3208.9
TXN104388,MERCH_ECOM_03,2025-03-10T11:00:00+00:00,6113.09
TXN104389,MERCH_RETAIL_01,2025-03-11T08:00:00+00:00,4172.36
TXN104390,MERCH_SAAS_02,2025-01-14T21:00:00+00:00,4514.76
TXN104391,MERCH_SAAS_02,2025-02-18T10:00:00+00:00,7821.84
TXN104392,MERCH_RETAIL_01,2025-03-20T13:00:00+00:00,3573.15
TXN104393,MERCH_RETAIL_01,2025-01-12T08:00:00+00:00,3288.25
TXN104394,MERCH_SAAS_02,2025-04-23T06:00:00+00:00,1329.07
TXN104395,MERCH_DIGITAL_04,2025-01-29T17:00:00+00:00,3239.31
TXN104396,MERCH_RETAIL_01,2025-04-15T06:00:00+00:00,1446.5
TXN104397,MERCH_ECOM_03,2025-03-25T05:00:00+00:00,3442.94
TXN104398,MERCH_RETAIL_01,2025-05-20T06:00:00+00:00,3403.66
TXN104399,MERCH_RETAIL_01,2025-04-11T15:00:00+00:00,2514.71
TXN104400,MERCH_ECOM_03,2025-05-04T09:00:00+00:00,1617.69
TXN104401,MERCH_SAAS_02,2025-05-15T11:00:00+00:00,1374.08
TXN104402,MERCH_RETAIL_01,2025-05-09T02:00:00+00:00,5143.91
TXN104403,MERCH_SAAS_02,2025-03-05T06:00:00+00:00,2263.96
TXN104404,MERCH_ECOM_03,2025-05-26T17:00:00+00:00,1111.19
TXN104405,MERCH_SAAS_02,2025-04-24T05:00:00+00:00,2614.77
TXN104406,MERCH_RETAIL_01,2025-01-09T20:00:00+00:00,4241.71
TXN104407,MERCH_ECOM_03,2025-05-22T00:00:00+00:00,2063.36
TXN104408,MERCH_SAAS_02,2025-02-08T08:00:00+00:00,2296.64
TXN104409,MERCH_ECOM_03,2025-05-28T07:00:00+00:00,1897.94
TXN104410,MERCH_SAAS_02,2025-06-26T13:00:00+00:00,216.38
TXN104411,MERCH_RETAIL_01,2025-02-03T02:00:00+00:00,2767.78
TXN104412,MERCH_ECOM_03,2025-01-27T16:00:00+00:00,566.86
TXN104413,MERCH_ECOM_03,2025-05-26T22:00:00+00:00,2836.72
TXN104414,MERCH_RETAIL_01,2025-05-09T02:00:00+00:00,600.95
TXN104415,MERCH_ECOM_03,2025-02-18T15:00:00+00:00,1184.83
TXN104416,MERCH_SAAS_02,2025-04-10T12:00:00+00:00,834.93
TXN104417,MERCH_ECOM_03,2025-03-09T15:00:00+00:00,554.41
TXN104418,MERCH_RETAIL_01,2025-05-15T13:00:00+00:00,2731.6
TXN104419,MERCH_SAAS_02,2025-05-15T06:00:00+00:00,1538.56
TXN104420,MERCH_ECOM_03,2025-01-23T04:00:00+00:00,2636.02
TXN104421,MERCH_ECOM_03,2025-06-23T13:00:00+00:00,3835.96
TXN104422,MERCH_ECOM_03,2025-05-05T16:00:00+00:00,2477.92
TXN104423,MERCH_RETAIL_01,2025-02-14T05:00:00+00:00,1522.0
TXN104424,MERCH_RETAIL_01,2025-05-17T10:00:00+00:00,3414.27
TXN104425,MERCH_ECOM_03,2025-01-21T22:00:00+00:00,1926.86
TXN104426,MERCH_RETAIL_01,2025-01-02T12:00:00+00:00,8658.25
TXN104427,MERCH_RETAIL_01,2025-03-27T10:00:00+00:00,1604.56
TXN104428,MERCH_RETAIL_01,2025-03-24T17:00:00+00:00,1098.97
TXN104429,MERCH_ECOM_03,2025-06-22T13:00:00+00:00,2944.66
TXN104430,MERCH_SAAS_02,2025-03-02T00:00:00+00:00,2199.57
TXN104431,MERCH_RETAIL_01,2025-06-25T06:00:00+00:00,10325.35
TXN104432,MERCH_RETAIL_01,2025-02-02T11:00:00+00:00,3763.53
TXN104433,MERCH_SAAS_02,2025-03-02T21:00:00+00:00,7343.96
TXN104434,MERCH_RETAIL_01,2025-02-16T21:00:00+00:00,2953.47
TXN104435,MERCH_SAAS_02,2025-05-28T15:00:00+00:00,3734.06
TXN104436,MERCH_RETAIL_01,2025-06-02T06:00:00+00:00,2326.62
TXN104437,MERCH_ECOM_03,2025-01-02T20:00:00+00:00,2608.29
TXN104438,MERCH_RETAIL_01,2025-01-26T23:00:00+00:00,12447.27
TXN104439,MERCH_DIGITAL_04,2025-03-22T09:00:00+00:00,1903.27
TXN104440,MERCH_SAAS_02,2025-05-18T18:00:00+00:00,1235.7
TXN104441,MERCH_RETAIL_01,2025-01-01T06:00:00+00:00,759.63
TXN104442,MERCH_ECOM_03,2025-04-20T15:00:00+00:00,2871.57
TXN104443,MERCH_ECOM_03,2025-06-29T21:00:00+00:00,1440.28
TXN104444,MERCH_RETAIL_01,2025-02-27T16:00:00+00:00,3169.4
TXN104445,MERCH_SAAS_02,2025-03-22T00:00:00+00:00,2216.93
TXN104446,MERCH_RETAIL_01,2025-06-07T16:00:00+00:00,5074.0
TXN104447,MERCH_ECOM_03,2025-02-20T18:00:00+00:00,4710.72
TXN104448,MERCH_RETAIL_01,2025-04-05T04:00:00+00:00,5639.37
TXN104449,MERCH_SAAS_02,2025-06-01T11:00:00+00:00,1996.72
TXN104450,MERCH_RETAIL_01,2025-05-19T01:00:00+00:00,1313.37
TXN104451,MERCH_DIGITAL_04,2025-01-27T19:00:00+00:00,1560.31
TXN104452,MERCH_ECOM_03,2025-06-17T03:00:00+00:00,1589.5
TXN104453,MERCH_RETAIL_01,2025-03-23T03:00:00+00:00,4827.79
TXN104454,MERCH_RETAIL_01,2025-06-28T15:00:00+00:00,2061.05
TXN104455,MERCH_ECOM_03,2025-05-31T05:00:00+00:00,2046.57
TXN104456,MERCH_SAAS_02,2025-02-19T16:00:00+00:00,732.03
TXN104457,MERCH_RETAIL_01,2025-05-25T21:00:00+00:00,1836.33
TXN104458,MERCH_DIGITAL_04,2025-01-24T17:00:00+00:00,2673.69
TXN104459,MERCH_RETAIL_01,2025-02-06T14:00:00+00:00,5507.19
TXN104460,MERCH_ECOM_03,2025-02-15T01:00:00+00:00,1115.9
TXN104461,MERCH_RETAIL_01,2025-03-21T16:00:00+00:00,3177.21
TXN104462,MERCH_SAAS_02,2025-04-23T05:00:00+00:00,2407.71
TXN104463,MERCH_RETAIL_01,2025-01-10T19:00:00+00:00,3546.51
TXN104464,MERCH_DIGITAL_04,2025-04-27T01:00:00+00:00,2691.96
TXN104465,MERCH_SAAS_02,2025-01-02T16:00:00+00:00,3604.7
TXN104466,MERCH_SAAS_02,2025-02-12T11:00:00+00:00,3526.27
TXN104467,MERCH_RETAIL_01,2025-05-14T02:00:00+00:00,309.39
TXN104468,MERCH_RETAIL_01,2025-06-21T15:00:00+00:00,2598.9
TXN104469,MERCH_RETAIL_01,2025-02-17T08:00:00+00:00,1845.91
TXN104470,MERCH_RETAIL_01,2025-04-09T02:00:00+00:00,2361.17
TXN104471,MERCH_RETAIL_01,2025-03-24T16:00:00+00:00,1645.36
TXN104472,MERCH_ECOM_03,2025-04-27T22:00:00+00:00,2435.75
TXN104473,MERCH_RETAIL_01,2025-02-17T17:00:00+00:00,6413.21
TXN104474,MERCH_SAAS_02,2025-01-20T01:00:00+00:00,1441.03
TXN104475,MERCH_ECOM_03,2025-04-19T21:00:00+00:00,6670.39
TXN104476,MERCH_SAAS_02,2025-01-10T21:00:00+00:00,1687.5
TXN104477,MERCH_RETAIL_01,2025-05-12T00:00:00+00:00,1069.3
TXN104478,MERCH_RETAIL_01,2025-04-05T00:00:00+00:00,2482.82
TXN104479,MERCH_DIGITAL_04,2025-02-03T00:00:00+00:00,2014.84
TXN104480,MERCH_ECOM_03,2025-01-04T13:00:00+00:00,3597.58
TXN104481,MERCH_SAAS_02,2025-05-21T02:00:00+00:00,2942.23
TXN104482,MERCH_SAAS_02,2025-03-17T08:00:00+00:00,1086.91
TXN104483,MERCH_RETAIL_01,2025-06-23T21:00:00+00:00,731.11
TXN104484,MERCH_ECOM_03,2025-03-20T15:00:00+00:00,927.63
TXN104485,MERCH_SAAS_02,2025-04-15T08:00:00+00:00,256.9
TXN104486,MERCH_RETAIL_01,2025-03-02T13:00:00+00:00,976.08
TXN104487,MERCH_ECOM_03,2025-06-02T21:00:00+00:00,2538.87
TXN104488,MERCH_RETAIL_01,2025-05-13T17:00:00+00:00,1813.02
TXN104489,MERCH_RETAIL_01,2025-01-27T15:00:00+00:00,3047.96
TXN104490,MERCH_RETAIL_01,2025-03-14T00:00:00+00:00,1880.25
TXN104491,MERCH_DIGITAL_04,2025-03-10T18:00:00+00:00,5018.8
TXN104492,MERCH_SAAS_02,2025-03-20T21:00:00+00:00,1583.19
TXN104493,MERCH_ECOM_03,2025-06-22T07:00:00+00:00,1839.57
TXN104494,MERCH_RETAIL_01,2025-04-30T07:00:00+00:00,6202.7
TXN104495,MERCH_ECOM_03,2025-01-28T14:00:00+00:00,2827.7
TXN104496,MERCH_ECOM_03,2025-05-02T16:00:00+00:00,3760.88
TXN104497,MERCH_RETAIL_01,2025-06-21T19:00:00+00:00,918.66
TXN104498,MERCH_RETAIL_01,2025-05-24T19:00:00+00:00,737.28
TXN104499,MERCH_ECOM_03,2025-01-04T03:00:00+00:00,1150.32
TXN104500,MERCH_SAAS_02,2025-06-07T09:00:00+00:00,655.28
TXN104501,MERCH_RETAIL_01,2025-05-11T17:00:00+00:00,642.07
TXN104502,MERCH_SAAS_02,2025-04-29T08:00:00+00:00,6087.8
TXN104503,MERCH_SAAS_02,2025-05-07T23:00:00+00:00,789.4
TXN104504,MERCH_RETAIL_01,2025-03-15T12:00:00+00:00,4491.32
TXN104505,MERCH_ECOM_03,2025-01-17T19:00:00+00:00,681.92
TXN104506,MERCH_DIGITAL_04,2025-05-22T12:00:00+00:00,3246.43
TXN104507,MERCH_SAAS_02,2025-01-18T01:00:00+00:00,1112.92
TXN104508,MERCH_ECOM_03,2025-03-09T23:00:00+00:00,2342.12
TXN104509,MERCH_RETAIL_01,2025-06-21T05:00:00+00:00,3518.7
TXN104510,MERCH_RETAIL_01,2025-05-10T08:00:00+00:00,1837.4
TXN104511,MERCH_ECOM_03,2025-04-30T12:00:00+00:00,1130.22
TXN104512,MERCH_DIGITAL_04,2025-03-19T14:00:00+00:00,6230.64
TXN104513,MERCH_ECOM_03,2025-01-23T18:00:00+00:00,1276.87
TXN104514,MERCH_SAAS_02,2025-04-19T09:00:00+00:00,716.82
TXN104515,MERCH_DIGITAL_04,2025-01-30T14:00:00+00:00,1981.11
TXN104516,MERCH_SAAS_02,2025-03-21T22:00:00+00:00,3125.46
TXN104517,MERCH_RETAIL_01,2025-05-19T15:00:00+00:00,1077.59
TXN104518,MERCH_SAAS_02,2025-02-26T19:00:00+00:00,632.54
TXN104519,MERCH_ECOM_03,2025-05-28T04:00:00+00:00,2677.52
TXN104520,MERCH_SAAS_02,2025-05-08T09:00:00+00:00,5921.41
TXN104521,MERCH_ECOM_03,2025-05-11T18:00:00+00:00,1443.66
TXN104522,MERCH_RETAIL_01,2025-06-23T18:00:00+00:00,4585.02
TXN104523,MERCH_ECOM_03,2025-06-01T23:00:00+00:00,8197.06
TXN104524,MERCH_RETAIL_01,2025-02-23T08:00:00+00:00,4043.32
TXN104525,MERCH_DIGITAL_04,2025-02-21T06:00:00+00:00,6136.92
TXN104526,MERCH_ECOM_03,2025-04-15T06:00:00+00:00,942.13
TXN104527,MERCH_ECOM_03,2025-04-22T23:00:00+00:00,1170.39
TXN104528,MERCH_SAAS_02,2025-01-15T08:00:00+00:00,1593.72
TXN104529,MERCH_SAAS_02,2025-04-28T14:00:00+00:00,2332.24
TXN104530,MERCH_ECOM_03,2025-02-13T03:00:00+00:00,1838.35
TXN104531,MERCH_ECOM_03,2025-05-17T17:00:00+00:00,3795.28
TXN104532,MERCH_SAAS_02,2025-01-13T04:00:00+00:00,1288.82
TXN104533,MERCH_RETAIL_01,2025-02-25T03:00:00+00:00,9161.04
TXN104534,MERCH_ECOM_03,2025-03-31T22:00:00+00:00,5426.46
TXN104535,MERCH_DIGITAL_04,2025-06-24T10:00:00+00:00,4727.68
TXN104536,MERCH_ECOM_03,2025-02-24T14:00:00+00:00,1804.58
TXN104537,MERCH_SAAS_02,2025-06-07T18:00:00+00:00,1412.09
TXN104538,MERCH_RETAIL_01,2025-04-19T19:00:00+00:00,2000.0
TXN104539,MERCH_RETAIL_01,2025-01-15T16:00:00+00:00,5031.47
TXN104540,MERCH_SAAS_02,2025-02-10T00:00:00+00:00,2120.95
TXN104541,MERCH_SAAS_02,2025-02-03T00:00:00+00:00,4624.93
TXN104542,MERCH_ECOM_03,2025-04-20T17:00:00+00:00,5760.48
TXN104543,MERCH_RETAIL_01,2025-03-11T00:00:00+00:00,3112.51
TXN104544,MERCH_SAAS_02,2025-06-06T01:00:00+00:00,540.09
TXN104545,MERCH_RETAIL_01,2025-02-11T15:00:00+00:00,2043.03
TXN104546,MERCH_RETAIL_01,2025-03-16T11:00:00+00:00,6350.39
TXN104547,MERCH_SAAS_02,2025-06-22T22:00:00+00:00,2514.33
TXN104548,MERCH_RETAIL_01,2025-06-15T22:00:00+00:00,2189.47
TXN104549,MERCH_RETAIL_01,2025-01-20T06:00:00+00:00,3890.64
TXN104550,MERCH_ECOM_03,2025-05-28T12:00:00+00:00,2841.5
TXN104551,MERCH_ECOM_03,2025-03-07T07:00:00+00:00,2768.27
TXN104552,MERCH_ECOM_03,2025-01-12T17:00:00+00:00,4836.4
TXN104553,MERCH_ECOM_03,2025-04-14T19:00:00+00:00,1874.3
TXN104554,MERCH_ECOM_03,2025-06-16T22:00:00+00:00,108.6
TXN104555,MERCH_RETAIL_01,2025-03-21T09:00:00+00:00,2188.06
TXN104556,MERCH_DIGITAL_04,2025-04-17T20:00:00+00:00,6878.4
TXN104557,MERCH_RETAIL_01,2025-05-21T18:00:00+00:00,3076.8
TXN104558,MERCH_RETAIL_01,2025-06-01T01:00:00+00:00,441.63
TXN104559,MERCH_SAAS_02,2025-06-06T05:00:00+00:00,1737.57
TXN104560,MERCH_ECOM_03,2025-04-17T20:00:00+00:00,1967.65
TXN104561,MERCH_DIGITAL_04,2025-01-23T09:00:00+00:00,703.59
TXN104562,MERCH_SAAS_02,2025-01-15T06:00:00+00:00,3173.25
TXN104563,MERCH_SAAS_02,2025-06-11T10:00:00+00:00,520.13
TXN104564,MERCH_RETAIL_01,2025-04-25T18:00:00+00:00,241.21
TXN104565,MERCH_RETAIL_01,2025-01-01T11:00:00+00:00,2555.46
TXN104566,MERCH_SAAS_02,2025-02-14T20:00:00+00:00,3054.64
TXN104567,MERCH_ECOM_03,2025-06-14T16:00:00+00:00,1849.12
TXN104568,MERCH_SAAS_02,2025-06-29T19:00:00+00:00,945.24
TXN104569,MERCH_RETAIL_01,2025-02-27T02:00:00+00:00,3120.62
TXN104570,MERCH_ECOM_03,2025-02-08T09:00:00+00:00,9327.41
TXN104571,MERCH_RETAIL_01,2025-03-02T08:00:00+00:00,486.04
TXN104572,MERCH_ECOM_03,2025-05-16T20:00:00+00:00,262.73
TXN104573,MERCH_ECOM_03,2025-03-26T16:00:00+00:00,2443.82
TXN104574,MERCH_RETAIL_01,2025-03-01T19:00:00+00:00,2869.71
TXN104575,MERCH_SAAS_02,2025-05-16T06:00:00+00:00,798.56
TXN104576,MERCH_RETAIL_01,2025-02-27T05:00:00+00:00,1936.83
TXN104577,MERCH_ECOM_03,2025-04-01T10:00:00+00:00,843.87
TXN104578,MERCH_SAAS_02,2025-03-25T14:00:00+00:00,962.85
TXN104579,MERCH_ECOM_03,2025-03-25T18:00:00+00:00,2355.59
TXN104580,MERCH_SAAS_02,2025-02-27T11:00:00+00:00,3090.14
TXN104581,MERCH_DIGITAL_04,2025-05-07T15:00:00+00:00,2186.61
TXN104582,MERCH_ECOM_03,2025-03-21T18:00:00+00:00,4252.0
TXN104583,MERCH_RETAIL_01,2025-05-07T16:00:00+00:00,4403.12
TXN104584,MERCH_RETAIL_01,2025-02-11T02:00:00+00:00,1918.22
TXN104585,MERCH_SAAS_02,2025-01-10T11:00:00+00:00,3600.53
TXN104586,MERCH_ECOM_03,2025-05-21T23:00:00+00:00,927.5
TXN104587,MERCH_RETAIL_01,2025-06-18T08:00:00+00:00,70.31
TXN104588,MERCH_ECOM_03,2025-04-25T10:00:00+00:00,2146.34
TXN104589,MERCH_SAAS_02,2025-03-01T23:00:00+00:00,4229.92
TXN104590,MERCH_RETAIL_01,2025-03-14T16:00:00+00:00,2330.57
TXN104591,MERCH_RETAIL_01,2025-06-13T15:00:00+00:00,2264.72
TXN104592,MERCH_ECOM_03,2025-03-19T16:00:00+00:00,3168.82
TXN104593,MERCH_ECOM_03,2025-03-08T09:00:00+00:00,3889.09
TXN104594,MERCH_ECOM_03,2025-01-27T16:00:00+00:00,3647.24
TXN104595,MERCH_ECOM_03,2025-06-07T06:00:00+00:00,1158.13
TXN104596,MERCH_SAAS_02,2025-06-28T05:00:00+00:00,1020.96
TXN104597,MERCH_ECOM_03,2025-02-07T02:00:00+00:00,701.61
TXN104598,MERCH_RETAIL_01,2025-02-07T11:00:00+00:00,2311.44
TXN104599,MERCH_SAAS_02,2025-06-09T02:00:00+00:00,503.99
TXN104600,MERCH_RETAIL_01,2025-04-18T20:00:00+00:00,803.06
TXN104601,MERCH_RETAIL_01,2025-03-03T17:00:00+00:00,1262.78
TXN104602,MERCH_RETAIL_01,2025-03-05T04:00:00+00:00,2375.26
TXN104603,MERCH_SAAS_02,2025-06-29T03:00:00+00:00,6600.57
TXN104604,MERCH_ECOM_03,2025-05-31T15:00:00+00:00,4497.09
TXN104605,MERCH_RETAIL_01,2025-04-16T16:00:00+00:00,4256.98
TXN104606,MERCH_ECOM_03,2025-01-29T22:00:00+00:00,889.56
TXN104607,MERCH_ECOM_03,2025-04-18T03:00:00+00:00,3484.63
TXN104608,MERCH_SAAS_02,2025-03-23T04:00:00+00:00,2301.58
TXN104609,MERCH_RETAIL_01,2025-02-08T10:00:00+00:00,3329.27
TXN104610,MERCH_ECOM_03,2025-04-24T11:00:00+00:00,2511.92
TXN104611,MERCH_DIGITAL_04,2025-05-21T11:00:00+00:00,2259.1
TXN104612,MERCH_RETAIL_01,2025-04-19T18:00:00+00:00,1326.36
TXN104613,MERCH_RETAIL_01,2025-05-01T02:00:00+00:00,282.93
TXN104614,MERCH_RETAIL_01,2025-02-14T05:00:00+00:00,1836.37
TXN104615,MERCH_SAAS_02,2025-06-26T19:00:00+00:00,1389.43
TXN104616,MERCH_SAAS_02,2025-05-23T21:00:00+00:00,2595.98
TXN104617,MERCH_RETAIL_01,2025-06-23T12:00:00+00:00,1373.28
TXN104618,MERCH_RETAIL_01,2025-01-22T16:00:00+00:00,3559.09
TXN104619,MERCH_RETAIL_01,2025-01-22T04:00:00+00:00,2581.16
TXN104620,MERCH_RETAIL_01,2025-06-09T07:00:00+00:00,1298.54
TXN104621,MERCH_ECOM_03,2025-05-29T15:00:00+00:00,2598.12
TXN104622,MERCH_RETAIL_01,2025-05-18T23:00:00+00:00,3100.94
TXN104623,MERCH_ECOM_03,2025-04-06T03:00:00+00:00,1785.21
TXN104624,MERCH_SAAS_02,2025-02-24T18:00:00+00:00,4419.72
TXN104625,MERCH_SAAS_02,2025-03-19T18:00:00+00:00,2768.95
TXN104626,MERCH_SAAS_02,2025-01-20T09:00:00+00:00,3610.98
TXN104627,MERCH_RETAIL_01,2025-06-20T15:00:00+00:00,2318.92
TXN104628,MERCH_ECOM_03,2025-03-29T13:00:00+00:00,1448.36
TXN104629,MERCH_RETAIL_01,2025-02-25T11:00:00+00:00,4365.32
TXN104630,MERCH_SAAS_02,2025-06-18T05:00:00+00:00,3277.18
TXN104631,MERCH_RETAIL_01,2025-03-07T00:00:00+00:00,1028.86
TXN104632,MERCH_SAAS_02,2025-04-28T11:00:00+00:00,2095.17
TXN104633,MERCH_RETAIL_01,2025-03-22T05:00:00+00:00,1924.5
TXN104634,MERCH_SAAS_02,2025-04-24T03:00:00+00:00,4503.57
TXN104635,MERCH_RETAIL_01,2025-01-14T14:00:00+00:00,3853.78
TXN104636,MERCH_RETAIL_01,2025-05-08T12:00:00+00:00,2174.15
TXN104637,MERCH_RETAIL_01,2025-01-26T16:00:00+00:00,164.67
TXN104638,MERCH_DIGITAL_04,2025-04-15T06:00:00+00:00,1016.73
TXN104639,MERCH_RETAIL_01,2025-03-02T15:00:00+00:00,1872.96
TXN104640,MERCH_DIGITAL_04,2025-06-28T09:00:00+00:00,2576.74
TXN104641,MERCH_RETAIL_01,2025-06-23T06:00:00+00:00,2494.52
TXN104642,MERCH_RETAIL_01,2025-06-21T00:00:00+00:00,1083.55
TXN104643,MERCH_ECOM_03,2025-06-13T19:00:00+00:00,1021.14
TXN104644,MERCH_RETAIL_01,2025-02-05T11:00:00+00:00,4649.73
TXN104645,MERCH_RETAIL_01,2025-06-28T10:00:00+00:00,3518.07
TXN104646,MERCH_ECOM_03,2025-04-11T14:00:00+00:00,1221.04
TXN104647,MERCH_RETAIL_01,2025-03-23T10:00:00+00:00,1136.86
TXN104648,MERCH_SAAS_02,2025-06-17T19:00:00+00:00,7209.23
TXN104649,MERCH_ECOM_03,2025-03-02T12:00:00+00:00,2875.81
TXN104650,MERCH_ECOM_03,2025-03-31T16:00:00+00:00,2207.13
TXN104651,MERCH_ECOM_03,2025-04-03T02:00:00+00:00,2429.98
TXN104652,MERCH_RETAIL_01,2025-02-11T13:00:00+00:00,2372.91
TXN104653,MERCH_SAAS_02,2025-03-21T19:00:00+00:00,3545.62
TXN104654,MERCH_ECOM_03,2025-05-02T00:00:00+00:00,594.03
TXN104655,MERCH_SAAS_02,2025-01-04T04:00:00+00:00,2937.86
TXN104656,MERCH_RETAIL_01,2025-03-28T19:00:00+00:00,5429.33
TXN104657,MERCH_DIGITAL_04,2025-05-02T16:00:00+00:00,869.56
TXN104658,MERCH_RETAIL_01,2025-01-09T13:00:00+00:00,3961.87
TXN104659,MERCH_ECOM_03,2025-06-20T15:00:00+00:00,1237.0
TXN104660,MERCH_SAAS_02,2025-05-20T23:00:00+00:00,636.44
TXN104661,MERCH_SAAS_02,2025-01-27T05:00:00+00:00,3522.65
TXN104662,MERCH_RETAIL_01,2025-01-13T12:00:00+00:00,2062.78
TXN104663,MERCH_RETAIL_01,2025-01-20T03:00:00+00:00,5772.21
TXN104664,MERCH_RETAIL_01,2025-06-18T11:00:00+00:00,7033.62
TXN104665,MERCH_SAAS_02,2025-02-12T05:00:00+00:00,1586.99
TXN104666,MERCH_RETAIL_01,2025-03-01T01:00:00+00:00,1536.9
TXN104667,MERCH_ECOM_03,2025-05-28T13:00:00+00:00,4748.19
TXN104668,MERCH_RETAIL_01,2025-06-13T18:00:00+00:00,4615.17
TXN104669,MERCH_ECOM_03,2025-03-23T19:00:00+00:00,4218.72
TXN104670,MERCH_ECOM_03,2025-02-19T06:00:00+00:00,4430.39
TXN104671,MERCH_RETAIL_01,2025-03-03T12:00:00+00:00,1606.45
TXN104672,MERCH_ECOM_03,2025-04-25T01:00:00+00:00,2956.6
TXN104673,MERCH_RETAIL_01,2025-03-29T07:00:00+00:00,948.44
TXN104674,MERCH_ECOM_03,2025-01-18T23:00:00+00:00,786.13
TXN104675,MERCH_SAAS_02,2025-06-19T21:00:00+00:00,522.02
TXN104676,MERCH_RETAIL_01,2025-01-13T04:00:00+00:00,963.88
TXN104677,MERCH_RETAIL_01,2025-04-22T17:00:00+00:00,570.91
TXN104678,MERCH_SAAS_02,2025-01-11T01:00:00+00:00,3253.98
TXN104679,MERCH_ECOM_03,2025-03-30T18:00:00+00:00,2702.35
TXN104680,MERCH_SAAS_02,2025-05-12T04:00:00+00:00,1132.79
TXN104681,MERCH_RETAIL_01,2025-04-29T19:00:00+00:00,2780.32
TXN104682,MERCH_RETAIL_01,2025-01-07T08:00:00+00:00,485.08
TXN104683,MERCH_SAAS_02,2025-05-22T19:00:00+00:00,2000.45
TXN104684,MERCH_SAAS_02,2025-04-02T21:00:00+00:00,4136.08
TXN104685,MERCH_ECOM_03,2025-05-07T07:00:00+00:00,3227.7
TXN104686,MERCH_RETAIL_01,2025-05-04T08:00:00+00:00,1261.34
TXN104687,MERCH_SAAS_02,2025-01-22T02:00:00+00:00,2061.44
TXN104688,MERCH_ECOM_03,2025-03-20T13:00:00+00:00,201.04
TXN104689,MERCH_RETAIL_01,2025-06-02T07:00:00+00:00,3908.13
TXN104690,MERCH_RETAIL_01,2025-04-23T03:00:00+00:00,7552.08
TXN104691,MERCH_ECOM_03,2025-04-15T00:00:00+00:00,725.1
TXN104692,MERCH_ECOM_03,2025-05-18T08:00:00+00:00,412.97
TXN104693,MERCH_RETAIL_01,2025-05-23T18:00:00+00:00,739.12
TXN104694,MERCH_ECOM_03,2025-03-13T18:00:00+00:00,1617.96
TXN104695,MERCH_DIGITAL_04,2025-05-25T18:00:00+00:00,1603.87
TXN104696,MERCH_RETAIL_01,2025-01-27T23:00:00+00:00,2099.97
TXN104697,MERCH_ECOM_03,2025-06-12T01:00:00+00:00,3099.79
TXN104698,MERCH_ECOM_03,2025-02-08T05:00:00+00:00,3728.76
TXN104699,MERCH_RETAIL_01,2025-01-27T00:00:00+00:00,1643.61
TXN104700,MERCH_RETAIL_01,2025-02-22T06:00:00+00:00,2166.21
TXN104701,MERCH_SAAS_02,2025-06-17T13:00:00+00:00,2859.34
TXN104702,MERCH_DIGITAL_04,2025-02-16T05:00:00+00:00,5103.94
TXN104703,MERCH_RETAIL_01,2025-05-05T11:00:00+00:00,2228.62
TXN104704,MERCH_SAAS_02,2025-06-06T20:00:00+00:00,4025.73
TXN104705,MERCH_ECOM_03,2025-04-26T02:00:00+00:00,5188.72
TXN104706,MERCH_RETAIL_01,2025-06-07T09:00:00+00:00,4627.26
TXN104707,MERCH_SAAS_02,2025-01-28T00:00:00+00:00,3314.44
TXN104708,MERCH_RETAIL_01,2025-01-21T11:00:00+00:00,2554.46
TXN104709,MERCH_DIGITAL_04,2025-03-29T17:00:00+00:00,1551.46
TXN104710,MERCH_RETAIL_01,2025-01-01T05:00:00+00:00,3580.33
TXN104711,MERCH_RETAIL_01,2025-04-25T21:00:00+00:00,1973.04
TXN104712,MERCH_DIGITAL_04,2025-02-11T07:00:00+00:00,9454.42
TXN104713,MERCH_SAAS_02,2025-03-23T21:00:00+00:00,383.17
TXN104714,MERCH_RETAIL_01,2025-03-20T01:00:00+00:00,636.02
TXN104715,MERCH_RETAIL_01,2025-01-25T08:00:00+00:00,4239.41
TXN104716,MERCH_DIGITAL_04,2025-03-29T19:00:00+00:00,1720.35
TXN104717,MERCH_RETAIL_01,2025-04-01T22:00:00+00:00,1233.97
TXN104718,MERCH_ECOM_03,2025-04-15T08:00:00+00:00,5398.31
TXN104719,MERCH_RETAIL_01,2025-02-11T10:00:00+00:00,3813.92
TXN104720,MERCH_ECOM_03,2025-03-09T03:00:00+00:00,4072.97
TXN104721,MERCH_RETAIL_01,2025-05-06T04:00:00+00:00,4172.25
TXN104722,MERCH_SAAS_02,2025-06-26T12:00:00+00:00,2862.91
TXN104723,MERCH_ECOM_03,2025-04-21T13:00:00+00:00,526.19
TXN104724,MERCH_ECOM_03,2025-03-15T01:00:00+00:00,2703.37
TXN104725,MERCH_RETAIL_01,2025-04-28T21:00:00+00:00,2021.87
TXN104726,MERCH_ECOM_03,2025-02-25T07:00:00+00:00,1540.13
TXN104727,MERCH_SAAS_02,2025-04-21T19:00:00+00:00,677.13
TXN104728,MERCH_ECOM_03,2025-01-21T21:00:00+00:00,1009.24
TXN104729,MERCH_SAAS_02,2025-04-04T11:00:00+00:00,1851.12
TXN104730,MERCH_SAAS_02,2025-04-27T03:00:00+00:00,3355.62
TXN104731,MERCH_ECOM_03,2025-06-08T08:00:00+00:00,8798.86
TXN104732,MERCH_RETAIL_01,2025-05-31T11:00:00+00:00,867.14
TXN104733,MERCH_SAAS_02,2025-05-16T02:00:00+00:00,3381.14
TXN104734,MERCH_SAAS_02,2025-03-28T22:00:00+00:00,2373.5
TXN104735,MERCH_RETAIL_01,2025-02-19T10:00:00+00:00,972.94
TXN104736,MERCH_SAAS_02,2025-01-17T09:00:00+00:00,4658.89
TXN104737,MERCH_RETAIL_01,2025-03-11T03:00:00+00:00,2398.24
TXN104738,MERCH_RETAIL_01,2025-02-25T10:00:00+00:00,1202.47
TXN104739,MERCH_RETAIL_01,2025-06-13T00:00:00+00:00,5600.0
TXN104740,MERCH_ECOM_03,2025-03-17T14:00:00+00:00,2430.07
TXN104741,MERCH_SAAS_02,2025-06-27T07:00:00+00:00,1285.92
TXN104742,MERCH_SAAS_02,2025-04-24T21:00:00+00:00,1961.44
TXN104743,MERCH_RETAIL_01,2025-02-01T01:00:00+00:00,264.95
TXN104744,MERCH_DIGITAL_04,2025-04-03T07:00:00+00:00,224.25
TXN104745,MERCH_SAAS_02,2025-02-22T08:00:00+00:00,2526.24
TXN104746,MERCH_ECOM_03,2025-01-03T07:00:00+00:00,1349.0
TXN104747,MERCH_SAAS_02,2025-02-25T22:00:00+00:00,3962.26
TXN104748,MERCH_RETAIL_01,2025-04-24T16:00:00+00:00,2140.89
TXN104749,MERCH_DIGITAL_04,2025-02-04T18:00:00+00:00,2168.0
TXN104750,MERCH_SAAS_02,2025-04-27T20:00:00+00:00,5472.47
TXN104751,MERCH_SAAS_02,2025-04-12T06:00:00+00:00,1810.98
TXN104752,MERCH_DIGITAL_04,2025-04-10T23:00:00+00:00,3203.09
TXN104753,MERCH_RETAIL_01,2025-01-26T14:00:00+00:00,2478.12
TXN104754,MERCH_RETAIL_01,2025-05-12T02:00:00+00:00,160.5
TXN104755,MERCH_ECOM_03,2025-06-25T19:00:00+00:00,960.74
TXN104756,MERCH_RETAIL_01,2025-04-14T20:00:00+00:00,2045.28
TXN104757,MERCH_SAAS_02,2025-01-23T18:00:00+00:00,2680.25
TXN104758,MERCH_RETAIL_01,2025-02-10T22:00:00+00:00,3226.85
TXN104759,MERCH_DIGITAL_04,2025-04-16T09:00:00+00:00,3845.32
TXN104760,MERCH_RETAIL_01,2025-05-29T21:00:00+00:00,1247.95
TXN104761,MERCH_RETAIL_01,2025-05-15T20:00:00+00:00,1657.27
TXN104762,MERCH_SAAS_02,2025-02-01T03:00:00+00:00,462.71
TXN104763,MERCH_SAAS_02,2025-06-25T10:00:00+00:00,74.2
TXN104764,MERCH_ECOM_03,2025-01-03T02:00:00+00:00,1578.51
TXN104765,MERCH_RETAIL_01,2025-01-29T16:00:00+00:00,1902.8
TXN104766,MERCH_ECOM_03,2025-04-11T14:00:00+00:00,2620.63
TXN104767,MERCH_ECOM_03,2025-04-20T22:00:00+00:00,4296.39
TXN104768,MERCH_SAAS_02,2025-01-24T02:00:00+00:00,4656.48
TXN104769,MERCH_ECOM_03,2025-04-21T20:00:00+00:00,1988.95
TXN104770,MERCH_ECOM_03,2025-01-17T13:00:00+00:00,1612.06
TXN104771,MERCH_SAAS_02,2025-06-12T02:00:00+00:00,3678.44
TXN104772,MERCH_RETAIL_01,2025-02-28T17:00:00+00:00,532.47
TXN104773,MERCH_ECOM_03,2025-01-11T06:00:00+00:00,3392.75
TXN104774,MERCH_SAAS_02,2025-04-27T15:00:00+00:00,113.71
TXN104775,MERCH_RETAIL_01,2025-05-16T09:00:00+00:00,2329.08
TXN104776,MERCH_RETAIL_01,2025-05-31T00:00:00+00:00,1978.62
TXN104777,MERCH_DIGITAL_04,2025-03-05T21:00:00+00:00,2969.31
TXN104778,MERCH_ECOM_03,2025-06-02T09:00:00+00:00,452.6
TXN104779,MERCH_DIGITAL_04,2025-05-30T12:00:00+00:00,723.87
TXN104780,MERCH_RETAIL_01,2025-03-27T08:00:00+00:00,662.57
TXN104781,MERCH_SAAS_02,2025-04-27T18:00:00+00:00,3249.65
TXN104782,MERCH_ECOM_03,2025-02-06T00:00:00+00:00,1835.63
TXN104783,MERCH_RETAIL_01,2025-01-20T02:00:00+00:00,842.05
TXN104784,MERCH_RETAIL_01,2025-02-10T07:00:00+00:00,1006.15
TXN104785,MERCH_RETAIL_01,2025-03-05T11:00:00+00:00,1115.07
TXN104786,MERCH_ECOM_03,2025-05-31T00:00:00+00:00,2339.34
TXN104787,MERCH_DIGITAL_04,2025-01-08T21:00:00+00:00,2553.04
TXN104788,MERCH_RETAIL_01,2025-06-09T10:00:00+00:00,514.93
TXN104789,MERCH_RETAIL_01,2025-03-22T07:00:00+00:00,1548.99
TXN104790,MERCH_RETAIL_01,2025-01-18T12:00:00+00:00,3565.99
TXN104791,MERCH_RETAIL_01,2025-04-15T01:00:00+00:00,1607.26
TXN104792,MERCH_DIGITAL_04,2025-06-19T17:00:00+00:00,3885.94
TXN104793,MERCH_RETAIL_01,2025-01-18T00:00:00+00:00,1560.1
TXN104794,MERCH_SAAS_02,2025-06-26T03:00:00+00:00,1452.16
TXN104795,MERCH_RETAIL_01,2025-02-07T03:00:00+00:00,695.42
TXN104796,MERCH_SAAS_02,2025-06-04T21:00:00+00:00,759.39
TXN104797,MERCH_RETAIL_01,2025-03-05T03:00:00+00:00,7096.94
TXN104798,MERCH_RETAIL_01,2025-05-28T17:00:00+00:00,3219.23
TXN104799,MERCH_RETAIL_01,2025-01-07T01:00:00+00:00,2317.3
TXN104800,MERCH_ECOM_03,2025-03-27T05:00:00+00:00,2813.7
TXN104801,MERCH_RETAIL_01,2025-06-28T23:00:00+00:00,2757.59
TXN104802,MERCH_ECOM_03,2025-01-25T00:00:00+00:00,1584.24
TXN104803,MERCH_SAAS_02,2025-04-22T14:00:00+00:00,1028.8
TXN104804,MERCH_SAAS_02,2025-04-23T07:00:00+00:00,2439.92
TXN104805,MERCH_RETAIL_01,2025-04-01T03:00:00+00:00,1598.84
TXN104806,MERCH_ECOM_03,2025-03-19T08:00:00+00:00,570.44
TXN104807,MERCH_SAAS_02,2025-03-26T12:00:00+00:00,637.68
TXN104808,MERCH_RETAIL_01,2025-03-24T13:00:00+00:00,1928.67
TXN104809,MERCH_RETAIL_01,2025-01-27T20:00:00+00:00,776.97
TXN104810,MERCH_RETAIL_01,2025-03-27T19:00:00+00:00,1501.65
TXN104811,MERCH_ECOM_03,2025-05-03T13:00:00+00:00,803.37
TXN104812,MERCH_RETAIL_01,2025-02-07T21:00:00+00:00,1447.35
TXN104813,MERCH_RETAIL_01,2025-05-31T20:00:00+00:00,2022.32
TXN104814,MERCH_ECOM_03,2025-06-17T21:00:00+00:00,3430.03
TXN104815,MERCH_SAAS_02,2025-02-20T10:00:00+00:00,1953.24
TXN104816,MERCH_RETAIL_01,2025-04-16T11:00:00+00:00,7192.15
TXN104817,MERCH_RETAIL_01,2025-06-23T22:00:00+00:00,2121.12
TXN104818,MERCH_DIGITAL_04,2025-05-13T16:00:00+00:00,2095.19
TXN104819,MERCH_SAAS_02,2025-02-15T08:00:00+00:00,1389.45
TXN104820,MERCH_SAAS_02,2025-06-18T16:00:00+00:00,935.38
TXN104821,MERCH_RETAIL_01,2025-05-20T14:00:00+00:00,1111.8
TXN104822,MERCH_ECOM_03,2025-03-28T05:00:00+00:00,5811.23
TXN104823,MERCH_RETAIL_01,2025-06-10T00:00:00+00:00,521.44
TXN104824,MERCH_SAAS_02,2025-02-06T17:00:00+00:00,1396.71
TXN104825,MERCH_RETAIL_01,2025-01-24T23:00:00+00:00,3734.88
TXN104826,MERCH_RETAIL_01,2025-06-23T11:00:00+00:00,735.22
TXN104827,MERCH_RETAIL_01,2025-03-29T11:00:00+00:00,1827.88
TXN104828,MERCH_RETAIL_01,2025-05-08T20:00:00+00:00,2226.62
TXN104829,MERCH_ECOM_03,2025-06-11T03:00:00+00:00,921.94
TXN104830,MERCH_RETAIL_01,2025-06-24T11:00:00+00:00,1346.07
TXN104831,MERCH_RETAIL_01,2025-06-26T05:00:00+00:00,3181.84
TXN104832,MERCH_RETAIL_01,2025-05-12T15:00:00+00:00,3520.62
TXN104833,MERCH_SAAS_02,2025-03-05T23:00:00+00:00,3742.23
TXN104834,MERCH_SAAS_02,2025-04-23T06:00:00+00:00,5718.78
TXN104835,MERCH_ECOM_03,2025-05-14T10:00:00+00:00,2478.79
TXN104836,MERCH_RETAIL_01,2025-04-17T00:00:00+00:00,10519.85
TXN104837,MERCH_SAAS_02,2025-02-12T05:00:00+00:00,3446.17
TXN104838,MERCH_SAAS_02,2025-05-08T18:00:00+00:00,553.14
TXN104839,MERCH_ECOM_03,2025-06-04T13:00:00+00:00,5829.61
TXN104840,MERCH_RETAIL_01,2025-06-12T18:00:00+00:00,2399.5
TXN104841,MERCH_ECOM_03,2025-01-29T10:00:00+00:00,1229.21
TXN104842,MERCH_RETAIL_01,2025-04-12T06:00:00+00:00,2204.87
TXN104843,MERCH_DIGITAL_04,2025-04-19T00:00:00+00:00,4675.09
TXN104844,MERCH_SAAS_02,2025-03-16T17:00:00+00:00,537.6
TXN104845,MERCH_SAAS_02,2025-01-22T09:00:00+00:00,1155.25
TXN104846,MERCH_ECOM_03,2025-03-07T06:00:00+00:00,405.26
TXN104847,MERCH_RETAIL_01,2025-05-28T07:00:00+00:00,2221.59
TXN104848,MERCH_ECOM_03,2025-01-22T23:00:00+00:00,1636.86
TXN104849,MERCH_SAAS_02,2025-05-15T17:00:00+00:00,7219.18
TXN104850,MERCH_ECOM_03,2025-05-18T21:00:00+00:00,1206.2
TXN104851,MERCH_ECOM_03,2025-05-13T18:00:00+00:00,1511.89
TXN104852,MERCH_SAAS_02,2025-02-26T05:00:00+00:00,1136.36
TXN104853,MERCH_RETAIL_01,2025-02-07T18:00:00+00:00,2215.73
TXN104854,MERCH_SAAS_02,2025-05-26T15:00:00+00:00,1082.47
TXN104855,MERCH_SAAS_02,2025-05-07T08:00:00+00:00,7037.54
TXN104856,MERCH_RETAIL_01,2025-03-09T02:00:00+00:00,3050.53
TXN104857,MERCH_DIGITAL_04,2025-06-16T17:00:00+00:00,2032.44
TXN104858,MERCH_SAAS_02,2025-04-08T19:00:00+00:00,1906.67
TXN104859,MERCH_ECOM_03,2025-04-09T13:00:00+00:00,1597.04
TXN104860,MERCH_RETAIL_01,2025-03-10T03:00:00+00:00,4413.12
TXN104861,MERCH_ECOM_03,2025-04-05T00:00:00+00:00,1712.1
TXN104862,MERCH_ECOM_03,2025-04-11T03:00:00+00:00,5693.8
TXN104863,MERCH_ECOM_03,2025-01-23T14:00:00+00:00,2229.13
TXN104864,MERCH_RETAIL_01,2025-02-09T22:00:00+00:00,6180.88
TXN104865,MERCH_RETAIL_01,2025-05-18T13:00:00+00:00,886.63
TXN104866,MERCH_ECOM_03,2025-04-20T03:00:00+00:00,2453.61
TXN104867,MERCH_DIGITAL_04,2025-02-26T12:00:00+00:00,7016.85
TXN104868,MERCH_DIGITAL_04,2025-02-19T01:00:00+00:00,2500.79
TXN104869,MERCH_SAAS_02,2025-03-20T15:00:00+00:00,3509.13
TXN104870,MERCH_ECOM_03,2025-04-09T05:00:00+00:00,1996.26
TXN104871,MERCH_ECOM_03,2025-04-13T12:00:00+00:00,1276.38
TXN104872,MERCH_SAAS_02,2025-02-19T03:00:00+00:00,1687.41
TXN104873,MERCH_ECOM_03,2025-04-10T19:00:00+00:00,827.55
TXN104874,MERCH_RETAIL_01,2025-02-10T09:00:00+00:00,5242.76
TXN104875,MERCH_SAAS_02,2025-02-08T12:00:00+00:00,1152.29
TXN104876,MERCH_ECOM_03,2025-06-21T21:00:00+00:00,894.74
TXN104877,MERCH_RETAIL_01,2025-06-07T03:00:00+00:00,839.4
TXN104878,MERCH_DIGITAL_04,2025-02-19T03:00:00+00:00,1973.79
TXN104879,MERCH_RETAIL_01,2025-01-03T04:00:00+00:00,4481.64
TXN104880,MERCH_RETAIL_01,2025-04-19T01:00:00+00:00,2318.72
TXN104881,MERCH_RETAIL_01,2025-04-21T14:00:00+00:00,2601.66
TXN104882,MERCH_ECOM_03,2025-04-18T10:00:00+00:00,1011.15
TXN104883,MERCH_ECOM_03,2025-01-21T05:00:00+00:00,4249.2
TXN104884,MERCH_ECOM_03,2025-02-04T21:00:00+00:00,2283.51
TXN104885,MERCH_SAAS_02,2025-06-29T15:00:00+00:00,1441.28
TXN104886,MERCH_SAAS_02,2025-05-17T14:00:00+00:00,218.77
TXN104887,MERCH_SAAS_02,2025-05-27T09:00:00+00:00,5197.62
TXN104888,MERCH_RETAIL_01,2025-01-22T06:00:00+00:00,4233.12
TXN104889,MERCH_RETAIL_01,2025-02-18T04:00:00+00:00,509.36
TXN104890,MERCH_RETAIL_01,2025-06-07T13:00:00+00:00,1706.03
TXN104891,MERCH_SAAS_02,2025-03-12T21:00:00+00:00,1041.95
TXN104892,MERCH_ECOM_03,2025-04-23T00:00:00+00:00,5140.9
TXN104893,MERCH_ECOM_03,2025-01-08T21:00:00+00:00,3779.25
TXN104894,MERCH_RETAIL_01,2025-06-29T17:00:00+00:00,3068.72
TXN104895,MERCH_RETAIL_01,2025-05-17T21:00:00+00:00,2121.86
TXN104896,MERCH_SAAS_02,2025-05-23T14:00:00+00:00,1961.91
TXN104897,MERCH_ECOM_03,2025-02-06T04:00:00+00:00,749.08
TXN104898,MERCH_ECOM_03,2025-02-13T21:00:00+00:00,3246.28
TXN104899,MERCH_RETAIL_01,2025-06-03T14:00:00+00:00,1564.44
TXN104900,MERCH_ECOM_03,2025-03-19T17:00:00+00:00,5199.43
TXN104901,MERCH_SAAS_02,2025-05-31T04:00:00+00:00,1417.06
TXN104902,MERCH_SAAS_02,2025-01-05T05:00:00+00:00,3112.03
TXN104903,MERCH_ECOM_03,2025-01-31T19:00:00+00:00,1738.92
TXN104904,MERCH_DIGITAL_04,2025-04-26T17:00:00+00:00,2667.42
TXN104905,MERCH_SAAS_02,2025-05-03T02:00:00+00:00,3448.65
TXN104906,MERCH_ECOM_03,2025-06-11T17:00:00+00:00,1507.67
TXN104907,MERCH_DIGITAL_04,2025-02-22T22:00:00+00:00,4019.35
TXN104908,MERCH_RETAIL_01,2025-05-03T05:00:00+00:00,2546.12
TXN104909,MERCH_RETAIL_01,2025-05-23T22:00:00+00:00,1977.82
TXN104910,MERCH_ECOM_03,2025-01-08T05:00:00+00:00,2187.49
TXN104911,MERCH_RETAIL_01,2025-06-05T02:00:00+00:00,1892.98
TXN104912,MERCH_RETAIL_01,2025-03-25T15:00:00+00:00,2241.32
TXN104913,MERCH_ECOM_03,2025-03-28T08:00:00+00:00,1015.14
TXN104914,MERCH_ECOM_03,2025-05-01T07:00:00+00:00,3269.6
TXN104915,MERCH_RETAIL_01,2025-06-19T06:00:00+00:00,1273.58
TXN104916,MERCH_SAAS_02,2025-01-10T02:00:00+00:00,5341.69
TXN104917,MERCH_SAAS_02,2025-03-13T02:00:00+00:00,2455.99
TXN104918,MERCH_ECOM_03,2025-03-09T01:00:00+00:00,3871.27
TXN104919,MERCH_SAAS_02,2025-01-18T04:00:00+00:00,4027.89
TXN104920,MERCH_RETAIL_01,2025-03-11T01:00:00+00:00,4469.24
TXN104921,MERCH_SAAS_02,2025-04-18T12:00:00+00:00,488.69
TXN104922,MERCH_ECOM_03,2025-06-15T10:00:00+00:00,2232.32
TXN104923,MERCH_ECOM_03,2025-05-23T17:00:00+00:00,8272.69
TXN104924,MERCH_RETAIL_01,2025-02-17T09:00:00+00:00,4624.63
TXN104925,MERCH_RETAIL_01,2025-02-25T18:00:00+00:00,848.26
TXN104926,MERCH_ECOM_03,2025-01-15T03:00:00+00:00,837.23
TXN104927,MERCH_RETAIL_01,2025-06-09T01:00:00+00:00,4015.08
TXN104928,MERCH_ECOM_03,2025-03-06T14:00:00+00:00,4741.18
TXN104929,MERCH_RETAIL_01,2025-03-20T15:00:00+00:00,1900.87
TXN104930,MERCH_SAAS_02,2025-02-23T09:00:00+00:00,2102.15
TXN104931,MERCH_RETAIL_01,2025-06-03T04:00:00+00:00,1670.61
TXN104932,MERCH_SAAS_02,2025-02-27T21:00:00+00:00,6260.53
TXN104933,MERCH_ECOM_03,2025-01-10T13:00:00+00:00,2606.18
TXN104934,MERCH_RETAIL_01,2025-04-24T07:00:00+00:00,572.34
TXN104935,MERCH_RETAIL_01,2025-03-04T10:00:00+00:00,2260.09
TXN104936,MERCH_ECOM_03,2025-01-30T21:00:00+00:00,263.4
TXN104937,MERCH_RETAIL_01,2025-06-06T16:00:00+00:00,3550.9
TXN104938,MERCH_RETAIL_01,2025-01-08T05:00:00+00:00,3953.03
TXN104939,MERCH_SAAS_02,2025-02-12T02:00:00+00:00,999.21
TXN104940,MERCH_RETAIL_01,2025-05-22T11:00:00+00:00,2599.28
TXN104941,MERCH_DIGITAL_04,2025-03-07T03:00:00+00:00,553.56
TXN104942,MERCH_ECOM_03,2025-03-13T00:00:00+00:00,1547.29
TXN104943,MERCH_RETAIL_01,2025-02-22T03:00:00+00:00,835.58
TXN104944,MERCH_SAAS_02,2025-01-10T11:00:00+00:00,597.44
TXN104945,MERCH_ECOM_03,2025-02-04T08:00:00+00:00,1829.4
TXN104946,MERCH_RETAIL_01,2025-06-24T20:00:00+00:00,4225.47
TXN104947,MERCH_SAAS_02,2025-05-16T22:00:00+00:00,1065.93
TXN104948,MERCH_RETAIL_01,2025-02-22T18:00:00+00:00,2735.56
TXN104949,MERCH_SAAS_02,2025-04-03T02:00:00+00:00,1130.35
TXN104950,MERCH_ECOM_03,2025-04-03T09:00:00+00:00,6154.18
TXN104951,MERCH_RETAIL_01,2025-05-12T03:00:00+00:00,1094.07
TXN104952,MERCH_SAAS_02,2025-01-08T14:00:00+00:00,5045.56
TXN104953,MERCH_RETAIL_01,2025-04-21T07:00:00+00:00,2173.03
TXN104954,MERCH_ECOM_03,2025-02-12T23:00:00+00:00,611.56
TXN104955,MERCH_ECOM_03,2025-02-22T23:00:00+00:00,9605.58
TXN104956,MERCH_SAAS_02,2025-02-09T20:00:00+00:00,1133.26
TXN104957,MERCH_RETAIL_01,2025-02-12T18:00:00+00:00,2221.5
TXN104958,MERCH_RETAIL_01,2025-04-14T05:00:00+00:00,5567.76
TXN104959,MERCH_SAAS_02,2025-01-21T11:00:00+00:00,1653.6
TXN104960,MERCH_DIGITAL_04,2025-01-28T13:00:00+00:00,2756.65
TXN104961,MERCH_ECOM_03,2025-01-14T20:00:00+00:00,5611.82
TXN104962,MERCH_SAAS_02,2025-05-22T04:00:00+00:00,599.02
TXN104963,MERCH_RETAIL_01,2025-06-12T20:00:00+00:00,824.41
TXN104964,MERCH_RETAIL_01,2025-03-30T13:00:00+00:00,5033.96
TXN104965,MERCH_RETAIL_01,2025-02-01T02:00:00+00:00,703.11
TXN104966,MERCH_SAAS_02,2025-06-03T17:00:00+00:00,7986.63
TXN104967,MERCH_DIGITAL_04,2025-01-15T22:00:00+00:00,5619.63
TXN104968,MERCH_RETAIL_01,2025-02-06T16:00:00+00:00,420.22
TXN104969,MERCH_ECOM_03,2025-05-14T02:00:00+00:00,1464.91
TXN104970,MERCH_RETAIL_01,2025-03-20T08:00:00+00:00,1406.49
TXN104971,MERCH_SAAS_02,2025-02-21T19:00:00+00:00,1880.96
TXN104972,MERCH_ECOM_03,2025-02-23T03:00:00+00:00,2182.58
TXN104973,MERCH_SAAS_02,2025-05-28T02:00:00+00:00,1226.56
TXN104974,MERCH_ECOM_03,2025-03-17T23:00:00+00:00,3588.12
TXN104975,MERCH_ECOM_03,2025-02-26T23:00:00+00:00,1409.79
TXN104976,MERCH_RETAIL_01,2025-01-16T17:00:00+00:00,1170.3
TXN104977,MERCH_SAAS_02,2025-03-01T15:00:00+00:00,732.63
TXN104978,MERCH_SAAS_02,2025-04-18T14:00:00+00:00,7571.15
TXN104979,MERCH_RETAIL_01,2025-03-22T00:00:00+00:00,1402.19
TXN104980,MERCH_RETAIL_01,2025-05-24T14:00:00+00:00,1225.62
TXN104981,MERCH_SAAS_02,2025-06-15T16:00:00+00:00,1277.15
TXN104982,MERCH_ECOM_03,2025-06-06T21:00:00+00:00,2491.14
TXN104983,MERCH_ECOM_03,2025-05-10T04:00:00+00:00,5295.94
TXN104984,MERCH_ECOM_03,2025-06-27T01:00:00+00:00,1991.53
TXN104985,MERCH_RETAIL_01,2025-06-22T15:00:00+00:00,6197.3
TXN104986,MERCH_SAAS_02,2025-06-23T12:00:00+00:00,1510.24
TXN104987,MERCH_SAAS_02,2025-02-14T13:00:00+00:00,1927.81
TXN104988,MERCH_DIGITAL_04,2025-01-23T08:00:00+00:00,1517.17
TXN104989,MERCH_RETAIL_01,2025-02-04T07:00:00+00:00,1121.84
TXN104990,MERCH_SAAS_02,2025-04-01T02:00:00+00:00,4653.34
TXN104991,MERCH_ECOM_03,2025-06-04T08:00:00+00:00,973.57
TXN104992,MERCH_RETAIL_01,2025-04-03T09:00:00+00:00,2384.31
TXN104993,MERCH_SAAS_02,2025-04-11T19:00:00+00:00,1575.42
TXN104994,MERCH_ECOM_03,2025-04-06T10:00:00+00:00,1596.64
TXN104995,MERCH_RETAIL_01,2025-04-04T08:00:00+00:00,562.93
TXN104996,MERCH_SAAS_02,2025-01-14T11:00:00+00:00,1777.28
TXN104997,MERCH_DIGITAL_04,2025-06-24T05:00:00+00:00,1137.82
TXN104998,MERCH_RETAIL_01,2025-05-21T02:00:00+00:00,2030.1
TXN104999,MERCH_RETAIL_01,2025-05-14T20:00:00+00:00,1676.35
